key,value,formatted,unit,source,note,module
"pums_musiccensus_tenk_2025usd","13828.84901904321","$13,800","2025 dollars","03_analysis/out/cpi_annual.dta","The 2013 Austin Music Census used a 10,000 dollar annual-earnings threshold. Converted with the CPI-U all-items annual average, factor 1.3829. The 2025 annual average uses an imputed October 2025 value because the federal funding lapse suspended CPI collection that month.","pums"
"pums_defl_2013_to_2025","1.382884901904321","1.3829","multiplier","03_analysis/out/cpi_annual.dta","CPI-U all items, U.S. city average, annual average 2025 divided by annual average 2013.","pums"
"pums_defl_2024_to_2025","1.026982152695904","1.0270","multiplier","03_analysis/out/cpi_annual.dta","Applied after ADJINC or ADJHSG, which already restate all five PUMS years in 2024 dollars.","pums"
"pums_base_records","555102","555,102","unweighted person records","01_evidence/02_pums_nes_microdata/pums_baseline_TX_workers18to64_2020_2024_5yr.csv + pums_person_repweights_TX_2020_2024_5yr.csv.gz","ACS 2020-2024 5-year PUMS, Texas. Employed base: ages 18-64, ESR in 1/2/4/5.","pums"
"pums_base_weighted","13595139","13,595,139","people","01_evidence/02_pums_nes_microdata/pums_baseline_TX_workers18to64_2020_2024_5yr.csv + pums_person_repweights_TX_2020_2024_5yr.csv.gz","PWGTP-weighted count of the employed base, ACS 2020-2024 5-year PUMS, Texas.","pums"
"pums_pos_records","554672","554,672","unweighted person records","01_evidence/02_pums_nes_microdata/pums_baseline_TX_workers18to64_2020_2024_5yr.csv + pums_person_repweights_TX_2020_2024_5yr.csv.gz","Positive-earnings base: employed base with PERNP > 0. PERNP can be zero or negative because it nets self-employment losses.","pums"
"pums_nonpos_earn_records","430","430","unweighted person records","01_evidence/02_pums_nes_microdata/pums_baseline_TX_workers18to64_2020_2024_5yr.csv + pums_person_repweights_TX_2020_2024_5yr.csv.gz","Employed Texans 18-64 reporting zero or negative earnings from work; PERNP nets business losses, so it can go below zero.","pums"
"pums_tx_mus_n_emp","500","500","unweighted person records","01_evidence/02_pums_nes_microdata/pums_baseline_TX_workers18to64_2020_2024_5yr.csv + pums_person_repweights_TX_2020_2024_5yr.csv.gz","Base EMP = Musicians and singers (OCCP 2752), Texas, ages 18-64, employed (ESR 1/2/4/5), ACS 2020-2024 5-year PUMS, PWGTP-weighted; 500 unweighted records.","pums"
"pums_tx_mus_n_pos","498","498","unweighted person records","01_evidence/02_pums_nes_microdata/pums_baseline_TX_workers18to64_2020_2024_5yr.csv + pums_person_repweights_TX_2020_2024_5yr.csv.gz","Base POS = Musicians and singers (OCCP 2752), Texas, ages 18-64, employed (ESR 1/2/4/5) with positive earnings, ACS 2020-2024 5-year PUMS, PWGTP-weighted; 498 unweighted records.","pums"
"pums_tx_mus_wtd_emp","12081","12,081","people","01_evidence/02_pums_nes_microdata/pums_baseline_TX_workers18to64_2020_2024_5yr.csv + pums_person_repweights_TX_2020_2024_5yr.csv.gz","Weighted denominator for every EMP-base figure in this cell. Base EMP = Musicians and singers (OCCP 2752), Texas, ages 18-64, employed (ESR 1/2/4/5), ACS 2020-2024 5-year PUMS, PWGTP-weighted; 500 unweighted records.","pums"
"pums_tx_mus_meanpincp_emp","54237.00766882258","$54,200","2025 dollars","01_evidence/02_pums_nes_microdata/pums_baseline_TX_workers18to64_2020_2024_5yr.csv + pums_person_repweights_TX_2020_2024_5yr.csv.gz","Mean total personal income. Base EMP = Musicians and singers (OCCP 2752), Texas, ages 18-64, employed (ESR 1/2/4/5), ACS 2020-2024 5-year PUMS, PWGTP-weighted; 500 unweighted records. Dollars adjusted with ADJINC to 2024 then by the CPI-U 2024 factor to 2025 dollars.","pums"
"pums_tx_mus_meanpincp_emp_moe","7708.682082022093","+/- $7,700","2025 dollars, 90 percent margin of error","01_evidence/02_pums_nes_microdata/pums_baseline_TX_workers18to64_2020_2024_5yr.csv + pums_person_repweights_TX_2020_2024_5yr.csv.gz","90 percent MOE = 1.645 x SDR standard error from the 80 PUMS replicate weights. Mean total personal income. Base EMP = Musicians and singers (OCCP 2752), Texas, ages 18-64, employed (ESR 1/2/4/5), ACS 2020-2024 5-year PUMS, PWGTP-weighted; 500 unweighted records. Dollars adjusted with ADJINC to 2024 then by the CPI-U 2024 factor to 2025 dollars.","pums"
"pums_tx_mus_meanpernp_emp","45856.10184348549","$45,900","2025 dollars","01_evidence/02_pums_nes_microdata/pums_baseline_TX_workers18to64_2020_2024_5yr.csv + pums_person_repweights_TX_2020_2024_5yr.csv.gz","Mean personal earnings from work, zero and negative earners included. Base EMP = Musicians and singers (OCCP 2752), Texas, ages 18-64, employed (ESR 1/2/4/5), ACS 2020-2024 5-year PUMS, PWGTP-weighted; 500 unweighted records. Dollars adjusted with ADJINC to 2024 then by the CPI-U 2024 factor to 2025 dollars.","pums"
"pums_tx_mus_meanpernp_emp_moe","7064.498151051705","+/- $7,100","2025 dollars, 90 percent margin of error","01_evidence/02_pums_nes_microdata/pums_baseline_TX_workers18to64_2020_2024_5yr.csv + pums_person_repweights_TX_2020_2024_5yr.csv.gz","90 percent MOE = 1.645 x SDR standard error from the 80 PUMS replicate weights. Mean personal earnings from work, zero and negative earners included. Base EMP = Musicians and singers (OCCP 2752), Texas, ages 18-64, employed (ESR 1/2/4/5), ACS 2020-2024 5-year PUMS, PWGTP-weighted; 500 unweighted records. Dollars adjusted with ADJINC to 2024 then by the CPI-U 2024 factor to 2025 dollars.","pums"
"pums_tx_mus_selfemp","51.52719145766079","51.5%","percent","01_evidence/02_pums_nes_microdata/pums_baseline_TX_workers18to64_2020_2024_5yr.csv + pums_person_repweights_TX_2020_2024_5yr.csv.gz","Share self-employed, COW 6 (unincorporated) or 7 (incorporated). Base EMP = Musicians and singers (OCCP 2752), Texas, ages 18-64, employed (ESR 1/2/4/5), ACS 2020-2024 5-year PUMS, PWGTP-weighted; 500 unweighted records.","pums"
"pums_tx_mus_selfemp_moe","4.85664254111764","+/- 4.9 points","percentage points, 90 percent margin of error","01_evidence/02_pums_nes_microdata/pums_baseline_TX_workers18to64_2020_2024_5yr.csv + pums_person_repweights_TX_2020_2024_5yr.csv.gz","90 percent MOE = 1.645 x SDR standard error from the 80 PUMS replicate weights. Share self-employed, COW 6 (unincorporated) or 7 (incorporated). Base EMP = Musicians and singers (OCCP 2752), Texas, ages 18-64, employed (ESR 1/2/4/5), ACS 2020-2024 5-year PUMS, PWGTP-weighted; 500 unweighted records.","pums"
"pums_tx_mus_hicov","70.97922357420742","71.0%","percent","01_evidence/02_pums_nes_microdata/pums_baseline_TX_workers18to64_2020_2024_5yr.csv + pums_person_repweights_TX_2020_2024_5yr.csv.gz","Share with any health insurance (HICOV = 1). Base EMP = Musicians and singers (OCCP 2752), Texas, ages 18-64, employed (ESR 1/2/4/5), ACS 2020-2024 5-year PUMS, PWGTP-weighted; 500 unweighted records.","pums"
"pums_tx_mus_hicov_moe","4.38530912674037","+/- 4.4 points","percentage points, 90 percent margin of error","01_evidence/02_pums_nes_microdata/pums_baseline_TX_workers18to64_2020_2024_5yr.csv + pums_person_repweights_TX_2020_2024_5yr.csv.gz","90 percent MOE = 1.645 x SDR standard error from the 80 PUMS replicate weights. Share with any health insurance (HICOV = 1). Base EMP = Musicians and singers (OCCP 2752), Texas, ages 18-64, employed (ESR 1/2/4/5), ACS 2020-2024 5-year PUMS, PWGTP-weighted; 500 unweighted records.","pums"
"pums_tx_mus_privcov","65.78097839582816","65.8%","percent","01_evidence/02_pums_nes_microdata/pums_baseline_TX_workers18to64_2020_2024_5yr.csv + pums_person_repweights_TX_2020_2024_5yr.csv.gz","Share with private coverage (PRIVCOV = 1). Private and public overlap, so the two shares do not sum to the any-coverage share. Base EMP = Musicians and singers (OCCP 2752), Texas, ages 18-64, employed (ESR 1/2/4/5), ACS 2020-2024 5-year PUMS, PWGTP-weighted; 500 unweighted records.","pums"
"pums_tx_mus_privcov_moe","4.74217015791084","+/- 4.7 points","percentage points, 90 percent margin of error","01_evidence/02_pums_nes_microdata/pums_baseline_TX_workers18to64_2020_2024_5yr.csv + pums_person_repweights_TX_2020_2024_5yr.csv.gz","90 percent MOE = 1.645 x SDR standard error from the 80 PUMS replicate weights. Share with private coverage (PRIVCOV = 1). Private and public overlap, so the two shares do not sum to the any-coverage share. Base EMP = Musicians and singers (OCCP 2752), Texas, ages 18-64, employed (ESR 1/2/4/5), ACS 2020-2024 5-year PUMS, PWGTP-weighted; 500 unweighted records.","pums"
"pums_tx_mus_pubcov","10.15644400297989","10.2%","percent","01_evidence/02_pums_nes_microdata/pums_baseline_TX_workers18to64_2020_2024_5yr.csv + pums_person_repweights_TX_2020_2024_5yr.csv.gz","Share with public coverage (PUBCOV = 1). Private and public overlap. Base EMP = Musicians and singers (OCCP 2752), Texas, ages 18-64, employed (ESR 1/2/4/5), ACS 2020-2024 5-year PUMS, PWGTP-weighted; 500 unweighted records.","pums"
"pums_tx_mus_pubcov_moe","3.16610724705355","+/- 3.2 points","percentage points, 90 percent margin of error","01_evidence/02_pums_nes_microdata/pums_baseline_TX_workers18to64_2020_2024_5yr.csv + pums_person_repweights_TX_2020_2024_5yr.csv.gz","90 percent MOE = 1.645 x SDR standard error from the 80 PUMS replicate weights. Share with public coverage (PUBCOV = 1). Private and public overlap. Base EMP = Musicians and singers (OCCP 2752), Texas, ages 18-64, employed (ESR 1/2/4/5), ACS 2020-2024 5-year PUMS, PWGTP-weighted; 500 unweighted records.","pums"
"pums_tx_mus_lt10k","23.81425378693817","23.8%","percent","01_evidence/02_pums_nes_microdata/pums_baseline_TX_workers18to64_2020_2024_5yr.csv + pums_person_repweights_TX_2020_2024_5yr.csv.gz","Share earning under 10,000 dollars from work in 2025 dollars. Base EMP = Musicians and singers (OCCP 2752), Texas, ages 18-64, employed (ESR 1/2/4/5), ACS 2020-2024 5-year PUMS, PWGTP-weighted; 500 unweighted records. Dollars adjusted with ADJINC to 2024 then by the CPI-U 2024 factor to 2025 dollars.","pums"
"pums_tx_mus_lt10k_moe","4.62038158070807","+/- 4.6 points","percentage points, 90 percent margin of error","01_evidence/02_pums_nes_microdata/pums_baseline_TX_workers18to64_2020_2024_5yr.csv + pums_person_repweights_TX_2020_2024_5yr.csv.gz","90 percent MOE = 1.645 x SDR standard error from the 80 PUMS replicate weights. Share earning under 10,000 dollars from work in 2025 dollars. Base EMP = Musicians and singers (OCCP 2752), Texas, ages 18-64, employed (ESR 1/2/4/5), ACS 2020-2024 5-year PUMS, PWGTP-weighted; 500 unweighted records. Dollars adjusted with ADJINC to 2024 then by the CPI-U 2024 factor to 2025 dollars.","pums"
"pums_tx_mus_lt25k","49.82203459978479","49.8%","percent","01_evidence/02_pums_nes_microdata/pums_baseline_TX_workers18to64_2020_2024_5yr.csv + pums_person_repweights_TX_2020_2024_5yr.csv.gz","Share earning under 25,000 dollars from work in 2025 dollars. Base EMP = Musicians and singers (OCCP 2752), Texas, ages 18-64, employed (ESR 1/2/4/5), ACS 2020-2024 5-year PUMS, PWGTP-weighted; 500 unweighted records. Dollars adjusted with ADJINC to 2024 then by the CPI-U 2024 factor to 2025 dollars.","pums"
"pums_tx_mus_lt25k_moe","4.75671041479094","+/- 4.8 points","percentage points, 90 percent margin of error","01_evidence/02_pums_nes_microdata/pums_baseline_TX_workers18to64_2020_2024_5yr.csv + pums_person_repweights_TX_2020_2024_5yr.csv.gz","90 percent MOE = 1.645 x SDR standard error from the 80 PUMS replicate weights. Share earning under 25,000 dollars from work in 2025 dollars. Base EMP = Musicians and singers (OCCP 2752), Texas, ages 18-64, employed (ESR 1/2/4/5), ACS 2020-2024 5-year PUMS, PWGTP-weighted; 500 unweighted records. Dollars adjusted with ADJINC to 2024 then by the CPI-U 2024 factor to 2025 dollars.","pums"
"pums_tx_mus_lt50k","71.93113152884695","71.9%","percent","01_evidence/02_pums_nes_microdata/pums_baseline_TX_workers18to64_2020_2024_5yr.csv + pums_person_repweights_TX_2020_2024_5yr.csv.gz","Share earning under 50,000 dollars from work in 2025 dollars. Base EMP = Musicians and singers (OCCP 2752), Texas, ages 18-64, employed (ESR 1/2/4/5), ACS 2020-2024 5-year PUMS, PWGTP-weighted; 500 unweighted records. Dollars adjusted with ADJINC to 2024 then by the CPI-U 2024 factor to 2025 dollars.","pums"
"pums_tx_mus_lt50k_moe","4.80329441785812","+/- 4.8 points","percentage points, 90 percent margin of error","01_evidence/02_pums_nes_microdata/pums_baseline_TX_workers18to64_2020_2024_5yr.csv + pums_person_repweights_TX_2020_2024_5yr.csv.gz","90 percent MOE = 1.645 x SDR standard error from the 80 PUMS replicate weights. Share earning under 50,000 dollars from work in 2025 dollars. Base EMP = Musicians and singers (OCCP 2752), Texas, ages 18-64, employed (ESR 1/2/4/5), ACS 2020-2024 5-year PUMS, PWGTP-weighted; 500 unweighted records. Dollars adjusted with ADJINC to 2024 then by the CPI-U 2024 factor to 2025 dollars.","pums"
"pums_tx_mus_ltmusiccensus","31.934442513037","31.9%","percent","01_evidence/02_pums_nes_microdata/pums_baseline_TX_workers18to64_2020_2024_5yr.csv + pums_person_repweights_TX_2020_2024_5yr.csv.gz","Share earning less than the 2013 Austin Music Census 10,000 dollar line restated in 2025 dollars. Base EMP = Musicians and singers (OCCP 2752), Texas, ages 18-64, employed (ESR 1/2/4/5), ACS 2020-2024 5-year PUMS, PWGTP-weighted; 500 unweighted records. Dollars adjusted with ADJINC to 2024 then by the CPI-U 2024 factor to 2025 dollars.","pums"
"pums_tx_mus_ltmusiccensus_moe","4.57917796447415","+/- 4.6 points","percentage points, 90 percent margin of error","01_evidence/02_pums_nes_microdata/pums_baseline_TX_workers18to64_2020_2024_5yr.csv + pums_person_repweights_TX_2020_2024_5yr.csv.gz","90 percent MOE = 1.645 x SDR standard error from the 80 PUMS replicate weights. Share earning less than the 2013 Austin Music Census 10,000 dollar line restated in 2025 dollars. Base EMP = Musicians and singers (OCCP 2752), Texas, ages 18-64, employed (ESR 1/2/4/5), ACS 2020-2024 5-year PUMS, PWGTP-weighted; 500 unweighted records. Dollars adjusted with ADJINC to 2024 then by the CPI-U 2024 factor to 2025 dollars.","pums"
"pums_tx_mus_nonposearn",".28143365615429","0.3%","percent","01_evidence/02_pums_nes_microdata/pums_baseline_TX_workers18to64_2020_2024_5yr.csv + pums_person_repweights_TX_2020_2024_5yr.csv.gz","Share of employed people reporting zero or negative earnings from work. Base EMP = Musicians and singers (OCCP 2752), Texas, ages 18-64, employed (ESR 1/2/4/5), ACS 2020-2024 5-year PUMS, PWGTP-weighted; 500 unweighted records.","pums"
"pums_tx_mus_nonposearn_moe",".34104410667271","+/- 0.3 points","percentage points, 90 percent margin of error","01_evidence/02_pums_nes_microdata/pums_baseline_TX_workers18to64_2020_2024_5yr.csv + pums_person_repweights_TX_2020_2024_5yr.csv.gz","90 percent MOE = 1.645 x SDR standard error from the 80 PUMS replicate weights. Share of employed people reporting zero or negative earnings from work. Base EMP = Musicians and singers (OCCP 2752), Texas, ages 18-64, employed (ESR 1/2/4/5), ACS 2020-2024 5-year PUMS, PWGTP-weighted; 500 unweighted records.","pums"
"pums_tx_mus_wtd_pos","12047","12,047","people","01_evidence/02_pums_nes_microdata/pums_baseline_TX_workers18to64_2020_2024_5yr.csv + pums_person_repweights_TX_2020_2024_5yr.csv.gz","Weighted denominator for every POS-base figure in this cell. Base POS = Musicians and singers (OCCP 2752), Texas, ages 18-64, employed (ESR 1/2/4/5) with positive earnings, ACS 2020-2024 5-year PUMS, PWGTP-weighted; 498 unweighted records.","pums"
"pums_tx_mus_meanpernp_pos","46000.37787439979","$46,000","2025 dollars","01_evidence/02_pums_nes_microdata/pums_baseline_TX_workers18to64_2020_2024_5yr.csv + pums_person_repweights_TX_2020_2024_5yr.csv.gz","Mean personal earnings from work. Base POS = Musicians and singers (OCCP 2752), Texas, ages 18-64, employed (ESR 1/2/4/5) with positive earnings, ACS 2020-2024 5-year PUMS, PWGTP-weighted; 498 unweighted records. Dollars adjusted with ADJINC to 2024 then by the CPI-U 2024 factor to 2025 dollars.","pums"
"pums_tx_mus_meanpernp_pos_moe","7111.545440380007","+/- $7,100","2025 dollars, 90 percent margin of error","01_evidence/02_pums_nes_microdata/pums_baseline_TX_workers18to64_2020_2024_5yr.csv + pums_person_repweights_TX_2020_2024_5yr.csv.gz","90 percent MOE = 1.645 x SDR standard error from the 80 PUMS replicate weights. Mean personal earnings from work. Base POS = Musicians and singers (OCCP 2752), Texas, ages 18-64, employed (ESR 1/2/4/5) with positive earnings, ACS 2020-2024 5-year PUMS, PWGTP-weighted; 498 unweighted records. Dollars adjusted with ADJINC to 2024 then by the CPI-U 2024 factor to 2025 dollars.","pums"
"pums_tx_mus_meanpincp_pos","54404.93695764853","$54,400","2025 dollars","01_evidence/02_pums_nes_microdata/pums_baseline_TX_workers18to64_2020_2024_5yr.csv + pums_person_repweights_TX_2020_2024_5yr.csv.gz","Mean total personal income. Base POS = Musicians and singers (OCCP 2752), Texas, ages 18-64, employed (ESR 1/2/4/5) with positive earnings, ACS 2020-2024 5-year PUMS, PWGTP-weighted; 498 unweighted records. Dollars adjusted with ADJINC to 2024 then by the CPI-U 2024 factor to 2025 dollars.","pums"
"pums_tx_mus_meanpincp_pos_moe","7748.44504321626","+/- $7,700","2025 dollars, 90 percent margin of error","01_evidence/02_pums_nes_microdata/pums_baseline_TX_workers18to64_2020_2024_5yr.csv + pums_person_repweights_TX_2020_2024_5yr.csv.gz","90 percent MOE = 1.645 x SDR standard error from the 80 PUMS replicate weights. Mean total personal income. Base POS = Musicians and singers (OCCP 2752), Texas, ages 18-64, employed (ESR 1/2/4/5) with positive earnings, ACS 2020-2024 5-year PUMS, PWGTP-weighted; 498 unweighted records. Dollars adjusted with ADJINC to 2024 then by the CPI-U 2024 factor to 2025 dollars.","pums"
"pums_tx_mus_medpincp_emp","28022.46095453403","$28,000","2025 dollars","01_evidence/02_pums_nes_microdata/pums_baseline_TX_workers18to64_2020_2024_5yr.csv + pums_person_repweights_TX_2020_2024_5yr.csv.gz","Median total personal income. Base EMP = Musicians and singers (OCCP 2752), Texas, ages 18-64, employed (ESR 1/2/4/5), ACS 2020-2024 5-year PUMS, PWGTP-weighted; 500 unweighted records. Dollars adjusted with ADJINC to 2024 then by the CPI-U 2024 factor to 2025 dollars.","pums"
"pums_tx_mus_medpincp_emp_moe","5149.191004339915","+/- $5,100","2025 dollars, 90 percent margin of error","01_evidence/02_pums_nes_microdata/pums_baseline_TX_workers18to64_2020_2024_5yr.csv + pums_person_repweights_TX_2020_2024_5yr.csv.gz","90 percent MOE = 1.645 x SDR standard error from the 80 PUMS replicate weights. Median total personal income. Base EMP = Musicians and singers (OCCP 2752), Texas, ages 18-64, employed (ESR 1/2/4/5), ACS 2020-2024 5-year PUMS, PWGTP-weighted; 500 unweighted records. Dollars adjusted with ADJINC to 2024 then by the CPI-U 2024 factor to 2025 dollars.","pums"
"pums_tx_mus_medpernp_emp","25099.79298581981","$25,100","2025 dollars","01_evidence/02_pums_nes_microdata/pums_baseline_TX_workers18to64_2020_2024_5yr.csv + pums_person_repweights_TX_2020_2024_5yr.csv.gz","Median personal earnings from work, zero and negative earners included. Base EMP = Musicians and singers (OCCP 2752), Texas, ages 18-64, employed (ESR 1/2/4/5), ACS 2020-2024 5-year PUMS, PWGTP-weighted; 500 unweighted records. Dollars adjusted with ADJINC to 2024 then by the CPI-U 2024 factor to 2025 dollars.","pums"
"pums_tx_mus_medpernp_emp_moe","2696.831787872975","+/- $2,700","2025 dollars, 90 percent margin of error","01_evidence/02_pums_nes_microdata/pums_baseline_TX_workers18to64_2020_2024_5yr.csv + pums_person_repweights_TX_2020_2024_5yr.csv.gz","90 percent MOE = 1.645 x SDR standard error from the 80 PUMS replicate weights. Median personal earnings from work, zero and negative earners included. Base EMP = Musicians and singers (OCCP 2752), Texas, ages 18-64, employed (ESR 1/2/4/5), ACS 2020-2024 5-year PUMS, PWGTP-weighted; 500 unweighted records. Dollars adjusted with ADJINC to 2024 then by the CPI-U 2024 factor to 2025 dollars.","pums"
"pums_tx_mus_medpernp_pos","25099.79298581981","$25,100","2025 dollars","01_evidence/02_pums_nes_microdata/pums_baseline_TX_workers18to64_2020_2024_5yr.csv + pums_person_repweights_TX_2020_2024_5yr.csv.gz","HEADLINE earnings figure. Median personal earnings from work. Base POS = Musicians and singers (OCCP 2752), Texas, ages 18-64, employed (ESR 1/2/4/5) with positive earnings, ACS 2020-2024 5-year PUMS, PWGTP-weighted; 498 unweighted records. Dollars adjusted with ADJINC to 2024 then by the CPI-U 2024 factor to 2025 dollars.","pums"
"pums_tx_mus_medpernp_pos_moe","2690.317702177011","+/- $2,700","2025 dollars, 90 percent margin of error","01_evidence/02_pums_nes_microdata/pums_baseline_TX_workers18to64_2020_2024_5yr.csv + pums_person_repweights_TX_2020_2024_5yr.csv.gz","90 percent MOE = 1.645 x SDR standard error from the 80 PUMS replicate weights. HEADLINE earnings figure. Median personal earnings from work. Base POS = Musicians and singers (OCCP 2752), Texas, ages 18-64, employed (ESR 1/2/4/5) with positive earnings, ACS 2020-2024 5-year PUMS, PWGTP-weighted; 498 unweighted records. Dollars adjusted with ADJINC to 2024 then by the CPI-U 2024 factor to 2025 dollars.","pums"
"pums_tx_mus_medpincp_pos","28022.46095453403","$28,000","2025 dollars","01_evidence/02_pums_nes_microdata/pums_baseline_TX_workers18to64_2020_2024_5yr.csv + pums_person_repweights_TX_2020_2024_5yr.csv.gz","Median total personal income on the same base as the headline earnings figure, so the earnings-to-income gap is not a base artefact. Base POS = Musicians and singers (OCCP 2752), Texas, ages 18-64, employed (ESR 1/2/4/5) with positive earnings, ACS 2020-2024 5-year PUMS, PWGTP-weighted; 498 unweighted records. Dollars adjusted with ADJINC to 2024 then by the CPI-U 2024 factor to 2025 dollars.","pums"
"pums_tx_mus_medpincp_pos_moe","5463.290426687696","+/- $5,500","2025 dollars, 90 percent margin of error","01_evidence/02_pums_nes_microdata/pums_baseline_TX_workers18to64_2020_2024_5yr.csv + pums_person_repweights_TX_2020_2024_5yr.csv.gz","90 percent MOE = 1.645 x SDR standard error from the 80 PUMS replicate weights. Median total personal income on the same base as the headline earnings figure, so the earnings-to-income gap is not a base artefact. Base POS = Musicians and singers (OCCP 2752), Texas, ages 18-64, employed (ESR 1/2/4/5) with positive earnings, ACS 2020-2024 5-year PUMS, PWGTP-weighted; 498 unweighted records. Dollars adjusted with ADJINC to 2024 then by the CPI-U 2024 factor to 2025 dollars.","pums"
"pums_tx_mus_medwkhp","30","30","usual hours per week","01_evidence/02_pums_nes_microdata/pums_baseline_TX_workers18to64_2020_2024_5yr.csv + pums_person_repweights_TX_2020_2024_5yr.csv.gz","Median usual hours worked per week (WKHP). Base EMP = Musicians and singers (OCCP 2752), Texas, ages 18-64, employed (ESR 1/2/4/5), ACS 2020-2024 5-year PUMS, PWGTP-weighted; 500 unweighted records.","pums"
"pums_tx_mus_medwkwn","52","52","weeks worked in past 12 months","01_evidence/02_pums_nes_microdata/pums_baseline_TX_workers18to64_2020_2024_5yr.csv + pums_person_repweights_TX_2020_2024_5yr.csv.gz","Median weeks worked in the past 12 months (WKWN). Base EMP = Musicians and singers (OCCP 2752), Texas, ages 18-64, employed (ESR 1/2/4/5), ACS 2020-2024 5-year PUMS, PWGTP-weighted; 500 unweighted records.","pums"
"pums_tx_musdir_n_emp","122","122","unweighted person records","01_evidence/02_pums_nes_microdata/pums_baseline_TX_workers18to64_2020_2024_5yr.csv + pums_person_repweights_TX_2020_2024_5yr.csv.gz","Base EMP = Music directors and composers (OCCP 2751), Texas, ages 18-64, employed (ESR 1/2/4/5), ACS 2020-2024 5-year PUMS, PWGTP-weighted; 122 unweighted records.","pums"
"pums_tx_musdir_n_pos","122","122","unweighted person records","01_evidence/02_pums_nes_microdata/pums_baseline_TX_workers18to64_2020_2024_5yr.csv + pums_person_repweights_TX_2020_2024_5yr.csv.gz","Base POS = Music directors and composers (OCCP 2751), Texas, ages 18-64, employed (ESR 1/2/4/5) with positive earnings, ACS 2020-2024 5-year PUMS, PWGTP-weighted; 122 unweighted records.","pums"
"pums_tx_musdir_wtd_emp","3013","3,013","people","01_evidence/02_pums_nes_microdata/pums_baseline_TX_workers18to64_2020_2024_5yr.csv + pums_person_repweights_TX_2020_2024_5yr.csv.gz","Weighted denominator for every EMP-base figure in this cell. Base EMP = Music directors and composers (OCCP 2751), Texas, ages 18-64, employed (ESR 1/2/4/5), ACS 2020-2024 5-year PUMS, PWGTP-weighted; 122 unweighted records.","pums"
"pums_tx_musdir_meanpincp_emp","70670.72464972796","$70,700","2025 dollars","01_evidence/02_pums_nes_microdata/pums_baseline_TX_workers18to64_2020_2024_5yr.csv + pums_person_repweights_TX_2020_2024_5yr.csv.gz","Mean total personal income. Base EMP = Music directors and composers (OCCP 2751), Texas, ages 18-64, employed (ESR 1/2/4/5), ACS 2020-2024 5-year PUMS, PWGTP-weighted; 122 unweighted records. Dollars adjusted with ADJINC to 2024 then by the CPI-U 2024 factor to 2025 dollars.","pums"
"pums_tx_musdir_meanpincp_emp_moe","8894.056935286293","+/- $8,900","2025 dollars, 90 percent margin of error","01_evidence/02_pums_nes_microdata/pums_baseline_TX_workers18to64_2020_2024_5yr.csv + pums_person_repweights_TX_2020_2024_5yr.csv.gz","90 percent MOE = 1.645 x SDR standard error from the 80 PUMS replicate weights. Mean total personal income. Base EMP = Music directors and composers (OCCP 2751), Texas, ages 18-64, employed (ESR 1/2/4/5), ACS 2020-2024 5-year PUMS, PWGTP-weighted; 122 unweighted records. Dollars adjusted with ADJINC to 2024 then by the CPI-U 2024 factor to 2025 dollars.","pums"
"pums_tx_musdir_meanpernp_emp","67814.68079288409","$67,800","2025 dollars","01_evidence/02_pums_nes_microdata/pums_baseline_TX_workers18to64_2020_2024_5yr.csv + pums_person_repweights_TX_2020_2024_5yr.csv.gz","Mean personal earnings from work, zero and negative earners included. Base EMP = Music directors and composers (OCCP 2751), Texas, ages 18-64, employed (ESR 1/2/4/5), ACS 2020-2024 5-year PUMS, PWGTP-weighted; 122 unweighted records. Dollars adjusted with ADJINC to 2024 then by the CPI-U 2024 factor to 2025 dollars.","pums"
"pums_tx_musdir_meanpernp_emp_moe","7899.200332284294","+/- $7,900","2025 dollars, 90 percent margin of error","01_evidence/02_pums_nes_microdata/pums_baseline_TX_workers18to64_2020_2024_5yr.csv + pums_person_repweights_TX_2020_2024_5yr.csv.gz","90 percent MOE = 1.645 x SDR standard error from the 80 PUMS replicate weights. Mean personal earnings from work, zero and negative earners included. Base EMP = Music directors and composers (OCCP 2751), Texas, ages 18-64, employed (ESR 1/2/4/5), ACS 2020-2024 5-year PUMS, PWGTP-weighted; 122 unweighted records. Dollars adjusted with ADJINC to 2024 then by the CPI-U 2024 factor to 2025 dollars.","pums"
"pums_tx_musdir_selfemp","29.73780285429804","29.7%","percent","01_evidence/02_pums_nes_microdata/pums_baseline_TX_workers18to64_2020_2024_5yr.csv + pums_person_repweights_TX_2020_2024_5yr.csv.gz","Share self-employed, COW 6 (unincorporated) or 7 (incorporated). Base EMP = Music directors and composers (OCCP 2751), Texas, ages 18-64, employed (ESR 1/2/4/5), ACS 2020-2024 5-year PUMS, PWGTP-weighted; 122 unweighted records.","pums"
"pums_tx_musdir_selfemp_moe","10.76124703049365","+/- 10.8 points","percentage points, 90 percent margin of error","01_evidence/02_pums_nes_microdata/pums_baseline_TX_workers18to64_2020_2024_5yr.csv + pums_person_repweights_TX_2020_2024_5yr.csv.gz","90 percent MOE = 1.645 x SDR standard error from the 80 PUMS replicate weights. Share self-employed, COW 6 (unincorporated) or 7 (incorporated). Base EMP = Music directors and composers (OCCP 2751), Texas, ages 18-64, employed (ESR 1/2/4/5), ACS 2020-2024 5-year PUMS, PWGTP-weighted; 122 unweighted records.","pums"
"pums_tx_musdir_hicov","84.06903418519748","84.1%","percent","01_evidence/02_pums_nes_microdata/pums_baseline_TX_workers18to64_2020_2024_5yr.csv + pums_person_repweights_TX_2020_2024_5yr.csv.gz","Share with any health insurance (HICOV = 1). Base EMP = Music directors and composers (OCCP 2751), Texas, ages 18-64, employed (ESR 1/2/4/5), ACS 2020-2024 5-year PUMS, PWGTP-weighted; 122 unweighted records.","pums"
"pums_tx_musdir_hicov_moe","7.01419046619389","+/- 7.0 points","percentage points, 90 percent margin of error","01_evidence/02_pums_nes_microdata/pums_baseline_TX_workers18to64_2020_2024_5yr.csv + pums_person_repweights_TX_2020_2024_5yr.csv.gz","90 percent MOE = 1.645 x SDR standard error from the 80 PUMS replicate weights. Share with any health insurance (HICOV = 1). Base EMP = Music directors and composers (OCCP 2751), Texas, ages 18-64, employed (ESR 1/2/4/5), ACS 2020-2024 5-year PUMS, PWGTP-weighted; 122 unweighted records.","pums"
"pums_tx_musdir_privcov","82.27680053103219","82.3%","percent","01_evidence/02_pums_nes_microdata/pums_baseline_TX_workers18to64_2020_2024_5yr.csv + pums_person_repweights_TX_2020_2024_5yr.csv.gz","Share with private coverage (PRIVCOV = 1). Private and public overlap, so the two shares do not sum to the any-coverage share. Base EMP = Music directors and composers (OCCP 2751), Texas, ages 18-64, employed (ESR 1/2/4/5), ACS 2020-2024 5-year PUMS, PWGTP-weighted; 122 unweighted records.","pums"
"pums_tx_musdir_privcov_moe","7.516011445201221","+/- 7.5 points","percentage points, 90 percent margin of error","01_evidence/02_pums_nes_microdata/pums_baseline_TX_workers18to64_2020_2024_5yr.csv + pums_person_repweights_TX_2020_2024_5yr.csv.gz","90 percent MOE = 1.645 x SDR standard error from the 80 PUMS replicate weights. Share with private coverage (PRIVCOV = 1). Private and public overlap, so the two shares do not sum to the any-coverage share. Base EMP = Music directors and composers (OCCP 2751), Texas, ages 18-64, employed (ESR 1/2/4/5), ACS 2020-2024 5-year PUMS, PWGTP-weighted; 122 unweighted records.","pums"
"pums_tx_musdir_pubcov","2.42283438433455","2.4%","percent","01_evidence/02_pums_nes_microdata/pums_baseline_TX_workers18to64_2020_2024_5yr.csv + pums_person_repweights_TX_2020_2024_5yr.csv.gz","Share with public coverage (PUBCOV = 1). Private and public overlap. Base EMP = Music directors and composers (OCCP 2751), Texas, ages 18-64, employed (ESR 1/2/4/5), ACS 2020-2024 5-year PUMS, PWGTP-weighted; 122 unweighted records.","pums"
"pums_tx_musdir_pubcov_moe","2.1464658822184","+/- 2.1 points","percentage points, 90 percent margin of error","01_evidence/02_pums_nes_microdata/pums_baseline_TX_workers18to64_2020_2024_5yr.csv + pums_person_repweights_TX_2020_2024_5yr.csv.gz","90 percent MOE = 1.645 x SDR standard error from the 80 PUMS replicate weights. Share with public coverage (PUBCOV = 1). Private and public overlap. Base EMP = Music directors and composers (OCCP 2751), Texas, ages 18-64, employed (ESR 1/2/4/5), ACS 2020-2024 5-year PUMS, PWGTP-weighted; 122 unweighted records.","pums"
"pums_tx_musdir_lt10k","6.770660471291071","6.8%","percent","01_evidence/02_pums_nes_microdata/pums_baseline_TX_workers18to64_2020_2024_5yr.csv + pums_person_repweights_TX_2020_2024_5yr.csv.gz","Share earning under 10,000 dollars from work in 2025 dollars. Base EMP = Music directors and composers (OCCP 2751), Texas, ages 18-64, employed (ESR 1/2/4/5), ACS 2020-2024 5-year PUMS, PWGTP-weighted; 122 unweighted records. Dollars adjusted with ADJINC to 2024 then by the CPI-U 2024 factor to 2025 dollars.","pums"
"pums_tx_musdir_lt10k_moe","4.67011020461729","+/- 4.7 points","percentage points, 90 percent margin of error","01_evidence/02_pums_nes_microdata/pums_baseline_TX_workers18to64_2020_2024_5yr.csv + pums_person_repweights_TX_2020_2024_5yr.csv.gz","90 percent MOE = 1.645 x SDR standard error from the 80 PUMS replicate weights. Share earning under 10,000 dollars from work in 2025 dollars. Base EMP = Music directors and composers (OCCP 2751), Texas, ages 18-64, employed (ESR 1/2/4/5), ACS 2020-2024 5-year PUMS, PWGTP-weighted; 122 unweighted records. Dollars adjusted with ADJINC to 2024 then by the CPI-U 2024 factor to 2025 dollars.","pums"
"pums_tx_musdir_lt25k","20.37836043810156","20.4%","percent","01_evidence/02_pums_nes_microdata/pums_baseline_TX_workers18to64_2020_2024_5yr.csv + pums_person_repweights_TX_2020_2024_5yr.csv.gz","Share earning under 25,000 dollars from work in 2025 dollars. Base EMP = Music directors and composers (OCCP 2751), Texas, ages 18-64, employed (ESR 1/2/4/5), ACS 2020-2024 5-year PUMS, PWGTP-weighted; 122 unweighted records. Dollars adjusted with ADJINC to 2024 then by the CPI-U 2024 factor to 2025 dollars.","pums"
"pums_tx_musdir_lt25k_moe","6.54513171661039","+/- 6.5 points","percentage points, 90 percent margin of error","01_evidence/02_pums_nes_microdata/pums_baseline_TX_workers18to64_2020_2024_5yr.csv + pums_person_repweights_TX_2020_2024_5yr.csv.gz","90 percent MOE = 1.645 x SDR standard error from the 80 PUMS replicate weights. Share earning under 25,000 dollars from work in 2025 dollars. Base EMP = Music directors and composers (OCCP 2751), Texas, ages 18-64, employed (ESR 1/2/4/5), ACS 2020-2024 5-year PUMS, PWGTP-weighted; 122 unweighted records. Dollars adjusted with ADJINC to 2024 then by the CPI-U 2024 factor to 2025 dollars.","pums"
"pums_tx_musdir_lt50k","33.15632260205775","33.2%","percent","01_evidence/02_pums_nes_microdata/pums_baseline_TX_workers18to64_2020_2024_5yr.csv + pums_person_repweights_TX_2020_2024_5yr.csv.gz","Share earning under 50,000 dollars from work in 2025 dollars. Base EMP = Music directors and composers (OCCP 2751), Texas, ages 18-64, employed (ESR 1/2/4/5), ACS 2020-2024 5-year PUMS, PWGTP-weighted; 122 unweighted records. Dollars adjusted with ADJINC to 2024 then by the CPI-U 2024 factor to 2025 dollars.","pums"
"pums_tx_musdir_lt50k_moe","8.38581275913681","+/- 8.4 points","percentage points, 90 percent margin of error","01_evidence/02_pums_nes_microdata/pums_baseline_TX_workers18to64_2020_2024_5yr.csv + pums_person_repweights_TX_2020_2024_5yr.csv.gz","90 percent MOE = 1.645 x SDR standard error from the 80 PUMS replicate weights. Share earning under 50,000 dollars from work in 2025 dollars. Base EMP = Music directors and composers (OCCP 2751), Texas, ages 18-64, employed (ESR 1/2/4/5), ACS 2020-2024 5-year PUMS, PWGTP-weighted; 122 unweighted records. Dollars adjusted with ADJINC to 2024 then by the CPI-U 2024 factor to 2025 dollars.","pums"
"pums_tx_musdir_ltmusiccensus","10.88615997344839","10.9%","percent","01_evidence/02_pums_nes_microdata/pums_baseline_TX_workers18to64_2020_2024_5yr.csv + pums_person_repweights_TX_2020_2024_5yr.csv.gz","Share earning less than the 2013 Austin Music Census 10,000 dollar line restated in 2025 dollars. Base EMP = Music directors and composers (OCCP 2751), Texas, ages 18-64, employed (ESR 1/2/4/5), ACS 2020-2024 5-year PUMS, PWGTP-weighted; 122 unweighted records. Dollars adjusted with ADJINC to 2024 then by the CPI-U 2024 factor to 2025 dollars.","pums"
"pums_tx_musdir_ltmusiccensus_moe","5.11868998431085","+/- 5.1 points","percentage points, 90 percent margin of error","01_evidence/02_pums_nes_microdata/pums_baseline_TX_workers18to64_2020_2024_5yr.csv + pums_person_repweights_TX_2020_2024_5yr.csv.gz","90 percent MOE = 1.645 x SDR standard error from the 80 PUMS replicate weights. Share earning less than the 2013 Austin Music Census 10,000 dollar line restated in 2025 dollars. Base EMP = Music directors and composers (OCCP 2751), Texas, ages 18-64, employed (ESR 1/2/4/5), ACS 2020-2024 5-year PUMS, PWGTP-weighted; 122 unweighted records. Dollars adjusted with ADJINC to 2024 then by the CPI-U 2024 factor to 2025 dollars.","pums"
"pums_tx_musdir_nonposearn","0","0.0%","percent","01_evidence/02_pums_nes_microdata/pums_baseline_TX_workers18to64_2020_2024_5yr.csv + pums_person_repweights_TX_2020_2024_5yr.csv.gz","Share of employed people reporting zero or negative earnings from work. Base EMP = Music directors and composers (OCCP 2751), Texas, ages 18-64, employed (ESR 1/2/4/5), ACS 2020-2024 5-year PUMS, PWGTP-weighted; 122 unweighted records.","pums"
"pums_tx_musdir_nonposearn_moe","0","+/- 0.0 points","percentage points, 90 percent margin of error","01_evidence/02_pums_nes_microdata/pums_baseline_TX_workers18to64_2020_2024_5yr.csv + pums_person_repweights_TX_2020_2024_5yr.csv.gz","90 percent MOE = 1.645 x SDR standard error from the 80 PUMS replicate weights. Share of employed people reporting zero or negative earnings from work. Base EMP = Music directors and composers (OCCP 2751), Texas, ages 18-64, employed (ESR 1/2/4/5), ACS 2020-2024 5-year PUMS, PWGTP-weighted; 122 unweighted records.","pums"
"pums_tx_musdir_wtd_pos","3013","3,013","people","01_evidence/02_pums_nes_microdata/pums_baseline_TX_workers18to64_2020_2024_5yr.csv + pums_person_repweights_TX_2020_2024_5yr.csv.gz","Weighted denominator for every POS-base figure in this cell. Base POS = Music directors and composers (OCCP 2751), Texas, ages 18-64, employed (ESR 1/2/4/5) with positive earnings, ACS 2020-2024 5-year PUMS, PWGTP-weighted; 122 unweighted records.","pums"
"pums_tx_musdir_meanpernp_pos","67814.68079288409","$67,800","2025 dollars","01_evidence/02_pums_nes_microdata/pums_baseline_TX_workers18to64_2020_2024_5yr.csv + pums_person_repweights_TX_2020_2024_5yr.csv.gz","Mean personal earnings from work. Base POS = Music directors and composers (OCCP 2751), Texas, ages 18-64, employed (ESR 1/2/4/5) with positive earnings, ACS 2020-2024 5-year PUMS, PWGTP-weighted; 122 unweighted records. Dollars adjusted with ADJINC to 2024 then by the CPI-U 2024 factor to 2025 dollars.","pums"
"pums_tx_musdir_meanpernp_pos_moe","7899.200332284294","+/- $7,900","2025 dollars, 90 percent margin of error","01_evidence/02_pums_nes_microdata/pums_baseline_TX_workers18to64_2020_2024_5yr.csv + pums_person_repweights_TX_2020_2024_5yr.csv.gz","90 percent MOE = 1.645 x SDR standard error from the 80 PUMS replicate weights. Mean personal earnings from work. Base POS = Music directors and composers (OCCP 2751), Texas, ages 18-64, employed (ESR 1/2/4/5) with positive earnings, ACS 2020-2024 5-year PUMS, PWGTP-weighted; 122 unweighted records. Dollars adjusted with ADJINC to 2024 then by the CPI-U 2024 factor to 2025 dollars.","pums"
"pums_tx_musdir_meanpincp_pos","70670.72464972796","$70,700","2025 dollars","01_evidence/02_pums_nes_microdata/pums_baseline_TX_workers18to64_2020_2024_5yr.csv + pums_person_repweights_TX_2020_2024_5yr.csv.gz","Mean total personal income. Base POS = Music directors and composers (OCCP 2751), Texas, ages 18-64, employed (ESR 1/2/4/5) with positive earnings, ACS 2020-2024 5-year PUMS, PWGTP-weighted; 122 unweighted records. Dollars adjusted with ADJINC to 2024 then by the CPI-U 2024 factor to 2025 dollars.","pums"
"pums_tx_musdir_meanpincp_pos_moe","8894.056935286293","+/- $8,900","2025 dollars, 90 percent margin of error","01_evidence/02_pums_nes_microdata/pums_baseline_TX_workers18to64_2020_2024_5yr.csv + pums_person_repweights_TX_2020_2024_5yr.csv.gz","90 percent MOE = 1.645 x SDR standard error from the 80 PUMS replicate weights. Mean total personal income. Base POS = Music directors and composers (OCCP 2751), Texas, ages 18-64, employed (ESR 1/2/4/5) with positive earnings, ACS 2020-2024 5-year PUMS, PWGTP-weighted; 122 unweighted records. Dollars adjusted with ADJINC to 2024 then by the CPI-U 2024 factor to 2025 dollars.","pums"
"pums_tx_musdir_medpincp_emp","67769.44106171347","$67,800","2025 dollars","01_evidence/02_pums_nes_microdata/pums_baseline_TX_workers18to64_2020_2024_5yr.csv + pums_person_repweights_TX_2020_2024_5yr.csv.gz","Median total personal income. Base EMP = Music directors and composers (OCCP 2751), Texas, ages 18-64, employed (ESR 1/2/4/5), ACS 2020-2024 5-year PUMS, PWGTP-weighted; 122 unweighted records. Dollars adjusted with ADJINC to 2024 then by the CPI-U 2024 factor to 2025 dollars.","pums"
"pums_tx_musdir_medpincp_emp_moe","7432.995192105341","+/- $7,400","2025 dollars, 90 percent margin of error","01_evidence/02_pums_nes_microdata/pums_baseline_TX_workers18to64_2020_2024_5yr.csv + pums_person_repweights_TX_2020_2024_5yr.csv.gz","90 percent MOE = 1.645 x SDR standard error from the 80 PUMS replicate weights. Median total personal income. Base EMP = Music directors and composers (OCCP 2751), Texas, ages 18-64, employed (ESR 1/2/4/5), ACS 2020-2024 5-year PUMS, PWGTP-weighted; 122 unweighted records. Dollars adjusted with ADJINC to 2024 then by the CPI-U 2024 factor to 2025 dollars.","pums"
"pums_tx_musdir_medpernp_emp","64667.21758738622","$64,700","2025 dollars","01_evidence/02_pums_nes_microdata/pums_baseline_TX_workers18to64_2020_2024_5yr.csv + pums_person_repweights_TX_2020_2024_5yr.csv.gz","Median personal earnings from work, zero and negative earners included. Base EMP = Music directors and composers (OCCP 2751), Texas, ages 18-64, employed (ESR 1/2/4/5), ACS 2020-2024 5-year PUMS, PWGTP-weighted; 122 unweighted records. Dollars adjusted with ADJINC to 2024 then by the CPI-U 2024 factor to 2025 dollars.","pums"
"pums_tx_musdir_medpernp_emp_moe","7754.721544975116","+/- $7,800","2025 dollars, 90 percent margin of error","01_evidence/02_pums_nes_microdata/pums_baseline_TX_workers18to64_2020_2024_5yr.csv + pums_person_repweights_TX_2020_2024_5yr.csv.gz","90 percent MOE = 1.645 x SDR standard error from the 80 PUMS replicate weights. Median personal earnings from work, zero and negative earners included. Base EMP = Music directors and composers (OCCP 2751), Texas, ages 18-64, employed (ESR 1/2/4/5), ACS 2020-2024 5-year PUMS, PWGTP-weighted; 122 unweighted records. Dollars adjusted with ADJINC to 2024 then by the CPI-U 2024 factor to 2025 dollars.","pums"
"pums_tx_musdir_medpernp_pos","64667.21758738622","$64,700","2025 dollars","01_evidence/02_pums_nes_microdata/pums_baseline_TX_workers18to64_2020_2024_5yr.csv + pums_person_repweights_TX_2020_2024_5yr.csv.gz","HEADLINE earnings figure. Median personal earnings from work. Base POS = Music directors and composers (OCCP 2751), Texas, ages 18-64, employed (ESR 1/2/4/5) with positive earnings, ACS 2020-2024 5-year PUMS, PWGTP-weighted; 122 unweighted records. Dollars adjusted with ADJINC to 2024 then by the CPI-U 2024 factor to 2025 dollars.","pums"
"pums_tx_musdir_medpernp_pos_moe","7754.721544975116","+/- $7,800","2025 dollars, 90 percent margin of error","01_evidence/02_pums_nes_microdata/pums_baseline_TX_workers18to64_2020_2024_5yr.csv + pums_person_repweights_TX_2020_2024_5yr.csv.gz","90 percent MOE = 1.645 x SDR standard error from the 80 PUMS replicate weights. HEADLINE earnings figure. Median personal earnings from work. Base POS = Music directors and composers (OCCP 2751), Texas, ages 18-64, employed (ESR 1/2/4/5) with positive earnings, ACS 2020-2024 5-year PUMS, PWGTP-weighted; 122 unweighted records. Dollars adjusted with ADJINC to 2024 then by the CPI-U 2024 factor to 2025 dollars.","pums"
"pums_tx_musdir_medpincp_pos","67769.44106171347","$67,800","2025 dollars","01_evidence/02_pums_nes_microdata/pums_baseline_TX_workers18to64_2020_2024_5yr.csv + pums_person_repweights_TX_2020_2024_5yr.csv.gz","Median total personal income on the same base as the headline earnings figure, so the earnings-to-income gap is not a base artefact. Base POS = Music directors and composers (OCCP 2751), Texas, ages 18-64, employed (ESR 1/2/4/5) with positive earnings, ACS 2020-2024 5-year PUMS, PWGTP-weighted; 122 unweighted records. Dollars adjusted with ADJINC to 2024 then by the CPI-U 2024 factor to 2025 dollars.","pums"
"pums_tx_musdir_medpincp_pos_moe","7432.995192105341","+/- $7,400","2025 dollars, 90 percent margin of error","01_evidence/02_pums_nes_microdata/pums_baseline_TX_workers18to64_2020_2024_5yr.csv + pums_person_repweights_TX_2020_2024_5yr.csv.gz","90 percent MOE = 1.645 x SDR standard error from the 80 PUMS replicate weights. Median total personal income on the same base as the headline earnings figure, so the earnings-to-income gap is not a base artefact. Base POS = Music directors and composers (OCCP 2751), Texas, ages 18-64, employed (ESR 1/2/4/5) with positive earnings, ACS 2020-2024 5-year PUMS, PWGTP-weighted; 122 unweighted records. Dollars adjusted with ADJINC to 2024 then by the CPI-U 2024 factor to 2025 dollars.","pums"
"pums_tx_musdir_medwkhp","40","40","usual hours per week","01_evidence/02_pums_nes_microdata/pums_baseline_TX_workers18to64_2020_2024_5yr.csv + pums_person_repweights_TX_2020_2024_5yr.csv.gz","Median usual hours worked per week (WKHP). Base EMP = Music directors and composers (OCCP 2751), Texas, ages 18-64, employed (ESR 1/2/4/5), ACS 2020-2024 5-year PUMS, PWGTP-weighted; 122 unweighted records.","pums"
"pums_tx_musdir_medwkwn","52","52","weeks worked in past 12 months","01_evidence/02_pums_nes_microdata/pums_baseline_TX_workers18to64_2020_2024_5yr.csv + pums_person_repweights_TX_2020_2024_5yr.csv.gz","Median weeks worked in the past 12 months (WKWN). Base EMP = Music directors and composers (OCCP 2751), Texas, ages 18-64, employed (ESR 1/2/4/5), ACS 2020-2024 5-year PUMS, PWGTP-weighted; 122 unweighted records.","pums"
"pums_tx_music_n_emp","622","622","unweighted person records","01_evidence/02_pums_nes_microdata/pums_baseline_TX_workers18to64_2020_2024_5yr.csv + pums_person_repweights_TX_2020_2024_5yr.csv.gz","Base EMP = Musicians, singers, music directors and composers (OCCP 2751 and 2752), Texas, ages 18-64, employed (ESR 1/2/4/5), ACS 2020-2024 5-year PUMS, PWGTP-weighted; 622 unweighted records.","pums"
"pums_tx_music_n_pos","620","620","unweighted person records","01_evidence/02_pums_nes_microdata/pums_baseline_TX_workers18to64_2020_2024_5yr.csv + pums_person_repweights_TX_2020_2024_5yr.csv.gz","Base POS = Musicians, singers, music directors and composers (OCCP 2751 and 2752), Texas, ages 18-64, employed (ESR 1/2/4/5) with positive earnings, ACS 2020-2024 5-year PUMS, PWGTP-weighted; 620 unweighted records.","pums"
"pums_tx_music_wtd_emp","15094","15,094","people","01_evidence/02_pums_nes_microdata/pums_baseline_TX_workers18to64_2020_2024_5yr.csv + pums_person_repweights_TX_2020_2024_5yr.csv.gz","Weighted denominator for every EMP-base figure in this cell. Base EMP = Musicians, singers, music directors and composers (OCCP 2751 and 2752), Texas, ages 18-64, employed (ESR 1/2/4/5), ACS 2020-2024 5-year PUMS, PWGTP-weighted; 622 unweighted records.","pums"
"pums_tx_music_meanpincp_emp","57517.4362671708","$57,500","2025 dollars","01_evidence/02_pums_nes_microdata/pums_baseline_TX_workers18to64_2020_2024_5yr.csv + pums_person_repweights_TX_2020_2024_5yr.csv.gz","Mean total personal income. Base EMP = Musicians, singers, music directors and composers (OCCP 2751 and 2752), Texas, ages 18-64, employed (ESR 1/2/4/5), ACS 2020-2024 5-year PUMS, PWGTP-weighted; 622 unweighted records. Dollars adjusted with ADJINC to 2024 then by the CPI-U 2024 factor to 2025 dollars.","pums"
"pums_tx_music_meanpincp_emp_moe","6213.557972623044","+/- $6,200","2025 dollars, 90 percent margin of error","01_evidence/02_pums_nes_microdata/pums_baseline_TX_workers18to64_2020_2024_5yr.csv + pums_person_repweights_TX_2020_2024_5yr.csv.gz","90 percent MOE = 1.645 x SDR standard error from the 80 PUMS replicate weights. Mean total personal income. Base EMP = Musicians, singers, music directors and composers (OCCP 2751 and 2752), Texas, ages 18-64, employed (ESR 1/2/4/5), ACS 2020-2024 5-year PUMS, PWGTP-weighted; 622 unweighted records. Dollars adjusted with ADJINC to 2024 then by the CPI-U 2024 factor to 2025 dollars.","pums"
"pums_tx_music_meanpernp_emp","50239.37985955401","$50,200","2025 dollars","01_evidence/02_pums_nes_microdata/pums_baseline_TX_workers18to64_2020_2024_5yr.csv + pums_person_repweights_TX_2020_2024_5yr.csv.gz","Mean personal earnings from work, zero and negative earners included. Base EMP = Musicians, singers, music directors and composers (OCCP 2751 and 2752), Texas, ages 18-64, employed (ESR 1/2/4/5), ACS 2020-2024 5-year PUMS, PWGTP-weighted; 622 unweighted records. Dollars adjusted with ADJINC to 2024 then by the CPI-U 2024 factor to 2025 dollars.","pums"
"pums_tx_music_meanpernp_emp_moe","5507.394019228343","+/- $5,500","2025 dollars, 90 percent margin of error","01_evidence/02_pums_nes_microdata/pums_baseline_TX_workers18to64_2020_2024_5yr.csv + pums_person_repweights_TX_2020_2024_5yr.csv.gz","90 percent MOE = 1.645 x SDR standard error from the 80 PUMS replicate weights. Mean personal earnings from work, zero and negative earners included. Base EMP = Musicians, singers, music directors and composers (OCCP 2751 and 2752), Texas, ages 18-64, employed (ESR 1/2/4/5), ACS 2020-2024 5-year PUMS, PWGTP-weighted; 622 unweighted records. Dollars adjusted with ADJINC to 2024 then by the CPI-U 2024 factor to 2025 dollars.","pums"
"pums_tx_music_selfemp","47.1776864979462","47.2%","percent","01_evidence/02_pums_nes_microdata/pums_baseline_TX_workers18to64_2020_2024_5yr.csv + pums_person_repweights_TX_2020_2024_5yr.csv.gz","Share self-employed, COW 6 (unincorporated) or 7 (incorporated). Base EMP = Musicians, singers, music directors and composers (OCCP 2751 and 2752), Texas, ages 18-64, employed (ESR 1/2/4/5), ACS 2020-2024 5-year PUMS, PWGTP-weighted; 622 unweighted records.","pums"
"pums_tx_music_selfemp_moe","4.65682756825493","+/- 4.7 points","percentage points, 90 percent margin of error","01_evidence/02_pums_nes_microdata/pums_baseline_TX_workers18to64_2020_2024_5yr.csv + pums_person_repweights_TX_2020_2024_5yr.csv.gz","90 percent MOE = 1.645 x SDR standard error from the 80 PUMS replicate weights. Share self-employed, COW 6 (unincorporated) or 7 (incorporated). Base EMP = Musicians, singers, music directors and composers (OCCP 2751 and 2752), Texas, ages 18-64, employed (ESR 1/2/4/5), ACS 2020-2024 5-year PUMS, PWGTP-weighted; 622 unweighted records.","pums"
"pums_tx_music_hicov","73.59215582350603","73.6%","percent","01_evidence/02_pums_nes_microdata/pums_baseline_TX_workers18to64_2020_2024_5yr.csv + pums_person_repweights_TX_2020_2024_5yr.csv.gz","Share with any health insurance (HICOV = 1). Base EMP = Musicians, singers, music directors and composers (OCCP 2751 and 2752), Texas, ages 18-64, employed (ESR 1/2/4/5), ACS 2020-2024 5-year PUMS, PWGTP-weighted; 622 unweighted records.","pums"
"pums_tx_music_hicov_moe","3.50867909210997","+/- 3.5 points","percentage points, 90 percent margin of error","01_evidence/02_pums_nes_microdata/pums_baseline_TX_workers18to64_2020_2024_5yr.csv + pums_person_repweights_TX_2020_2024_5yr.csv.gz","90 percent MOE = 1.645 x SDR standard error from the 80 PUMS replicate weights. Share with any health insurance (HICOV = 1). Base EMP = Musicians, singers, music directors and composers (OCCP 2751 and 2752), Texas, ages 18-64, employed (ESR 1/2/4/5), ACS 2020-2024 5-year PUMS, PWGTP-weighted; 622 unweighted records.","pums"
"pums_tx_music_privcov","69.07380416059361","69.1%","percent","01_evidence/02_pums_nes_microdata/pums_baseline_TX_workers18to64_2020_2024_5yr.csv + pums_person_repweights_TX_2020_2024_5yr.csv.gz","Share with private coverage (PRIVCOV = 1). Private and public overlap, so the two shares do not sum to the any-coverage share. Base EMP = Musicians, singers, music directors and composers (OCCP 2751 and 2752), Texas, ages 18-64, employed (ESR 1/2/4/5), ACS 2020-2024 5-year PUMS, PWGTP-weighted; 622 unweighted records.","pums"
"pums_tx_music_privcov_moe","3.88807187217435","+/- 3.9 points","percentage points, 90 percent margin of error","01_evidence/02_pums_nes_microdata/pums_baseline_TX_workers18to64_2020_2024_5yr.csv + pums_person_repweights_TX_2020_2024_5yr.csv.gz","90 percent MOE = 1.645 x SDR standard error from the 80 PUMS replicate weights. Share with private coverage (PRIVCOV = 1). Private and public overlap, so the two shares do not sum to the any-coverage share. Base EMP = Musicians, singers, music directors and composers (OCCP 2751 and 2752), Texas, ages 18-64, employed (ESR 1/2/4/5), ACS 2020-2024 5-year PUMS, PWGTP-weighted; 622 unweighted records.","pums"
"pums_tx_music_pubcov","8.61269378561018","8.6%","percent","01_evidence/02_pums_nes_microdata/pums_baseline_TX_workers18to64_2020_2024_5yr.csv + pums_person_repweights_TX_2020_2024_5yr.csv.gz","Share with public coverage (PUBCOV = 1). Private and public overlap. Base EMP = Musicians, singers, music directors and composers (OCCP 2751 and 2752), Texas, ages 18-64, employed (ESR 1/2/4/5), ACS 2020-2024 5-year PUMS, PWGTP-weighted; 622 unweighted records.","pums"
"pums_tx_music_pubcov_moe","2.4173938031858","+/- 2.4 points","percentage points, 90 percent margin of error","01_evidence/02_pums_nes_microdata/pums_baseline_TX_workers18to64_2020_2024_5yr.csv + pums_person_repweights_TX_2020_2024_5yr.csv.gz","90 percent MOE = 1.645 x SDR standard error from the 80 PUMS replicate weights. Share with public coverage (PUBCOV = 1). Private and public overlap. Base EMP = Musicians, singers, music directors and composers (OCCP 2751 and 2752), Texas, ages 18-64, employed (ESR 1/2/4/5), ACS 2020-2024 5-year PUMS, PWGTP-weighted; 622 unweighted records.","pums"
"pums_tx_music_lt10k","20.41208427189612","20.4%","percent","01_evidence/02_pums_nes_microdata/pums_baseline_TX_workers18to64_2020_2024_5yr.csv + pums_person_repweights_TX_2020_2024_5yr.csv.gz","Share earning under 10,000 dollars from work in 2025 dollars. Base EMP = Musicians, singers, music directors and composers (OCCP 2751 and 2752), Texas, ages 18-64, employed (ESR 1/2/4/5), ACS 2020-2024 5-year PUMS, PWGTP-weighted; 622 unweighted records. Dollars adjusted with ADJINC to 2024 then by the CPI-U 2024 factor to 2025 dollars.","pums"
"pums_tx_music_lt10k_moe","4.02349643890368","+/- 4.0 points","percentage points, 90 percent margin of error","01_evidence/02_pums_nes_microdata/pums_baseline_TX_workers18to64_2020_2024_5yr.csv + pums_person_repweights_TX_2020_2024_5yr.csv.gz","90 percent MOE = 1.645 x SDR standard error from the 80 PUMS replicate weights. Share earning under 10,000 dollars from work in 2025 dollars. Base EMP = Musicians, singers, music directors and composers (OCCP 2751 and 2752), Texas, ages 18-64, employed (ESR 1/2/4/5), ACS 2020-2024 5-year PUMS, PWGTP-weighted; 622 unweighted records. Dollars adjusted with ADJINC to 2024 then by the CPI-U 2024 factor to 2025 dollars.","pums"
"pums_tx_music_lt25k","43.94461375380946","43.9%","percent","01_evidence/02_pums_nes_microdata/pums_baseline_TX_workers18to64_2020_2024_5yr.csv + pums_person_repweights_TX_2020_2024_5yr.csv.gz","Share earning under 25,000 dollars from work in 2025 dollars. Base EMP = Musicians, singers, music directors and composers (OCCP 2751 and 2752), Texas, ages 18-64, employed (ESR 1/2/4/5), ACS 2020-2024 5-year PUMS, PWGTP-weighted; 622 unweighted records. Dollars adjusted with ADJINC to 2024 then by the CPI-U 2024 factor to 2025 dollars.","pums"
"pums_tx_music_lt25k_moe","4.09426741988435","+/- 4.1 points","percentage points, 90 percent margin of error","01_evidence/02_pums_nes_microdata/pums_baseline_TX_workers18to64_2020_2024_5yr.csv + pums_person_repweights_TX_2020_2024_5yr.csv.gz","90 percent MOE = 1.645 x SDR standard error from the 80 PUMS replicate weights. Share earning under 25,000 dollars from work in 2025 dollars. Base EMP = Musicians, singers, music directors and composers (OCCP 2751 and 2752), Texas, ages 18-64, employed (ESR 1/2/4/5), ACS 2020-2024 5-year PUMS, PWGTP-weighted; 622 unweighted records. Dollars adjusted with ADJINC to 2024 then by the CPI-U 2024 factor to 2025 dollars.","pums"
"pums_tx_music_lt50k","64.19106929905924","64.2%","percent","01_evidence/02_pums_nes_microdata/pums_baseline_TX_workers18to64_2020_2024_5yr.csv + pums_person_repweights_TX_2020_2024_5yr.csv.gz","Share earning under 50,000 dollars from work in 2025 dollars. Base EMP = Musicians, singers, music directors and composers (OCCP 2751 and 2752), Texas, ages 18-64, employed (ESR 1/2/4/5), ACS 2020-2024 5-year PUMS, PWGTP-weighted; 622 unweighted records. Dollars adjusted with ADJINC to 2024 then by the CPI-U 2024 factor to 2025 dollars.","pums"
"pums_tx_music_lt50k_moe","4.31475242586286","+/- 4.3 points","percentage points, 90 percent margin of error","01_evidence/02_pums_nes_microdata/pums_baseline_TX_workers18to64_2020_2024_5yr.csv + pums_person_repweights_TX_2020_2024_5yr.csv.gz","90 percent MOE = 1.645 x SDR standard error from the 80 PUMS replicate weights. Share earning under 50,000 dollars from work in 2025 dollars. Base EMP = Musicians, singers, music directors and composers (OCCP 2751 and 2752), Texas, ages 18-64, employed (ESR 1/2/4/5), ACS 2020-2024 5-year PUMS, PWGTP-weighted; 622 unweighted records. Dollars adjusted with ADJINC to 2024 then by the CPI-U 2024 factor to 2025 dollars.","pums"
"pums_tx_music_ltmusiccensus","27.73287398966477","27.7%","percent","01_evidence/02_pums_nes_microdata/pums_baseline_TX_workers18to64_2020_2024_5yr.csv + pums_person_repweights_TX_2020_2024_5yr.csv.gz","Share earning less than the 2013 Austin Music Census 10,000 dollar line restated in 2025 dollars. Base EMP = Musicians, singers, music directors and composers (OCCP 2751 and 2752), Texas, ages 18-64, employed (ESR 1/2/4/5), ACS 2020-2024 5-year PUMS, PWGTP-weighted; 622 unweighted records. Dollars adjusted with ADJINC to 2024 then by the CPI-U 2024 factor to 2025 dollars.","pums"
"pums_tx_music_ltmusiccensus_moe","3.99123544259062","+/- 4.0 points","percentage points, 90 percent margin of error","01_evidence/02_pums_nes_microdata/pums_baseline_TX_workers18to64_2020_2024_5yr.csv + pums_person_repweights_TX_2020_2024_5yr.csv.gz","90 percent MOE = 1.645 x SDR standard error from the 80 PUMS replicate weights. Share earning less than the 2013 Austin Music Census 10,000 dollar line restated in 2025 dollars. Base EMP = Musicians, singers, music directors and composers (OCCP 2751 and 2752), Texas, ages 18-64, employed (ESR 1/2/4/5), ACS 2020-2024 5-year PUMS, PWGTP-weighted; 622 unweighted records. Dollars adjusted with ADJINC to 2024 then by the CPI-U 2024 factor to 2025 dollars.","pums"
"pums_tx_music_nonposearn",".22525506823904","0.2%","percent","01_evidence/02_pums_nes_microdata/pums_baseline_TX_workers18to64_2020_2024_5yr.csv + pums_person_repweights_TX_2020_2024_5yr.csv.gz","Share of employed people reporting zero or negative earnings from work. Base EMP = Musicians, singers, music directors and composers (OCCP 2751 and 2752), Texas, ages 18-64, employed (ESR 1/2/4/5), ACS 2020-2024 5-year PUMS, PWGTP-weighted; 622 unweighted records.","pums"
"pums_tx_music_nonposearn_moe",".27360082857098","+/- 0.3 points","percentage points, 90 percent margin of error","01_evidence/02_pums_nes_microdata/pums_baseline_TX_workers18to64_2020_2024_5yr.csv + pums_person_repweights_TX_2020_2024_5yr.csv.gz","90 percent MOE = 1.645 x SDR standard error from the 80 PUMS replicate weights. Share of employed people reporting zero or negative earnings from work. Base EMP = Musicians, singers, music directors and composers (OCCP 2751 and 2752), Texas, ages 18-64, employed (ESR 1/2/4/5), ACS 2020-2024 5-year PUMS, PWGTP-weighted; 622 unweighted records.","pums"
"pums_tx_music_wtd_pos","15060","15,060","people","01_evidence/02_pums_nes_microdata/pums_baseline_TX_workers18to64_2020_2024_5yr.csv + pums_person_repweights_TX_2020_2024_5yr.csv.gz","Weighted denominator for every POS-base figure in this cell. Base POS = Musicians, singers, music directors and composers (OCCP 2751 and 2752), Texas, ages 18-64, employed (ESR 1/2/4/5) with positive earnings, ACS 2020-2024 5-year PUMS, PWGTP-weighted; 620 unweighted records.","pums"
"pums_tx_music_meanpernp_pos","50364.68695098635","$50,400","2025 dollars","01_evidence/02_pums_nes_microdata/pums_baseline_TX_workers18to64_2020_2024_5yr.csv + pums_person_repweights_TX_2020_2024_5yr.csv.gz","Mean personal earnings from work. Base POS = Musicians, singers, music directors and composers (OCCP 2751 and 2752), Texas, ages 18-64, employed (ESR 1/2/4/5) with positive earnings, ACS 2020-2024 5-year PUMS, PWGTP-weighted; 620 unweighted records. Dollars adjusted with ADJINC to 2024 then by the CPI-U 2024 factor to 2025 dollars.","pums"
"pums_tx_music_meanpernp_pos_moe","5531.720490578246","+/- $5,500","2025 dollars, 90 percent margin of error","01_evidence/02_pums_nes_microdata/pums_baseline_TX_workers18to64_2020_2024_5yr.csv + pums_person_repweights_TX_2020_2024_5yr.csv.gz","90 percent MOE = 1.645 x SDR standard error from the 80 PUMS replicate weights. Mean personal earnings from work. Base POS = Musicians, singers, music directors and composers (OCCP 2751 and 2752), Texas, ages 18-64, employed (ESR 1/2/4/5) with positive earnings, ACS 2020-2024 5-year PUMS, PWGTP-weighted; 620 unweighted records. Dollars adjusted with ADJINC to 2024 then by the CPI-U 2024 factor to 2025 dollars.","pums"
"pums_tx_music_meanpincp_pos","57659.17456164822","$57,700","2025 dollars","01_evidence/02_pums_nes_microdata/pums_baseline_TX_workers18to64_2020_2024_5yr.csv + pums_person_repweights_TX_2020_2024_5yr.csv.gz","Mean total personal income. Base POS = Musicians, singers, music directors and composers (OCCP 2751 and 2752), Texas, ages 18-64, employed (ESR 1/2/4/5) with positive earnings, ACS 2020-2024 5-year PUMS, PWGTP-weighted; 620 unweighted records. Dollars adjusted with ADJINC to 2024 then by the CPI-U 2024 factor to 2025 dollars.","pums"
"pums_tx_music_meanpincp_pos_moe","6230.618413776309","+/- $6,200","2025 dollars, 90 percent margin of error","01_evidence/02_pums_nes_microdata/pums_baseline_TX_workers18to64_2020_2024_5yr.csv + pums_person_repweights_TX_2020_2024_5yr.csv.gz","90 percent MOE = 1.645 x SDR standard error from the 80 PUMS replicate weights. Mean total personal income. Base POS = Musicians, singers, music directors and composers (OCCP 2751 and 2752), Texas, ages 18-64, employed (ESR 1/2/4/5) with positive earnings, ACS 2020-2024 5-year PUMS, PWGTP-weighted; 620 unweighted records. Dollars adjusted with ADJINC to 2024 then by the CPI-U 2024 factor to 2025 dollars.","pums"
"pums_tx_music_medpincp_emp","36763.1163259504","$36,800","2025 dollars","01_evidence/02_pums_nes_microdata/pums_baseline_TX_workers18to64_2020_2024_5yr.csv + pums_person_repweights_TX_2020_2024_5yr.csv.gz","Median total personal income. Base EMP = Musicians, singers, music directors and composers (OCCP 2751 and 2752), Texas, ages 18-64, employed (ESR 1/2/4/5), ACS 2020-2024 5-year PUMS, PWGTP-weighted; 622 unweighted records. Dollars adjusted with ADJINC to 2024 then by the CPI-U 2024 factor to 2025 dollars.","pums"
"pums_tx_music_medpincp_emp_moe","6637.754740299503","+/- $6,600","2025 dollars, 90 percent margin of error","01_evidence/02_pums_nes_microdata/pums_baseline_TX_workers18to64_2020_2024_5yr.csv + pums_person_repweights_TX_2020_2024_5yr.csv.gz","90 percent MOE = 1.645 x SDR standard error from the 80 PUMS replicate weights. Median total personal income. Base EMP = Musicians, singers, music directors and composers (OCCP 2751 and 2752), Texas, ages 18-64, employed (ESR 1/2/4/5), ACS 2020-2024 5-year PUMS, PWGTP-weighted; 622 unweighted records. Dollars adjusted with ADJINC to 2024 then by the CPI-U 2024 factor to 2025 dollars.","pums"
"pums_tx_music_medpernp_emp","29194.02165468646","$29,200","2025 dollars","01_evidence/02_pums_nes_microdata/pums_baseline_TX_workers18to64_2020_2024_5yr.csv + pums_person_repweights_TX_2020_2024_5yr.csv.gz","Median personal earnings from work, zero and negative earners included. Base EMP = Musicians, singers, music directors and composers (OCCP 2751 and 2752), Texas, ages 18-64, employed (ESR 1/2/4/5), ACS 2020-2024 5-year PUMS, PWGTP-weighted; 622 unweighted records. Dollars adjusted with ADJINC to 2024 then by the CPI-U 2024 factor to 2025 dollars.","pums"
"pums_tx_music_medpernp_emp_moe","5506.028081993594","+/- $5,500","2025 dollars, 90 percent margin of error","01_evidence/02_pums_nes_microdata/pums_baseline_TX_workers18to64_2020_2024_5yr.csv + pums_person_repweights_TX_2020_2024_5yr.csv.gz","90 percent MOE = 1.645 x SDR standard error from the 80 PUMS replicate weights. Median personal earnings from work, zero and negative earners included. Base EMP = Musicians, singers, music directors and composers (OCCP 2751 and 2752), Texas, ages 18-64, employed (ESR 1/2/4/5), ACS 2020-2024 5-year PUMS, PWGTP-weighted; 622 unweighted records. Dollars adjusted with ADJINC to 2024 then by the CPI-U 2024 factor to 2025 dollars.","pums"
"pums_tx_music_medpernp_pos","30178.03487411357","$30,200","2025 dollars","01_evidence/02_pums_nes_microdata/pums_baseline_TX_workers18to64_2020_2024_5yr.csv + pums_person_repweights_TX_2020_2024_5yr.csv.gz","HEADLINE earnings figure. Median personal earnings from work. Base POS = Musicians, singers, music directors and composers (OCCP 2751 and 2752), Texas, ages 18-64, employed (ESR 1/2/4/5) with positive earnings, ACS 2020-2024 5-year PUMS, PWGTP-weighted; 620 unweighted records. Dollars adjusted with ADJINC to 2024 then by the CPI-U 2024 factor to 2025 dollars.","pums"
"pums_tx_music_medpernp_pos_moe","5368.902038209498","+/- $5,400","2025 dollars, 90 percent margin of error","01_evidence/02_pums_nes_microdata/pums_baseline_TX_workers18to64_2020_2024_5yr.csv + pums_person_repweights_TX_2020_2024_5yr.csv.gz","90 percent MOE = 1.645 x SDR standard error from the 80 PUMS replicate weights. HEADLINE earnings figure. Median personal earnings from work. Base POS = Musicians, singers, music directors and composers (OCCP 2751 and 2752), Texas, ages 18-64, employed (ESR 1/2/4/5) with positive earnings, ACS 2020-2024 5-year PUMS, PWGTP-weighted; 620 unweighted records. Dollars adjusted with ADJINC to 2024 then by the CPI-U 2024 factor to 2025 dollars.","pums"
"pums_tx_music_medpincp_pos","36763.1163259504","$36,800","2025 dollars","01_evidence/02_pums_nes_microdata/pums_baseline_TX_workers18to64_2020_2024_5yr.csv + pums_person_repweights_TX_2020_2024_5yr.csv.gz","Median total personal income on the same base as the headline earnings figure, so the earnings-to-income gap is not a base artefact. Base POS = Musicians, singers, music directors and composers (OCCP 2751 and 2752), Texas, ages 18-64, employed (ESR 1/2/4/5) with positive earnings, ACS 2020-2024 5-year PUMS, PWGTP-weighted; 620 unweighted records. Dollars adjusted with ADJINC to 2024 then by the CPI-U 2024 factor to 2025 dollars.","pums"
"pums_tx_music_medpincp_pos_moe","6330.233452308472","+/- $6,300","2025 dollars, 90 percent margin of error","01_evidence/02_pums_nes_microdata/pums_baseline_TX_workers18to64_2020_2024_5yr.csv + pums_person_repweights_TX_2020_2024_5yr.csv.gz","90 percent MOE = 1.645 x SDR standard error from the 80 PUMS replicate weights. Median total personal income on the same base as the headline earnings figure, so the earnings-to-income gap is not a base artefact. Base POS = Musicians, singers, music directors and composers (OCCP 2751 and 2752), Texas, ages 18-64, employed (ESR 1/2/4/5) with positive earnings, ACS 2020-2024 5-year PUMS, PWGTP-weighted; 620 unweighted records. Dollars adjusted with ADJINC to 2024 then by the CPI-U 2024 factor to 2025 dollars.","pums"
"pums_tx_music_medwkhp","35","35","usual hours per week","01_evidence/02_pums_nes_microdata/pums_baseline_TX_workers18to64_2020_2024_5yr.csv + pums_person_repweights_TX_2020_2024_5yr.csv.gz","Median usual hours worked per week (WKHP). Base EMP = Musicians, singers, music directors and composers (OCCP 2751 and 2752), Texas, ages 18-64, employed (ESR 1/2/4/5), ACS 2020-2024 5-year PUMS, PWGTP-weighted; 622 unweighted records.","pums"
"pums_tx_music_medwkwn","52","52","weeks worked in past 12 months","01_evidence/02_pums_nes_microdata/pums_baseline_TX_workers18to64_2020_2024_5yr.csv + pums_person_repweights_TX_2020_2024_5yr.csv.gz","Median weeks worked in the past 12 months (WKWN). Base EMP = Musicians, singers, music directors and composers (OCCP 2751 and 2752), Texas, ages 18-64, employed (ESR 1/2/4/5), ACS 2020-2024 5-year PUMS, PWGTP-weighted; 622 unweighted records.","pums"
"pums_tx_creative_n_emp","3901","3,901","unweighted person records","01_evidence/02_pums_nes_microdata/pums_baseline_TX_workers18to64_2020_2024_5yr.csv + pums_person_repweights_TX_2020_2024_5yr.csv.gz","Base EMP = Nine creative occupations pooled (OCCP 2634, 2700, 2710, 2740, 2751, 2752, 2850, 2905, 2910), Texas, ages 18-64, employed (ESR 1/2/4/5), ACS 2020-2024 5-year PUMS, PWGTP-weighted; 3901 unweighted records.","pums"
"pums_tx_creative_n_pos","3883","3,883","unweighted person records","01_evidence/02_pums_nes_microdata/pums_baseline_TX_workers18to64_2020_2024_5yr.csv + pums_person_repweights_TX_2020_2024_5yr.csv.gz","Base POS = Nine creative occupations pooled (OCCP 2634, 2700, 2710, 2740, 2751, 2752, 2850, 2905, 2910), Texas, ages 18-64, employed (ESR 1/2/4/5) with positive earnings, ACS 2020-2024 5-year PUMS, PWGTP-weighted; 3883 unweighted records.","pums"
"pums_tx_creative_wtd_emp","87693","87,693","people","01_evidence/02_pums_nes_microdata/pums_baseline_TX_workers18to64_2020_2024_5yr.csv + pums_person_repweights_TX_2020_2024_5yr.csv.gz","Weighted denominator for every EMP-base figure in this cell. Base EMP = Nine creative occupations pooled (OCCP 2634, 2700, 2710, 2740, 2751, 2752, 2850, 2905, 2910), Texas, ages 18-64, employed (ESR 1/2/4/5), ACS 2020-2024 5-year PUMS, PWGTP-weighted; 3901 unweighted records.","pums"
"pums_tx_creative_meanpincp_emp","61648.88445751381","$61,600","2025 dollars","01_evidence/02_pums_nes_microdata/pums_baseline_TX_workers18to64_2020_2024_5yr.csv + pums_person_repweights_TX_2020_2024_5yr.csv.gz","Mean total personal income. Base EMP = Nine creative occupations pooled (OCCP 2634, 2700, 2710, 2740, 2751, 2752, 2850, 2905, 2910), Texas, ages 18-64, employed (ESR 1/2/4/5), ACS 2020-2024 5-year PUMS, PWGTP-weighted; 3901 unweighted records. Dollars adjusted with ADJINC to 2024 then by the CPI-U 2024 factor to 2025 dollars.","pums"
"pums_tx_creative_meanpincp_emp_moe","1916.075607520967","+/- $1,900","2025 dollars, 90 percent margin of error","01_evidence/02_pums_nes_microdata/pums_baseline_TX_workers18to64_2020_2024_5yr.csv + pums_person_repweights_TX_2020_2024_5yr.csv.gz","90 percent MOE = 1.645 x SDR standard error from the 80 PUMS replicate weights. Mean total personal income. Base EMP = Nine creative occupations pooled (OCCP 2634, 2700, 2710, 2740, 2751, 2752, 2850, 2905, 2910), Texas, ages 18-64, employed (ESR 1/2/4/5), ACS 2020-2024 5-year PUMS, PWGTP-weighted; 3901 unweighted records. Dollars adjusted with ADJINC to 2024 then by the CPI-U 2024 factor to 2025 dollars.","pums"
"pums_tx_creative_meanpernp_emp","58325.12861283295","$58,300","2025 dollars","01_evidence/02_pums_nes_microdata/pums_baseline_TX_workers18to64_2020_2024_5yr.csv + pums_person_repweights_TX_2020_2024_5yr.csv.gz","Mean personal earnings from work, zero and negative earners included. Base EMP = Nine creative occupations pooled (OCCP 2634, 2700, 2710, 2740, 2751, 2752, 2850, 2905, 2910), Texas, ages 18-64, employed (ESR 1/2/4/5), ACS 2020-2024 5-year PUMS, PWGTP-weighted; 3901 unweighted records. Dollars adjusted with ADJINC to 2024 then by the CPI-U 2024 factor to 2025 dollars.","pums"
"pums_tx_creative_meanpernp_emp_moe","1882.707866700755","+/- $1,900","2025 dollars, 90 percent margin of error","01_evidence/02_pums_nes_microdata/pums_baseline_TX_workers18to64_2020_2024_5yr.csv + pums_person_repweights_TX_2020_2024_5yr.csv.gz","90 percent MOE = 1.645 x SDR standard error from the 80 PUMS replicate weights. Mean personal earnings from work, zero and negative earners included. Base EMP = Nine creative occupations pooled (OCCP 2634, 2700, 2710, 2740, 2751, 2752, 2850, 2905, 2910), Texas, ages 18-64, employed (ESR 1/2/4/5), ACS 2020-2024 5-year PUMS, PWGTP-weighted; 3901 unweighted records. Dollars adjusted with ADJINC to 2024 then by the CPI-U 2024 factor to 2025 dollars.","pums"
"pums_tx_creative_selfemp","33.97534580867344","34.0%","percent","01_evidence/02_pums_nes_microdata/pums_baseline_TX_workers18to64_2020_2024_5yr.csv + pums_person_repweights_TX_2020_2024_5yr.csv.gz","Share self-employed, COW 6 (unincorporated) or 7 (incorporated). Base EMP = Nine creative occupations pooled (OCCP 2634, 2700, 2710, 2740, 2751, 2752, 2850, 2905, 2910), Texas, ages 18-64, employed (ESR 1/2/4/5), ACS 2020-2024 5-year PUMS, PWGTP-weighted; 3901 unweighted records.","pums"
"pums_tx_creative_selfemp_moe","1.8540022135908","+/- 1.9 points","percentage points, 90 percent margin of error","01_evidence/02_pums_nes_microdata/pums_baseline_TX_workers18to64_2020_2024_5yr.csv + pums_person_repweights_TX_2020_2024_5yr.csv.gz","90 percent MOE = 1.645 x SDR standard error from the 80 PUMS replicate weights. Share self-employed, COW 6 (unincorporated) or 7 (incorporated). Base EMP = Nine creative occupations pooled (OCCP 2634, 2700, 2710, 2740, 2751, 2752, 2850, 2905, 2910), Texas, ages 18-64, employed (ESR 1/2/4/5), ACS 2020-2024 5-year PUMS, PWGTP-weighted; 3901 unweighted records.","pums"
"pums_tx_creative_hicov","80.95401001220166","81.0%","percent","01_evidence/02_pums_nes_microdata/pums_baseline_TX_workers18to64_2020_2024_5yr.csv + pums_person_repweights_TX_2020_2024_5yr.csv.gz","Share with any health insurance (HICOV = 1). Base EMP = Nine creative occupations pooled (OCCP 2634, 2700, 2710, 2740, 2751, 2752, 2850, 2905, 2910), Texas, ages 18-64, employed (ESR 1/2/4/5), ACS 2020-2024 5-year PUMS, PWGTP-weighted; 3901 unweighted records.","pums"
"pums_tx_creative_hicov_moe","1.26096713347368","+/- 1.3 points","percentage points, 90 percent margin of error","01_evidence/02_pums_nes_microdata/pums_baseline_TX_workers18to64_2020_2024_5yr.csv + pums_person_repweights_TX_2020_2024_5yr.csv.gz","90 percent MOE = 1.645 x SDR standard error from the 80 PUMS replicate weights. Share with any health insurance (HICOV = 1). Base EMP = Nine creative occupations pooled (OCCP 2634, 2700, 2710, 2740, 2751, 2752, 2850, 2905, 2910), Texas, ages 18-64, employed (ESR 1/2/4/5), ACS 2020-2024 5-year PUMS, PWGTP-weighted; 3901 unweighted records.","pums"
"pums_tx_creative_privcov","77.66868507178451","77.7%","percent","01_evidence/02_pums_nes_microdata/pums_baseline_TX_workers18to64_2020_2024_5yr.csv + pums_person_repweights_TX_2020_2024_5yr.csv.gz","Share with private coverage (PRIVCOV = 1). Private and public overlap, so the two shares do not sum to the any-coverage share. Base EMP = Nine creative occupations pooled (OCCP 2634, 2700, 2710, 2740, 2751, 2752, 2850, 2905, 2910), Texas, ages 18-64, employed (ESR 1/2/4/5), ACS 2020-2024 5-year PUMS, PWGTP-weighted; 3901 unweighted records.","pums"
"pums_tx_creative_privcov_moe","1.3299663544142","+/- 1.3 points","percentage points, 90 percent margin of error","01_evidence/02_pums_nes_microdata/pums_baseline_TX_workers18to64_2020_2024_5yr.csv + pums_person_repweights_TX_2020_2024_5yr.csv.gz","90 percent MOE = 1.645 x SDR standard error from the 80 PUMS replicate weights. Share with private coverage (PRIVCOV = 1). Private and public overlap, so the two shares do not sum to the any-coverage share. Base EMP = Nine creative occupations pooled (OCCP 2634, 2700, 2710, 2740, 2751, 2752, 2850, 2905, 2910), Texas, ages 18-64, employed (ESR 1/2/4/5), ACS 2020-2024 5-year PUMS, PWGTP-weighted; 3901 unweighted records.","pums"
"pums_tx_creative_pubcov","5.8853044142634","5.9%","percent","01_evidence/02_pums_nes_microdata/pums_baseline_TX_workers18to64_2020_2024_5yr.csv + pums_person_repweights_TX_2020_2024_5yr.csv.gz","Share with public coverage (PUBCOV = 1). Private and public overlap. Base EMP = Nine creative occupations pooled (OCCP 2634, 2700, 2710, 2740, 2751, 2752, 2850, 2905, 2910), Texas, ages 18-64, employed (ESR 1/2/4/5), ACS 2020-2024 5-year PUMS, PWGTP-weighted; 3901 unweighted records.","pums"
"pums_tx_creative_pubcov_moe",".82251487585252","+/- 0.8 points","percentage points, 90 percent margin of error","01_evidence/02_pums_nes_microdata/pums_baseline_TX_workers18to64_2020_2024_5yr.csv + pums_person_repweights_TX_2020_2024_5yr.csv.gz","90 percent MOE = 1.645 x SDR standard error from the 80 PUMS replicate weights. Share with public coverage (PUBCOV = 1). Private and public overlap. Base EMP = Nine creative occupations pooled (OCCP 2634, 2700, 2710, 2740, 2751, 2752, 2850, 2905, 2910), Texas, ages 18-64, employed (ESR 1/2/4/5), ACS 2020-2024 5-year PUMS, PWGTP-weighted; 3901 unweighted records.","pums"
"pums_tx_creative_lt10k","13.03410762546612","13.0%","percent","01_evidence/02_pums_nes_microdata/pums_baseline_TX_workers18to64_2020_2024_5yr.csv + pums_person_repweights_TX_2020_2024_5yr.csv.gz","Share earning under 10,000 dollars from work in 2025 dollars. Base EMP = Nine creative occupations pooled (OCCP 2634, 2700, 2710, 2740, 2751, 2752, 2850, 2905, 2910), Texas, ages 18-64, employed (ESR 1/2/4/5), ACS 2020-2024 5-year PUMS, PWGTP-weighted; 3901 unweighted records. Dollars adjusted with ADJINC to 2024 then by the CPI-U 2024 factor to 2025 dollars.","pums"
"pums_tx_creative_lt10k_moe","1.01001025837809","+/- 1.0 points","percentage points, 90 percent margin of error","01_evidence/02_pums_nes_microdata/pums_baseline_TX_workers18to64_2020_2024_5yr.csv + pums_person_repweights_TX_2020_2024_5yr.csv.gz","90 percent MOE = 1.645 x SDR standard error from the 80 PUMS replicate weights. Share earning under 10,000 dollars from work in 2025 dollars. Base EMP = Nine creative occupations pooled (OCCP 2634, 2700, 2710, 2740, 2751, 2752, 2850, 2905, 2910), Texas, ages 18-64, employed (ESR 1/2/4/5), ACS 2020-2024 5-year PUMS, PWGTP-weighted; 3901 unweighted records. Dollars adjusted with ADJINC to 2024 then by the CPI-U 2024 factor to 2025 dollars.","pums"
"pums_tx_creative_lt25k","27.93609524135336","27.9%","percent","01_evidence/02_pums_nes_microdata/pums_baseline_TX_workers18to64_2020_2024_5yr.csv + pums_person_repweights_TX_2020_2024_5yr.csv.gz","Share earning under 25,000 dollars from work in 2025 dollars. Base EMP = Nine creative occupations pooled (OCCP 2634, 2700, 2710, 2740, 2751, 2752, 2850, 2905, 2910), Texas, ages 18-64, employed (ESR 1/2/4/5), ACS 2020-2024 5-year PUMS, PWGTP-weighted; 3901 unweighted records. Dollars adjusted with ADJINC to 2024 then by the CPI-U 2024 factor to 2025 dollars.","pums"
"pums_tx_creative_lt25k_moe","1.59088105117039","+/- 1.6 points","percentage points, 90 percent margin of error","01_evidence/02_pums_nes_microdata/pums_baseline_TX_workers18to64_2020_2024_5yr.csv + pums_person_repweights_TX_2020_2024_5yr.csv.gz","90 percent MOE = 1.645 x SDR standard error from the 80 PUMS replicate weights. Share earning under 25,000 dollars from work in 2025 dollars. Base EMP = Nine creative occupations pooled (OCCP 2634, 2700, 2710, 2740, 2751, 2752, 2850, 2905, 2910), Texas, ages 18-64, employed (ESR 1/2/4/5), ACS 2020-2024 5-year PUMS, PWGTP-weighted; 3901 unweighted records. Dollars adjusted with ADJINC to 2024 then by the CPI-U 2024 factor to 2025 dollars.","pums"
"pums_tx_creative_lt50k","52.13529015998996","52.1%","percent","01_evidence/02_pums_nes_microdata/pums_baseline_TX_workers18to64_2020_2024_5yr.csv + pums_person_repweights_TX_2020_2024_5yr.csv.gz","Share earning under 50,000 dollars from work in 2025 dollars. Base EMP = Nine creative occupations pooled (OCCP 2634, 2700, 2710, 2740, 2751, 2752, 2850, 2905, 2910), Texas, ages 18-64, employed (ESR 1/2/4/5), ACS 2020-2024 5-year PUMS, PWGTP-weighted; 3901 unweighted records. Dollars adjusted with ADJINC to 2024 then by the CPI-U 2024 factor to 2025 dollars.","pums"
"pums_tx_creative_lt50k_moe","1.93525037882823","+/- 1.9 points","percentage points, 90 percent margin of error","01_evidence/02_pums_nes_microdata/pums_baseline_TX_workers18to64_2020_2024_5yr.csv + pums_person_repweights_TX_2020_2024_5yr.csv.gz","90 percent MOE = 1.645 x SDR standard error from the 80 PUMS replicate weights. Share earning under 50,000 dollars from work in 2025 dollars. Base EMP = Nine creative occupations pooled (OCCP 2634, 2700, 2710, 2740, 2751, 2752, 2850, 2905, 2910), Texas, ages 18-64, employed (ESR 1/2/4/5), ACS 2020-2024 5-year PUMS, PWGTP-weighted; 3901 unweighted records. Dollars adjusted with ADJINC to 2024 then by the CPI-U 2024 factor to 2025 dollars.","pums"
"pums_tx_creative_ltmusiccensus","17.79275426772947","17.8%","percent","01_evidence/02_pums_nes_microdata/pums_baseline_TX_workers18to64_2020_2024_5yr.csv + pums_person_repweights_TX_2020_2024_5yr.csv.gz","Share earning less than the 2013 Austin Music Census 10,000 dollar line restated in 2025 dollars. Base EMP = Nine creative occupations pooled (OCCP 2634, 2700, 2710, 2740, 2751, 2752, 2850, 2905, 2910), Texas, ages 18-64, employed (ESR 1/2/4/5), ACS 2020-2024 5-year PUMS, PWGTP-weighted; 3901 unweighted records. Dollars adjusted with ADJINC to 2024 then by the CPI-U 2024 factor to 2025 dollars.","pums"
"pums_tx_creative_ltmusiccensus_moe","1.18425010556062","+/- 1.2 points","percentage points, 90 percent margin of error","01_evidence/02_pums_nes_microdata/pums_baseline_TX_workers18to64_2020_2024_5yr.csv + pums_person_repweights_TX_2020_2024_5yr.csv.gz","90 percent MOE = 1.645 x SDR standard error from the 80 PUMS replicate weights. Share earning less than the 2013 Austin Music Census 10,000 dollar line restated in 2025 dollars. Base EMP = Nine creative occupations pooled (OCCP 2634, 2700, 2710, 2740, 2751, 2752, 2850, 2905, 2910), Texas, ages 18-64, employed (ESR 1/2/4/5), ACS 2020-2024 5-year PUMS, PWGTP-weighted; 3901 unweighted records. Dollars adjusted with ADJINC to 2024 then by the CPI-U 2024 factor to 2025 dollars.","pums"
"pums_tx_creative_nonposearn",".48920666415791","0.5%","percent","01_evidence/02_pums_nes_microdata/pums_baseline_TX_workers18to64_2020_2024_5yr.csv + pums_person_repweights_TX_2020_2024_5yr.csv.gz","Share of employed people reporting zero or negative earnings from work. Base EMP = Nine creative occupations pooled (OCCP 2634, 2700, 2710, 2740, 2751, 2752, 2850, 2905, 2910), Texas, ages 18-64, employed (ESR 1/2/4/5), ACS 2020-2024 5-year PUMS, PWGTP-weighted; 3901 unweighted records.","pums"
"pums_tx_creative_nonposearn_moe",".2544650314035","+/- 0.3 points","percentage points, 90 percent margin of error","01_evidence/02_pums_nes_microdata/pums_baseline_TX_workers18to64_2020_2024_5yr.csv + pums_person_repweights_TX_2020_2024_5yr.csv.gz","90 percent MOE = 1.645 x SDR standard error from the 80 PUMS replicate weights. Share of employed people reporting zero or negative earnings from work. Base EMP = Nine creative occupations pooled (OCCP 2634, 2700, 2710, 2740, 2751, 2752, 2850, 2905, 2910), Texas, ages 18-64, employed (ESR 1/2/4/5), ACS 2020-2024 5-year PUMS, PWGTP-weighted; 3901 unweighted records.","pums"
"pums_tx_creative_wtd_pos","87264","87,264","people","01_evidence/02_pums_nes_microdata/pums_baseline_TX_workers18to64_2020_2024_5yr.csv + pums_person_repweights_TX_2020_2024_5yr.csv.gz","Weighted denominator for every POS-base figure in this cell. Base POS = Nine creative occupations pooled (OCCP 2634, 2700, 2710, 2740, 2751, 2752, 2850, 2905, 2910), Texas, ages 18-64, employed (ESR 1/2/4/5) with positive earnings, ACS 2020-2024 5-year PUMS, PWGTP-weighted; 3883 unweighted records.","pums"
"pums_tx_creative_meanpernp_pos","58645.31646996536","$58,600","2025 dollars","01_evidence/02_pums_nes_microdata/pums_baseline_TX_workers18to64_2020_2024_5yr.csv + pums_person_repweights_TX_2020_2024_5yr.csv.gz","Mean personal earnings from work. Base POS = Nine creative occupations pooled (OCCP 2634, 2700, 2710, 2740, 2751, 2752, 2850, 2905, 2910), Texas, ages 18-64, employed (ESR 1/2/4/5) with positive earnings, ACS 2020-2024 5-year PUMS, PWGTP-weighted; 3883 unweighted records. Dollars adjusted with ADJINC to 2024 then by the CPI-U 2024 factor to 2025 dollars.","pums"
"pums_tx_creative_meanpernp_pos_moe","1901.657270684073","+/- $1,900","2025 dollars, 90 percent margin of error","01_evidence/02_pums_nes_microdata/pums_baseline_TX_workers18to64_2020_2024_5yr.csv + pums_person_repweights_TX_2020_2024_5yr.csv.gz","90 percent MOE = 1.645 x SDR standard error from the 80 PUMS replicate weights. Mean personal earnings from work. Base POS = Nine creative occupations pooled (OCCP 2634, 2700, 2710, 2740, 2751, 2752, 2850, 2905, 2910), Texas, ages 18-64, employed (ESR 1/2/4/5) with positive earnings, ACS 2020-2024 5-year PUMS, PWGTP-weighted; 3883 unweighted records. Dollars adjusted with ADJINC to 2024 then by the CPI-U 2024 factor to 2025 dollars.","pums"
"pums_tx_creative_meanpincp_pos","61903.68173831505","$61,900","2025 dollars","01_evidence/02_pums_nes_microdata/pums_baseline_TX_workers18to64_2020_2024_5yr.csv + pums_person_repweights_TX_2020_2024_5yr.csv.gz","Mean total personal income. Base POS = Nine creative occupations pooled (OCCP 2634, 2700, 2710, 2740, 2751, 2752, 2850, 2905, 2910), Texas, ages 18-64, employed (ESR 1/2/4/5) with positive earnings, ACS 2020-2024 5-year PUMS, PWGTP-weighted; 3883 unweighted records. Dollars adjusted with ADJINC to 2024 then by the CPI-U 2024 factor to 2025 dollars.","pums"
"pums_tx_creative_meanpincp_pos_moe","1948.731544802254","+/- $1,900","2025 dollars, 90 percent margin of error","01_evidence/02_pums_nes_microdata/pums_baseline_TX_workers18to64_2020_2024_5yr.csv + pums_person_repweights_TX_2020_2024_5yr.csv.gz","90 percent MOE = 1.645 x SDR standard error from the 80 PUMS replicate weights. Mean total personal income. Base POS = Nine creative occupations pooled (OCCP 2634, 2700, 2710, 2740, 2751, 2752, 2850, 2905, 2910), Texas, ages 18-64, employed (ESR 1/2/4/5) with positive earnings, ACS 2020-2024 5-year PUMS, PWGTP-weighted; 3883 unweighted records. Dollars adjusted with ADJINC to 2024 then by the CPI-U 2024 factor to 2025 dollars.","pums"
"pums_tx_creative_medpincp_emp","50046.89426517679","$50,000","2025 dollars","01_evidence/02_pums_nes_microdata/pums_baseline_TX_workers18to64_2020_2024_5yr.csv + pums_person_repweights_TX_2020_2024_5yr.csv.gz","Median total personal income. Base EMP = Nine creative occupations pooled (OCCP 2634, 2700, 2710, 2740, 2751, 2752, 2850, 2905, 2910), Texas, ages 18-64, employed (ESR 1/2/4/5), ACS 2020-2024 5-year PUMS, PWGTP-weighted; 3901 unweighted records. Dollars adjusted with ADJINC to 2024 then by the CPI-U 2024 factor to 2025 dollars.","pums"
"pums_tx_creative_medpincp_emp_moe","1835.940352506807","+/- $1,800","2025 dollars, 90 percent margin of error","01_evidence/02_pums_nes_microdata/pums_baseline_TX_workers18to64_2020_2024_5yr.csv + pums_person_repweights_TX_2020_2024_5yr.csv.gz","90 percent MOE = 1.645 x SDR standard error from the 80 PUMS replicate weights. Median total personal income. Base EMP = Nine creative occupations pooled (OCCP 2634, 2700, 2710, 2740, 2751, 2752, 2850, 2905, 2910), Texas, ages 18-64, employed (ESR 1/2/4/5), ACS 2020-2024 5-year PUMS, PWGTP-weighted; 3901 unweighted records. Dollars adjusted with ADJINC to 2024 then by the CPI-U 2024 factor to 2025 dollars.","pums"
"pums_tx_creative_medpernp_emp","46918.96337360324","$46,900","2025 dollars","01_evidence/02_pums_nes_microdata/pums_baseline_TX_workers18to64_2020_2024_5yr.csv + pums_person_repweights_TX_2020_2024_5yr.csv.gz","Median personal earnings from work, zero and negative earners included. Base EMP = Nine creative occupations pooled (OCCP 2634, 2700, 2710, 2740, 2751, 2752, 2850, 2905, 2910), Texas, ages 18-64, employed (ESR 1/2/4/5), ACS 2020-2024 5-year PUMS, PWGTP-weighted; 3901 unweighted records. Dollars adjusted with ADJINC to 2024 then by the CPI-U 2024 factor to 2025 dollars.","pums"
"pums_tx_creative_medpernp_emp_moe","2563.032411417113","+/- $2,600","2025 dollars, 90 percent margin of error","01_evidence/02_pums_nes_microdata/pums_baseline_TX_workers18to64_2020_2024_5yr.csv + pums_person_repweights_TX_2020_2024_5yr.csv.gz","90 percent MOE = 1.645 x SDR standard error from the 80 PUMS replicate weights. Median personal earnings from work, zero and negative earners included. Base EMP = Nine creative occupations pooled (OCCP 2634, 2700, 2710, 2740, 2751, 2752, 2850, 2905, 2910), Texas, ages 18-64, employed (ESR 1/2/4/5), ACS 2020-2024 5-year PUMS, PWGTP-weighted; 3901 unweighted records. Dollars adjusted with ADJINC to 2024 then by the CPI-U 2024 factor to 2025 dollars.","pums"
"pums_tx_creative_medpernp_pos","47422.62623074989","$47,400","2025 dollars","01_evidence/02_pums_nes_microdata/pums_baseline_TX_workers18to64_2020_2024_5yr.csv + pums_person_repweights_TX_2020_2024_5yr.csv.gz","HEADLINE earnings figure. Median personal earnings from work. Base POS = Nine creative occupations pooled (OCCP 2634, 2700, 2710, 2740, 2751, 2752, 2850, 2905, 2910), Texas, ages 18-64, employed (ESR 1/2/4/5) with positive earnings, ACS 2020-2024 5-year PUMS, PWGTP-weighted; 3883 unweighted records. Dollars adjusted with ADJINC to 2024 then by the CPI-U 2024 factor to 2025 dollars.","pums"
"pums_tx_creative_medpernp_pos_moe","2632.193281895898","+/- $2,600","2025 dollars, 90 percent margin of error","01_evidence/02_pums_nes_microdata/pums_baseline_TX_workers18to64_2020_2024_5yr.csv + pums_person_repweights_TX_2020_2024_5yr.csv.gz","90 percent MOE = 1.645 x SDR standard error from the 80 PUMS replicate weights. HEADLINE earnings figure. Median personal earnings from work. Base POS = Nine creative occupations pooled (OCCP 2634, 2700, 2710, 2740, 2751, 2752, 2850, 2905, 2910), Texas, ages 18-64, employed (ESR 1/2/4/5) with positive earnings, ACS 2020-2024 5-year PUMS, PWGTP-weighted; 3883 unweighted records. Dollars adjusted with ADJINC to 2024 then by the CPI-U 2024 factor to 2025 dollars.","pums"
"pums_tx_creative_medpincp_pos","50199.58597163962","$50,200","2025 dollars","01_evidence/02_pums_nes_microdata/pums_baseline_TX_workers18to64_2020_2024_5yr.csv + pums_person_repweights_TX_2020_2024_5yr.csv.gz","Median total personal income on the same base as the headline earnings figure, so the earnings-to-income gap is not a base artefact. Base POS = Nine creative occupations pooled (OCCP 2634, 2700, 2710, 2740, 2751, 2752, 2850, 2905, 2910), Texas, ages 18-64, employed (ESR 1/2/4/5) with positive earnings, ACS 2020-2024 5-year PUMS, PWGTP-weighted; 3883 unweighted records. Dollars adjusted with ADJINC to 2024 then by the CPI-U 2024 factor to 2025 dollars.","pums"
"pums_tx_creative_medpincp_pos_moe","1912.091352114468","+/- $1,900","2025 dollars, 90 percent margin of error","01_evidence/02_pums_nes_microdata/pums_baseline_TX_workers18to64_2020_2024_5yr.csv + pums_person_repweights_TX_2020_2024_5yr.csv.gz","90 percent MOE = 1.645 x SDR standard error from the 80 PUMS replicate weights. Median total personal income on the same base as the headline earnings figure, so the earnings-to-income gap is not a base artefact. Base POS = Nine creative occupations pooled (OCCP 2634, 2700, 2710, 2740, 2751, 2752, 2850, 2905, 2910), Texas, ages 18-64, employed (ESR 1/2/4/5) with positive earnings, ACS 2020-2024 5-year PUMS, PWGTP-weighted; 3883 unweighted records. Dollars adjusted with ADJINC to 2024 then by the CPI-U 2024 factor to 2025 dollars.","pums"
"pums_tx_creative_medwkhp","40","40","usual hours per week","01_evidence/02_pums_nes_microdata/pums_baseline_TX_workers18to64_2020_2024_5yr.csv + pums_person_repweights_TX_2020_2024_5yr.csv.gz","Median usual hours worked per week (WKHP). Base EMP = Nine creative occupations pooled (OCCP 2634, 2700, 2710, 2740, 2751, 2752, 2850, 2905, 2910), Texas, ages 18-64, employed (ESR 1/2/4/5), ACS 2020-2024 5-year PUMS, PWGTP-weighted; 3901 unweighted records.","pums"
"pums_tx_creative_medwkwn","52","52","weeks worked in past 12 months","01_evidence/02_pums_nes_microdata/pums_baseline_TX_workers18to64_2020_2024_5yr.csv + pums_person_repweights_TX_2020_2024_5yr.csv.gz","Median weeks worked in the past 12 months (WKWN). Base EMP = Nine creative occupations pooled (OCCP 2634, 2700, 2710, 2740, 2751, 2752, 2850, 2905, 2910), Texas, ages 18-64, employed (ESR 1/2/4/5), ACS 2020-2024 5-year PUMS, PWGTP-weighted; 3901 unweighted records.","pums"
"pums_tx_allwork_n_emp","555102","555,102","unweighted person records","01_evidence/02_pums_nes_microdata/pums_baseline_TX_workers18to64_2020_2024_5yr.csv + pums_person_repweights_TX_2020_2024_5yr.csv.gz","Base EMP = All workers, Texas, ages 18-64, employed (ESR 1/2/4/5), ACS 2020-2024 5-year PUMS, PWGTP-weighted; 555102 unweighted records.","pums"
"pums_tx_allwork_n_pos","554672","554,672","unweighted person records","01_evidence/02_pums_nes_microdata/pums_baseline_TX_workers18to64_2020_2024_5yr.csv + pums_person_repweights_TX_2020_2024_5yr.csv.gz","Base POS = All workers, Texas, ages 18-64, employed (ESR 1/2/4/5) with positive earnings, ACS 2020-2024 5-year PUMS, PWGTP-weighted; 554672 unweighted records.","pums"
"pums_tx_allwork_wtd_emp","13595139","13,595,139","people","01_evidence/02_pums_nes_microdata/pums_baseline_TX_workers18to64_2020_2024_5yr.csv + pums_person_repweights_TX_2020_2024_5yr.csv.gz","Weighted denominator for every EMP-base figure in this cell. Base EMP = All workers, Texas, ages 18-64, employed (ESR 1/2/4/5), ACS 2020-2024 5-year PUMS, PWGTP-weighted; 555102 unweighted records.","pums"
"pums_tx_allwork_meanpincp_emp","73018.89556267795","$73,000","2025 dollars","01_evidence/02_pums_nes_microdata/pums_baseline_TX_workers18to64_2020_2024_5yr.csv + pums_person_repweights_TX_2020_2024_5yr.csv.gz","Mean total personal income. Base EMP = All workers, Texas, ages 18-64, employed (ESR 1/2/4/5), ACS 2020-2024 5-year PUMS, PWGTP-weighted; 555102 unweighted records. Dollars adjusted with ADJINC to 2024 then by the CPI-U 2024 factor to 2025 dollars.","pums"
"pums_tx_allwork_meanpincp_emp_moe","232.1340096022805","+/- $200","2025 dollars, 90 percent margin of error","01_evidence/02_pums_nes_microdata/pums_baseline_TX_workers18to64_2020_2024_5yr.csv + pums_person_repweights_TX_2020_2024_5yr.csv.gz","90 percent MOE = 1.645 x SDR standard error from the 80 PUMS replicate weights. Mean total personal income. Base EMP = All workers, Texas, ages 18-64, employed (ESR 1/2/4/5), ACS 2020-2024 5-year PUMS, PWGTP-weighted; 555102 unweighted records. Dollars adjusted with ADJINC to 2024 then by the CPI-U 2024 factor to 2025 dollars.","pums"
"pums_tx_allwork_meanpernp_emp","70321.78701312342","$70,300","2025 dollars","01_evidence/02_pums_nes_microdata/pums_baseline_TX_workers18to64_2020_2024_5yr.csv + pums_person_repweights_TX_2020_2024_5yr.csv.gz","Mean personal earnings from work, zero and negative earners included. Base EMP = All workers, Texas, ages 18-64, employed (ESR 1/2/4/5), ACS 2020-2024 5-year PUMS, PWGTP-weighted; 555102 unweighted records. Dollars adjusted with ADJINC to 2024 then by the CPI-U 2024 factor to 2025 dollars.","pums"
"pums_tx_allwork_meanpernp_emp_moe","216.1739583627681","+/- $200","2025 dollars, 90 percent margin of error","01_evidence/02_pums_nes_microdata/pums_baseline_TX_workers18to64_2020_2024_5yr.csv + pums_person_repweights_TX_2020_2024_5yr.csv.gz","90 percent MOE = 1.645 x SDR standard error from the 80 PUMS replicate weights. Mean personal earnings from work, zero and negative earners included. Base EMP = All workers, Texas, ages 18-64, employed (ESR 1/2/4/5), ACS 2020-2024 5-year PUMS, PWGTP-weighted; 555102 unweighted records. Dollars adjusted with ADJINC to 2024 then by the CPI-U 2024 factor to 2025 dollars.","pums"
"pums_tx_allwork_selfemp","9.84220904251144","9.8%","percent","01_evidence/02_pums_nes_microdata/pums_baseline_TX_workers18to64_2020_2024_5yr.csv + pums_person_repweights_TX_2020_2024_5yr.csv.gz","Share self-employed, COW 6 (unincorporated) or 7 (incorporated). Base EMP = All workers, Texas, ages 18-64, employed (ESR 1/2/4/5), ACS 2020-2024 5-year PUMS, PWGTP-weighted; 555102 unweighted records.","pums"
"pums_tx_allwork_selfemp_moe",".10418759932175","+/- 0.1 points","percentage points, 90 percent margin of error","01_evidence/02_pums_nes_microdata/pums_baseline_TX_workers18to64_2020_2024_5yr.csv + pums_person_repweights_TX_2020_2024_5yr.csv.gz","90 percent MOE = 1.645 x SDR standard error from the 80 PUMS replicate weights. Share self-employed, COW 6 (unincorporated) or 7 (incorporated). Base EMP = All workers, Texas, ages 18-64, employed (ESR 1/2/4/5), ACS 2020-2024 5-year PUMS, PWGTP-weighted; 555102 unweighted records.","pums"
"pums_tx_allwork_hicov","80.29120555516204","80.3%","percent","01_evidence/02_pums_nes_microdata/pums_baseline_TX_workers18to64_2020_2024_5yr.csv + pums_person_repweights_TX_2020_2024_5yr.csv.gz","Share with any health insurance (HICOV = 1). Base EMP = All workers, Texas, ages 18-64, employed (ESR 1/2/4/5), ACS 2020-2024 5-year PUMS, PWGTP-weighted; 555102 unweighted records.","pums"
"pums_tx_allwork_hicov_moe",".17496432607278","+/- 0.2 points","percentage points, 90 percent margin of error","01_evidence/02_pums_nes_microdata/pums_baseline_TX_workers18to64_2020_2024_5yr.csv + pums_person_repweights_TX_2020_2024_5yr.csv.gz","90 percent MOE = 1.645 x SDR standard error from the 80 PUMS replicate weights. Share with any health insurance (HICOV = 1). Base EMP = All workers, Texas, ages 18-64, employed (ESR 1/2/4/5), ACS 2020-2024 5-year PUMS, PWGTP-weighted; 555102 unweighted records.","pums"
"pums_tx_allwork_privcov","76.48220441144441","76.5%","percent","01_evidence/02_pums_nes_microdata/pums_baseline_TX_workers18to64_2020_2024_5yr.csv + pums_person_repweights_TX_2020_2024_5yr.csv.gz","Share with private coverage (PRIVCOV = 1). Private and public overlap, so the two shares do not sum to the any-coverage share. Base EMP = All workers, Texas, ages 18-64, employed (ESR 1/2/4/5), ACS 2020-2024 5-year PUMS, PWGTP-weighted; 555102 unweighted records.","pums"
"pums_tx_allwork_privcov_moe",".18770960804934","+/- 0.2 points","percentage points, 90 percent margin of error","01_evidence/02_pums_nes_microdata/pums_baseline_TX_workers18to64_2020_2024_5yr.csv + pums_person_repweights_TX_2020_2024_5yr.csv.gz","90 percent MOE = 1.645 x SDR standard error from the 80 PUMS replicate weights. Share with private coverage (PRIVCOV = 1). Private and public overlap, so the two shares do not sum to the any-coverage share. Base EMP = All workers, Texas, ages 18-64, employed (ESR 1/2/4/5), ACS 2020-2024 5-year PUMS, PWGTP-weighted; 555102 unweighted records.","pums"
"pums_tx_allwork_pubcov","6.5919223039941","6.6%","percent","01_evidence/02_pums_nes_microdata/pums_baseline_TX_workers18to64_2020_2024_5yr.csv + pums_person_repweights_TX_2020_2024_5yr.csv.gz","Share with public coverage (PUBCOV = 1). Private and public overlap. Base EMP = All workers, Texas, ages 18-64, employed (ESR 1/2/4/5), ACS 2020-2024 5-year PUMS, PWGTP-weighted; 555102 unweighted records.","pums"
"pums_tx_allwork_pubcov_moe",".08387753670981","+/- 0.1 points","percentage points, 90 percent margin of error","01_evidence/02_pums_nes_microdata/pums_baseline_TX_workers18to64_2020_2024_5yr.csv + pums_person_repweights_TX_2020_2024_5yr.csv.gz","90 percent MOE = 1.645 x SDR standard error from the 80 PUMS replicate weights. Share with public coverage (PUBCOV = 1). Private and public overlap. Base EMP = All workers, Texas, ages 18-64, employed (ESR 1/2/4/5), ACS 2020-2024 5-year PUMS, PWGTP-weighted; 555102 unweighted records.","pums"
"pums_tx_allwork_lt10k","8.14733118947883","8.1%","percent","01_evidence/02_pums_nes_microdata/pums_baseline_TX_workers18to64_2020_2024_5yr.csv + pums_person_repweights_TX_2020_2024_5yr.csv.gz","Share earning under 10,000 dollars from work in 2025 dollars. Base EMP = All workers, Texas, ages 18-64, employed (ESR 1/2/4/5), ACS 2020-2024 5-year PUMS, PWGTP-weighted; 555102 unweighted records. Dollars adjusted with ADJINC to 2024 then by the CPI-U 2024 factor to 2025 dollars.","pums"
"pums_tx_allwork_lt10k_moe",".08768806557229","+/- 0.1 points","percentage points, 90 percent margin of error","01_evidence/02_pums_nes_microdata/pums_baseline_TX_workers18to64_2020_2024_5yr.csv + pums_person_repweights_TX_2020_2024_5yr.csv.gz","90 percent MOE = 1.645 x SDR standard error from the 80 PUMS replicate weights. Share earning under 10,000 dollars from work in 2025 dollars. Base EMP = All workers, Texas, ages 18-64, employed (ESR 1/2/4/5), ACS 2020-2024 5-year PUMS, PWGTP-weighted; 555102 unweighted records. Dollars adjusted with ADJINC to 2024 then by the CPI-U 2024 factor to 2025 dollars.","pums"
"pums_tx_allwork_lt25k","22.76048078655172","22.8%","percent","01_evidence/02_pums_nes_microdata/pums_baseline_TX_workers18to64_2020_2024_5yr.csv + pums_person_repweights_TX_2020_2024_5yr.csv.gz","Share earning under 25,000 dollars from work in 2025 dollars. Base EMP = All workers, Texas, ages 18-64, employed (ESR 1/2/4/5), ACS 2020-2024 5-year PUMS, PWGTP-weighted; 555102 unweighted records. Dollars adjusted with ADJINC to 2024 then by the CPI-U 2024 factor to 2025 dollars.","pums"
"pums_tx_allwork_lt25k_moe",".13574900933466","+/- 0.1 points","percentage points, 90 percent margin of error","01_evidence/02_pums_nes_microdata/pums_baseline_TX_workers18to64_2020_2024_5yr.csv + pums_person_repweights_TX_2020_2024_5yr.csv.gz","90 percent MOE = 1.645 x SDR standard error from the 80 PUMS replicate weights. Share earning under 25,000 dollars from work in 2025 dollars. Base EMP = All workers, Texas, ages 18-64, employed (ESR 1/2/4/5), ACS 2020-2024 5-year PUMS, PWGTP-weighted; 555102 unweighted records. Dollars adjusted with ADJINC to 2024 then by the CPI-U 2024 factor to 2025 dollars.","pums"
"pums_tx_allwork_lt50k","49.95610563452128","50.0%","percent","01_evidence/02_pums_nes_microdata/pums_baseline_TX_workers18to64_2020_2024_5yr.csv + pums_person_repweights_TX_2020_2024_5yr.csv.gz","Share earning under 50,000 dollars from work in 2025 dollars. Base EMP = All workers, Texas, ages 18-64, employed (ESR 1/2/4/5), ACS 2020-2024 5-year PUMS, PWGTP-weighted; 555102 unweighted records. Dollars adjusted with ADJINC to 2024 then by the CPI-U 2024 factor to 2025 dollars.","pums"
"pums_tx_allwork_lt50k_moe",".1567067128046","+/- 0.2 points","percentage points, 90 percent margin of error","01_evidence/02_pums_nes_microdata/pums_baseline_TX_workers18to64_2020_2024_5yr.csv + pums_person_repweights_TX_2020_2024_5yr.csv.gz","90 percent MOE = 1.645 x SDR standard error from the 80 PUMS replicate weights. Share earning under 50,000 dollars from work in 2025 dollars. Base EMP = All workers, Texas, ages 18-64, employed (ESR 1/2/4/5), ACS 2020-2024 5-year PUMS, PWGTP-weighted; 555102 unweighted records. Dollars adjusted with ADJINC to 2024 then by the CPI-U 2024 factor to 2025 dollars.","pums"
"pums_tx_allwork_ltmusiccensus","12.10262726993817","12.1%","percent","01_evidence/02_pums_nes_microdata/pums_baseline_TX_workers18to64_2020_2024_5yr.csv + pums_person_repweights_TX_2020_2024_5yr.csv.gz","Share earning less than the 2013 Austin Music Census 10,000 dollar line restated in 2025 dollars. Base EMP = All workers, Texas, ages 18-64, employed (ESR 1/2/4/5), ACS 2020-2024 5-year PUMS, PWGTP-weighted; 555102 unweighted records. Dollars adjusted with ADJINC to 2024 then by the CPI-U 2024 factor to 2025 dollars.","pums"
"pums_tx_allwork_ltmusiccensus_moe",".10602692434783","+/- 0.1 points","percentage points, 90 percent margin of error","01_evidence/02_pums_nes_microdata/pums_baseline_TX_workers18to64_2020_2024_5yr.csv + pums_person_repweights_TX_2020_2024_5yr.csv.gz","90 percent MOE = 1.645 x SDR standard error from the 80 PUMS replicate weights. Share earning less than the 2013 Austin Music Census 10,000 dollar line restated in 2025 dollars. Base EMP = All workers, Texas, ages 18-64, employed (ESR 1/2/4/5), ACS 2020-2024 5-year PUMS, PWGTP-weighted; 555102 unweighted records. Dollars adjusted with ADJINC to 2024 then by the CPI-U 2024 factor to 2025 dollars.","pums"
"pums_tx_allwork_nonposearn",".06642815494568","0.1%","percent","01_evidence/02_pums_nes_microdata/pums_baseline_TX_workers18to64_2020_2024_5yr.csv + pums_person_repweights_TX_2020_2024_5yr.csv.gz","Share of employed people reporting zero or negative earnings from work. Base EMP = All workers, Texas, ages 18-64, employed (ESR 1/2/4/5), ACS 2020-2024 5-year PUMS, PWGTP-weighted; 555102 unweighted records.","pums"
"pums_tx_allwork_nonposearn_moe",".00739756316501","+/- 0.0 points","percentage points, 90 percent margin of error","01_evidence/02_pums_nes_microdata/pums_baseline_TX_workers18to64_2020_2024_5yr.csv + pums_person_repweights_TX_2020_2024_5yr.csv.gz","90 percent MOE = 1.645 x SDR standard error from the 80 PUMS replicate weights. Share of employed people reporting zero or negative earnings from work. Base EMP = All workers, Texas, ages 18-64, employed (ESR 1/2/4/5), ACS 2020-2024 5-year PUMS, PWGTP-weighted; 555102 unweighted records.","pums"
"pums_tx_allwork_wtd_pos","13586108","13,586,108","people","01_evidence/02_pums_nes_microdata/pums_baseline_TX_workers18to64_2020_2024_5yr.csv + pums_person_repweights_TX_2020_2024_5yr.csv.gz","Weighted denominator for every POS-base figure in this cell. Base POS = All workers, Texas, ages 18-64, employed (ESR 1/2/4/5) with positive earnings, ACS 2020-2024 5-year PUMS, PWGTP-weighted; 554672 unweighted records.","pums"
"pums_tx_allwork_meanpernp_pos","70372.49001684644","$70,400","2025 dollars","01_evidence/02_pums_nes_microdata/pums_baseline_TX_workers18to64_2020_2024_5yr.csv + pums_person_repweights_TX_2020_2024_5yr.csv.gz","Mean personal earnings from work. Base POS = All workers, Texas, ages 18-64, employed (ESR 1/2/4/5) with positive earnings, ACS 2020-2024 5-year PUMS, PWGTP-weighted; 554672 unweighted records. Dollars adjusted with ADJINC to 2024 then by the CPI-U 2024 factor to 2025 dollars.","pums"
"pums_tx_allwork_meanpernp_pos_moe","216.0062665242561","+/- $200","2025 dollars, 90 percent margin of error","01_evidence/02_pums_nes_microdata/pums_baseline_TX_workers18to64_2020_2024_5yr.csv + pums_person_repweights_TX_2020_2024_5yr.csv.gz","90 percent MOE = 1.645 x SDR standard error from the 80 PUMS replicate weights. Mean personal earnings from work. Base POS = All workers, Texas, ages 18-64, employed (ESR 1/2/4/5) with positive earnings, ACS 2020-2024 5-year PUMS, PWGTP-weighted; 554672 unweighted records. Dollars adjusted with ADJINC to 2024 then by the CPI-U 2024 factor to 2025 dollars.","pums"
"pums_tx_allwork_meanpincp_pos","73064.86500203855","$73,100","2025 dollars","01_evidence/02_pums_nes_microdata/pums_baseline_TX_workers18to64_2020_2024_5yr.csv + pums_person_repweights_TX_2020_2024_5yr.csv.gz","Mean total personal income. Base POS = All workers, Texas, ages 18-64, employed (ESR 1/2/4/5) with positive earnings, ACS 2020-2024 5-year PUMS, PWGTP-weighted; 554672 unweighted records. Dollars adjusted with ADJINC to 2024 then by the CPI-U 2024 factor to 2025 dollars.","pums"
"pums_tx_allwork_meanpincp_pos_moe","231.8609527872472","+/- $200","2025 dollars, 90 percent margin of error","01_evidence/02_pums_nes_microdata/pums_baseline_TX_workers18to64_2020_2024_5yr.csv + pums_person_repweights_TX_2020_2024_5yr.csv.gz","90 percent MOE = 1.645 x SDR standard error from the 80 PUMS replicate weights. Mean total personal income. Base POS = All workers, Texas, ages 18-64, employed (ESR 1/2/4/5) with positive earnings, ACS 2020-2024 5-year PUMS, PWGTP-weighted; 554672 unweighted records. Dollars adjusted with ADJINC to 2024 then by the CPI-U 2024 factor to 2025 dollars.","pums"
"pums_tx_allwork_medpincp_emp","51454.57562093061","$51,500","2025 dollars","01_evidence/02_pums_nes_microdata/pums_baseline_TX_workers18to64_2020_2024_5yr.csv + pums_person_repweights_TX_2020_2024_5yr.csv.gz","Median total personal income. Base EMP = All workers, Texas, ages 18-64, employed (ESR 1/2/4/5), ACS 2020-2024 5-year PUMS, PWGTP-weighted; 555102 unweighted records. Dollars adjusted with ADJINC to 2024 then by the CPI-U 2024 factor to 2025 dollars.","pums"
"pums_tx_allwork_medpincp_emp_moe","223.5052431836954","+/- $200","2025 dollars, 90 percent margin of error","01_evidence/02_pums_nes_microdata/pums_baseline_TX_workers18to64_2020_2024_5yr.csv + pums_person_repweights_TX_2020_2024_5yr.csv.gz","90 percent MOE = 1.645 x SDR standard error from the 80 PUMS replicate weights. Median total personal income. Base EMP = All workers, Texas, ages 18-64, employed (ESR 1/2/4/5), ACS 2020-2024 5-year PUMS, PWGTP-weighted; 555102 unweighted records. Dollars adjusted with ADJINC to 2024 then by the CPI-U 2024 factor to 2025 dollars.","pums"
"pums_tx_allwork_medpernp_emp","50046.89426517679","$50,000","2025 dollars","01_evidence/02_pums_nes_microdata/pums_baseline_TX_workers18to64_2020_2024_5yr.csv + pums_person_repweights_TX_2020_2024_5yr.csv.gz","Median personal earnings from work, zero and negative earners included. Base EMP = All workers, Texas, ages 18-64, employed (ESR 1/2/4/5), ACS 2020-2024 5-year PUMS, PWGTP-weighted; 555102 unweighted records. Dollars adjusted with ADJINC to 2024 then by the CPI-U 2024 factor to 2025 dollars.","pums"
"pums_tx_allwork_medpernp_emp_moe","206.4429331032564","+/- $200","2025 dollars, 90 percent margin of error","01_evidence/02_pums_nes_microdata/pums_baseline_TX_workers18to64_2020_2024_5yr.csv + pums_person_repweights_TX_2020_2024_5yr.csv.gz","90 percent MOE = 1.645 x SDR standard error from the 80 PUMS replicate weights. Median personal earnings from work, zero and negative earners included. Base EMP = All workers, Texas, ages 18-64, employed (ESR 1/2/4/5), ACS 2020-2024 5-year PUMS, PWGTP-weighted; 555102 unweighted records. Dollars adjusted with ADJINC to 2024 then by the CPI-U 2024 factor to 2025 dollars.","pums"
"pums_tx_allwork_medpernp_pos","50046.89426517679","$50,000","2025 dollars","01_evidence/02_pums_nes_microdata/pums_baseline_TX_workers18to64_2020_2024_5yr.csv + pums_person_repweights_TX_2020_2024_5yr.csv.gz","HEADLINE earnings figure. Median personal earnings from work. Base POS = All workers, Texas, ages 18-64, employed (ESR 1/2/4/5) with positive earnings, ACS 2020-2024 5-year PUMS, PWGTP-weighted; 554672 unweighted records. Dollars adjusted with ADJINC to 2024 then by the CPI-U 2024 factor to 2025 dollars.","pums"
"pums_tx_allwork_medpernp_pos_moe","40.41248229053919","+/- $0","2025 dollars, 90 percent margin of error","01_evidence/02_pums_nes_microdata/pums_baseline_TX_workers18to64_2020_2024_5yr.csv + pums_person_repweights_TX_2020_2024_5yr.csv.gz","90 percent MOE = 1.645 x SDR standard error from the 80 PUMS replicate weights. HEADLINE earnings figure. Median personal earnings from work. Base POS = All workers, Texas, ages 18-64, employed (ESR 1/2/4/5) with positive earnings, ACS 2020-2024 5-year PUMS, PWGTP-weighted; 554672 unweighted records. Dollars adjusted with ADJINC to 2024 then by the CPI-U 2024 factor to 2025 dollars.","pums"
"pums_tx_allwork_medpincp_pos","51468.36285633055","$51,500","2025 dollars","01_evidence/02_pums_nes_microdata/pums_baseline_TX_workers18to64_2020_2024_5yr.csv + pums_person_repweights_TX_2020_2024_5yr.csv.gz","Median total personal income on the same base as the headline earnings figure, so the earnings-to-income gap is not a base artefact. Base POS = All workers, Texas, ages 18-64, employed (ESR 1/2/4/5) with positive earnings, ACS 2020-2024 5-year PUMS, PWGTP-weighted; 554672 unweighted records. Dollars adjusted with ADJINC to 2024 then by the CPI-U 2024 factor to 2025 dollars.","pums"
"pums_tx_allwork_medpincp_pos_moe","125.2078726212178","+/- $100","2025 dollars, 90 percent margin of error","01_evidence/02_pums_nes_microdata/pums_baseline_TX_workers18to64_2020_2024_5yr.csv + pums_person_repweights_TX_2020_2024_5yr.csv.gz","90 percent MOE = 1.645 x SDR standard error from the 80 PUMS replicate weights. Median total personal income on the same base as the headline earnings figure, so the earnings-to-income gap is not a base artefact. Base POS = All workers, Texas, ages 18-64, employed (ESR 1/2/4/5) with positive earnings, ACS 2020-2024 5-year PUMS, PWGTP-weighted; 554672 unweighted records. Dollars adjusted with ADJINC to 2024 then by the CPI-U 2024 factor to 2025 dollars.","pums"
"pums_tx_allwork_medwkhp","40","40","usual hours per week","01_evidence/02_pums_nes_microdata/pums_baseline_TX_workers18to64_2020_2024_5yr.csv + pums_person_repweights_TX_2020_2024_5yr.csv.gz","Median usual hours worked per week (WKHP). Base EMP = All workers, Texas, ages 18-64, employed (ESR 1/2/4/5), ACS 2020-2024 5-year PUMS, PWGTP-weighted; 555102 unweighted records.","pums"
"pums_tx_allwork_medwkwn","52","52","weeks worked in past 12 months","01_evidence/02_pums_nes_microdata/pums_baseline_TX_workers18to64_2020_2024_5yr.csv + pums_person_repweights_TX_2020_2024_5yr.csv.gz","Median weeks worked in the past 12 months (WKWN). Base EMP = All workers, Texas, ages 18-64, employed (ESR 1/2/4/5), ACS 2020-2024 5-year PUMS, PWGTP-weighted; 555102 unweighted records.","pums"
"pums_austin_mus_n_emp","77","77","unweighted person records","01_evidence/02_pums_nes_microdata/pums_baseline_TX_workers18to64_2020_2024_5yr.csv + pums_person_repweights_TX_2020_2024_5yr.csv.gz","Base EMP = Musicians and singers (OCCP 2752), Austin-Round Rock-San Marcos metro, ages 18-64, employed (ESR 1/2/4/5), ACS 2020-2024 5-year PUMS, PWGTP-weighted; 77 unweighted records.","pums"
"pums_austin_mus_n_pos","77","77","unweighted person records","01_evidence/02_pums_nes_microdata/pums_baseline_TX_workers18to64_2020_2024_5yr.csv + pums_person_repweights_TX_2020_2024_5yr.csv.gz","Base POS = Musicians and singers (OCCP 2752), Austin-Round Rock-San Marcos metro, ages 18-64, employed (ESR 1/2/4/5) with positive earnings, ACS 2020-2024 5-year PUMS, PWGTP-weighted; 77 unweighted records.","pums"
"pums_austin_mus_wtd_emp","2126","2,126","people","01_evidence/02_pums_nes_microdata/pums_baseline_TX_workers18to64_2020_2024_5yr.csv + pums_person_repweights_TX_2020_2024_5yr.csv.gz","Weighted denominator for every EMP-base figure in this cell. Base EMP = Musicians and singers (OCCP 2752), Austin-Round Rock-San Marcos metro, ages 18-64, employed (ESR 1/2/4/5), ACS 2020-2024 5-year PUMS, PWGTP-weighted; 77 unweighted records.","pums"
"pums_austin_mus_meanpincp_emp","70642.89620920997","$70,600","2025 dollars","01_evidence/02_pums_nes_microdata/pums_baseline_TX_workers18to64_2020_2024_5yr.csv + pums_person_repweights_TX_2020_2024_5yr.csv.gz","Mean total personal income. Base EMP = Musicians and singers (OCCP 2752), Austin-Round Rock-San Marcos metro, ages 18-64, employed (ESR 1/2/4/5), ACS 2020-2024 5-year PUMS, PWGTP-weighted; 77 unweighted records. Dollars adjusted with ADJINC to 2024 then by the CPI-U 2024 factor to 2025 dollars.","pums"
"pums_austin_mus_meanpincp_emp_moe","28267.13159340266","+/- $28,300","2025 dollars, 90 percent margin of error","01_evidence/02_pums_nes_microdata/pums_baseline_TX_workers18to64_2020_2024_5yr.csv + pums_person_repweights_TX_2020_2024_5yr.csv.gz","90 percent MOE = 1.645 x SDR standard error from the 80 PUMS replicate weights. Mean total personal income. Base EMP = Musicians and singers (OCCP 2752), Austin-Round Rock-San Marcos metro, ages 18-64, employed (ESR 1/2/4/5), ACS 2020-2024 5-year PUMS, PWGTP-weighted; 77 unweighted records. Dollars adjusted with ADJINC to 2024 then by the CPI-U 2024 factor to 2025 dollars.","pums"
"pums_austin_mus_meanpernp_emp","56611.39293188382","$56,600","2025 dollars","01_evidence/02_pums_nes_microdata/pums_baseline_TX_workers18to64_2020_2024_5yr.csv + pums_person_repweights_TX_2020_2024_5yr.csv.gz","Mean personal earnings from work, zero and negative earners included. Base EMP = Musicians and singers (OCCP 2752), Austin-Round Rock-San Marcos metro, ages 18-64, employed (ESR 1/2/4/5), ACS 2020-2024 5-year PUMS, PWGTP-weighted; 77 unweighted records. Dollars adjusted with ADJINC to 2024 then by the CPI-U 2024 factor to 2025 dollars.","pums"
"pums_austin_mus_meanpernp_emp_moe","23873.26363369404","+/- $23,900","2025 dollars, 90 percent margin of error","01_evidence/02_pums_nes_microdata/pums_baseline_TX_workers18to64_2020_2024_5yr.csv + pums_person_repweights_TX_2020_2024_5yr.csv.gz","90 percent MOE = 1.645 x SDR standard error from the 80 PUMS replicate weights. Mean personal earnings from work, zero and negative earners included. Base EMP = Musicians and singers (OCCP 2752), Austin-Round Rock-San Marcos metro, ages 18-64, employed (ESR 1/2/4/5), ACS 2020-2024 5-year PUMS, PWGTP-weighted; 77 unweighted records. Dollars adjusted with ADJINC to 2024 then by the CPI-U 2024 factor to 2025 dollars.","pums"
"pums_austin_mus_selfemp","72.15428033866415","72.2%","percent","01_evidence/02_pums_nes_microdata/pums_baseline_TX_workers18to64_2020_2024_5yr.csv + pums_person_repweights_TX_2020_2024_5yr.csv.gz","Share self-employed, COW 6 (unincorporated) or 7 (incorporated). Base EMP = Musicians and singers (OCCP 2752), Austin-Round Rock-San Marcos metro, ages 18-64, employed (ESR 1/2/4/5), ACS 2020-2024 5-year PUMS, PWGTP-weighted; 77 unweighted records.","pums"
"pums_austin_mus_selfemp_moe","10.2765659923762","+/- 10.3 points","percentage points, 90 percent margin of error","01_evidence/02_pums_nes_microdata/pums_baseline_TX_workers18to64_2020_2024_5yr.csv + pums_person_repweights_TX_2020_2024_5yr.csv.gz","90 percent MOE = 1.645 x SDR standard error from the 80 PUMS replicate weights. Share self-employed, COW 6 (unincorporated) or 7 (incorporated). Base EMP = Musicians and singers (OCCP 2752), Austin-Round Rock-San Marcos metro, ages 18-64, employed (ESR 1/2/4/5), ACS 2020-2024 5-year PUMS, PWGTP-weighted; 77 unweighted records.","pums"
"pums_austin_mus_hicov","90.07525870178739","90.1%","percent","01_evidence/02_pums_nes_microdata/pums_baseline_TX_workers18to64_2020_2024_5yr.csv + pums_person_repweights_TX_2020_2024_5yr.csv.gz","Share with any health insurance (HICOV = 1). Base EMP = Musicians and singers (OCCP 2752), Austin-Round Rock-San Marcos metro, ages 18-64, employed (ESR 1/2/4/5), ACS 2020-2024 5-year PUMS, PWGTP-weighted; 77 unweighted records.","pums"
"pums_austin_mus_hicov_moe","8.494229317742299","+/- 8.5 points","percentage points, 90 percent margin of error","01_evidence/02_pums_nes_microdata/pums_baseline_TX_workers18to64_2020_2024_5yr.csv + pums_person_repweights_TX_2020_2024_5yr.csv.gz","90 percent MOE = 1.645 x SDR standard error from the 80 PUMS replicate weights. Share with any health insurance (HICOV = 1). Base EMP = Musicians and singers (OCCP 2752), Austin-Round Rock-San Marcos metro, ages 18-64, employed (ESR 1/2/4/5), ACS 2020-2024 5-year PUMS, PWGTP-weighted; 77 unweighted records.","pums"
"pums_austin_mus_privcov","77.89275634995296","77.9%","percent","01_evidence/02_pums_nes_microdata/pums_baseline_TX_workers18to64_2020_2024_5yr.csv + pums_person_repweights_TX_2020_2024_5yr.csv.gz","Share with private coverage (PRIVCOV = 1). Private and public overlap, so the two shares do not sum to the any-coverage share. Base EMP = Musicians and singers (OCCP 2752), Austin-Round Rock-San Marcos metro, ages 18-64, employed (ESR 1/2/4/5), ACS 2020-2024 5-year PUMS, PWGTP-weighted; 77 unweighted records.","pums"
"pums_austin_mus_privcov_moe","11.9520972817727","+/- 12.0 points","percentage points, 90 percent margin of error","01_evidence/02_pums_nes_microdata/pums_baseline_TX_workers18to64_2020_2024_5yr.csv + pums_person_repweights_TX_2020_2024_5yr.csv.gz","90 percent MOE = 1.645 x SDR standard error from the 80 PUMS replicate weights. Share with private coverage (PRIVCOV = 1). Private and public overlap, so the two shares do not sum to the any-coverage share. Base EMP = Musicians and singers (OCCP 2752), Austin-Round Rock-San Marcos metro, ages 18-64, employed (ESR 1/2/4/5), ACS 2020-2024 5-year PUMS, PWGTP-weighted; 77 unweighted records.","pums"
"pums_austin_mus_pubcov","26.38758231420508","26.4%","percent","01_evidence/02_pums_nes_microdata/pums_baseline_TX_workers18to64_2020_2024_5yr.csv + pums_person_repweights_TX_2020_2024_5yr.csv.gz","Share with public coverage (PUBCOV = 1). Private and public overlap. Base EMP = Musicians and singers (OCCP 2752), Austin-Round Rock-San Marcos metro, ages 18-64, employed (ESR 1/2/4/5), ACS 2020-2024 5-year PUMS, PWGTP-weighted; 77 unweighted records.","pums"
"pums_austin_mus_pubcov_moe","13.29998922950476","+/- 13.3 points","percentage points, 90 percent margin of error","01_evidence/02_pums_nes_microdata/pums_baseline_TX_workers18to64_2020_2024_5yr.csv + pums_person_repweights_TX_2020_2024_5yr.csv.gz","90 percent MOE = 1.645 x SDR standard error from the 80 PUMS replicate weights. Share with public coverage (PUBCOV = 1). Private and public overlap. Base EMP = Musicians and singers (OCCP 2752), Austin-Round Rock-San Marcos metro, ages 18-64, employed (ESR 1/2/4/5), ACS 2020-2024 5-year PUMS, PWGTP-weighted; 77 unweighted records.","pums"
"pums_austin_mus_lt10k","23.28316086547507","23.3%","percent","01_evidence/02_pums_nes_microdata/pums_baseline_TX_workers18to64_2020_2024_5yr.csv + pums_person_repweights_TX_2020_2024_5yr.csv.gz","Share earning under 10,000 dollars from work in 2025 dollars. Base EMP = Musicians and singers (OCCP 2752), Austin-Round Rock-San Marcos metro, ages 18-64, employed (ESR 1/2/4/5), ACS 2020-2024 5-year PUMS, PWGTP-weighted; 77 unweighted records. Dollars adjusted with ADJINC to 2024 then by the CPI-U 2024 factor to 2025 dollars.","pums"
"pums_austin_mus_lt10k_moe","11.32671115215759","+/- 11.3 points","percentage points, 90 percent margin of error","01_evidence/02_pums_nes_microdata/pums_baseline_TX_workers18to64_2020_2024_5yr.csv + pums_person_repweights_TX_2020_2024_5yr.csv.gz","90 percent MOE = 1.645 x SDR standard error from the 80 PUMS replicate weights. Share earning under 10,000 dollars from work in 2025 dollars. Base EMP = Musicians and singers (OCCP 2752), Austin-Round Rock-San Marcos metro, ages 18-64, employed (ESR 1/2/4/5), ACS 2020-2024 5-year PUMS, PWGTP-weighted; 77 unweighted records. Dollars adjusted with ADJINC to 2024 then by the CPI-U 2024 factor to 2025 dollars.","pums"
"pums_austin_mus_lt25k","43.6030103480715","43.6%","percent","01_evidence/02_pums_nes_microdata/pums_baseline_TX_workers18to64_2020_2024_5yr.csv + pums_person_repweights_TX_2020_2024_5yr.csv.gz","Share earning under 25,000 dollars from work in 2025 dollars. Base EMP = Musicians and singers (OCCP 2752), Austin-Round Rock-San Marcos metro, ages 18-64, employed (ESR 1/2/4/5), ACS 2020-2024 5-year PUMS, PWGTP-weighted; 77 unweighted records. Dollars adjusted with ADJINC to 2024 then by the CPI-U 2024 factor to 2025 dollars.","pums"
"pums_austin_mus_lt25k_moe","12.72372918132281","+/- 12.7 points","percentage points, 90 percent margin of error","01_evidence/02_pums_nes_microdata/pums_baseline_TX_workers18to64_2020_2024_5yr.csv + pums_person_repweights_TX_2020_2024_5yr.csv.gz","90 percent MOE = 1.645 x SDR standard error from the 80 PUMS replicate weights. Share earning under 25,000 dollars from work in 2025 dollars. Base EMP = Musicians and singers (OCCP 2752), Austin-Round Rock-San Marcos metro, ages 18-64, employed (ESR 1/2/4/5), ACS 2020-2024 5-year PUMS, PWGTP-weighted; 77 unweighted records. Dollars adjusted with ADJINC to 2024 then by the CPI-U 2024 factor to 2025 dollars.","pums"
"pums_austin_mus_lt50k","68.4854186265287","68.5%","percent","01_evidence/02_pums_nes_microdata/pums_baseline_TX_workers18to64_2020_2024_5yr.csv + pums_person_repweights_TX_2020_2024_5yr.csv.gz","Share earning under 50,000 dollars from work in 2025 dollars. Base EMP = Musicians and singers (OCCP 2752), Austin-Round Rock-San Marcos metro, ages 18-64, employed (ESR 1/2/4/5), ACS 2020-2024 5-year PUMS, PWGTP-weighted; 77 unweighted records. Dollars adjusted with ADJINC to 2024 then by the CPI-U 2024 factor to 2025 dollars.","pums"
"pums_austin_mus_lt50k_moe","12.10447400711145","+/- 12.1 points","percentage points, 90 percent margin of error","01_evidence/02_pums_nes_microdata/pums_baseline_TX_workers18to64_2020_2024_5yr.csv + pums_person_repweights_TX_2020_2024_5yr.csv.gz","90 percent MOE = 1.645 x SDR standard error from the 80 PUMS replicate weights. Share earning under 50,000 dollars from work in 2025 dollars. Base EMP = Musicians and singers (OCCP 2752), Austin-Round Rock-San Marcos metro, ages 18-64, employed (ESR 1/2/4/5), ACS 2020-2024 5-year PUMS, PWGTP-weighted; 77 unweighted records. Dollars adjusted with ADJINC to 2024 then by the CPI-U 2024 factor to 2025 dollars.","pums"
"pums_austin_mus_ltmusiccensus","28.08090310442145","28.1%","percent","01_evidence/02_pums_nes_microdata/pums_baseline_TX_workers18to64_2020_2024_5yr.csv + pums_person_repweights_TX_2020_2024_5yr.csv.gz","Share earning less than the 2013 Austin Music Census 10,000 dollar line restated in 2025 dollars. Base EMP = Musicians and singers (OCCP 2752), Austin-Round Rock-San Marcos metro, ages 18-64, employed (ESR 1/2/4/5), ACS 2020-2024 5-year PUMS, PWGTP-weighted; 77 unweighted records. Dollars adjusted with ADJINC to 2024 then by the CPI-U 2024 factor to 2025 dollars.","pums"
"pums_austin_mus_ltmusiccensus_moe","11.34978038558606","+/- 11.3 points","percentage points, 90 percent margin of error","01_evidence/02_pums_nes_microdata/pums_baseline_TX_workers18to64_2020_2024_5yr.csv + pums_person_repweights_TX_2020_2024_5yr.csv.gz","90 percent MOE = 1.645 x SDR standard error from the 80 PUMS replicate weights. Share earning less than the 2013 Austin Music Census 10,000 dollar line restated in 2025 dollars. Base EMP = Musicians and singers (OCCP 2752), Austin-Round Rock-San Marcos metro, ages 18-64, employed (ESR 1/2/4/5), ACS 2020-2024 5-year PUMS, PWGTP-weighted; 77 unweighted records. Dollars adjusted with ADJINC to 2024 then by the CPI-U 2024 factor to 2025 dollars.","pums"
"pums_austin_mus_nonposearn","0","0.0%","percent","01_evidence/02_pums_nes_microdata/pums_baseline_TX_workers18to64_2020_2024_5yr.csv + pums_person_repweights_TX_2020_2024_5yr.csv.gz","Share of employed people reporting zero or negative earnings from work. Base EMP = Musicians and singers (OCCP 2752), Austin-Round Rock-San Marcos metro, ages 18-64, employed (ESR 1/2/4/5), ACS 2020-2024 5-year PUMS, PWGTP-weighted; 77 unweighted records.","pums"
"pums_austin_mus_nonposearn_moe","0","+/- 0.0 points","percentage points, 90 percent margin of error","01_evidence/02_pums_nes_microdata/pums_baseline_TX_workers18to64_2020_2024_5yr.csv + pums_person_repweights_TX_2020_2024_5yr.csv.gz","90 percent MOE = 1.645 x SDR standard error from the 80 PUMS replicate weights. Share of employed people reporting zero or negative earnings from work. Base EMP = Musicians and singers (OCCP 2752), Austin-Round Rock-San Marcos metro, ages 18-64, employed (ESR 1/2/4/5), ACS 2020-2024 5-year PUMS, PWGTP-weighted; 77 unweighted records.","pums"
"pums_austin_mus_wtd_pos","2126","2,126","people","01_evidence/02_pums_nes_microdata/pums_baseline_TX_workers18to64_2020_2024_5yr.csv + pums_person_repweights_TX_2020_2024_5yr.csv.gz","Weighted denominator for every POS-base figure in this cell. Base POS = Musicians and singers (OCCP 2752), Austin-Round Rock-San Marcos metro, ages 18-64, employed (ESR 1/2/4/5) with positive earnings, ACS 2020-2024 5-year PUMS, PWGTP-weighted; 77 unweighted records.","pums"
"pums_austin_mus_meanpernp_pos","56611.39293188382","$56,600","2025 dollars","01_evidence/02_pums_nes_microdata/pums_baseline_TX_workers18to64_2020_2024_5yr.csv + pums_person_repweights_TX_2020_2024_5yr.csv.gz","Mean personal earnings from work. Base POS = Musicians and singers (OCCP 2752), Austin-Round Rock-San Marcos metro, ages 18-64, employed (ESR 1/2/4/5) with positive earnings, ACS 2020-2024 5-year PUMS, PWGTP-weighted; 77 unweighted records. Dollars adjusted with ADJINC to 2024 then by the CPI-U 2024 factor to 2025 dollars.","pums"
"pums_austin_mus_meanpernp_pos_moe","23873.26363369404","+/- $23,900","2025 dollars, 90 percent margin of error","01_evidence/02_pums_nes_microdata/pums_baseline_TX_workers18to64_2020_2024_5yr.csv + pums_person_repweights_TX_2020_2024_5yr.csv.gz","90 percent MOE = 1.645 x SDR standard error from the 80 PUMS replicate weights. Mean personal earnings from work. Base POS = Musicians and singers (OCCP 2752), Austin-Round Rock-San Marcos metro, ages 18-64, employed (ESR 1/2/4/5) with positive earnings, ACS 2020-2024 5-year PUMS, PWGTP-weighted; 77 unweighted records. Dollars adjusted with ADJINC to 2024 then by the CPI-U 2024 factor to 2025 dollars.","pums"
"pums_austin_mus_meanpincp_pos","70642.89620920997","$70,600","2025 dollars","01_evidence/02_pums_nes_microdata/pums_baseline_TX_workers18to64_2020_2024_5yr.csv + pums_person_repweights_TX_2020_2024_5yr.csv.gz","Mean total personal income. Base POS = Musicians and singers (OCCP 2752), Austin-Round Rock-San Marcos metro, ages 18-64, employed (ESR 1/2/4/5) with positive earnings, ACS 2020-2024 5-year PUMS, PWGTP-weighted; 77 unweighted records. Dollars adjusted with ADJINC to 2024 then by the CPI-U 2024 factor to 2025 dollars.","pums"
"pums_austin_mus_meanpincp_pos_moe","28267.13159340266","+/- $28,300","2025 dollars, 90 percent margin of error","01_evidence/02_pums_nes_microdata/pums_baseline_TX_workers18to64_2020_2024_5yr.csv + pums_person_repweights_TX_2020_2024_5yr.csv.gz","90 percent MOE = 1.645 x SDR standard error from the 80 PUMS replicate weights. Mean total personal income. Base POS = Musicians and singers (OCCP 2752), Austin-Round Rock-San Marcos metro, ages 18-64, employed (ESR 1/2/4/5) with positive earnings, ACS 2020-2024 5-year PUMS, PWGTP-weighted; 77 unweighted records. Dollars adjusted with ADJINC to 2024 then by the CPI-U 2024 factor to 2025 dollars.","pums"
"pums_austin_mus_medpincp_emp","36909.58452056789","$36,900","2025 dollars","01_evidence/02_pums_nes_microdata/pums_baseline_TX_workers18to64_2020_2024_5yr.csv + pums_person_repweights_TX_2020_2024_5yr.csv.gz","Median total personal income. Base EMP = Musicians and singers (OCCP 2752), Austin-Round Rock-San Marcos metro, ages 18-64, employed (ESR 1/2/4/5), ACS 2020-2024 5-year PUMS, PWGTP-weighted; 77 unweighted records. Dollars adjusted with ADJINC to 2024 then by the CPI-U 2024 factor to 2025 dollars.","pums"
"pums_austin_mus_medpincp_emp_moe","10583.46780431278","+/- $10,600","2025 dollars, 90 percent margin of error","01_evidence/02_pums_nes_microdata/pums_baseline_TX_workers18to64_2020_2024_5yr.csv + pums_person_repweights_TX_2020_2024_5yr.csv.gz","90 percent MOE = 1.645 x SDR standard error from the 80 PUMS replicate weights. Median total personal income. Base EMP = Musicians and singers (OCCP 2752), Austin-Round Rock-San Marcos metro, ages 18-64, employed (ESR 1/2/4/5), ACS 2020-2024 5-year PUMS, PWGTP-weighted; 77 unweighted records. Dollars adjusted with ADJINC to 2024 then by the CPI-U 2024 factor to 2025 dollars.","pums"
"pums_austin_mus_medpernp_emp","28683.43180291988","$28,700","2025 dollars","01_evidence/02_pums_nes_microdata/pums_baseline_TX_workers18to64_2020_2024_5yr.csv + pums_person_repweights_TX_2020_2024_5yr.csv.gz","Median personal earnings from work, zero and negative earners included. Base EMP = Musicians and singers (OCCP 2752), Austin-Round Rock-San Marcos metro, ages 18-64, employed (ESR 1/2/4/5), ACS 2020-2024 5-year PUMS, PWGTP-weighted; 77 unweighted records. Dollars adjusted with ADJINC to 2024 then by the CPI-U 2024 factor to 2025 dollars.","pums"
"pums_austin_mus_medpernp_emp_moe","9362.220222611437","+/- $9,400","2025 dollars, 90 percent margin of error","01_evidence/02_pums_nes_microdata/pums_baseline_TX_workers18to64_2020_2024_5yr.csv + pums_person_repweights_TX_2020_2024_5yr.csv.gz","90 percent MOE = 1.645 x SDR standard error from the 80 PUMS replicate weights. Median personal earnings from work, zero and negative earners included. Base EMP = Musicians and singers (OCCP 2752), Austin-Round Rock-San Marcos metro, ages 18-64, employed (ESR 1/2/4/5), ACS 2020-2024 5-year PUMS, PWGTP-weighted; 77 unweighted records. Dollars adjusted with ADJINC to 2024 then by the CPI-U 2024 factor to 2025 dollars.","pums"
"pums_austin_mus_medpernp_pos","28683.43180291988","$28,700","2025 dollars","01_evidence/02_pums_nes_microdata/pums_baseline_TX_workers18to64_2020_2024_5yr.csv + pums_person_repweights_TX_2020_2024_5yr.csv.gz","HEADLINE earnings figure. Median personal earnings from work. Base POS = Musicians and singers (OCCP 2752), Austin-Round Rock-San Marcos metro, ages 18-64, employed (ESR 1/2/4/5) with positive earnings, ACS 2020-2024 5-year PUMS, PWGTP-weighted; 77 unweighted records. Dollars adjusted with ADJINC to 2024 then by the CPI-U 2024 factor to 2025 dollars.","pums"
"pums_austin_mus_medpernp_pos_moe","9362.220222611437","+/- $9,400","2025 dollars, 90 percent margin of error","01_evidence/02_pums_nes_microdata/pums_baseline_TX_workers18to64_2020_2024_5yr.csv + pums_person_repweights_TX_2020_2024_5yr.csv.gz","90 percent MOE = 1.645 x SDR standard error from the 80 PUMS replicate weights. HEADLINE earnings figure. Median personal earnings from work. Base POS = Musicians and singers (OCCP 2752), Austin-Round Rock-San Marcos metro, ages 18-64, employed (ESR 1/2/4/5) with positive earnings, ACS 2020-2024 5-year PUMS, PWGTP-weighted; 77 unweighted records. Dollars adjusted with ADJINC to 2024 then by the CPI-U 2024 factor to 2025 dollars.","pums"
"pums_austin_mus_medpincp_pos","36909.58452056789","$36,900","2025 dollars","01_evidence/02_pums_nes_microdata/pums_baseline_TX_workers18to64_2020_2024_5yr.csv + pums_person_repweights_TX_2020_2024_5yr.csv.gz","Median total personal income on the same base as the headline earnings figure, so the earnings-to-income gap is not a base artefact. Base POS = Musicians and singers (OCCP 2752), Austin-Round Rock-San Marcos metro, ages 18-64, employed (ESR 1/2/4/5) with positive earnings, ACS 2020-2024 5-year PUMS, PWGTP-weighted; 77 unweighted records. Dollars adjusted with ADJINC to 2024 then by the CPI-U 2024 factor to 2025 dollars.","pums"
"pums_austin_mus_medpincp_pos_moe","10583.46780431278","+/- $10,600","2025 dollars, 90 percent margin of error","01_evidence/02_pums_nes_microdata/pums_baseline_TX_workers18to64_2020_2024_5yr.csv + pums_person_repweights_TX_2020_2024_5yr.csv.gz","90 percent MOE = 1.645 x SDR standard error from the 80 PUMS replicate weights. Median total personal income on the same base as the headline earnings figure, so the earnings-to-income gap is not a base artefact. Base POS = Musicians and singers (OCCP 2752), Austin-Round Rock-San Marcos metro, ages 18-64, employed (ESR 1/2/4/5) with positive earnings, ACS 2020-2024 5-year PUMS, PWGTP-weighted; 77 unweighted records. Dollars adjusted with ADJINC to 2024 then by the CPI-U 2024 factor to 2025 dollars.","pums"
"pums_austin_mus_medwkhp","40","40","usual hours per week","01_evidence/02_pums_nes_microdata/pums_baseline_TX_workers18to64_2020_2024_5yr.csv + pums_person_repweights_TX_2020_2024_5yr.csv.gz","Median usual hours worked per week (WKHP). Base EMP = Musicians and singers (OCCP 2752), Austin-Round Rock-San Marcos metro, ages 18-64, employed (ESR 1/2/4/5), ACS 2020-2024 5-year PUMS, PWGTP-weighted; 77 unweighted records.","pums"
"pums_austin_mus_medwkwn","52","52","weeks worked in past 12 months","01_evidence/02_pums_nes_microdata/pums_baseline_TX_workers18to64_2020_2024_5yr.csv + pums_person_repweights_TX_2020_2024_5yr.csv.gz","Median weeks worked in the past 12 months (WKWN). Base EMP = Musicians and singers (OCCP 2752), Austin-Round Rock-San Marcos metro, ages 18-64, employed (ESR 1/2/4/5), ACS 2020-2024 5-year PUMS, PWGTP-weighted; 77 unweighted records.","pums"
"pums_austin_musdir_suppressed","14","suppressed","unweighted records","01_evidence/02_pums_nes_microdata/pums_baseline_TX_workers18to64_2020_2024_5yr.csv + pums_person_repweights_TX_2020_2024_5yr.csv.gz","Music directors and composers (OCCP 2751), Austin-Round Rock-San Marcos metro: only 14 unweighted ACS records, below the 50-record floor this project uses, so no estimate is published for this cell.","pums"
"pums_austin_music_n_emp","91","91","unweighted person records","01_evidence/02_pums_nes_microdata/pums_baseline_TX_workers18to64_2020_2024_5yr.csv + pums_person_repweights_TX_2020_2024_5yr.csv.gz","Base EMP = Musicians, singers, music directors and composers (OCCP 2751 and 2752), Austin-Round Rock-San Marcos metro, ages 18-64, employed (ESR 1/2/4/5), ACS 2020-2024 5-year PUMS, PWGTP-weighted; 91 unweighted records.","pums"
"pums_austin_music_n_pos","91","91","unweighted person records","01_evidence/02_pums_nes_microdata/pums_baseline_TX_workers18to64_2020_2024_5yr.csv + pums_person_repweights_TX_2020_2024_5yr.csv.gz","Base POS = Musicians, singers, music directors and composers (OCCP 2751 and 2752), Austin-Round Rock-San Marcos metro, ages 18-64, employed (ESR 1/2/4/5) with positive earnings, ACS 2020-2024 5-year PUMS, PWGTP-weighted; 91 unweighted records.","pums"
"pums_austin_music_wtd_emp","2553","2,553","people","01_evidence/02_pums_nes_microdata/pums_baseline_TX_workers18to64_2020_2024_5yr.csv + pums_person_repweights_TX_2020_2024_5yr.csv.gz","Weighted denominator for every EMP-base figure in this cell. Base EMP = Musicians, singers, music directors and composers (OCCP 2751 and 2752), Austin-Round Rock-San Marcos metro, ages 18-64, employed (ESR 1/2/4/5), ACS 2020-2024 5-year PUMS, PWGTP-weighted; 91 unweighted records.","pums"
"pums_austin_music_meanpincp_emp","75556.91516575342","$75,600","2025 dollars","01_evidence/02_pums_nes_microdata/pums_baseline_TX_workers18to64_2020_2024_5yr.csv + pums_person_repweights_TX_2020_2024_5yr.csv.gz","Mean total personal income. Base EMP = Musicians, singers, music directors and composers (OCCP 2751 and 2752), Austin-Round Rock-San Marcos metro, ages 18-64, employed (ESR 1/2/4/5), ACS 2020-2024 5-year PUMS, PWGTP-weighted; 91 unweighted records. Dollars adjusted with ADJINC to 2024 then by the CPI-U 2024 factor to 2025 dollars.","pums"
"pums_austin_music_meanpincp_emp_moe","23983.88324507287","+/- $24,000","2025 dollars, 90 percent margin of error","01_evidence/02_pums_nes_microdata/pums_baseline_TX_workers18to64_2020_2024_5yr.csv + pums_person_repweights_TX_2020_2024_5yr.csv.gz","90 percent MOE = 1.645 x SDR standard error from the 80 PUMS replicate weights. Mean total personal income. Base EMP = Musicians, singers, music directors and composers (OCCP 2751 and 2752), Austin-Round Rock-San Marcos metro, ages 18-64, employed (ESR 1/2/4/5), ACS 2020-2024 5-year PUMS, PWGTP-weighted; 91 unweighted records. Dollars adjusted with ADJINC to 2024 then by the CPI-U 2024 factor to 2025 dollars.","pums"
"pums_austin_music_meanpernp_emp","62029.65659820852","$62,000","2025 dollars","01_evidence/02_pums_nes_microdata/pums_baseline_TX_workers18to64_2020_2024_5yr.csv + pums_person_repweights_TX_2020_2024_5yr.csv.gz","Mean personal earnings from work, zero and negative earners included. Base EMP = Musicians, singers, music directors and composers (OCCP 2751 and 2752), Austin-Round Rock-San Marcos metro, ages 18-64, employed (ESR 1/2/4/5), ACS 2020-2024 5-year PUMS, PWGTP-weighted; 91 unweighted records. Dollars adjusted with ADJINC to 2024 then by the CPI-U 2024 factor to 2025 dollars.","pums"
"pums_austin_music_meanpernp_emp_moe","19751.57474380039","+/- $19,800","2025 dollars, 90 percent margin of error","01_evidence/02_pums_nes_microdata/pums_baseline_TX_workers18to64_2020_2024_5yr.csv + pums_person_repweights_TX_2020_2024_5yr.csv.gz","90 percent MOE = 1.645 x SDR standard error from the 80 PUMS replicate weights. Mean personal earnings from work, zero and negative earners included. Base EMP = Musicians, singers, music directors and composers (OCCP 2751 and 2752), Austin-Round Rock-San Marcos metro, ages 18-64, employed (ESR 1/2/4/5), ACS 2020-2024 5-year PUMS, PWGTP-weighted; 91 unweighted records. Dollars adjusted with ADJINC to 2024 then by the CPI-U 2024 factor to 2025 dollars.","pums"
"pums_austin_music_selfemp","68.03760282021152","68.0%","percent","01_evidence/02_pums_nes_microdata/pums_baseline_TX_workers18to64_2020_2024_5yr.csv + pums_person_repweights_TX_2020_2024_5yr.csv.gz","Share self-employed, COW 6 (unincorporated) or 7 (incorporated). Base EMP = Musicians, singers, music directors and composers (OCCP 2751 and 2752), Austin-Round Rock-San Marcos metro, ages 18-64, employed (ESR 1/2/4/5), ACS 2020-2024 5-year PUMS, PWGTP-weighted; 91 unweighted records.","pums"
"pums_austin_music_selfemp_moe","9.678308709074141","+/- 9.7 points","percentage points, 90 percent margin of error","01_evidence/02_pums_nes_microdata/pums_baseline_TX_workers18to64_2020_2024_5yr.csv + pums_person_repweights_TX_2020_2024_5yr.csv.gz","90 percent MOE = 1.645 x SDR standard error from the 80 PUMS replicate weights. Share self-employed, COW 6 (unincorporated) or 7 (incorporated). Base EMP = Musicians, singers, music directors and composers (OCCP 2751 and 2752), Austin-Round Rock-San Marcos metro, ages 18-64, employed (ESR 1/2/4/5), ACS 2020-2024 5-year PUMS, PWGTP-weighted; 91 unweighted records.","pums"
"pums_austin_music_hicov","90.32510771641206","90.3%","percent","01_evidence/02_pums_nes_microdata/pums_baseline_TX_workers18to64_2020_2024_5yr.csv + pums_person_repweights_TX_2020_2024_5yr.csv.gz","Share with any health insurance (HICOV = 1). Base EMP = Musicians, singers, music directors and composers (OCCP 2751 and 2752), Austin-Round Rock-San Marcos metro, ages 18-64, employed (ESR 1/2/4/5), ACS 2020-2024 5-year PUMS, PWGTP-weighted; 91 unweighted records.","pums"
"pums_austin_music_hicov_moe","7.566480315312971","+/- 7.6 points","percentage points, 90 percent margin of error","01_evidence/02_pums_nes_microdata/pums_baseline_TX_workers18to64_2020_2024_5yr.csv + pums_person_repweights_TX_2020_2024_5yr.csv.gz","90 percent MOE = 1.645 x SDR standard error from the 80 PUMS replicate weights. Share with any health insurance (HICOV = 1). Base EMP = Musicians, singers, music directors and composers (OCCP 2751 and 2752), Austin-Round Rock-San Marcos metro, ages 18-64, employed (ESR 1/2/4/5), ACS 2020-2024 5-year PUMS, PWGTP-weighted; 91 unweighted records.","pums"
"pums_austin_music_privcov","80.18018018018019","80.2%","percent","01_evidence/02_pums_nes_microdata/pums_baseline_TX_workers18to64_2020_2024_5yr.csv + pums_person_repweights_TX_2020_2024_5yr.csv.gz","Share with private coverage (PRIVCOV = 1). Private and public overlap, so the two shares do not sum to the any-coverage share. Base EMP = Musicians, singers, music directors and composers (OCCP 2751 and 2752), Austin-Round Rock-San Marcos metro, ages 18-64, employed (ESR 1/2/4/5), ACS 2020-2024 5-year PUMS, PWGTP-weighted; 91 unweighted records.","pums"
"pums_austin_music_privcov_moe","10.46288201729447","+/- 10.5 points","percentage points, 90 percent margin of error","01_evidence/02_pums_nes_microdata/pums_baseline_TX_workers18to64_2020_2024_5yr.csv + pums_person_repweights_TX_2020_2024_5yr.csv.gz","90 percent MOE = 1.645 x SDR standard error from the 80 PUMS replicate weights. Share with private coverage (PRIVCOV = 1). Private and public overlap, so the two shares do not sum to the any-coverage share. Base EMP = Musicians, singers, music directors and composers (OCCP 2751 and 2752), Austin-Round Rock-San Marcos metro, ages 18-64, employed (ESR 1/2/4/5), ACS 2020-2024 5-year PUMS, PWGTP-weighted; 91 unweighted records.","pums"
"pums_austin_music_pubcov","21.97414806110458","22.0%","percent","01_evidence/02_pums_nes_microdata/pums_baseline_TX_workers18to64_2020_2024_5yr.csv + pums_person_repweights_TX_2020_2024_5yr.csv.gz","Share with public coverage (PUBCOV = 1). Private and public overlap. Base EMP = Musicians, singers, music directors and composers (OCCP 2751 and 2752), Austin-Round Rock-San Marcos metro, ages 18-64, employed (ESR 1/2/4/5), ACS 2020-2024 5-year PUMS, PWGTP-weighted; 91 unweighted records.","pums"
"pums_austin_music_pubcov_moe","11.13783089078435","+/- 11.1 points","percentage points, 90 percent margin of error","01_evidence/02_pums_nes_microdata/pums_baseline_TX_workers18to64_2020_2024_5yr.csv + pums_person_repweights_TX_2020_2024_5yr.csv.gz","90 percent MOE = 1.645 x SDR standard error from the 80 PUMS replicate weights. Share with public coverage (PUBCOV = 1). Private and public overlap. Base EMP = Musicians, singers, music directors and composers (OCCP 2751 and 2752), Austin-Round Rock-San Marcos metro, ages 18-64, employed (ESR 1/2/4/5), ACS 2020-2024 5-year PUMS, PWGTP-weighted; 91 unweighted records.","pums"
"pums_austin_music_lt10k","19.38895417156287","19.4%","percent","01_evidence/02_pums_nes_microdata/pums_baseline_TX_workers18to64_2020_2024_5yr.csv + pums_person_repweights_TX_2020_2024_5yr.csv.gz","Share earning under 10,000 dollars from work in 2025 dollars. Base EMP = Musicians, singers, music directors and composers (OCCP 2751 and 2752), Austin-Round Rock-San Marcos metro, ages 18-64, employed (ESR 1/2/4/5), ACS 2020-2024 5-year PUMS, PWGTP-weighted; 91 unweighted records. Dollars adjusted with ADJINC to 2024 then by the CPI-U 2024 factor to 2025 dollars.","pums"
"pums_austin_music_lt10k_moe","9.238564399152411","+/- 9.2 points","percentage points, 90 percent margin of error","01_evidence/02_pums_nes_microdata/pums_baseline_TX_workers18to64_2020_2024_5yr.csv + pums_person_repweights_TX_2020_2024_5yr.csv.gz","90 percent MOE = 1.645 x SDR standard error from the 80 PUMS replicate weights. Share earning under 10,000 dollars from work in 2025 dollars. Base EMP = Musicians, singers, music directors and composers (OCCP 2751 and 2752), Austin-Round Rock-San Marcos metro, ages 18-64, employed (ESR 1/2/4/5), ACS 2020-2024 5-year PUMS, PWGTP-weighted; 91 unweighted records. Dollars adjusted with ADJINC to 2024 then by the CPI-U 2024 factor to 2025 dollars.","pums"
"pums_austin_music_lt25k","38.69956913435174","38.7%","percent","01_evidence/02_pums_nes_microdata/pums_baseline_TX_workers18to64_2020_2024_5yr.csv + pums_person_repweights_TX_2020_2024_5yr.csv.gz","Share earning under 25,000 dollars from work in 2025 dollars. Base EMP = Musicians, singers, music directors and composers (OCCP 2751 and 2752), Austin-Round Rock-San Marcos metro, ages 18-64, employed (ESR 1/2/4/5), ACS 2020-2024 5-year PUMS, PWGTP-weighted; 91 unweighted records. Dollars adjusted with ADJINC to 2024 then by the CPI-U 2024 factor to 2025 dollars.","pums"
"pums_austin_music_lt25k_moe","10.15618290589239","+/- 10.2 points","percentage points, 90 percent margin of error","01_evidence/02_pums_nes_microdata/pums_baseline_TX_workers18to64_2020_2024_5yr.csv + pums_person_repweights_TX_2020_2024_5yr.csv.gz","90 percent MOE = 1.645 x SDR standard error from the 80 PUMS replicate weights. Share earning under 25,000 dollars from work in 2025 dollars. Base EMP = Musicians, singers, music directors and composers (OCCP 2751 and 2752), Austin-Round Rock-San Marcos metro, ages 18-64, employed (ESR 1/2/4/5), ACS 2020-2024 5-year PUMS, PWGTP-weighted; 91 unweighted records. Dollars adjusted with ADJINC to 2024 then by the CPI-U 2024 factor to 2025 dollars.","pums"
"pums_austin_music_lt50k","60.16451233842538","60.2%","percent","01_evidence/02_pums_nes_microdata/pums_baseline_TX_workers18to64_2020_2024_5yr.csv + pums_person_repweights_TX_2020_2024_5yr.csv.gz","Share earning under 50,000 dollars from work in 2025 dollars. Base EMP = Musicians, singers, music directors and composers (OCCP 2751 and 2752), Austin-Round Rock-San Marcos metro, ages 18-64, employed (ESR 1/2/4/5), ACS 2020-2024 5-year PUMS, PWGTP-weighted; 91 unweighted records. Dollars adjusted with ADJINC to 2024 then by the CPI-U 2024 factor to 2025 dollars.","pums"
"pums_austin_music_lt50k_moe","10.07471752912933","+/- 10.1 points","percentage points, 90 percent margin of error","01_evidence/02_pums_nes_microdata/pums_baseline_TX_workers18to64_2020_2024_5yr.csv + pums_person_repweights_TX_2020_2024_5yr.csv.gz","90 percent MOE = 1.645 x SDR standard error from the 80 PUMS replicate weights. Share earning under 50,000 dollars from work in 2025 dollars. Base EMP = Musicians, singers, music directors and composers (OCCP 2751 and 2752), Austin-Round Rock-San Marcos metro, ages 18-64, employed (ESR 1/2/4/5), ACS 2020-2024 5-year PUMS, PWGTP-weighted; 91 unweighted records. Dollars adjusted with ADJINC to 2024 then by the CPI-U 2024 factor to 2025 dollars.","pums"
"pums_austin_music_ltmusiccensus","24.08930669800235","24.1%","percent","01_evidence/02_pums_nes_microdata/pums_baseline_TX_workers18to64_2020_2024_5yr.csv + pums_person_repweights_TX_2020_2024_5yr.csv.gz","Share earning less than the 2013 Austin Music Census 10,000 dollar line restated in 2025 dollars. Base EMP = Musicians, singers, music directors and composers (OCCP 2751 and 2752), Austin-Round Rock-San Marcos metro, ages 18-64, employed (ESR 1/2/4/5), ACS 2020-2024 5-year PUMS, PWGTP-weighted; 91 unweighted records. Dollars adjusted with ADJINC to 2024 then by the CPI-U 2024 factor to 2025 dollars.","pums"
"pums_austin_music_ltmusiccensus_moe","9.13139247675384","+/- 9.1 points","percentage points, 90 percent margin of error","01_evidence/02_pums_nes_microdata/pums_baseline_TX_workers18to64_2020_2024_5yr.csv + pums_person_repweights_TX_2020_2024_5yr.csv.gz","90 percent MOE = 1.645 x SDR standard error from the 80 PUMS replicate weights. Share earning less than the 2013 Austin Music Census 10,000 dollar line restated in 2025 dollars. Base EMP = Musicians, singers, music directors and composers (OCCP 2751 and 2752), Austin-Round Rock-San Marcos metro, ages 18-64, employed (ESR 1/2/4/5), ACS 2020-2024 5-year PUMS, PWGTP-weighted; 91 unweighted records. Dollars adjusted with ADJINC to 2024 then by the CPI-U 2024 factor to 2025 dollars.","pums"
"pums_austin_music_nonposearn","0","0.0%","percent","01_evidence/02_pums_nes_microdata/pums_baseline_TX_workers18to64_2020_2024_5yr.csv + pums_person_repweights_TX_2020_2024_5yr.csv.gz","Share of employed people reporting zero or negative earnings from work. Base EMP = Musicians, singers, music directors and composers (OCCP 2751 and 2752), Austin-Round Rock-San Marcos metro, ages 18-64, employed (ESR 1/2/4/5), ACS 2020-2024 5-year PUMS, PWGTP-weighted; 91 unweighted records.","pums"
"pums_austin_music_nonposearn_moe","0","+/- 0.0 points","percentage points, 90 percent margin of error","01_evidence/02_pums_nes_microdata/pums_baseline_TX_workers18to64_2020_2024_5yr.csv + pums_person_repweights_TX_2020_2024_5yr.csv.gz","90 percent MOE = 1.645 x SDR standard error from the 80 PUMS replicate weights. Share of employed people reporting zero or negative earnings from work. Base EMP = Musicians, singers, music directors and composers (OCCP 2751 and 2752), Austin-Round Rock-San Marcos metro, ages 18-64, employed (ESR 1/2/4/5), ACS 2020-2024 5-year PUMS, PWGTP-weighted; 91 unweighted records.","pums"
"pums_austin_music_wtd_pos","2553","2,553","people","01_evidence/02_pums_nes_microdata/pums_baseline_TX_workers18to64_2020_2024_5yr.csv + pums_person_repweights_TX_2020_2024_5yr.csv.gz","Weighted denominator for every POS-base figure in this cell. Base POS = Musicians, singers, music directors and composers (OCCP 2751 and 2752), Austin-Round Rock-San Marcos metro, ages 18-64, employed (ESR 1/2/4/5) with positive earnings, ACS 2020-2024 5-year PUMS, PWGTP-weighted; 91 unweighted records.","pums"
"pums_austin_music_meanpernp_pos","62029.65659820852","$62,000","2025 dollars","01_evidence/02_pums_nes_microdata/pums_baseline_TX_workers18to64_2020_2024_5yr.csv + pums_person_repweights_TX_2020_2024_5yr.csv.gz","Mean personal earnings from work. Base POS = Musicians, singers, music directors and composers (OCCP 2751 and 2752), Austin-Round Rock-San Marcos metro, ages 18-64, employed (ESR 1/2/4/5) with positive earnings, ACS 2020-2024 5-year PUMS, PWGTP-weighted; 91 unweighted records. Dollars adjusted with ADJINC to 2024 then by the CPI-U 2024 factor to 2025 dollars.","pums"
"pums_austin_music_meanpernp_pos_moe","19751.57474380039","+/- $19,800","2025 dollars, 90 percent margin of error","01_evidence/02_pums_nes_microdata/pums_baseline_TX_workers18to64_2020_2024_5yr.csv + pums_person_repweights_TX_2020_2024_5yr.csv.gz","90 percent MOE = 1.645 x SDR standard error from the 80 PUMS replicate weights. Mean personal earnings from work. Base POS = Musicians, singers, music directors and composers (OCCP 2751 and 2752), Austin-Round Rock-San Marcos metro, ages 18-64, employed (ESR 1/2/4/5) with positive earnings, ACS 2020-2024 5-year PUMS, PWGTP-weighted; 91 unweighted records. Dollars adjusted with ADJINC to 2024 then by the CPI-U 2024 factor to 2025 dollars.","pums"
"pums_austin_music_meanpincp_pos","75556.91516575342","$75,600","2025 dollars","01_evidence/02_pums_nes_microdata/pums_baseline_TX_workers18to64_2020_2024_5yr.csv + pums_person_repweights_TX_2020_2024_5yr.csv.gz","Mean total personal income. Base POS = Musicians, singers, music directors and composers (OCCP 2751 and 2752), Austin-Round Rock-San Marcos metro, ages 18-64, employed (ESR 1/2/4/5) with positive earnings, ACS 2020-2024 5-year PUMS, PWGTP-weighted; 91 unweighted records. Dollars adjusted with ADJINC to 2024 then by the CPI-U 2024 factor to 2025 dollars.","pums"
"pums_austin_music_meanpincp_pos_moe","23983.88324507287","+/- $24,000","2025 dollars, 90 percent margin of error","01_evidence/02_pums_nes_microdata/pums_baseline_TX_workers18to64_2020_2024_5yr.csv + pums_person_repweights_TX_2020_2024_5yr.csv.gz","90 percent MOE = 1.645 x SDR standard error from the 80 PUMS replicate weights. Mean total personal income. Base POS = Musicians, singers, music directors and composers (OCCP 2751 and 2752), Austin-Round Rock-San Marcos metro, ages 18-64, employed (ESR 1/2/4/5) with positive earnings, ACS 2020-2024 5-year PUMS, PWGTP-weighted; 91 unweighted records. Dollars adjusted with ADJINC to 2024 then by the CPI-U 2024 factor to 2025 dollars.","pums"
"pums_austin_music_medpincp_emp","42520.31930464843","$42,500","2025 dollars","01_evidence/02_pums_nes_microdata/pums_baseline_TX_workers18to64_2020_2024_5yr.csv + pums_person_repweights_TX_2020_2024_5yr.csv.gz","Median total personal income. Base EMP = Musicians, singers, music directors and composers (OCCP 2751 and 2752), Austin-Round Rock-San Marcos metro, ages 18-64, employed (ESR 1/2/4/5), ACS 2020-2024 5-year PUMS, PWGTP-weighted; 91 unweighted records. Dollars adjusted with ADJINC to 2024 then by the CPI-U 2024 factor to 2025 dollars.","pums"
"pums_austin_music_medpincp_emp_moe","7799.558751521949","+/- $7,800","2025 dollars, 90 percent margin of error","01_evidence/02_pums_nes_microdata/pums_baseline_TX_workers18to64_2020_2024_5yr.csv + pums_person_repweights_TX_2020_2024_5yr.csv.gz","90 percent MOE = 1.645 x SDR standard error from the 80 PUMS replicate weights. Median total personal income. Base EMP = Musicians, singers, music directors and composers (OCCP 2751 and 2752), Austin-Round Rock-San Marcos metro, ages 18-64, employed (ESR 1/2/4/5), ACS 2020-2024 5-year PUMS, PWGTP-weighted; 91 unweighted records. Dollars adjusted with ADJINC to 2024 then by the CPI-U 2024 factor to 2025 dollars.","pums"
"pums_austin_music_medpernp_emp","31374.74123227476","$31,400","2025 dollars","01_evidence/02_pums_nes_microdata/pums_baseline_TX_workers18to64_2020_2024_5yr.csv + pums_person_repweights_TX_2020_2024_5yr.csv.gz","Median personal earnings from work, zero and negative earners included. Base EMP = Musicians, singers, music directors and composers (OCCP 2751 and 2752), Austin-Round Rock-San Marcos metro, ages 18-64, employed (ESR 1/2/4/5), ACS 2020-2024 5-year PUMS, PWGTP-weighted; 91 unweighted records. Dollars adjusted with ADJINC to 2024 then by the CPI-U 2024 factor to 2025 dollars.","pums"
"pums_austin_music_medpernp_emp_moe","9409.122754557398","+/- $9,400","2025 dollars, 90 percent margin of error","01_evidence/02_pums_nes_microdata/pums_baseline_TX_workers18to64_2020_2024_5yr.csv + pums_person_repweights_TX_2020_2024_5yr.csv.gz","90 percent MOE = 1.645 x SDR standard error from the 80 PUMS replicate weights. Median personal earnings from work, zero and negative earners included. Base EMP = Musicians, singers, music directors and composers (OCCP 2751 and 2752), Austin-Round Rock-San Marcos metro, ages 18-64, employed (ESR 1/2/4/5), ACS 2020-2024 5-year PUMS, PWGTP-weighted; 91 unweighted records. Dollars adjusted with ADJINC to 2024 then by the CPI-U 2024 factor to 2025 dollars.","pums"
"pums_austin_music_medpernp_pos","31374.74123227476","$31,400","2025 dollars","01_evidence/02_pums_nes_microdata/pums_baseline_TX_workers18to64_2020_2024_5yr.csv + pums_person_repweights_TX_2020_2024_5yr.csv.gz","HEADLINE earnings figure. Median personal earnings from work. Base POS = Musicians, singers, music directors and composers (OCCP 2751 and 2752), Austin-Round Rock-San Marcos metro, ages 18-64, employed (ESR 1/2/4/5) with positive earnings, ACS 2020-2024 5-year PUMS, PWGTP-weighted; 91 unweighted records. Dollars adjusted with ADJINC to 2024 then by the CPI-U 2024 factor to 2025 dollars.","pums"
"pums_austin_music_medpernp_pos_moe","9409.122754557398","+/- $9,400","2025 dollars, 90 percent margin of error","01_evidence/02_pums_nes_microdata/pums_baseline_TX_workers18to64_2020_2024_5yr.csv + pums_person_repweights_TX_2020_2024_5yr.csv.gz","90 percent MOE = 1.645 x SDR standard error from the 80 PUMS replicate weights. HEADLINE earnings figure. Median personal earnings from work. Base POS = Musicians, singers, music directors and composers (OCCP 2751 and 2752), Austin-Round Rock-San Marcos metro, ages 18-64, employed (ESR 1/2/4/5) with positive earnings, ACS 2020-2024 5-year PUMS, PWGTP-weighted; 91 unweighted records. Dollars adjusted with ADJINC to 2024 then by the CPI-U 2024 factor to 2025 dollars.","pums"
"pums_austin_music_medpincp_pos","42520.31930464843","$42,500","2025 dollars","01_evidence/02_pums_nes_microdata/pums_baseline_TX_workers18to64_2020_2024_5yr.csv + pums_person_repweights_TX_2020_2024_5yr.csv.gz","Median total personal income on the same base as the headline earnings figure, so the earnings-to-income gap is not a base artefact. Base POS = Musicians, singers, music directors and composers (OCCP 2751 and 2752), Austin-Round Rock-San Marcos metro, ages 18-64, employed (ESR 1/2/4/5) with positive earnings, ACS 2020-2024 5-year PUMS, PWGTP-weighted; 91 unweighted records. Dollars adjusted with ADJINC to 2024 then by the CPI-U 2024 factor to 2025 dollars.","pums"
"pums_austin_music_medpincp_pos_moe","7799.558751521949","+/- $7,800","2025 dollars, 90 percent margin of error","01_evidence/02_pums_nes_microdata/pums_baseline_TX_workers18to64_2020_2024_5yr.csv + pums_person_repweights_TX_2020_2024_5yr.csv.gz","90 percent MOE = 1.645 x SDR standard error from the 80 PUMS replicate weights. Median total personal income on the same base as the headline earnings figure, so the earnings-to-income gap is not a base artefact. Base POS = Musicians, singers, music directors and composers (OCCP 2751 and 2752), Austin-Round Rock-San Marcos metro, ages 18-64, employed (ESR 1/2/4/5) with positive earnings, ACS 2020-2024 5-year PUMS, PWGTP-weighted; 91 unweighted records. Dollars adjusted with ADJINC to 2024 then by the CPI-U 2024 factor to 2025 dollars.","pums"
"pums_austin_music_medwkhp","40","40","usual hours per week","01_evidence/02_pums_nes_microdata/pums_baseline_TX_workers18to64_2020_2024_5yr.csv + pums_person_repweights_TX_2020_2024_5yr.csv.gz","Median usual hours worked per week (WKHP). Base EMP = Musicians, singers, music directors and composers (OCCP 2751 and 2752), Austin-Round Rock-San Marcos metro, ages 18-64, employed (ESR 1/2/4/5), ACS 2020-2024 5-year PUMS, PWGTP-weighted; 91 unweighted records.","pums"
"pums_austin_music_medwkwn","52","52","weeks worked in past 12 months","01_evidence/02_pums_nes_microdata/pums_baseline_TX_workers18to64_2020_2024_5yr.csv + pums_person_repweights_TX_2020_2024_5yr.csv.gz","Median weeks worked in the past 12 months (WKWN). Base EMP = Musicians, singers, music directors and composers (OCCP 2751 and 2752), Austin-Round Rock-San Marcos metro, ages 18-64, employed (ESR 1/2/4/5), ACS 2020-2024 5-year PUMS, PWGTP-weighted; 91 unweighted records.","pums"
"pums_austin_creative_n_emp","667","667","unweighted person records","01_evidence/02_pums_nes_microdata/pums_baseline_TX_workers18to64_2020_2024_5yr.csv + pums_person_repweights_TX_2020_2024_5yr.csv.gz","Base EMP = Nine creative occupations pooled (OCCP 2634, 2700, 2710, 2740, 2751, 2752, 2850, 2905, 2910), Austin-Round Rock-San Marcos metro, ages 18-64, employed (ESR 1/2/4/5), ACS 2020-2024 5-year PUMS, PWGTP-weighted; 667 unweighted records.","pums"
"pums_austin_creative_n_pos","663","663","unweighted person records","01_evidence/02_pums_nes_microdata/pums_baseline_TX_workers18to64_2020_2024_5yr.csv + pums_person_repweights_TX_2020_2024_5yr.csv.gz","Base POS = Nine creative occupations pooled (OCCP 2634, 2700, 2710, 2740, 2751, 2752, 2850, 2905, 2910), Austin-Round Rock-San Marcos metro, ages 18-64, employed (ESR 1/2/4/5) with positive earnings, ACS 2020-2024 5-year PUMS, PWGTP-weighted; 663 unweighted records.","pums"
"pums_austin_creative_wtd_emp","16257","16,257","people","01_evidence/02_pums_nes_microdata/pums_baseline_TX_workers18to64_2020_2024_5yr.csv + pums_person_repweights_TX_2020_2024_5yr.csv.gz","Weighted denominator for every EMP-base figure in this cell. Base EMP = Nine creative occupations pooled (OCCP 2634, 2700, 2710, 2740, 2751, 2752, 2850, 2905, 2910), Austin-Round Rock-San Marcos metro, ages 18-64, employed (ESR 1/2/4/5), ACS 2020-2024 5-year PUMS, PWGTP-weighted; 667 unweighted records.","pums"
"pums_austin_creative_meanpincp_emp","72329.74734298144","$72,300","2025 dollars","01_evidence/02_pums_nes_microdata/pums_baseline_TX_workers18to64_2020_2024_5yr.csv + pums_person_repweights_TX_2020_2024_5yr.csv.gz","Mean total personal income. Base EMP = Nine creative occupations pooled (OCCP 2634, 2700, 2710, 2740, 2751, 2752, 2850, 2905, 2910), Austin-Round Rock-San Marcos metro, ages 18-64, employed (ESR 1/2/4/5), ACS 2020-2024 5-year PUMS, PWGTP-weighted; 667 unweighted records. Dollars adjusted with ADJINC to 2024 then by the CPI-U 2024 factor to 2025 dollars.","pums"
"pums_austin_creative_meanpincp_emp_moe","6087.18159346994","+/- $6,100","2025 dollars, 90 percent margin of error","01_evidence/02_pums_nes_microdata/pums_baseline_TX_workers18to64_2020_2024_5yr.csv + pums_person_repweights_TX_2020_2024_5yr.csv.gz","90 percent MOE = 1.645 x SDR standard error from the 80 PUMS replicate weights. Mean total personal income. Base EMP = Nine creative occupations pooled (OCCP 2634, 2700, 2710, 2740, 2751, 2752, 2850, 2905, 2910), Austin-Round Rock-San Marcos metro, ages 18-64, employed (ESR 1/2/4/5), ACS 2020-2024 5-year PUMS, PWGTP-weighted; 667 unweighted records. Dollars adjusted with ADJINC to 2024 then by the CPI-U 2024 factor to 2025 dollars.","pums"
"pums_austin_creative_meanpernp_emp","67676.54384122453","$67,700","2025 dollars","01_evidence/02_pums_nes_microdata/pums_baseline_TX_workers18to64_2020_2024_5yr.csv + pums_person_repweights_TX_2020_2024_5yr.csv.gz","Mean personal earnings from work, zero and negative earners included. Base EMP = Nine creative occupations pooled (OCCP 2634, 2700, 2710, 2740, 2751, 2752, 2850, 2905, 2910), Austin-Round Rock-San Marcos metro, ages 18-64, employed (ESR 1/2/4/5), ACS 2020-2024 5-year PUMS, PWGTP-weighted; 667 unweighted records. Dollars adjusted with ADJINC to 2024 then by the CPI-U 2024 factor to 2025 dollars.","pums"
"pums_austin_creative_meanpernp_emp_moe","5600.673885377045","+/- $5,600","2025 dollars, 90 percent margin of error","01_evidence/02_pums_nes_microdata/pums_baseline_TX_workers18to64_2020_2024_5yr.csv + pums_person_repweights_TX_2020_2024_5yr.csv.gz","90 percent MOE = 1.645 x SDR standard error from the 80 PUMS replicate weights. Mean personal earnings from work, zero and negative earners included. Base EMP = Nine creative occupations pooled (OCCP 2634, 2700, 2710, 2740, 2751, 2752, 2850, 2905, 2910), Austin-Round Rock-San Marcos metro, ages 18-64, employed (ESR 1/2/4/5), ACS 2020-2024 5-year PUMS, PWGTP-weighted; 667 unweighted records. Dollars adjusted with ADJINC to 2024 then by the CPI-U 2024 factor to 2025 dollars.","pums"
"pums_austin_creative_selfemp","40.11810297102786","40.1%","percent","01_evidence/02_pums_nes_microdata/pums_baseline_TX_workers18to64_2020_2024_5yr.csv + pums_person_repweights_TX_2020_2024_5yr.csv.gz","Share self-employed, COW 6 (unincorporated) or 7 (incorporated). Base EMP = Nine creative occupations pooled (OCCP 2634, 2700, 2710, 2740, 2751, 2752, 2850, 2905, 2910), Austin-Round Rock-San Marcos metro, ages 18-64, employed (ESR 1/2/4/5), ACS 2020-2024 5-year PUMS, PWGTP-weighted; 667 unweighted records.","pums"
"pums_austin_creative_selfemp_moe","4.72413013108632","+/- 4.7 points","percentage points, 90 percent margin of error","01_evidence/02_pums_nes_microdata/pums_baseline_TX_workers18to64_2020_2024_5yr.csv + pums_person_repweights_TX_2020_2024_5yr.csv.gz","90 percent MOE = 1.645 x SDR standard error from the 80 PUMS replicate weights. Share self-employed, COW 6 (unincorporated) or 7 (incorporated). Base EMP = Nine creative occupations pooled (OCCP 2634, 2700, 2710, 2740, 2751, 2752, 2850, 2905, 2910), Austin-Round Rock-San Marcos metro, ages 18-64, employed (ESR 1/2/4/5), ACS 2020-2024 5-year PUMS, PWGTP-weighted; 667 unweighted records.","pums"
"pums_austin_creative_hicov","87.53767607799718","87.5%","percent","01_evidence/02_pums_nes_microdata/pums_baseline_TX_workers18to64_2020_2024_5yr.csv + pums_person_repweights_TX_2020_2024_5yr.csv.gz","Share with any health insurance (HICOV = 1). Base EMP = Nine creative occupations pooled (OCCP 2634, 2700, 2710, 2740, 2751, 2752, 2850, 2905, 2910), Austin-Round Rock-San Marcos metro, ages 18-64, employed (ESR 1/2/4/5), ACS 2020-2024 5-year PUMS, PWGTP-weighted; 667 unweighted records.","pums"
"pums_austin_creative_hicov_moe","2.98772038640273","+/- 3.0 points","percentage points, 90 percent margin of error","01_evidence/02_pums_nes_microdata/pums_baseline_TX_workers18to64_2020_2024_5yr.csv + pums_person_repweights_TX_2020_2024_5yr.csv.gz","90 percent MOE = 1.645 x SDR standard error from the 80 PUMS replicate weights. Share with any health insurance (HICOV = 1). Base EMP = Nine creative occupations pooled (OCCP 2634, 2700, 2710, 2740, 2751, 2752, 2850, 2905, 2910), Austin-Round Rock-San Marcos metro, ages 18-64, employed (ESR 1/2/4/5), ACS 2020-2024 5-year PUMS, PWGTP-weighted; 667 unweighted records.","pums"
"pums_austin_creative_privcov","85.15716306821676","85.2%","percent","01_evidence/02_pums_nes_microdata/pums_baseline_TX_workers18to64_2020_2024_5yr.csv + pums_person_repweights_TX_2020_2024_5yr.csv.gz","Share with private coverage (PRIVCOV = 1). Private and public overlap, so the two shares do not sum to the any-coverage share. Base EMP = Nine creative occupations pooled (OCCP 2634, 2700, 2710, 2740, 2751, 2752, 2850, 2905, 2910), Austin-Round Rock-San Marcos metro, ages 18-64, employed (ESR 1/2/4/5), ACS 2020-2024 5-year PUMS, PWGTP-weighted; 667 unweighted records.","pums"
"pums_austin_creative_privcov_moe","2.98384365497513","+/- 3.0 points","percentage points, 90 percent margin of error","01_evidence/02_pums_nes_microdata/pums_baseline_TX_workers18to64_2020_2024_5yr.csv + pums_person_repweights_TX_2020_2024_5yr.csv.gz","90 percent MOE = 1.645 x SDR standard error from the 80 PUMS replicate weights. Share with private coverage (PRIVCOV = 1). Private and public overlap, so the two shares do not sum to the any-coverage share. Base EMP = Nine creative occupations pooled (OCCP 2634, 2700, 2710, 2740, 2751, 2752, 2850, 2905, 2910), Austin-Round Rock-San Marcos metro, ages 18-64, employed (ESR 1/2/4/5), ACS 2020-2024 5-year PUMS, PWGTP-weighted; 667 unweighted records.","pums"
"pums_austin_creative_pubcov","6.95700313711017","7.0%","percent","01_evidence/02_pums_nes_microdata/pums_baseline_TX_workers18to64_2020_2024_5yr.csv + pums_person_repweights_TX_2020_2024_5yr.csv.gz","Share with public coverage (PUBCOV = 1). Private and public overlap. Base EMP = Nine creative occupations pooled (OCCP 2634, 2700, 2710, 2740, 2751, 2752, 2850, 2905, 2910), Austin-Round Rock-San Marcos metro, ages 18-64, employed (ESR 1/2/4/5), ACS 2020-2024 5-year PUMS, PWGTP-weighted; 667 unweighted records.","pums"
"pums_austin_creative_pubcov_moe","2.71161294965149","+/- 2.7 points","percentage points, 90 percent margin of error","01_evidence/02_pums_nes_microdata/pums_baseline_TX_workers18to64_2020_2024_5yr.csv + pums_person_repweights_TX_2020_2024_5yr.csv.gz","90 percent MOE = 1.645 x SDR standard error from the 80 PUMS replicate weights. Share with public coverage (PUBCOV = 1). Private and public overlap. Base EMP = Nine creative occupations pooled (OCCP 2634, 2700, 2710, 2740, 2751, 2752, 2850, 2905, 2910), Austin-Round Rock-San Marcos metro, ages 18-64, employed (ESR 1/2/4/5), ACS 2020-2024 5-year PUMS, PWGTP-weighted; 667 unweighted records.","pums"
"pums_austin_creative_lt10k","12.64685981423387","12.6%","percent","01_evidence/02_pums_nes_microdata/pums_baseline_TX_workers18to64_2020_2024_5yr.csv + pums_person_repweights_TX_2020_2024_5yr.csv.gz","Share earning under 10,000 dollars from work in 2025 dollars. Base EMP = Nine creative occupations pooled (OCCP 2634, 2700, 2710, 2740, 2751, 2752, 2850, 2905, 2910), Austin-Round Rock-San Marcos metro, ages 18-64, employed (ESR 1/2/4/5), ACS 2020-2024 5-year PUMS, PWGTP-weighted; 667 unweighted records. Dollars adjusted with ADJINC to 2024 then by the CPI-U 2024 factor to 2025 dollars.","pums"
"pums_austin_creative_lt10k_moe","2.60736913774042","+/- 2.6 points","percentage points, 90 percent margin of error","01_evidence/02_pums_nes_microdata/pums_baseline_TX_workers18to64_2020_2024_5yr.csv + pums_person_repweights_TX_2020_2024_5yr.csv.gz","90 percent MOE = 1.645 x SDR standard error from the 80 PUMS replicate weights. Share earning under 10,000 dollars from work in 2025 dollars. Base EMP = Nine creative occupations pooled (OCCP 2634, 2700, 2710, 2740, 2751, 2752, 2850, 2905, 2910), Austin-Round Rock-San Marcos metro, ages 18-64, employed (ESR 1/2/4/5), ACS 2020-2024 5-year PUMS, PWGTP-weighted; 667 unweighted records. Dollars adjusted with ADJINC to 2024 then by the CPI-U 2024 factor to 2025 dollars.","pums"
"pums_austin_creative_lt25k","24.03887556129667","24.0%","percent","01_evidence/02_pums_nes_microdata/pums_baseline_TX_workers18to64_2020_2024_5yr.csv + pums_person_repweights_TX_2020_2024_5yr.csv.gz","Share earning under 25,000 dollars from work in 2025 dollars. Base EMP = Nine creative occupations pooled (OCCP 2634, 2700, 2710, 2740, 2751, 2752, 2850, 2905, 2910), Austin-Round Rock-San Marcos metro, ages 18-64, employed (ESR 1/2/4/5), ACS 2020-2024 5-year PUMS, PWGTP-weighted; 667 unweighted records. Dollars adjusted with ADJINC to 2024 then by the CPI-U 2024 factor to 2025 dollars.","pums"
"pums_austin_creative_lt25k_moe","3.85901851577655","+/- 3.9 points","percentage points, 90 percent margin of error","01_evidence/02_pums_nes_microdata/pums_baseline_TX_workers18to64_2020_2024_5yr.csv + pums_person_repweights_TX_2020_2024_5yr.csv.gz","90 percent MOE = 1.645 x SDR standard error from the 80 PUMS replicate weights. Share earning under 25,000 dollars from work in 2025 dollars. Base EMP = Nine creative occupations pooled (OCCP 2634, 2700, 2710, 2740, 2751, 2752, 2850, 2905, 2910), Austin-Round Rock-San Marcos metro, ages 18-64, employed (ESR 1/2/4/5), ACS 2020-2024 5-year PUMS, PWGTP-weighted; 667 unweighted records. Dollars adjusted with ADJINC to 2024 then by the CPI-U 2024 factor to 2025 dollars.","pums"
"pums_austin_creative_lt50k","46.4353816817371","46.4%","percent","01_evidence/02_pums_nes_microdata/pums_baseline_TX_workers18to64_2020_2024_5yr.csv + pums_person_repweights_TX_2020_2024_5yr.csv.gz","Share earning under 50,000 dollars from work in 2025 dollars. Base EMP = Nine creative occupations pooled (OCCP 2634, 2700, 2710, 2740, 2751, 2752, 2850, 2905, 2910), Austin-Round Rock-San Marcos metro, ages 18-64, employed (ESR 1/2/4/5), ACS 2020-2024 5-year PUMS, PWGTP-weighted; 667 unweighted records. Dollars adjusted with ADJINC to 2024 then by the CPI-U 2024 factor to 2025 dollars.","pums"
"pums_austin_creative_lt50k_moe","4.70366575142338","+/- 4.7 points","percentage points, 90 percent margin of error","01_evidence/02_pums_nes_microdata/pums_baseline_TX_workers18to64_2020_2024_5yr.csv + pums_person_repweights_TX_2020_2024_5yr.csv.gz","90 percent MOE = 1.645 x SDR standard error from the 80 PUMS replicate weights. Share earning under 50,000 dollars from work in 2025 dollars. Base EMP = Nine creative occupations pooled (OCCP 2634, 2700, 2710, 2740, 2751, 2752, 2850, 2905, 2910), Austin-Round Rock-San Marcos metro, ages 18-64, employed (ESR 1/2/4/5), ACS 2020-2024 5-year PUMS, PWGTP-weighted; 667 unweighted records. Dollars adjusted with ADJINC to 2024 then by the CPI-U 2024 factor to 2025 dollars.","pums"
"pums_austin_creative_ltmusiccensus","15.31647905517623","15.3%","percent","01_evidence/02_pums_nes_microdata/pums_baseline_TX_workers18to64_2020_2024_5yr.csv + pums_person_repweights_TX_2020_2024_5yr.csv.gz","Share earning less than the 2013 Austin Music Census 10,000 dollar line restated in 2025 dollars. Base EMP = Nine creative occupations pooled (OCCP 2634, 2700, 2710, 2740, 2751, 2752, 2850, 2905, 2910), Austin-Round Rock-San Marcos metro, ages 18-64, employed (ESR 1/2/4/5), ACS 2020-2024 5-year PUMS, PWGTP-weighted; 667 unweighted records. Dollars adjusted with ADJINC to 2024 then by the CPI-U 2024 factor to 2025 dollars.","pums"
"pums_austin_creative_ltmusiccensus_moe","2.77794238540938","+/- 2.8 points","percentage points, 90 percent margin of error","01_evidence/02_pums_nes_microdata/pums_baseline_TX_workers18to64_2020_2024_5yr.csv + pums_person_repweights_TX_2020_2024_5yr.csv.gz","90 percent MOE = 1.645 x SDR standard error from the 80 PUMS replicate weights. Share earning less than the 2013 Austin Music Census 10,000 dollar line restated in 2025 dollars. Base EMP = Nine creative occupations pooled (OCCP 2634, 2700, 2710, 2740, 2751, 2752, 2850, 2905, 2910), Austin-Round Rock-San Marcos metro, ages 18-64, employed (ESR 1/2/4/5), ACS 2020-2024 5-year PUMS, PWGTP-weighted; 667 unweighted records. Dollars adjusted with ADJINC to 2024 then by the CPI-U 2024 factor to 2025 dollars.","pums"
"pums_austin_creative_nonposearn",".73199237251645","0.7%","percent","01_evidence/02_pums_nes_microdata/pums_baseline_TX_workers18to64_2020_2024_5yr.csv + pums_person_repweights_TX_2020_2024_5yr.csv.gz","Share of employed people reporting zero or negative earnings from work. Base EMP = Nine creative occupations pooled (OCCP 2634, 2700, 2710, 2740, 2751, 2752, 2850, 2905, 2910), Austin-Round Rock-San Marcos metro, ages 18-64, employed (ESR 1/2/4/5), ACS 2020-2024 5-year PUMS, PWGTP-weighted; 667 unweighted records.","pums"
"pums_austin_creative_nonposearn_moe",".73976336283859","+/- 0.7 points","percentage points, 90 percent margin of error","01_evidence/02_pums_nes_microdata/pums_baseline_TX_workers18to64_2020_2024_5yr.csv + pums_person_repweights_TX_2020_2024_5yr.csv.gz","90 percent MOE = 1.645 x SDR standard error from the 80 PUMS replicate weights. Share of employed people reporting zero or negative earnings from work. Base EMP = Nine creative occupations pooled (OCCP 2634, 2700, 2710, 2740, 2751, 2752, 2850, 2905, 2910), Austin-Round Rock-San Marcos metro, ages 18-64, employed (ESR 1/2/4/5), ACS 2020-2024 5-year PUMS, PWGTP-weighted; 667 unweighted records.","pums"
"pums_austin_creative_wtd_pos","16138","16,138","people","01_evidence/02_pums_nes_microdata/pums_baseline_TX_workers18to64_2020_2024_5yr.csv + pums_person_repweights_TX_2020_2024_5yr.csv.gz","Weighted denominator for every POS-base figure in this cell. Base POS = Nine creative occupations pooled (OCCP 2634, 2700, 2710, 2740, 2751, 2752, 2850, 2905, 2910), Austin-Round Rock-San Marcos metro, ages 18-64, employed (ESR 1/2/4/5) with positive earnings, ACS 2020-2024 5-year PUMS, PWGTP-weighted; 663 unweighted records.","pums"
"pums_austin_creative_meanpernp_pos","68212.35358311354","$68,200","2025 dollars","01_evidence/02_pums_nes_microdata/pums_baseline_TX_workers18to64_2020_2024_5yr.csv + pums_person_repweights_TX_2020_2024_5yr.csv.gz","Mean personal earnings from work. Base POS = Nine creative occupations pooled (OCCP 2634, 2700, 2710, 2740, 2751, 2752, 2850, 2905, 2910), Austin-Round Rock-San Marcos metro, ages 18-64, employed (ESR 1/2/4/5) with positive earnings, ACS 2020-2024 5-year PUMS, PWGTP-weighted; 663 unweighted records. Dollars adjusted with ADJINC to 2024 then by the CPI-U 2024 factor to 2025 dollars.","pums"
"pums_austin_creative_meanpernp_pos_moe","5739.820938893749","+/- $5,700","2025 dollars, 90 percent margin of error","01_evidence/02_pums_nes_microdata/pums_baseline_TX_workers18to64_2020_2024_5yr.csv + pums_person_repweights_TX_2020_2024_5yr.csv.gz","90 percent MOE = 1.645 x SDR standard error from the 80 PUMS replicate weights. Mean personal earnings from work. Base POS = Nine creative occupations pooled (OCCP 2634, 2700, 2710, 2740, 2751, 2752, 2850, 2905, 2910), Austin-Round Rock-San Marcos metro, ages 18-64, employed (ESR 1/2/4/5) with positive earnings, ACS 2020-2024 5-year PUMS, PWGTP-weighted; 663 unweighted records. Dollars adjusted with ADJINC to 2024 then by the CPI-U 2024 factor to 2025 dollars.","pums"
"pums_austin_creative_meanpincp_pos","72899.86934269109","$72,900","2025 dollars","01_evidence/02_pums_nes_microdata/pums_baseline_TX_workers18to64_2020_2024_5yr.csv + pums_person_repweights_TX_2020_2024_5yr.csv.gz","Mean total personal income. Base POS = Nine creative occupations pooled (OCCP 2634, 2700, 2710, 2740, 2751, 2752, 2850, 2905, 2910), Austin-Round Rock-San Marcos metro, ages 18-64, employed (ESR 1/2/4/5) with positive earnings, ACS 2020-2024 5-year PUMS, PWGTP-weighted; 663 unweighted records. Dollars adjusted with ADJINC to 2024 then by the CPI-U 2024 factor to 2025 dollars.","pums"
"pums_austin_creative_meanpincp_pos_moe","6228.507317632773","+/- $6,200","2025 dollars, 90 percent margin of error","01_evidence/02_pums_nes_microdata/pums_baseline_TX_workers18to64_2020_2024_5yr.csv + pums_person_repweights_TX_2020_2024_5yr.csv.gz","90 percent MOE = 1.645 x SDR standard error from the 80 PUMS replicate weights. Mean total personal income. Base POS = Nine creative occupations pooled (OCCP 2634, 2700, 2710, 2740, 2751, 2752, 2850, 2905, 2910), Austin-Round Rock-San Marcos metro, ages 18-64, employed (ESR 1/2/4/5) with positive earnings, ACS 2020-2024 5-year PUMS, PWGTP-weighted; 663 unweighted records. Dollars adjusted with ADJINC to 2024 then by the CPI-U 2024 factor to 2025 dollars.","pums"
"pums_austin_creative_medpincp_emp","53919.23727806058","$53,900","2025 dollars","01_evidence/02_pums_nes_microdata/pums_baseline_TX_workers18to64_2020_2024_5yr.csv + pums_person_repweights_TX_2020_2024_5yr.csv.gz","Median total personal income. Base EMP = Nine creative occupations pooled (OCCP 2634, 2700, 2710, 2740, 2751, 2752, 2850, 2905, 2910), Austin-Round Rock-San Marcos metro, ages 18-64, employed (ESR 1/2/4/5), ACS 2020-2024 5-year PUMS, PWGTP-weighted; 667 unweighted records. Dollars adjusted with ADJINC to 2024 then by the CPI-U 2024 factor to 2025 dollars.","pums"
"pums_austin_creative_medpincp_emp_moe","5115.786823683991","+/- $5,100","2025 dollars, 90 percent margin of error","01_evidence/02_pums_nes_microdata/pums_baseline_TX_workers18to64_2020_2024_5yr.csv + pums_person_repweights_TX_2020_2024_5yr.csv.gz","90 percent MOE = 1.645 x SDR standard error from the 80 PUMS replicate weights. Median total personal income. Base EMP = Nine creative occupations pooled (OCCP 2634, 2700, 2710, 2740, 2751, 2752, 2850, 2905, 2910), Austin-Round Rock-San Marcos metro, ages 18-64, employed (ESR 1/2/4/5), ACS 2020-2024 5-year PUMS, PWGTP-weighted; 667 unweighted records. Dollars adjusted with ADJINC to 2024 then by the CPI-U 2024 factor to 2025 dollars.","pums"
"pums_austin_creative_medpernp_emp","52132.18152622582","$52,100","2025 dollars","01_evidence/02_pums_nes_microdata/pums_baseline_TX_workers18to64_2020_2024_5yr.csv + pums_person_repweights_TX_2020_2024_5yr.csv.gz","Median personal earnings from work, zero and negative earners included. Base EMP = Nine creative occupations pooled (OCCP 2634, 2700, 2710, 2740, 2751, 2752, 2850, 2905, 2910), Austin-Round Rock-San Marcos metro, ages 18-64, employed (ESR 1/2/4/5), ACS 2020-2024 5-year PUMS, PWGTP-weighted; 667 unweighted records. Dollars adjusted with ADJINC to 2024 then by the CPI-U 2024 factor to 2025 dollars.","pums"
"pums_austin_creative_medpernp_emp_moe","4823.345122239923","+/- $4,800","2025 dollars, 90 percent margin of error","01_evidence/02_pums_nes_microdata/pums_baseline_TX_workers18to64_2020_2024_5yr.csv + pums_person_repweights_TX_2020_2024_5yr.csv.gz","90 percent MOE = 1.645 x SDR standard error from the 80 PUMS replicate weights. Median personal earnings from work, zero and negative earners included. Base EMP = Nine creative occupations pooled (OCCP 2634, 2700, 2710, 2740, 2751, 2752, 2850, 2905, 2910), Austin-Round Rock-San Marcos metro, ages 18-64, employed (ESR 1/2/4/5), ACS 2020-2024 5-year PUMS, PWGTP-weighted; 667 unweighted records. Dollars adjusted with ADJINC to 2024 then by the CPI-U 2024 factor to 2025 dollars.","pums"
"pums_austin_creative_medpernp_pos","52132.18152622582","$52,100","2025 dollars","01_evidence/02_pums_nes_microdata/pums_baseline_TX_workers18to64_2020_2024_5yr.csv + pums_person_repweights_TX_2020_2024_5yr.csv.gz","HEADLINE earnings figure. Median personal earnings from work. Base POS = Nine creative occupations pooled (OCCP 2634, 2700, 2710, 2740, 2751, 2752, 2850, 2905, 2910), Austin-Round Rock-San Marcos metro, ages 18-64, employed (ESR 1/2/4/5) with positive earnings, ACS 2020-2024 5-year PUMS, PWGTP-weighted; 663 unweighted records. Dollars adjusted with ADJINC to 2024 then by the CPI-U 2024 factor to 2025 dollars.","pums"
"pums_austin_creative_medpernp_pos_moe","5594.938896372535","+/- $5,600","2025 dollars, 90 percent margin of error","01_evidence/02_pums_nes_microdata/pums_baseline_TX_workers18to64_2020_2024_5yr.csv + pums_person_repweights_TX_2020_2024_5yr.csv.gz","90 percent MOE = 1.645 x SDR standard error from the 80 PUMS replicate weights. HEADLINE earnings figure. Median personal earnings from work. Base POS = Nine creative occupations pooled (OCCP 2634, 2700, 2710, 2740, 2751, 2752, 2850, 2905, 2910), Austin-Round Rock-San Marcos metro, ages 18-64, employed (ESR 1/2/4/5) with positive earnings, ACS 2020-2024 5-year PUMS, PWGTP-weighted; 663 unweighted records. Dollars adjusted with ADJINC to 2024 then by the CPI-U 2024 factor to 2025 dollars.","pums"
"pums_austin_creative_medpincp_pos","55144.67448892559","$55,100","2025 dollars","01_evidence/02_pums_nes_microdata/pums_baseline_TX_workers18to64_2020_2024_5yr.csv + pums_person_repweights_TX_2020_2024_5yr.csv.gz","Median total personal income on the same base as the headline earnings figure, so the earnings-to-income gap is not a base artefact. Base POS = Nine creative occupations pooled (OCCP 2634, 2700, 2710, 2740, 2751, 2752, 2850, 2905, 2910), Austin-Round Rock-San Marcos metro, ages 18-64, employed (ESR 1/2/4/5) with positive earnings, ACS 2020-2024 5-year PUMS, PWGTP-weighted; 663 unweighted records. Dollars adjusted with ADJINC to 2024 then by the CPI-U 2024 factor to 2025 dollars.","pums"
"pums_austin_creative_medpincp_pos_moe","4798.973795124925","+/- $4,800","2025 dollars, 90 percent margin of error","01_evidence/02_pums_nes_microdata/pums_baseline_TX_workers18to64_2020_2024_5yr.csv + pums_person_repweights_TX_2020_2024_5yr.csv.gz","90 percent MOE = 1.645 x SDR standard error from the 80 PUMS replicate weights. Median total personal income on the same base as the headline earnings figure, so the earnings-to-income gap is not a base artefact. Base POS = Nine creative occupations pooled (OCCP 2634, 2700, 2710, 2740, 2751, 2752, 2850, 2905, 2910), Austin-Round Rock-San Marcos metro, ages 18-64, employed (ESR 1/2/4/5) with positive earnings, ACS 2020-2024 5-year PUMS, PWGTP-weighted; 663 unweighted records. Dollars adjusted with ADJINC to 2024 then by the CPI-U 2024 factor to 2025 dollars.","pums"
"pums_austin_creative_medwkhp","40","40","usual hours per week","01_evidence/02_pums_nes_microdata/pums_baseline_TX_workers18to64_2020_2024_5yr.csv + pums_person_repweights_TX_2020_2024_5yr.csv.gz","Median usual hours worked per week (WKHP). Base EMP = Nine creative occupations pooled (OCCP 2634, 2700, 2710, 2740, 2751, 2752, 2850, 2905, 2910), Austin-Round Rock-San Marcos metro, ages 18-64, employed (ESR 1/2/4/5), ACS 2020-2024 5-year PUMS, PWGTP-weighted; 667 unweighted records.","pums"
"pums_austin_creative_medwkwn","52","52","weeks worked in past 12 months","01_evidence/02_pums_nes_microdata/pums_baseline_TX_workers18to64_2020_2024_5yr.csv + pums_person_repweights_TX_2020_2024_5yr.csv.gz","Median weeks worked in the past 12 months (WKWN). Base EMP = Nine creative occupations pooled (OCCP 2634, 2700, 2710, 2740, 2751, 2752, 2850, 2905, 2910), Austin-Round Rock-San Marcos metro, ages 18-64, employed (ESR 1/2/4/5), ACS 2020-2024 5-year PUMS, PWGTP-weighted; 667 unweighted records.","pums"
"pums_austin_allwork_n_emp","48643","48,643","unweighted person records","01_evidence/02_pums_nes_microdata/pums_baseline_TX_workers18to64_2020_2024_5yr.csv + pums_person_repweights_TX_2020_2024_5yr.csv.gz","Base EMP = All workers, Austin-Round Rock-San Marcos metro, ages 18-64, employed (ESR 1/2/4/5), ACS 2020-2024 5-year PUMS, PWGTP-weighted; 48643 unweighted records.","pums"
"pums_austin_allwork_n_pos","48606","48,606","unweighted person records","01_evidence/02_pums_nes_microdata/pums_baseline_TX_workers18to64_2020_2024_5yr.csv + pums_person_repweights_TX_2020_2024_5yr.csv.gz","Base POS = All workers, Austin-Round Rock-San Marcos metro, ages 18-64, employed (ESR 1/2/4/5) with positive earnings, ACS 2020-2024 5-year PUMS, PWGTP-weighted; 48606 unweighted records.","pums"
"pums_austin_allwork_wtd_emp","1280953","1,280,953","people","01_evidence/02_pums_nes_microdata/pums_baseline_TX_workers18to64_2020_2024_5yr.csv + pums_person_repweights_TX_2020_2024_5yr.csv.gz","Weighted denominator for every EMP-base figure in this cell. Base EMP = All workers, Austin-Round Rock-San Marcos metro, ages 18-64, employed (ESR 1/2/4/5), ACS 2020-2024 5-year PUMS, PWGTP-weighted; 48643 unweighted records.","pums"
"pums_austin_allwork_meanpincp_emp","91258.89875972204","$91,300","2025 dollars","01_evidence/02_pums_nes_microdata/pums_baseline_TX_workers18to64_2020_2024_5yr.csv + pums_person_repweights_TX_2020_2024_5yr.csv.gz","Mean total personal income. Base EMP = All workers, Austin-Round Rock-San Marcos metro, ages 18-64, employed (ESR 1/2/4/5), ACS 2020-2024 5-year PUMS, PWGTP-weighted; 48643 unweighted records. Dollars adjusted with ADJINC to 2024 then by the CPI-U 2024 factor to 2025 dollars.","pums"
"pums_austin_allwork_meanpincp_emp_moe","929.9696006461661","+/- $900","2025 dollars, 90 percent margin of error","01_evidence/02_pums_nes_microdata/pums_baseline_TX_workers18to64_2020_2024_5yr.csv + pums_person_repweights_TX_2020_2024_5yr.csv.gz","90 percent MOE = 1.645 x SDR standard error from the 80 PUMS replicate weights. Mean total personal income. Base EMP = All workers, Austin-Round Rock-San Marcos metro, ages 18-64, employed (ESR 1/2/4/5), ACS 2020-2024 5-year PUMS, PWGTP-weighted; 48643 unweighted records. Dollars adjusted with ADJINC to 2024 then by the CPI-U 2024 factor to 2025 dollars.","pums"
"pums_austin_allwork_meanpernp_emp","87684.45490780323","$87,700","2025 dollars","01_evidence/02_pums_nes_microdata/pums_baseline_TX_workers18to64_2020_2024_5yr.csv + pums_person_repweights_TX_2020_2024_5yr.csv.gz","Mean personal earnings from work, zero and negative earners included. Base EMP = All workers, Austin-Round Rock-San Marcos metro, ages 18-64, employed (ESR 1/2/4/5), ACS 2020-2024 5-year PUMS, PWGTP-weighted; 48643 unweighted records. Dollars adjusted with ADJINC to 2024 then by the CPI-U 2024 factor to 2025 dollars.","pums"
"pums_austin_allwork_meanpernp_emp_moe","918.9484150910827","+/- $900","2025 dollars, 90 percent margin of error","01_evidence/02_pums_nes_microdata/pums_baseline_TX_workers18to64_2020_2024_5yr.csv + pums_person_repweights_TX_2020_2024_5yr.csv.gz","90 percent MOE = 1.645 x SDR standard error from the 80 PUMS replicate weights. Mean personal earnings from work, zero and negative earners included. Base EMP = All workers, Austin-Round Rock-San Marcos metro, ages 18-64, employed (ESR 1/2/4/5), ACS 2020-2024 5-year PUMS, PWGTP-weighted; 48643 unweighted records. Dollars adjusted with ADJINC to 2024 then by the CPI-U 2024 factor to 2025 dollars.","pums"
"pums_austin_allwork_selfemp","10.35346339795449","10.4%","percent","01_evidence/02_pums_nes_microdata/pums_baseline_TX_workers18to64_2020_2024_5yr.csv + pums_person_repweights_TX_2020_2024_5yr.csv.gz","Share self-employed, COW 6 (unincorporated) or 7 (incorporated). Base EMP = All workers, Austin-Round Rock-San Marcos metro, ages 18-64, employed (ESR 1/2/4/5), ACS 2020-2024 5-year PUMS, PWGTP-weighted; 48643 unweighted records.","pums"
"pums_austin_allwork_selfemp_moe",".37176093277299","+/- 0.4 points","percentage points, 90 percent margin of error","01_evidence/02_pums_nes_microdata/pums_baseline_TX_workers18to64_2020_2024_5yr.csv + pums_person_repweights_TX_2020_2024_5yr.csv.gz","90 percent MOE = 1.645 x SDR standard error from the 80 PUMS replicate weights. Share self-employed, COW 6 (unincorporated) or 7 (incorporated). Base EMP = All workers, Austin-Round Rock-San Marcos metro, ages 18-64, employed (ESR 1/2/4/5), ACS 2020-2024 5-year PUMS, PWGTP-weighted; 48643 unweighted records.","pums"
"pums_austin_allwork_hicov","87.68768253011625","87.7%","percent","01_evidence/02_pums_nes_microdata/pums_baseline_TX_workers18to64_2020_2024_5yr.csv + pums_person_repweights_TX_2020_2024_5yr.csv.gz","Share with any health insurance (HICOV = 1). Base EMP = All workers, Austin-Round Rock-San Marcos metro, ages 18-64, employed (ESR 1/2/4/5), ACS 2020-2024 5-year PUMS, PWGTP-weighted; 48643 unweighted records.","pums"
"pums_austin_allwork_hicov_moe",".4020958180780601","+/- 0.4 points","percentage points, 90 percent margin of error","01_evidence/02_pums_nes_microdata/pums_baseline_TX_workers18to64_2020_2024_5yr.csv + pums_person_repweights_TX_2020_2024_5yr.csv.gz","90 percent MOE = 1.645 x SDR standard error from the 80 PUMS replicate weights. Share with any health insurance (HICOV = 1). Base EMP = All workers, Austin-Round Rock-San Marcos metro, ages 18-64, employed (ESR 1/2/4/5), ACS 2020-2024 5-year PUMS, PWGTP-weighted; 48643 unweighted records.","pums"
"pums_austin_allwork_privcov","84.67734569496305","84.7%","percent","01_evidence/02_pums_nes_microdata/pums_baseline_TX_workers18to64_2020_2024_5yr.csv + pums_person_repweights_TX_2020_2024_5yr.csv.gz","Share with private coverage (PRIVCOV = 1). Private and public overlap, so the two shares do not sum to the any-coverage share. Base EMP = All workers, Austin-Round Rock-San Marcos metro, ages 18-64, employed (ESR 1/2/4/5), ACS 2020-2024 5-year PUMS, PWGTP-weighted; 48643 unweighted records.","pums"
"pums_austin_allwork_privcov_moe",".46795564936372","+/- 0.5 points","percentage points, 90 percent margin of error","01_evidence/02_pums_nes_microdata/pums_baseline_TX_workers18to64_2020_2024_5yr.csv + pums_person_repweights_TX_2020_2024_5yr.csv.gz","90 percent MOE = 1.645 x SDR standard error from the 80 PUMS replicate weights. Share with private coverage (PRIVCOV = 1). Private and public overlap, so the two shares do not sum to the any-coverage share. Base EMP = All workers, Austin-Round Rock-San Marcos metro, ages 18-64, employed (ESR 1/2/4/5), ACS 2020-2024 5-year PUMS, PWGTP-weighted; 48643 unweighted records.","pums"
"pums_austin_allwork_pubcov","5.51542484384673","5.5%","percent","01_evidence/02_pums_nes_microdata/pums_baseline_TX_workers18to64_2020_2024_5yr.csv + pums_person_repweights_TX_2020_2024_5yr.csv.gz","Share with public coverage (PUBCOV = 1). Private and public overlap. Base EMP = All workers, Austin-Round Rock-San Marcos metro, ages 18-64, employed (ESR 1/2/4/5), ACS 2020-2024 5-year PUMS, PWGTP-weighted; 48643 unweighted records.","pums"
"pums_austin_allwork_pubcov_moe",".31287656020248","+/- 0.3 points","percentage points, 90 percent margin of error","01_evidence/02_pums_nes_microdata/pums_baseline_TX_workers18to64_2020_2024_5yr.csv + pums_person_repweights_TX_2020_2024_5yr.csv.gz","90 percent MOE = 1.645 x SDR standard error from the 80 PUMS replicate weights. Share with public coverage (PUBCOV = 1). Private and public overlap. Base EMP = All workers, Austin-Round Rock-San Marcos metro, ages 18-64, employed (ESR 1/2/4/5), ACS 2020-2024 5-year PUMS, PWGTP-weighted; 48643 unweighted records.","pums"
"pums_austin_allwork_lt10k","6.78838333646902","6.8%","percent","01_evidence/02_pums_nes_microdata/pums_baseline_TX_workers18to64_2020_2024_5yr.csv + pums_person_repweights_TX_2020_2024_5yr.csv.gz","Share earning under 10,000 dollars from work in 2025 dollars. Base EMP = All workers, Austin-Round Rock-San Marcos metro, ages 18-64, employed (ESR 1/2/4/5), ACS 2020-2024 5-year PUMS, PWGTP-weighted; 48643 unweighted records. Dollars adjusted with ADJINC to 2024 then by the CPI-U 2024 factor to 2025 dollars.","pums"
"pums_austin_allwork_lt10k_moe",".25675877116328","+/- 0.3 points","percentage points, 90 percent margin of error","01_evidence/02_pums_nes_microdata/pums_baseline_TX_workers18to64_2020_2024_5yr.csv + pums_person_repweights_TX_2020_2024_5yr.csv.gz","90 percent MOE = 1.645 x SDR standard error from the 80 PUMS replicate weights. Share earning under 10,000 dollars from work in 2025 dollars. Base EMP = All workers, Austin-Round Rock-San Marcos metro, ages 18-64, employed (ESR 1/2/4/5), ACS 2020-2024 5-year PUMS, PWGTP-weighted; 48643 unweighted records. Dollars adjusted with ADJINC to 2024 then by the CPI-U 2024 factor to 2025 dollars.","pums"
"pums_austin_allwork_lt25k","17.48174991588294","17.5%","percent","01_evidence/02_pums_nes_microdata/pums_baseline_TX_workers18to64_2020_2024_5yr.csv + pums_person_repweights_TX_2020_2024_5yr.csv.gz","Share earning under 25,000 dollars from work in 2025 dollars. Base EMP = All workers, Austin-Round Rock-San Marcos metro, ages 18-64, employed (ESR 1/2/4/5), ACS 2020-2024 5-year PUMS, PWGTP-weighted; 48643 unweighted records. Dollars adjusted with ADJINC to 2024 then by the CPI-U 2024 factor to 2025 dollars.","pums"
"pums_austin_allwork_lt25k_moe",".37868529268572","+/- 0.4 points","percentage points, 90 percent margin of error","01_evidence/02_pums_nes_microdata/pums_baseline_TX_workers18to64_2020_2024_5yr.csv + pums_person_repweights_TX_2020_2024_5yr.csv.gz","90 percent MOE = 1.645 x SDR standard error from the 80 PUMS replicate weights. Share earning under 25,000 dollars from work in 2025 dollars. Base EMP = All workers, Austin-Round Rock-San Marcos metro, ages 18-64, employed (ESR 1/2/4/5), ACS 2020-2024 5-year PUMS, PWGTP-weighted; 48643 unweighted records. Dollars adjusted with ADJINC to 2024 then by the CPI-U 2024 factor to 2025 dollars.","pums"
"pums_austin_allwork_lt50k","39.47264263403887","39.5%","percent","01_evidence/02_pums_nes_microdata/pums_baseline_TX_workers18to64_2020_2024_5yr.csv + pums_person_repweights_TX_2020_2024_5yr.csv.gz","Share earning under 50,000 dollars from work in 2025 dollars. Base EMP = All workers, Austin-Round Rock-San Marcos metro, ages 18-64, employed (ESR 1/2/4/5), ACS 2020-2024 5-year PUMS, PWGTP-weighted; 48643 unweighted records. Dollars adjusted with ADJINC to 2024 then by the CPI-U 2024 factor to 2025 dollars.","pums"
"pums_austin_allwork_lt50k_moe",".5239416941747099","+/- 0.5 points","percentage points, 90 percent margin of error","01_evidence/02_pums_nes_microdata/pums_baseline_TX_workers18to64_2020_2024_5yr.csv + pums_person_repweights_TX_2020_2024_5yr.csv.gz","90 percent MOE = 1.645 x SDR standard error from the 80 PUMS replicate weights. Share earning under 50,000 dollars from work in 2025 dollars. Base EMP = All workers, Austin-Round Rock-San Marcos metro, ages 18-64, employed (ESR 1/2/4/5), ACS 2020-2024 5-year PUMS, PWGTP-weighted; 48643 unweighted records. Dollars adjusted with ADJINC to 2024 then by the CPI-U 2024 factor to 2025 dollars.","pums"
"pums_austin_allwork_ltmusiccensus","10.01808809534776","10.0%","percent","01_evidence/02_pums_nes_microdata/pums_baseline_TX_workers18to64_2020_2024_5yr.csv + pums_person_repweights_TX_2020_2024_5yr.csv.gz","Share earning less than the 2013 Austin Music Census 10,000 dollar line restated in 2025 dollars. Base EMP = All workers, Austin-Round Rock-San Marcos metro, ages 18-64, employed (ESR 1/2/4/5), ACS 2020-2024 5-year PUMS, PWGTP-weighted; 48643 unweighted records. Dollars adjusted with ADJINC to 2024 then by the CPI-U 2024 factor to 2025 dollars.","pums"
"pums_austin_allwork_ltmusiccensus_moe",".28339932100761","+/- 0.3 points","percentage points, 90 percent margin of error","01_evidence/02_pums_nes_microdata/pums_baseline_TX_workers18to64_2020_2024_5yr.csv + pums_person_repweights_TX_2020_2024_5yr.csv.gz","90 percent MOE = 1.645 x SDR standard error from the 80 PUMS replicate weights. Share earning less than the 2013 Austin Music Census 10,000 dollar line restated in 2025 dollars. Base EMP = All workers, Austin-Round Rock-San Marcos metro, ages 18-64, employed (ESR 1/2/4/5), ACS 2020-2024 5-year PUMS, PWGTP-weighted; 48643 unweighted records. Dollars adjusted with ADJINC to 2024 then by the CPI-U 2024 factor to 2025 dollars.","pums"
"pums_austin_allwork_nonposearn",".07471000106952","0.1%","percent","01_evidence/02_pums_nes_microdata/pums_baseline_TX_workers18to64_2020_2024_5yr.csv + pums_person_repweights_TX_2020_2024_5yr.csv.gz","Share of employed people reporting zero or negative earnings from work. Base EMP = All workers, Austin-Round Rock-San Marcos metro, ages 18-64, employed (ESR 1/2/4/5), ACS 2020-2024 5-year PUMS, PWGTP-weighted; 48643 unweighted records.","pums"
"pums_austin_allwork_nonposearn_moe",".02777388782035","+/- 0.0 points","percentage points, 90 percent margin of error","01_evidence/02_pums_nes_microdata/pums_baseline_TX_workers18to64_2020_2024_5yr.csv + pums_person_repweights_TX_2020_2024_5yr.csv.gz","90 percent MOE = 1.645 x SDR standard error from the 80 PUMS replicate weights. Share of employed people reporting zero or negative earnings from work. Base EMP = All workers, Austin-Round Rock-San Marcos metro, ages 18-64, employed (ESR 1/2/4/5), ACS 2020-2024 5-year PUMS, PWGTP-weighted; 48643 unweighted records.","pums"
"pums_austin_allwork_wtd_pos","1279996","1,279,996","people","01_evidence/02_pums_nes_microdata/pums_baseline_TX_workers18to64_2020_2024_5yr.csv + pums_person_repweights_TX_2020_2024_5yr.csv.gz","Weighted denominator for every POS-base figure in this cell. Base POS = All workers, Austin-Round Rock-San Marcos metro, ages 18-64, employed (ESR 1/2/4/5) with positive earnings, ACS 2020-2024 5-year PUMS, PWGTP-weighted; 48606 unweighted records.","pums"
"pums_austin_allwork_meanpernp_pos","87755.13097506409","$87,800","2025 dollars","01_evidence/02_pums_nes_microdata/pums_baseline_TX_workers18to64_2020_2024_5yr.csv + pums_person_repweights_TX_2020_2024_5yr.csv.gz","Mean personal earnings from work. Base POS = All workers, Austin-Round Rock-San Marcos metro, ages 18-64, employed (ESR 1/2/4/5) with positive earnings, ACS 2020-2024 5-year PUMS, PWGTP-weighted; 48606 unweighted records. Dollars adjusted with ADJINC to 2024 then by the CPI-U 2024 factor to 2025 dollars.","pums"
"pums_austin_allwork_meanpernp_pos_moe","917.4986675409932","+/- $900","2025 dollars, 90 percent margin of error","01_evidence/02_pums_nes_microdata/pums_baseline_TX_workers18to64_2020_2024_5yr.csv + pums_person_repweights_TX_2020_2024_5yr.csv.gz","90 percent MOE = 1.645 x SDR standard error from the 80 PUMS replicate weights. Mean personal earnings from work. Base POS = All workers, Austin-Round Rock-San Marcos metro, ages 18-64, employed (ESR 1/2/4/5) with positive earnings, ACS 2020-2024 5-year PUMS, PWGTP-weighted; 48606 unweighted records. Dollars adjusted with ADJINC to 2024 then by the CPI-U 2024 factor to 2025 dollars.","pums"
"pums_austin_allwork_meanpincp_pos","91313.57376707316","$91,300","2025 dollars","01_evidence/02_pums_nes_microdata/pums_baseline_TX_workers18to64_2020_2024_5yr.csv + pums_person_repweights_TX_2020_2024_5yr.csv.gz","Mean total personal income. Base POS = All workers, Austin-Round Rock-San Marcos metro, ages 18-64, employed (ESR 1/2/4/5) with positive earnings, ACS 2020-2024 5-year PUMS, PWGTP-weighted; 48606 unweighted records. Dollars adjusted with ADJINC to 2024 then by the CPI-U 2024 factor to 2025 dollars.","pums"
"pums_austin_allwork_meanpincp_pos_moe","927.4914318745155","+/- $900","2025 dollars, 90 percent margin of error","01_evidence/02_pums_nes_microdata/pums_baseline_TX_workers18to64_2020_2024_5yr.csv + pums_person_repweights_TX_2020_2024_5yr.csv.gz","90 percent MOE = 1.645 x SDR standard error from the 80 PUMS replicate weights. Mean total personal income. Base POS = All workers, Austin-Round Rock-San Marcos metro, ages 18-64, employed (ESR 1/2/4/5) with positive earnings, ACS 2020-2024 5-year PUMS, PWGTP-weighted; 48606 unweighted records. Dollars adjusted with ADJINC to 2024 then by the CPI-U 2024 factor to 2025 dollars.","pums"
"pums_austin_allwork_medpincp_emp","62913.94640580977","$62,900","2025 dollars","01_evidence/02_pums_nes_microdata/pums_baseline_TX_workers18to64_2020_2024_5yr.csv + pums_person_repweights_TX_2020_2024_5yr.csv.gz","Median total personal income. Base EMP = All workers, Austin-Round Rock-San Marcos metro, ages 18-64, employed (ESR 1/2/4/5), ACS 2020-2024 5-year PUMS, PWGTP-weighted; 48643 unweighted records. Dollars adjusted with ADJINC to 2024 then by the CPI-U 2024 factor to 2025 dollars.","pums"
"pums_austin_allwork_medpincp_emp_moe","607.8480239370027","+/- $600","2025 dollars, 90 percent margin of error","01_evidence/02_pums_nes_microdata/pums_baseline_TX_workers18to64_2020_2024_5yr.csv + pums_person_repweights_TX_2020_2024_5yr.csv.gz","90 percent MOE = 1.645 x SDR standard error from the 80 PUMS replicate weights. Median total personal income. Base EMP = All workers, Austin-Round Rock-San Marcos metro, ages 18-64, employed (ESR 1/2/4/5), ACS 2020-2024 5-year PUMS, PWGTP-weighted; 48643 unweighted records. Dollars adjusted with ADJINC to 2024 then by the CPI-U 2024 factor to 2025 dollars.","pums"
"pums_austin_allwork_medpernp_emp","62121.98763990402","$62,100","2025 dollars","01_evidence/02_pums_nes_microdata/pums_baseline_TX_workers18to64_2020_2024_5yr.csv + pums_person_repweights_TX_2020_2024_5yr.csv.gz","Median personal earnings from work, zero and negative earners included. Base EMP = All workers, Austin-Round Rock-San Marcos metro, ages 18-64, employed (ESR 1/2/4/5), ACS 2020-2024 5-year PUMS, PWGTP-weighted; 48643 unweighted records. Dollars adjusted with ADJINC to 2024 then by the CPI-U 2024 factor to 2025 dollars.","pums"
"pums_austin_allwork_medpernp_emp_moe","1353.780478216676","+/- $1,400","2025 dollars, 90 percent margin of error","01_evidence/02_pums_nes_microdata/pums_baseline_TX_workers18to64_2020_2024_5yr.csv + pums_person_repweights_TX_2020_2024_5yr.csv.gz","90 percent MOE = 1.645 x SDR standard error from the 80 PUMS replicate weights. Median personal earnings from work, zero and negative earners included. Base EMP = All workers, Austin-Round Rock-San Marcos metro, ages 18-64, employed (ESR 1/2/4/5), ACS 2020-2024 5-year PUMS, PWGTP-weighted; 48643 unweighted records. Dollars adjusted with ADJINC to 2024 then by the CPI-U 2024 factor to 2025 dollars.","pums"
"pums_austin_allwork_medpernp_pos","62497.29775411567","$62,500","2025 dollars","01_evidence/02_pums_nes_microdata/pums_baseline_TX_workers18to64_2020_2024_5yr.csv + pums_person_repweights_TX_2020_2024_5yr.csv.gz","HEADLINE earnings figure. Median personal earnings from work. Base POS = All workers, Austin-Round Rock-San Marcos metro, ages 18-64, employed (ESR 1/2/4/5) with positive earnings, ACS 2020-2024 5-year PUMS, PWGTP-weighted; 48606 unweighted records. Dollars adjusted with ADJINC to 2024 then by the CPI-U 2024 factor to 2025 dollars.","pums"
"pums_austin_allwork_medpernp_pos_moe","1465.984129123938","+/- $1,500","2025 dollars, 90 percent margin of error","01_evidence/02_pums_nes_microdata/pums_baseline_TX_workers18to64_2020_2024_5yr.csv + pums_person_repweights_TX_2020_2024_5yr.csv.gz","90 percent MOE = 1.645 x SDR standard error from the 80 PUMS replicate weights. HEADLINE earnings figure. Median personal earnings from work. Base POS = All workers, Austin-Round Rock-San Marcos metro, ages 18-64, employed (ESR 1/2/4/5) with positive earnings, ACS 2020-2024 5-year PUMS, PWGTP-weighted; 48606 unweighted records. Dollars adjusted with ADJINC to 2024 then by the CPI-U 2024 factor to 2025 dollars.","pums"
"pums_austin_allwork_medpincp_pos","63079.93964673325","$63,100","2025 dollars","01_evidence/02_pums_nes_microdata/pums_baseline_TX_workers18to64_2020_2024_5yr.csv + pums_person_repweights_TX_2020_2024_5yr.csv.gz","Median total personal income on the same base as the headline earnings figure, so the earnings-to-income gap is not a base artefact. Base POS = All workers, Austin-Round Rock-San Marcos metro, ages 18-64, employed (ESR 1/2/4/5) with positive earnings, ACS 2020-2024 5-year PUMS, PWGTP-weighted; 48606 unweighted records. Dollars adjusted with ADJINC to 2024 then by the CPI-U 2024 factor to 2025 dollars.","pums"
"pums_austin_allwork_medpincp_pos_moe","711.8210744243282","+/- $700","2025 dollars, 90 percent margin of error","01_evidence/02_pums_nes_microdata/pums_baseline_TX_workers18to64_2020_2024_5yr.csv + pums_person_repweights_TX_2020_2024_5yr.csv.gz","90 percent MOE = 1.645 x SDR standard error from the 80 PUMS replicate weights. Median total personal income on the same base as the headline earnings figure, so the earnings-to-income gap is not a base artefact. Base POS = All workers, Austin-Round Rock-San Marcos metro, ages 18-64, employed (ESR 1/2/4/5) with positive earnings, ACS 2020-2024 5-year PUMS, PWGTP-weighted; 48606 unweighted records. Dollars adjusted with ADJINC to 2024 then by the CPI-U 2024 factor to 2025 dollars.","pums"
"pums_austin_allwork_medwkhp","40","40","usual hours per week","01_evidence/02_pums_nes_microdata/pums_baseline_TX_workers18to64_2020_2024_5yr.csv + pums_person_repweights_TX_2020_2024_5yr.csv.gz","Median usual hours worked per week (WKHP). Base EMP = All workers, Austin-Round Rock-San Marcos metro, ages 18-64, employed (ESR 1/2/4/5), ACS 2020-2024 5-year PUMS, PWGTP-weighted; 48643 unweighted records.","pums"
"pums_austin_allwork_medwkwn","52","52","weeks worked in past 12 months","01_evidence/02_pums_nes_microdata/pums_baseline_TX_workers18to64_2020_2024_5yr.csv + pums_person_repweights_TX_2020_2024_5yr.csv.gz","Median weeks worked in the past 12 months (WKWN). Base EMP = All workers, Austin-Round Rock-San Marcos metro, ages 18-64, employed (ESR 1/2/4/5), ACS 2020-2024 5-year PUMS, PWGTP-weighted; 48643 unweighted records.","pums"
"pums_austin_share_of_tx_musicians","17.59788097011837","17.6%","percent","01_evidence/02_pums_nes_microdata/pums_baseline_TX_workers18to64_2020_2024_5yr.csv + pums_person_repweights_TX_2020_2024_5yr.csv.gz","Austin metro share of Texas musicians and singers (OCCP 2752), employed base, PWGTP-weighted. Ratio of two same-vintage weighted counts, so no deflation applies.","pums"
"pums_austin_share_of_tx_workers","9.42213978099084","9.4%","percent","01_evidence/02_pums_nes_microdata/pums_baseline_TX_workers18to64_2020_2024_5yr.csv + pums_person_repweights_TX_2020_2024_5yr.csv.gz","Austin metro share of all employed Texans 18-64, PWGTP-weighted. Ratio of two same-vintage weighted counts, so no deflation applies.","pums"
"pums_tx_mus_medpernp_nominal","21000","$21,000","nominal dollars of the survey year","01_evidence/02_pums_nes_microdata/pums_baseline_TX_workers18to64_2020_2024_5yr.csv + pums_person_repweights_TX_2020_2024_5yr.csv.gz","Median personal earnings for musicians and singers on the matched employed base, WITHOUT ADJINC or the CPI factor. Reported only to reconcile with the earlier evidence pass; never quote a nominal PUMS figure in the report.","pums"
"pums_tx_mus_medpincp_nominal","25000","$25,000","nominal dollars of the survey year","01_evidence/02_pums_nes_microdata/pums_baseline_TX_workers18to64_2020_2024_5yr.csv + pums_person_repweights_TX_2020_2024_5yr.csv.gz","Median total personal income for musicians and singers on the matched employed base, unadjusted. Reconciliation only.","pums"
"pums_tx_allwork_medpernp_nominal","43700","$43,700","nominal dollars of the survey year","01_evidence/02_pums_nes_microdata/pums_baseline_TX_workers18to64_2020_2024_5yr.csv + pums_person_repweights_TX_2020_2024_5yr.csv.gz","Median personal earnings for all employed Texans 18-64, unadjusted. Reconciliation only; the report quotes the 2025-dollar version.","pums"
"pums_tx_allwork_medpincp_nominal","45000","$45,000","nominal dollars of the survey year","01_evidence/02_pums_nes_microdata/pums_baseline_TX_workers18to64_2020_2024_5yr.csv + pums_person_repweights_TX_2020_2024_5yr.csv.gz","Median total personal income for all employed Texans 18-64, unadjusted. Reconciliation only.","pums"
"pums_tx_mus_allages_n","885","885","unweighted person records","01_evidence/02_pums_nes_microdata/pums_musicians_creatives_TX_2020_2024_5yr.csv","All Texas records with OCCP 2752, any age, any employment status. 238 of them were unemployed or out of the labour force, which is why this population cannot be compared with an employed-only baseline.","pums"
"pums_tx_mus_allages_medpernp_nominal","12800","$12,800","nominal dollars of the survey year","01_evidence/02_pums_nes_microdata/pums_musicians_creatives_TX_2020_2024_5yr.csv","SUPERSEDED. The unrestricted all-ages, any-employment-status median that the 2026-08-01 evidence memo compared against an employed-only baseline. Registered only so the correction can be described; do not quote it as a musician earnings figure.","pums"
"pums_tx_mus_allages_medpincp_nominal","22800","$22,800","nominal dollars of the survey year","01_evidence/02_pums_nes_microdata/pums_musicians_creatives_TX_2020_2024_5yr.csv","SUPERSEDED companion to the earnings figure above, same unrestricted population. Do not quote.","pums"
"pums_occ2634_medpernp_pos","52132.18152622582","$52,100","2025 dollars","01_evidence/02_pums_nes_microdata/pums_baseline_TX_workers18to64_2020_2024_5yr.csv + pums_person_repweights_TX_2020_2024_5yr.csv.gz","Graphic designers (OCCP 2634), Texas, ages 18-64, employed with positive earnings; 1028 unweighted records. Median personal earnings, ADJINC then CPI-U to 2025 dollars.","pums"
"pums_occ2634_medpernp_pos_moe","1897.677241975306","+/- $1,900","2025 dollars, 90 percent margin of error","01_evidence/02_pums_nes_microdata/pums_baseline_TX_workers18to64_2020_2024_5yr.csv + pums_person_repweights_TX_2020_2024_5yr.csv.gz","90 percent MOE = 1.645 x SDR standard error from the 80 PUMS replicate weights. Graphic designers (OCCP 2634), Texas, ages 18-64, employed with positive earnings; 1028 unweighted records. Median personal earnings, ADJINC then CPI-U to 2025 dollars.","pums"
"pums_occ2634_selfemp","22.98081422554984","23.0%","percent","01_evidence/02_pums_nes_microdata/pums_baseline_TX_workers18to64_2020_2024_5yr.csv + pums_person_repweights_TX_2020_2024_5yr.csv.gz","Graphic designers (OCCP 2634), Texas, ages 18-64, employed; 1030 unweighted records, 21,370 weighted. Share with COW 6 or 7.","pums"
"pums_occ2634_selfemp_moe","2.57412214070786","+/- 2.6 points","percentage points, 90 percent margin of error","01_evidence/02_pums_nes_microdata/pums_baseline_TX_workers18to64_2020_2024_5yr.csv + pums_person_repweights_TX_2020_2024_5yr.csv.gz","90 percent MOE = 1.645 x SDR standard error from the 80 PUMS replicate weights. Graphic designers (OCCP 2634), Texas, ages 18-64, employed; 1030 unweighted records, 21,370 weighted. Share with COW 6 or 7.","pums"
"pums_occ2700_medpernp_pos","12276.50881164971","$12,300","2025 dollars","01_evidence/02_pums_nes_microdata/pums_baseline_TX_workers18to64_2020_2024_5yr.csv + pums_person_repweights_TX_2020_2024_5yr.csv.gz","Actors (OCCP 2700), Texas, ages 18-64, employed with positive earnings; 76 unweighted records. Median personal earnings, ADJINC then CPI-U to 2025 dollars.","pums"
"pums_occ2700_medpernp_pos_moe","10500.07434773298","+/- $10,500","2025 dollars, 90 percent margin of error","01_evidence/02_pums_nes_microdata/pums_baseline_TX_workers18to64_2020_2024_5yr.csv + pums_person_repweights_TX_2020_2024_5yr.csv.gz","90 percent MOE = 1.645 x SDR standard error from the 80 PUMS replicate weights. Actors (OCCP 2700), Texas, ages 18-64, employed with positive earnings; 76 unweighted records. Median personal earnings, ADJINC then CPI-U to 2025 dollars.","pums"
"pums_occ2700_selfemp","44.3609022556391","44.4%","percent","01_evidence/02_pums_nes_microdata/pums_baseline_TX_workers18to64_2020_2024_5yr.csv + pums_person_repweights_TX_2020_2024_5yr.csv.gz","Actors (OCCP 2700), Texas, ages 18-64, employed; 76 unweighted records, 1,596 weighted. Share with COW 6 or 7.","pums"
"pums_occ2700_selfemp_moe","11.23798831558406","+/- 11.2 points","percentage points, 90 percent margin of error","01_evidence/02_pums_nes_microdata/pums_baseline_TX_workers18to64_2020_2024_5yr.csv + pums_person_repweights_TX_2020_2024_5yr.csv.gz","90 percent MOE = 1.645 x SDR standard error from the 80 PUMS replicate weights. Actors (OCCP 2700), Texas, ages 18-64, employed; 76 unweighted records, 1,596 weighted. Share with COW 6 or 7.","pums"
"pums_occ2710_medpernp_pos","61956.21269430694","$62,000","2025 dollars","01_evidence/02_pums_nes_microdata/pums_baseline_TX_workers18to64_2020_2024_5yr.csv + pums_person_repweights_TX_2020_2024_5yr.csv.gz","Producers and directors (OCCP 2710), Texas, ages 18-64, employed with positive earnings; 478 unweighted records. Median personal earnings, ADJINC then CPI-U to 2025 dollars.","pums"
"pums_occ2710_medpernp_pos_moe","3139.10597440425","+/- $3,100","2025 dollars, 90 percent margin of error","01_evidence/02_pums_nes_microdata/pums_baseline_TX_workers18to64_2020_2024_5yr.csv + pums_person_repweights_TX_2020_2024_5yr.csv.gz","90 percent MOE = 1.645 x SDR standard error from the 80 PUMS replicate weights. Producers and directors (OCCP 2710), Texas, ages 18-64, employed with positive earnings; 478 unweighted records. Median personal earnings, ADJINC then CPI-U to 2025 dollars.","pums"
"pums_occ2710_selfemp","25.7131916523071","25.7%","percent","01_evidence/02_pums_nes_microdata/pums_baseline_TX_workers18to64_2020_2024_5yr.csv + pums_person_repweights_TX_2020_2024_5yr.csv.gz","Producers and directors (OCCP 2710), Texas, ages 18-64, employed; 479 unweighted records, 10,446 weighted. Share with COW 6 or 7.","pums"
"pums_occ2710_selfemp_moe","3.77845038691107","+/- 3.8 points","percentage points, 90 percent margin of error","01_evidence/02_pums_nes_microdata/pums_baseline_TX_workers18to64_2020_2024_5yr.csv + pums_person_repweights_TX_2020_2024_5yr.csv.gz","90 percent MOE = 1.645 x SDR standard error from the 80 PUMS replicate weights. Producers and directors (OCCP 2710), Texas, ages 18-64, employed; 479 unweighted records, 10,446 weighted. Share with COW 6 or 7.","pums"
"pums_occ2740_medpernp_pos","24508.74421730026","$24,500","2025 dollars","01_evidence/02_pums_nes_microdata/pums_baseline_TX_workers18to64_2020_2024_5yr.csv + pums_person_repweights_TX_2020_2024_5yr.csv.gz","Dancers and choreographers (OCCP 2740), Texas, ages 18-64, employed with positive earnings; 66 unweighted records. Median personal earnings, ADJINC then CPI-U to 2025 dollars.","pums"
"pums_occ2740_medpernp_pos_moe","6923.569576692796","+/- $6,900","2025 dollars, 90 percent margin of error","01_evidence/02_pums_nes_microdata/pums_baseline_TX_workers18to64_2020_2024_5yr.csv + pums_person_repweights_TX_2020_2024_5yr.csv.gz","90 percent MOE = 1.645 x SDR standard error from the 80 PUMS replicate weights. Dancers and choreographers (OCCP 2740), Texas, ages 18-64, employed with positive earnings; 66 unweighted records. Median personal earnings, ADJINC then CPI-U to 2025 dollars.","pums"
"pums_occ2740_selfemp","33.29792883696229","33.3%","percent","01_evidence/02_pums_nes_microdata/pums_baseline_TX_workers18to64_2020_2024_5yr.csv + pums_person_repweights_TX_2020_2024_5yr.csv.gz","Dancers and choreographers (OCCP 2740), Texas, ages 18-64, employed; 66 unweighted records, 1,883 weighted. Share with COW 6 or 7.","pums"
"pums_occ2740_selfemp_moe","12.39206210924707","+/- 12.4 points","percentage points, 90 percent margin of error","01_evidence/02_pums_nes_microdata/pums_baseline_TX_workers18to64_2020_2024_5yr.csv + pums_person_repweights_TX_2020_2024_5yr.csv.gz","90 percent MOE = 1.645 x SDR standard error from the 80 PUMS replicate weights. Dancers and choreographers (OCCP 2740), Texas, ages 18-64, employed; 66 unweighted records, 1,883 weighted. Share with COW 6 or 7.","pums"
"pums_occ2751_medpernp_pos","64667.21758738622","$64,700","2025 dollars","01_evidence/02_pums_nes_microdata/pums_baseline_TX_workers18to64_2020_2024_5yr.csv + pums_person_repweights_TX_2020_2024_5yr.csv.gz","Music directors and composers (OCCP 2751), Texas, ages 18-64, employed with positive earnings; 122 unweighted records. Median personal earnings, ADJINC then CPI-U to 2025 dollars.","pums"
"pums_occ2751_medpernp_pos_moe","7754.721544975116","+/- $7,800","2025 dollars, 90 percent margin of error","01_evidence/02_pums_nes_microdata/pums_baseline_TX_workers18to64_2020_2024_5yr.csv + pums_person_repweights_TX_2020_2024_5yr.csv.gz","90 percent MOE = 1.645 x SDR standard error from the 80 PUMS replicate weights. Music directors and composers (OCCP 2751), Texas, ages 18-64, employed with positive earnings; 122 unweighted records. Median personal earnings, ADJINC then CPI-U to 2025 dollars.","pums"
"pums_occ2751_selfemp","29.73780285429804","29.7%","percent","01_evidence/02_pums_nes_microdata/pums_baseline_TX_workers18to64_2020_2024_5yr.csv + pums_person_repweights_TX_2020_2024_5yr.csv.gz","Music directors and composers (OCCP 2751), Texas, ages 18-64, employed; 122 unweighted records, 3,013 weighted. Share with COW 6 or 7.","pums"
"pums_occ2751_selfemp_moe","10.76124703049365","+/- 10.8 points","percentage points, 90 percent margin of error","01_evidence/02_pums_nes_microdata/pums_baseline_TX_workers18to64_2020_2024_5yr.csv + pums_person_repweights_TX_2020_2024_5yr.csv.gz","90 percent MOE = 1.645 x SDR standard error from the 80 PUMS replicate weights. Music directors and composers (OCCP 2751), Texas, ages 18-64, employed; 122 unweighted records, 3,013 weighted. Share with COW 6 or 7.","pums"
"pums_occ2752_medpernp_pos","25099.79298581981","$25,100","2025 dollars","01_evidence/02_pums_nes_microdata/pums_baseline_TX_workers18to64_2020_2024_5yr.csv + pums_person_repweights_TX_2020_2024_5yr.csv.gz","Musicians and singers (OCCP 2752), Texas, ages 18-64, employed with positive earnings; 498 unweighted records. Median personal earnings, ADJINC then CPI-U to 2025 dollars.","pums"
"pums_occ2752_medpernp_pos_moe","2690.317702177011","+/- $2,700","2025 dollars, 90 percent margin of error","01_evidence/02_pums_nes_microdata/pums_baseline_TX_workers18to64_2020_2024_5yr.csv + pums_person_repweights_TX_2020_2024_5yr.csv.gz","90 percent MOE = 1.645 x SDR standard error from the 80 PUMS replicate weights. Musicians and singers (OCCP 2752), Texas, ages 18-64, employed with positive earnings; 498 unweighted records. Median personal earnings, ADJINC then CPI-U to 2025 dollars.","pums"
"pums_occ2752_selfemp","51.52719145766079","51.5%","percent","01_evidence/02_pums_nes_microdata/pums_baseline_TX_workers18to64_2020_2024_5yr.csv + pums_person_repweights_TX_2020_2024_5yr.csv.gz","Musicians and singers (OCCP 2752), Texas, ages 18-64, employed; 500 unweighted records, 12,081 weighted. Share with COW 6 or 7.","pums"
"pums_occ2752_selfemp_moe","4.85664254111764","+/- 4.9 points","percentage points, 90 percent margin of error","01_evidence/02_pums_nes_microdata/pums_baseline_TX_workers18to64_2020_2024_5yr.csv + pums_person_repweights_TX_2020_2024_5yr.csv.gz","90 percent MOE = 1.645 x SDR standard error from the 80 PUMS replicate weights. Musicians and singers (OCCP 2752), Texas, ages 18-64, employed; 500 unweighted records, 12,081 weighted. Share with COW 6 or 7.","pums"
"pums_occ2850_medpernp_pos","53889.34798948851","$53,900","2025 dollars","01_evidence/02_pums_nes_microdata/pums_baseline_TX_workers18to64_2020_2024_5yr.csv + pums_person_repweights_TX_2020_2024_5yr.csv.gz","Writers and authors (OCCP 2850), Texas, ages 18-64, employed with positive earnings; 646 unweighted records. Median personal earnings, ADJINC then CPI-U to 2025 dollars.","pums"
"pums_occ2850_medpernp_pos_moe","5655.186364501099","+/- $5,700","2025 dollars, 90 percent margin of error","01_evidence/02_pums_nes_microdata/pums_baseline_TX_workers18to64_2020_2024_5yr.csv + pums_person_repweights_TX_2020_2024_5yr.csv.gz","90 percent MOE = 1.645 x SDR standard error from the 80 PUMS replicate weights. Writers and authors (OCCP 2850), Texas, ages 18-64, employed with positive earnings; 646 unweighted records. Median personal earnings, ADJINC then CPI-U to 2025 dollars.","pums"
"pums_occ2850_selfemp","33.93865503080082","33.9%","percent","01_evidence/02_pums_nes_microdata/pums_baseline_TX_workers18to64_2020_2024_5yr.csv + pums_person_repweights_TX_2020_2024_5yr.csv.gz","Writers and authors (OCCP 2850), Texas, ages 18-64, employed; 654 unweighted records, 15,584 weighted. Share with COW 6 or 7.","pums"
"pums_occ2850_selfemp_moe","4.70805126286337","+/- 4.7 points","percentage points, 90 percent margin of error","01_evidence/02_pums_nes_microdata/pums_baseline_TX_workers18to64_2020_2024_5yr.csv + pums_person_repweights_TX_2020_2024_5yr.csv.gz","90 percent MOE = 1.645 x SDR standard error from the 80 PUMS replicate weights. Writers and authors (OCCP 2850), Texas, ages 18-64, employed; 654 unweighted records, 15,584 weighted. Share with COW 6 or 7.","pums"
"pums_occ2905_medpernp_pos","53551.60611480107","$53,600","2025 dollars","01_evidence/02_pums_nes_microdata/pums_baseline_TX_workers18to64_2020_2024_5yr.csv + pums_person_repweights_TX_2020_2024_5yr.csv.gz","Media, AV and sound equipment workers (OCCP 2905), Texas, ages 18-64, employed with positive earnings; 389 unweighted records. Median personal earnings, ADJINC then CPI-U to 2025 dollars.","pums"
"pums_occ2905_medpernp_pos_moe","7738.605032781799","+/- $7,700","2025 dollars, 90 percent margin of error","01_evidence/02_pums_nes_microdata/pums_baseline_TX_workers18to64_2020_2024_5yr.csv + pums_person_repweights_TX_2020_2024_5yr.csv.gz","90 percent MOE = 1.645 x SDR standard error from the 80 PUMS replicate weights. Media, AV and sound equipment workers (OCCP 2905), Texas, ages 18-64, employed with positive earnings; 389 unweighted records. Median personal earnings, ADJINC then CPI-U to 2025 dollars.","pums"
"pums_occ2905_selfemp","16.69634440138263","16.7%","percent","01_evidence/02_pums_nes_microdata/pums_baseline_TX_workers18to64_2020_2024_5yr.csv + pums_person_repweights_TX_2020_2024_5yr.csv.gz","Media, AV and sound equipment workers (OCCP 2905), Texas, ages 18-64, employed; 390 unweighted records, 9,547 weighted. Share with COW 6 or 7.","pums"
"pums_occ2905_selfemp_moe","3.73341895604451","+/- 3.7 points","percentage points, 90 percent margin of error","01_evidence/02_pums_nes_microdata/pums_baseline_TX_workers18to64_2020_2024_5yr.csv + pums_person_repweights_TX_2020_2024_5yr.csv.gz","90 percent MOE = 1.645 x SDR standard error from the 80 PUMS replicate weights. Media, AV and sound equipment workers (OCCP 2905), Texas, ages 18-64, employed; 390 unweighted records, 9,547 weighted. Share with COW 6 or 7.","pums"
"pums_occ2910_medpernp_pos","36763.1163259504","$36,800","2025 dollars","01_evidence/02_pums_nes_microdata/pums_baseline_TX_workers18to64_2020_2024_5yr.csv + pums_person_repweights_TX_2020_2024_5yr.csv.gz","Photographers (OCCP 2910), Texas, ages 18-64, employed with positive earnings; 580 unweighted records. Median personal earnings, ADJINC then CPI-U to 2025 dollars.","pums"
"pums_occ2910_medpernp_pos_moe","1773.365651867171","+/- $1,800","2025 dollars, 90 percent margin of error","01_evidence/02_pums_nes_microdata/pums_baseline_TX_workers18to64_2020_2024_5yr.csv + pums_person_repweights_TX_2020_2024_5yr.csv.gz","90 percent MOE = 1.645 x SDR standard error from the 80 PUMS replicate weights. Photographers (OCCP 2910), Texas, ages 18-64, employed with positive earnings; 580 unweighted records. Median personal earnings, ADJINC then CPI-U to 2025 dollars.","pums"
"pums_occ2910_selfemp","56.33779676332868","56.3%","percent","01_evidence/02_pums_nes_microdata/pums_baseline_TX_workers18to64_2020_2024_5yr.csv + pums_person_repweights_TX_2020_2024_5yr.csv.gz","Photographers (OCCP 2910), Texas, ages 18-64, employed; 584 unweighted records, 12,173 weighted. Share with COW 6 or 7.","pums"
"pums_occ2910_selfemp_moe","4.29243062160278","+/- 4.3 points","percentage points, 90 percent margin of error","01_evidence/02_pums_nes_microdata/pums_baseline_TX_workers18to64_2020_2024_5yr.csv + pums_person_repweights_TX_2020_2024_5yr.csv.gz","90 percent MOE = 1.645 x SDR standard error from the 80 PUMS replicate weights. Photographers (OCCP 2910), Texas, ages 18-64, employed; 584 unweighted records, 12,173 weighted. Share with COW 6 or 7.","pums"
"pums_metro_austin_music_n","91","91","unweighted person records","01_evidence/02_pums_nes_microdata/pums_baseline_TX_workers18to64_2020_2024_5yr.csv + pums_person_repweights_TX_2020_2024_5yr.csv.gz","Austin metro, OCCP 2751 and 2752 pooled, employed base.","pums"
"pums_metro_austin_music_wtd","2553","2,553","people","01_evidence/02_pums_nes_microdata/pums_baseline_TX_workers18to64_2020_2024_5yr.csv + pums_person_repweights_TX_2020_2024_5yr.csv.gz","Austin metro, OCCP 2751 and 2752 pooled, employed base, PWGTP-weighted.","pums"
"pums_metro_austin_music_medpernp","31374.74123227476","$31,400","2025 dollars","01_evidence/02_pums_nes_microdata/pums_baseline_TX_workers18to64_2020_2024_5yr.csv + pums_person_repweights_TX_2020_2024_5yr.csv.gz","Austin metro, OCCP 2751 and 2752 pooled, ages 18-64, employed with positive earnings; 91 unweighted records. Median personal earnings, ADJINC then CPI-U to 2025 dollars.","pums"
"pums_metro_austin_music_medpernp_moe","9409.122754557398","+/- $9,400","2025 dollars, 90 percent margin of error","01_evidence/02_pums_nes_microdata/pums_baseline_TX_workers18to64_2020_2024_5yr.csv + pums_person_repweights_TX_2020_2024_5yr.csv.gz","90 percent MOE = 1.645 x SDR standard error from the 80 PUMS replicate weights. Austin metro, OCCP 2751 and 2752 pooled, ages 18-64, employed with positive earnings; 91 unweighted records. Median personal earnings, ADJINC then CPI-U to 2025 dollars.","pums"
"pums_metro_austin_music_selfemp","68.03760282021152","68.0%","percent","01_evidence/02_pums_nes_microdata/pums_baseline_TX_workers18to64_2020_2024_5yr.csv + pums_person_repweights_TX_2020_2024_5yr.csv.gz","Austin metro, OCCP 2751 and 2752 pooled, ages 18-64, employed; 91 unweighted records. Share with COW 6 or 7.","pums"
"pums_metro_austin_music_selfemp_moe","9.678308709074141","+/- 9.7 points","percentage points, 90 percent margin of error","01_evidence/02_pums_nes_microdata/pums_baseline_TX_workers18to64_2020_2024_5yr.csv + pums_person_repweights_TX_2020_2024_5yr.csv.gz","90 percent MOE = 1.645 x SDR standard error from the 80 PUMS replicate weights. Austin metro, OCCP 2751 and 2752 pooled, ages 18-64, employed; 91 unweighted records. Share with COW 6 or 7.","pums"
"pums_metro_houston_music_n","117","117","unweighted person records","01_evidence/02_pums_nes_microdata/pums_baseline_TX_workers18to64_2020_2024_5yr.csv + pums_person_repweights_TX_2020_2024_5yr.csv.gz","Houston metro, OCCP 2751 and 2752 pooled, employed base.","pums"
"pums_metro_houston_music_wtd","3453","3,453","people","01_evidence/02_pums_nes_microdata/pums_baseline_TX_workers18to64_2020_2024_5yr.csv + pums_person_repweights_TX_2020_2024_5yr.csv.gz","Houston metro, OCCP 2751 and 2752 pooled, employed base, PWGTP-weighted.","pums"
"pums_metro_houston_music_medpernp","43924.63772518466","$43,900","2025 dollars","01_evidence/02_pums_nes_microdata/pums_baseline_TX_workers18to64_2020_2024_5yr.csv + pums_person_repweights_TX_2020_2024_5yr.csv.gz","Houston metro, OCCP 2751 and 2752 pooled, ages 18-64, employed with positive earnings; 117 unweighted records. Median personal earnings, ADJINC then CPI-U to 2025 dollars.","pums"
"pums_metro_houston_music_medpernp_moe","15974.31140460174","+/- $16,000","2025 dollars, 90 percent margin of error","01_evidence/02_pums_nes_microdata/pums_baseline_TX_workers18to64_2020_2024_5yr.csv + pums_person_repweights_TX_2020_2024_5yr.csv.gz","90 percent MOE = 1.645 x SDR standard error from the 80 PUMS replicate weights. Houston metro, OCCP 2751 and 2752 pooled, ages 18-64, employed with positive earnings; 117 unweighted records. Median personal earnings, ADJINC then CPI-U to 2025 dollars.","pums"
"pums_metro_houston_music_selfemp","46.88676513176948","46.9%","percent","01_evidence/02_pums_nes_microdata/pums_baseline_TX_workers18to64_2020_2024_5yr.csv + pums_person_repweights_TX_2020_2024_5yr.csv.gz","Houston metro, OCCP 2751 and 2752 pooled, ages 18-64, employed; 117 unweighted records. Share with COW 6 or 7.","pums"
"pums_metro_houston_music_selfemp_moe","11.15372885314253","+/- 11.2 points","percentage points, 90 percent margin of error","01_evidence/02_pums_nes_microdata/pums_baseline_TX_workers18to64_2020_2024_5yr.csv + pums_person_repweights_TX_2020_2024_5yr.csv.gz","90 percent MOE = 1.645 x SDR standard error from the 80 PUMS replicate weights. Houston metro, OCCP 2751 and 2752 pooled, ages 18-64, employed; 117 unweighted records. Share with COW 6 or 7.","pums"
"pums_metro_dfw_music_n","191","191","unweighted person records","01_evidence/02_pums_nes_microdata/pums_baseline_TX_workers18to64_2020_2024_5yr.csv + pums_person_repweights_TX_2020_2024_5yr.csv.gz","Dallas-Fort Worth metro, OCCP 2751 and 2752 pooled, employed base.","pums"
"pums_metro_dfw_music_wtd","4505","4,505","people","01_evidence/02_pums_nes_microdata/pums_baseline_TX_workers18to64_2020_2024_5yr.csv + pums_person_repweights_TX_2020_2024_5yr.csv.gz","Dallas-Fort Worth metro, OCCP 2751 and 2752 pooled, employed base, PWGTP-weighted.","pums"
"pums_metro_dfw_music_medpernp","36714.79270773745","$36,700","2025 dollars","01_evidence/02_pums_nes_microdata/pums_baseline_TX_workers18to64_2020_2024_5yr.csv + pums_person_repweights_TX_2020_2024_5yr.csv.gz","Dallas-Fort Worth metro, OCCP 2751 and 2752 pooled, ages 18-64, employed with positive earnings; 191 unweighted records. Median personal earnings, ADJINC then CPI-U to 2025 dollars.","pums"
"pums_metro_dfw_music_medpernp_moe","14802.56909335162","+/- $14,800","2025 dollars, 90 percent margin of error","01_evidence/02_pums_nes_microdata/pums_baseline_TX_workers18to64_2020_2024_5yr.csv + pums_person_repweights_TX_2020_2024_5yr.csv.gz","90 percent MOE = 1.645 x SDR standard error from the 80 PUMS replicate weights. Dallas-Fort Worth metro, OCCP 2751 and 2752 pooled, ages 18-64, employed with positive earnings; 191 unweighted records. Median personal earnings, ADJINC then CPI-U to 2025 dollars.","pums"
"pums_metro_dfw_music_selfemp","40.62153163152054","40.6%","percent","01_evidence/02_pums_nes_microdata/pums_baseline_TX_workers18to64_2020_2024_5yr.csv + pums_person_repweights_TX_2020_2024_5yr.csv.gz","Dallas-Fort Worth metro, OCCP 2751 and 2752 pooled, ages 18-64, employed; 191 unweighted records. Share with COW 6 or 7.","pums"
"pums_metro_dfw_music_selfemp_moe","7.55357689373287","+/- 7.6 points","percentage points, 90 percent margin of error","01_evidence/02_pums_nes_microdata/pums_baseline_TX_workers18to64_2020_2024_5yr.csv + pums_person_repweights_TX_2020_2024_5yr.csv.gz","90 percent MOE = 1.645 x SDR standard error from the 80 PUMS replicate weights. Dallas-Fort Worth metro, OCCP 2751 and 2752 pooled, ages 18-64, employed; 191 unweighted records. Share with COW 6 or 7.","pums"
"pums_metro_sanantonio_music_n","54","54","unweighted person records","01_evidence/02_pums_nes_microdata/pums_baseline_TX_workers18to64_2020_2024_5yr.csv + pums_person_repweights_TX_2020_2024_5yr.csv.gz","San Antonio metro, OCCP 2751 and 2752 pooled, employed base.","pums"
"pums_metro_sanantonio_music_wtd","1274","1,274","people","01_evidence/02_pums_nes_microdata/pums_baseline_TX_workers18to64_2020_2024_5yr.csv + pums_person_repweights_TX_2020_2024_5yr.csv.gz","San Antonio metro, OCCP 2751 and 2752 pooled, employed base, PWGTP-weighted.","pums"
"pums_metro_sanantonio_music_medpernp","17210.05908175193","$17,200","2025 dollars","01_evidence/02_pums_nes_microdata/pums_baseline_TX_workers18to64_2020_2024_5yr.csv + pums_person_repweights_TX_2020_2024_5yr.csv.gz","San Antonio metro, OCCP 2751 and 2752 pooled, ages 18-64, employed with positive earnings; 53 unweighted records. Median personal earnings, ADJINC then CPI-U to 2025 dollars.","pums"
"pums_metro_sanantonio_music_medpernp_moe","8302.829796950024","+/- $8,300","2025 dollars, 90 percent margin of error","01_evidence/02_pums_nes_microdata/pums_baseline_TX_workers18to64_2020_2024_5yr.csv + pums_person_repweights_TX_2020_2024_5yr.csv.gz","90 percent MOE = 1.645 x SDR standard error from the 80 PUMS replicate weights. San Antonio metro, OCCP 2751 and 2752 pooled, ages 18-64, employed with positive earnings; 53 unweighted records. Median personal earnings, ADJINC then CPI-U to 2025 dollars.","pums"
"pums_metro_sanantonio_music_selfemp","36.65620094191523","36.7%","percent","01_evidence/02_pums_nes_microdata/pums_baseline_TX_workers18to64_2020_2024_5yr.csv + pums_person_repweights_TX_2020_2024_5yr.csv.gz","San Antonio metro, OCCP 2751 and 2752 pooled, ages 18-64, employed; 54 unweighted records. Share with COW 6 or 7.","pums"
"pums_metro_sanantonio_music_selfemp_moe","15.52013010787312","+/- 15.5 points","percentage points, 90 percent margin of error","01_evidence/02_pums_nes_microdata/pums_baseline_TX_workers18to64_2020_2024_5yr.csv + pums_person_repweights_TX_2020_2024_5yr.csv.gz","90 percent MOE = 1.645 x SDR standard error from the 80 PUMS replicate weights. San Antonio metro, OCCP 2751 and 2752 pooled, ages 18-64, employed; 54 unweighted records. Share with COW 6 or 7.","pums"
"pums_reg_music_coef","-.289745931489394","-0.290","log points","01_evidence/02_pums_nes_microdata/pums_baseline_TX_workers18to64_2020_2024_5yr.csv + pums_person_repweights_TX_2020_2024_5yr.csv.gz","Coefficient on a music-occupation indicator (OCCP 2751 or 2752) in a survey-weighted OLS of log personal earnings, Texas workers 18-64 with positive earnings, controlling for age, age squared, sex, five education bins, usual hours, weeks worked and metro fixed effects. SDR standard errors from PWGTP1-PWGTP80. Descriptive conditional gap, not a causal estimate.","pums"
"pums_reg_music_se",".0539685450234412","0.054","log points","01_evidence/02_pums_nes_microdata/pums_baseline_TX_workers18to64_2020_2024_5yr.csv + pums_person_repweights_TX_2020_2024_5yr.csv.gz","SDR standard error of the music coefficient.","pums"
"pums_reg_music_pctgap","-25.1546298058725","-25.2%","percent","01_evidence/02_pums_nes_microdata/pums_baseline_TX_workers18to64_2020_2024_5yr.csv + pums_person_repweights_TX_2020_2024_5yr.csv.gz","Music coefficient expressed as a percentage difference, 100*(exp(b)-1). 95 percent CI -32.7 to -16.8 percent. Conditional association, not the earnings penalty of choosing music.","pums"
"pums_reg_n","554672","554,672","unweighted person records","01_evidence/02_pums_nes_microdata/pums_baseline_TX_workers18to64_2020_2024_5yr.csv + pums_person_repweights_TX_2020_2024_5yr.csv.gz","Regression sample: employed Texans 18-64 with positive personal earnings.","pums"
"pums_hh_records_all","606114","606,114","unweighted household records","01_evidence/02_pums_nes_microdata/pums_housing_costburden_TX_2020_2024_5yr.csv + pums_housing_repweights_TX_2020_2024_5yr.csv.gz","All Texas household records in the ACS 2020-2024 5-year PUMS housing extract, before restricting to households with replicate weights.","pums"
"pums_hh_records_analysis","347335","347,335","unweighted household records","01_evidence/02_pums_nes_microdata/pums_housing_costburden_TX_2020_2024_5yr.csv + pums_housing_repweights_TX_2020_2024_5yr.csv.gz","Households carrying replicate weights, which are exactly the households holding at least one person in the person extract. Texas households with no employed 18-64 resident are outside this universe, so no figure here is a statewide all-household rate.","pums"
"pums_hh_mus_renters_n","160","160","unweighted household records","01_evidence/02_pums_nes_microdata/pums_housing_costburden_TX_2020_2024_5yr.csv + pums_housing_repweights_TX_2020_2024_5yr.csv.gz","Denominator for the renter cost-burden shares. Texas households with at least one employed resident aged 18-64 whose current job is musician or singer (OCCP 2752), renting for cash rent with a valid GRPIP.","pums"
"pums_hh_mus_owners_n","282","282","unweighted household records","01_evidence/02_pums_nes_microdata/pums_housing_costburden_TX_2020_2024_5yr.csv + pums_housing_repweights_TX_2020_2024_5yr.csv.gz","Denominator for the owner cost-burden shares. Texas households with at least one employed resident aged 18-64 whose current job is musician or singer (OCCP 2752), owning with or without a mortgage and with a valid OCPIP.","pums"
"pums_hh_mus_renters_wtd","4552","4,552","households","01_evidence/02_pums_nes_microdata/pums_housing_costburden_TX_2020_2024_5yr.csv + pums_housing_repweights_TX_2020_2024_5yr.csv.gz","Weighted renter denominator. Texas households with at least one employed resident aged 18-64 whose current job is musician or singer (OCCP 2752). WGTP-weighted.","pums"
"pums_hh_mus_owners_wtd","6585","6,585","households","01_evidence/02_pums_nes_microdata/pums_housing_costburden_TX_2020_2024_5yr.csv + pums_housing_repweights_TX_2020_2024_5yr.csv.gz","Weighted owner denominator. Texas households with at least one employed resident aged 18-64 whose current job is musician or singer (OCCP 2752). WGTP-weighted.","pums"
"pums_hh_mus_rent30","45.86994727592267","45.9%","percent","01_evidence/02_pums_nes_microdata/pums_housing_costburden_TX_2020_2024_5yr.csv + pums_housing_repweights_TX_2020_2024_5yr.csv.gz","Share of renter households paying more than 30 percent of household income in gross rent (GRPIP > 30). Texas households with at least one employed resident aged 18-64 whose current job is musician or singer (OCCP 2752); 160 unweighted records. GRPIP is a ratio of two same-year quantities, so no inflation adjustment applies. GRPIP is top-coded at 101, which covers zero and negative household income.","pums"
"pums_hh_mus_rent30_moe","8.86228467016333","+/- 8.9 points","percentage points, 90 percent margin of error","01_evidence/02_pums_nes_microdata/pums_housing_costburden_TX_2020_2024_5yr.csv + pums_housing_repweights_TX_2020_2024_5yr.csv.gz","90 percent MOE = 1.645 x SDR standard error from the 80 PUMS replicate weights. Share of renter households paying more than 30 percent of household income in gross rent (GRPIP > 30). Texas households with at least one employed resident aged 18-64 whose current job is musician or singer (OCCP 2752); 160 unweighted records. GRPIP is a ratio of two same-year quantities, so no inflation adjustment applies. GRPIP is top-coded at 101, which covers zero and negative household income.","pums"
"pums_hh_mus_rent50","20.95782073813708","21.0%","percent","01_evidence/02_pums_nes_microdata/pums_housing_costburden_TX_2020_2024_5yr.csv + pums_housing_repweights_TX_2020_2024_5yr.csv.gz","Share of renter households paying more than 50 percent of household income in gross rent (GRPIP > 50), the severe-burden line. Texas households with at least one employed resident aged 18-64 whose current job is musician or singer (OCCP 2752); 160 unweighted records. Ratio of same-year quantities, no deflation.","pums"
"pums_hh_mus_rent50_moe","6.38364879288785","+/- 6.4 points","percentage points, 90 percent margin of error","01_evidence/02_pums_nes_microdata/pums_housing_costburden_TX_2020_2024_5yr.csv + pums_housing_repweights_TX_2020_2024_5yr.csv.gz","90 percent MOE = 1.645 x SDR standard error from the 80 PUMS replicate weights. Share of renter households paying more than 50 percent of household income in gross rent (GRPIP > 50), the severe-burden line. Texas households with at least one employed resident aged 18-64 whose current job is musician or singer (OCCP 2752); 160 unweighted records. Ratio of same-year quantities, no deflation.","pums"
"pums_hh_mus_own30","26.6211085801063","26.6%","percent","01_evidence/02_pums_nes_microdata/pums_housing_costburden_TX_2020_2024_5yr.csv + pums_housing_repweights_TX_2020_2024_5yr.csv.gz","Share of owner households whose selected monthly owner costs exceed 30 percent of household income (OCPIP > 30). Texas households with at least one employed resident aged 18-64 whose current job is musician or singer (OCCP 2752); 282 unweighted records. Ratio of same-year quantities, no deflation.","pums"
"pums_hh_mus_own30_moe","5.78274796926882","+/- 5.8 points","percentage points, 90 percent margin of error","01_evidence/02_pums_nes_microdata/pums_housing_costburden_TX_2020_2024_5yr.csv + pums_housing_repweights_TX_2020_2024_5yr.csv.gz","90 percent MOE = 1.645 x SDR standard error from the 80 PUMS replicate weights. Share of owner households whose selected monthly owner costs exceed 30 percent of household income (OCPIP > 30). Texas households with at least one employed resident aged 18-64 whose current job is musician or singer (OCCP 2752); 282 unweighted records. Ratio of same-year quantities, no deflation.","pums"
"pums_hh_mus_own50","10.88838268792711","10.9%","percent","01_evidence/02_pums_nes_microdata/pums_housing_costburden_TX_2020_2024_5yr.csv + pums_housing_repweights_TX_2020_2024_5yr.csv.gz","Share of owner households whose selected monthly owner costs exceed 50 percent of household income (OCPIP > 50). Texas households with at least one employed resident aged 18-64 whose current job is musician or singer (OCCP 2752); 282 unweighted records. Ratio of same-year quantities, no deflation.","pums"
"pums_hh_mus_own50_moe","4.45281364223041","+/- 4.5 points","percentage points, 90 percent margin of error","01_evidence/02_pums_nes_microdata/pums_housing_costburden_TX_2020_2024_5yr.csv + pums_housing_repweights_TX_2020_2024_5yr.csv.gz","90 percent MOE = 1.645 x SDR standard error from the 80 PUMS replicate weights. Share of owner households whose selected monthly owner costs exceed 50 percent of household income (OCPIP > 50). Texas households with at least one employed resident aged 18-64 whose current job is musician or singer (OCCP 2752); 282 unweighted records. Ratio of same-year quantities, no deflation.","pums"
"pums_hh_mus_medrent","1735.846640353049","$1,700","2025 dollars","01_evidence/02_pums_nes_microdata/pums_housing_costburden_TX_2020_2024_5yr.csv + pums_housing_repweights_TX_2020_2024_5yr.csv.gz","Median monthly gross rent, ADJHSG to 2024 then CPI-U to 2025 dollars. Texas households with at least one employed resident aged 18-64 whose current job is musician or singer (OCCP 2752); 160 unweighted renter records.","pums"
"pums_hh_mus_medrent_moe","133.9608469450205","+/- $100","2025 dollars, 90 percent margin of error","01_evidence/02_pums_nes_microdata/pums_housing_costburden_TX_2020_2024_5yr.csv + pums_housing_repweights_TX_2020_2024_5yr.csv.gz","90 percent MOE = 1.645 x SDR standard error from the 80 PUMS replicate weights. Median monthly gross rent, ADJHSG to 2024 then CPI-U to 2025 dollars. Texas households with at least one employed resident aged 18-64 whose current job is musician or singer (OCCP 2752); 160 unweighted renter records.","pums"
"pums_hh_music_renters_n","193","193","unweighted household records","01_evidence/02_pums_nes_microdata/pums_housing_costburden_TX_2020_2024_5yr.csv + pums_housing_repweights_TX_2020_2024_5yr.csv.gz","Denominator for the renter cost-burden shares. Texas households with at least one employed resident aged 18-64 whose current job is musician, singer, music director or composer (OCCP 2751 or 2752). Wider than the musician-only group and never to be quoted as a musician rate, renting for cash rent with a valid GRPIP.","pums"
"pums_hh_music_owners_n","367","367","unweighted household records","01_evidence/02_pums_nes_microdata/pums_housing_costburden_TX_2020_2024_5yr.csv + pums_housing_repweights_TX_2020_2024_5yr.csv.gz","Denominator for the owner cost-burden shares. Texas households with at least one employed resident aged 18-64 whose current job is musician, singer, music director or composer (OCCP 2751 or 2752). Wider than the musician-only group and never to be quoted as a musician rate, owning with or without a mortgage and with a valid OCPIP.","pums"
"pums_hh_music_renters_wtd","5342","5,342","households","01_evidence/02_pums_nes_microdata/pums_housing_costburden_TX_2020_2024_5yr.csv + pums_housing_repweights_TX_2020_2024_5yr.csv.gz","Weighted renter denominator. Texas households with at least one employed resident aged 18-64 whose current job is musician, singer, music director or composer (OCCP 2751 or 2752). Wider than the musician-only group and never to be quoted as a musician rate. WGTP-weighted.","pums"
"pums_hh_music_owners_wtd","8556","8,556","households","01_evidence/02_pums_nes_microdata/pums_housing_costburden_TX_2020_2024_5yr.csv + pums_housing_repweights_TX_2020_2024_5yr.csv.gz","Weighted owner denominator. Texas households with at least one employed resident aged 18-64 whose current job is musician, singer, music director or composer (OCCP 2751 or 2752). Wider than the musician-only group and never to be quoted as a musician rate. WGTP-weighted.","pums"
"pums_hh_music_rent30","42.75552227630101","42.8%","percent","01_evidence/02_pums_nes_microdata/pums_housing_costburden_TX_2020_2024_5yr.csv + pums_housing_repweights_TX_2020_2024_5yr.csv.gz","Share of renter households paying more than 30 percent of household income in gross rent (GRPIP > 30). Texas households with at least one employed resident aged 18-64 whose current job is musician, singer, music director or composer (OCCP 2751 or 2752). Wider than the musician-only group and never to be quoted as a musician rate; 193 unweighted records. GRPIP is a ratio of two same-year quantities, so no inflation adjustment applies. GRPIP is top-coded at 101, which covers zero and negative household income.","pums"
"pums_hh_music_rent30_moe","8.175019192181681","+/- 8.2 points","percentage points, 90 percent margin of error","01_evidence/02_pums_nes_microdata/pums_housing_costburden_TX_2020_2024_5yr.csv + pums_housing_repweights_TX_2020_2024_5yr.csv.gz","90 percent MOE = 1.645 x SDR standard error from the 80 PUMS replicate weights. Share of renter households paying more than 30 percent of household income in gross rent (GRPIP > 30). Texas households with at least one employed resident aged 18-64 whose current job is musician, singer, music director or composer (OCCP 2751 or 2752). Wider than the musician-only group and never to be quoted as a musician rate; 193 unweighted records. GRPIP is a ratio of two same-year quantities, so no inflation adjustment applies. GRPIP is top-coded at 101, which covers zero and negative household income.","pums"
"pums_hh_music_rent50","19.15013103706477","19.2%","percent","01_evidence/02_pums_nes_microdata/pums_housing_costburden_TX_2020_2024_5yr.csv + pums_housing_repweights_TX_2020_2024_5yr.csv.gz","Share of renter households paying more than 50 percent of household income in gross rent (GRPIP > 50), the severe-burden line. Texas households with at least one employed resident aged 18-64 whose current job is musician, singer, music director or composer (OCCP 2751 or 2752). Wider than the musician-only group and never to be quoted as a musician rate; 193 unweighted records. Ratio of same-year quantities, no deflation.","pums"
"pums_hh_music_rent50_moe","5.66710315846005","+/- 5.7 points","percentage points, 90 percent margin of error","01_evidence/02_pums_nes_microdata/pums_housing_costburden_TX_2020_2024_5yr.csv + pums_housing_repweights_TX_2020_2024_5yr.csv.gz","90 percent MOE = 1.645 x SDR standard error from the 80 PUMS replicate weights. Share of renter households paying more than 50 percent of household income in gross rent (GRPIP > 50), the severe-burden line. Texas households with at least one employed resident aged 18-64 whose current job is musician, singer, music director or composer (OCCP 2751 or 2752). Wider than the musician-only group and never to be quoted as a musician rate; 193 unweighted records. Ratio of same-year quantities, no deflation.","pums"
"pums_hh_music_own30","24.25198690977092","24.3%","percent","01_evidence/02_pums_nes_microdata/pums_housing_costburden_TX_2020_2024_5yr.csv + pums_housing_repweights_TX_2020_2024_5yr.csv.gz","Share of owner households whose selected monthly owner costs exceed 30 percent of household income (OCPIP > 30). Texas households with at least one employed resident aged 18-64 whose current job is musician, singer, music director or composer (OCCP 2751 or 2752). Wider than the musician-only group and never to be quoted as a musician rate; 367 unweighted records. Ratio of same-year quantities, no deflation.","pums"
"pums_hh_music_own30_moe","4.97202052832946","+/- 5.0 points","percentage points, 90 percent margin of error","01_evidence/02_pums_nes_microdata/pums_housing_costburden_TX_2020_2024_5yr.csv + pums_housing_repweights_TX_2020_2024_5yr.csv.gz","90 percent MOE = 1.645 x SDR standard error from the 80 PUMS replicate weights. Share of owner households whose selected monthly owner costs exceed 30 percent of household income (OCPIP > 30). Texas households with at least one employed resident aged 18-64 whose current job is musician, singer, music director or composer (OCCP 2751 or 2752). Wider than the musician-only group and never to be quoted as a musician rate; 367 unweighted records. Ratio of same-year quantities, no deflation.","pums"
"pums_hh_music_own50","9.30341280972417","9.3%","percent","01_evidence/02_pums_nes_microdata/pums_housing_costburden_TX_2020_2024_5yr.csv + pums_housing_repweights_TX_2020_2024_5yr.csv.gz","Share of owner households whose selected monthly owner costs exceed 50 percent of household income (OCPIP > 50). Texas households with at least one employed resident aged 18-64 whose current job is musician, singer, music director or composer (OCCP 2751 or 2752). Wider than the musician-only group and never to be quoted as a musician rate; 367 unweighted records. Ratio of same-year quantities, no deflation.","pums"
"pums_hh_music_own50_moe","3.59316599817725","+/- 3.6 points","percentage points, 90 percent margin of error","01_evidence/02_pums_nes_microdata/pums_housing_costburden_TX_2020_2024_5yr.csv + pums_housing_repweights_TX_2020_2024_5yr.csv.gz","90 percent MOE = 1.645 x SDR standard error from the 80 PUMS replicate weights. Share of owner households whose selected monthly owner costs exceed 50 percent of household income (OCPIP > 50). Texas households with at least one employed resident aged 18-64 whose current job is musician, singer, music director or composer (OCCP 2751 or 2752). Wider than the musician-only group and never to be quoted as a musician rate; 367 unweighted records. Ratio of same-year quantities, no deflation.","pums"
"pums_hh_music_medrent","1733.732332630329","$1,700","2025 dollars","01_evidence/02_pums_nes_microdata/pums_housing_costburden_TX_2020_2024_5yr.csv + pums_housing_repweights_TX_2020_2024_5yr.csv.gz","Median monthly gross rent, ADJHSG to 2024 then CPI-U to 2025 dollars. Texas households with at least one employed resident aged 18-64 whose current job is musician, singer, music director or composer (OCCP 2751 or 2752). Wider than the musician-only group and never to be quoted as a musician rate; 193 unweighted renter records.","pums"
"pums_hh_music_medrent_moe","131.4719107737249","+/- $100","2025 dollars, 90 percent margin of error","01_evidence/02_pums_nes_microdata/pums_housing_costburden_TX_2020_2024_5yr.csv + pums_housing_repweights_TX_2020_2024_5yr.csv.gz","90 percent MOE = 1.645 x SDR standard error from the 80 PUMS replicate weights. Median monthly gross rent, ADJHSG to 2024 then CPI-U to 2025 dollars. Texas households with at least one employed resident aged 18-64 whose current job is musician, singer, music director or composer (OCCP 2751 or 2752). Wider than the musician-only group and never to be quoted as a musician rate; 193 unweighted renter records.","pums"
"pums_hh_worker_renters_n","101799","101,799","unweighted household records","01_evidence/02_pums_nes_microdata/pums_housing_costburden_TX_2020_2024_5yr.csv + pums_housing_repweights_TX_2020_2024_5yr.csv.gz","Denominator for the renter cost-burden shares. Texas households with at least one employed resident aged 18-64, renting for cash rent with a valid GRPIP.","pums"
"pums_hh_worker_owners_n","230487","230,487","unweighted household records","01_evidence/02_pums_nes_microdata/pums_housing_costburden_TX_2020_2024_5yr.csv + pums_housing_repweights_TX_2020_2024_5yr.csv.gz","Denominator for the owner cost-burden shares. Texas households with at least one employed resident aged 18-64, owning with or without a mortgage and with a valid OCPIP.","pums"
"pums_hh_worker_renters_wtd","3141826","3,141,826","households","01_evidence/02_pums_nes_microdata/pums_housing_costburden_TX_2020_2024_5yr.csv + pums_housing_repweights_TX_2020_2024_5yr.csv.gz","Weighted renter denominator. Texas households with at least one employed resident aged 18-64. WGTP-weighted.","pums"
"pums_hh_worker_owners_wtd","4949326","4,949,326","households","01_evidence/02_pums_nes_microdata/pums_housing_costburden_TX_2020_2024_5yr.csv + pums_housing_repweights_TX_2020_2024_5yr.csv.gz","Weighted owner denominator. Texas households with at least one employed resident aged 18-64. WGTP-weighted.","pums"
"pums_hh_worker_rent30","44.43953929975753","44.4%","percent","01_evidence/02_pums_nes_microdata/pums_housing_costburden_TX_2020_2024_5yr.csv + pums_housing_repweights_TX_2020_2024_5yr.csv.gz","Share of renter households paying more than 30 percent of household income in gross rent (GRPIP > 30). Texas households with at least one employed resident aged 18-64; 101799 unweighted records. GRPIP is a ratio of two same-year quantities, so no inflation adjustment applies. GRPIP is top-coded at 101, which covers zero and negative household income.","pums"
"pums_hh_worker_rent30_moe",".36063939503056","+/- 0.4 points","percentage points, 90 percent margin of error","01_evidence/02_pums_nes_microdata/pums_housing_costburden_TX_2020_2024_5yr.csv + pums_housing_repweights_TX_2020_2024_5yr.csv.gz","90 percent MOE = 1.645 x SDR standard error from the 80 PUMS replicate weights. Share of renter households paying more than 30 percent of household income in gross rent (GRPIP > 30). Texas households with at least one employed resident aged 18-64; 101799 unweighted records. GRPIP is a ratio of two same-year quantities, so no inflation adjustment applies. GRPIP is top-coded at 101, which covers zero and negative household income.","pums"
"pums_hh_worker_rent50","18.94306050048602","18.9%","percent","01_evidence/02_pums_nes_microdata/pums_housing_costburden_TX_2020_2024_5yr.csv + pums_housing_repweights_TX_2020_2024_5yr.csv.gz","Share of renter households paying more than 50 percent of household income in gross rent (GRPIP > 50), the severe-burden line. Texas households with at least one employed resident aged 18-64; 101799 unweighted records. Ratio of same-year quantities, no deflation.","pums"
"pums_hh_worker_rent50_moe",".26537802609103","+/- 0.3 points","percentage points, 90 percent margin of error","01_evidence/02_pums_nes_microdata/pums_housing_costburden_TX_2020_2024_5yr.csv + pums_housing_repweights_TX_2020_2024_5yr.csv.gz","90 percent MOE = 1.645 x SDR standard error from the 80 PUMS replicate weights. Share of renter households paying more than 50 percent of household income in gross rent (GRPIP > 50), the severe-burden line. Texas households with at least one employed resident aged 18-64; 101799 unweighted records. Ratio of same-year quantities, no deflation.","pums"
"pums_hh_worker_own30","18.08442200008648","18.1%","percent","01_evidence/02_pums_nes_microdata/pums_housing_costburden_TX_2020_2024_5yr.csv + pums_housing_repweights_TX_2020_2024_5yr.csv.gz","Share of owner households whose selected monthly owner costs exceed 30 percent of household income (OCPIP > 30). Texas households with at least one employed resident aged 18-64; 230487 unweighted records. Ratio of same-year quantities, no deflation.","pums"
"pums_hh_worker_own30_moe",".19646283772999","+/- 0.2 points","percentage points, 90 percent margin of error","01_evidence/02_pums_nes_microdata/pums_housing_costburden_TX_2020_2024_5yr.csv + pums_housing_repweights_TX_2020_2024_5yr.csv.gz","90 percent MOE = 1.645 x SDR standard error from the 80 PUMS replicate weights. Share of owner households whose selected monthly owner costs exceed 30 percent of household income (OCPIP > 30). Texas households with at least one employed resident aged 18-64; 230487 unweighted records. Ratio of same-year quantities, no deflation.","pums"
"pums_hh_worker_own50","6.45241392464348","6.5%","percent","01_evidence/02_pums_nes_microdata/pums_housing_costburden_TX_2020_2024_5yr.csv + pums_housing_repweights_TX_2020_2024_5yr.csv.gz","Share of owner households whose selected monthly owner costs exceed 50 percent of household income (OCPIP > 50). Texas households with at least one employed resident aged 18-64; 230487 unweighted records. Ratio of same-year quantities, no deflation.","pums"
"pums_hh_worker_own50_moe",".1173192889936","+/- 0.1 points","percentage points, 90 percent margin of error","01_evidence/02_pums_nes_microdata/pums_housing_costburden_TX_2020_2024_5yr.csv + pums_housing_repweights_TX_2020_2024_5yr.csv.gz","90 percent MOE = 1.645 x SDR standard error from the 80 PUMS replicate weights. Share of owner households whose selected monthly owner costs exceed 50 percent of household income (OCPIP > 50). Texas households with at least one employed resident aged 18-64; 230487 unweighted records. Ratio of same-year quantities, no deflation.","pums"
"pums_hh_worker_medrent","1502.752298840176","$1,500","2025 dollars","01_evidence/02_pums_nes_microdata/pums_housing_costburden_TX_2020_2024_5yr.csv + pums_housing_repweights_TX_2020_2024_5yr.csv.gz","Median monthly gross rent, ADJHSG to 2024 then CPI-U to 2025 dollars. Texas households with at least one employed resident aged 18-64; 101799 unweighted renter records.","pums"
"pums_hh_worker_medrent_moe","5.121888796368118","+/- $0","2025 dollars, 90 percent margin of error","01_evidence/02_pums_nes_microdata/pums_housing_costburden_TX_2020_2024_5yr.csv + pums_housing_repweights_TX_2020_2024_5yr.csv.gz","90 percent MOE = 1.645 x SDR standard error from the 80 PUMS replicate weights. Median monthly gross rent, ADJHSG to 2024 then CPI-U to 2025 dollars. Texas households with at least one employed resident aged 18-64; 101799 unweighted renter records.","pums"
