SERIALNO,SPORDER,PUMA,ST,ADJINC,PWGTP,AGEP,COW,MAR,SCHL,SEMP,SEX,WAGP,WKHP,WKWN,ESR,HICOV,HISP,OCCP,PERNP,PINCP,PRIVCOV,PUBCOV,RAC1P,occp_label
2020GQ0002569,01,05000,48,1222017,12,20,1,5,19,0,1,7000,40,52,1.0,1,01,2752.0,7000,7000,1,2,2,Musicians and Singers
2020GQ0007391,01,02513,48,1222017,14,19,2,5,19,0,1,2800,20,2,1.0,1,02,2752.0,2800,2800,1,2,1,Musicians and Singers
2020GQ0009604,01,05905,48,1222017,15,21,1,5,19,0,1,1200,5,6,6.0,1,02,2752.0,1200,1200,1,2,8,Musicians and Singers
2020GQ0013719,01,05902,48,1222017,7,20,1,5,19,0,1,80,2,1,6.0,1,01,2752.0,80,80,1,2,1,Musicians and Singers
2020GQ0029857,01,05306,48,1222017,11,20,1,5,19,0,1,7000,40,52,1.0,2,01,2752.0,7000,7000,2,2,2,Musicians and Singers
2020GQ0033671,01,05306,48,1222017,14,19,2,5,19,0,1,2800,20,2,1.0,1,02,2752.0,2800,2800,1,2,1,Musicians and Singers
2020GQ0036067,01,03400,48,1222017,11,29,1,5,16,0,2,5000,30,8,6.0,2,01,2740.0,5000,5000,2,2,1,Dancers and Choreographers
2020GQ0037303,01,05000,48,1222017,1,20,1,5,19,0,1,7000,40,52,1.0,2,01,2752.0,7000,7000,2,2,2,Musicians and Singers
2020GQ0038248,01,04301,48,1222017,4,30,1,5,16,0,1,0,,,6.0,1,01,2752.0,0,8500,2,1,2,Musicians and Singers
2020GQ0049701,01,05000,48,1222017,1,20,1,5,19,0,1,7000,40,52,1.0,2,01,2752.0,7000,7000,2,2,2,Musicians and Singers
2020GQ0052265,01,05901,48,1222017,12,21,1,5,19,0,1,1200,5,6,6.0,1,02,2752.0,1200,1200,1,2,8,Musicians and Singers
2020GQ0052441,01,06604,48,1222017,25,29,1,5,16,0,2,5000,30,8,6.0,2,01,2740.0,5000,5000,2,2,1,Dancers and Choreographers
2020GQ0053636,01,05000,48,1222017,1,20,1,5,19,0,1,7000,40,52,1.0,1,01,2752.0,7000,7000,1,2,2,Musicians and Singers
2020GQ0065771,01,03400,48,1222017,9,29,1,5,16,0,2,5000,30,8,6.0,2,01,2740.0,5000,5000,2,2,1,Dancers and Choreographers
2020GQ0066714,01,05306,48,1222017,12,19,2,5,19,0,1,2800,20,2,1.0,1,02,2752.0,2800,2800,1,2,1,Musicians and Singers
2020GQ0068509,01,05309,48,1222017,14,29,1,5,16,0,2,5000,30,8,6.0,2,01,2740.0,5000,5000,2,2,1,Dancers and Choreographers
2020GQ0068987,01,02900,48,1222017,10,29,1,5,16,0,2,5000,30,8,6.0,2,01,2740.0,5000,5000,2,2,1,Dancers and Choreographers
2020GQ0081087,01,05910,48,1222017,17,21,1,5,19,0,1,1200,5,6,6.0,1,02,2752.0,1200,1200,1,2,8,Musicians and Singers
2020GQ0085957,01,00600,48,1222017,6,20,1,5,19,0,1,80,2,1,6.0,1,01,2752.0,80,80,1,2,1,Musicians and Singers
2020GQ0114947,01,01600,48,1222017,2,20,1,5,19,0,1,1400,30,1,6.0,1,01,2752.0,1400,1400,1,2,1,Musicians and Singers
2020GQ0118530,01,05902,48,1222017,13,21,1,5,19,0,1,1200,5,6,6.0,1,02,2752.0,1200,1200,1,2,8,Musicians and Singers
2020GQ0123067,01,02503,48,1222017,16,19,2,5,19,0,1,2800,20,2,1.0,1,02,2752.0,2800,2800,1,2,1,Musicians and Singers
2020GQ0125287,01,05000,48,1222017,15,20,1,5,19,0,1,7000,40,52,1.0,1,01,2752.0,7000,7000,1,2,2,Musicians and Singers
2020GQ0133029,01,02510,48,1222017,9,30,1,5,16,0,1,0,,,6.0,1,01,2752.0,0,8500,2,1,2,Musicians and Singers
2020GQ0137344,01,02513,48,1222017,6,19,2,5,19,0,1,2800,20,2,1.0,1,02,2752.0,2800,2800,1,2,1,Musicians and Singers
2020GQ0149338,01,02513,48,1222017,14,19,2,5,19,0,1,2800,20,2,1.0,1,02,2752.0,2800,2800,1,2,1,Musicians and Singers
2020GQ0155923,01,05000,48,1222017,1,21,1,5,16,0,1,7000,40,52,1.0,1,01,2752.0,7000,7000,1,2,2,Musicians and Singers
2020GQ0162818,01,05902,48,1222017,3,21,1,5,19,0,1,1200,5,6,6.0,1,02,2752.0,1200,1200,1,2,8,Musicians and Singers
2020GQ0177766,01,05402,48,1222017,13,20,1,5,19,0,1,7000,40,52,1.0,1,01,2752.0,7000,7000,1,2,2,Musicians and Singers
2020GQ0180131,01,02513,48,1222017,12,19,2,5,19,0,1,2800,20,2,1.0,1,02,2752.0,2800,2800,1,2,1,Musicians and Singers
2020GQ0180663,01,05000,48,1222017,12,20,1,5,19,0,1,7000,40,52,1.0,2,01,2752.0,7000,7000,2,2,2,Musicians and Singers
2020HU0000688,01,05905,48,1222017,8,37,5,1,20,0,1,38300,40,52,4.0,1,01,2905.0,38300,38300,1,2,1,"Other Media and Communication Equipment Workers (broadcast/sound/AV/lighting techs, combined - PUMS does not separately identify 'sound engineering technician')"
2020HU0001394,02,02005,48,1222017,14,56,6,3,16,30000,1,0,40,52,1.0,2,01,2634.0,30000,30000,2,2,1,Graphic Designers
2020HU0001788,01,04629,48,1222017,41,38,1,5,21,0,1,55000,40,52,1.0,1,01,2710.0,55000,55000,1,2,2,Producers and Directors
2020HU0002053,01,02309,48,1222017,22,69,6,3,21,1900,1,0,40,52,1.0,1,01,2634.0,1900,29700,2,1,1,Graphic Designers
2020HU0003063,02,02002,48,1222017,20,56,6,3,16,30000,1,0,40,52,1.0,1,01,2634.0,30000,30000,1,2,1,Graphic Designers
2020HU0005123,01,05306,48,1222017,32,44,1,5,21,5000,2,50000,40,52,1.0,1,01,2634.0,55000,55000,1,2,1,Graphic Designers
2020HU0006054,03,05905,48,1222017,91,30,7,5,19,7000,1,30000,99,52,1.0,1,02,2905.0,37000,37000,1,2,9,"Other Media and Communication Equipment Workers (broadcast/sound/AV/lighting techs, combined - PUMS does not separately identify 'sound engineering technician')"
2020HU0009151,01,02312,48,1222017,121,61,6,3,21,5000,1,0,30,5,1.0,1,01,2710.0,5000,75000,1,2,1,Producers and Directors
2020HU0009247,01,04623,48,1222017,27,50,1,1,21,0,1,100000,45,52,1.0,1,01,2910.0,100000,100180,1,2,1,Photographers
2020HU0009517,01,04000,48,1222017,78,83,1,1,24,0,1,600,6,24,1.0,1,01,2850.0,600,127400,1,1,1,Writers and Authors
2020HU0012158,04,04627,48,1222017,22,33,6,5,21,7000,1,0,20,39,1.0,2,01,2634.0,7000,7000,2,2,1,Graphic Designers
2020HU0021633,03,02310,48,1222017,10,41,1,5,17,0,1,28000,20,2,6.0,2,01,2905.0,28000,28000,2,2,1,"Other Media and Communication Equipment Workers (broadcast/sound/AV/lighting techs, combined - PUMS does not separately identify 'sound engineering technician')"
2020HU0025773,03,04614,48,1222017,28,18,1,5,14,0,1,4000,20,10,6.0,1,01,2910.0,4000,4000,1,1,9,Photographers
2020HU0025991,01,02516,48,1222017,51,34,6,1,19,1200,2,0,10,20,1.0,1,01,2910.0,1200,1200,1,2,1,Photographers
2020HU0028986,01,05307,48,1222017,18,44,1,1,21,0,1,48000,40,52,1.0,1,01,2634.0,48000,48000,1,2,1,Graphic Designers
2020HU0030609,02,05305,48,1222017,47,44,1,1,21,0,1,150000,45,52,1.0,1,01,2710.0,150000,150000,1,2,1,Producers and Directors
2020HU0030862,02,05305,48,1222017,29,44,7,1,23,0,1,0,,,6.0,1,01,2700.0,0,342000,1,2,1,Actors
2020HU0032796,01,06802,48,1222017,10,40,2,1,20,0,2,26000,40,52,1.0,2,02,2634.0,26000,26000,2,2,9,Graphic Designers
2020HU0034093,01,05203,48,1222017,39,28,2,5,19,0,1,30000,35,46,1.0,2,02,2905.0,30000,30000,2,2,1,"Other Media and Communication Equipment Workers (broadcast/sound/AV/lighting techs, combined - PUMS does not separately identify 'sound engineering technician')"
2020HU0034313,01,02313,48,1222017,9,47,7,1,21,0,1,200000,40,52,1.0,1,01,2850.0,200000,200000,1,2,1,Writers and Authors
2020HU0034428,01,02312,48,1222017,23,47,6,1,21,20000,1,0,40,48,1.0,1,02,2710.0,20000,20000,1,2,8,Producers and Directors
2020HU0034920,01,04702,48,1222017,8,69,6,1,21,8000,1,0,5,30,1.0,1,01,2910.0,8000,174000,1,1,1,Photographers
2020HU0037478,02,03900,48,1222017,3,65,4,1,18,0,1,0,,,6.0,1,01,2850.0,0,39000,2,1,1,Writers and Authors
2020HU0042094,02,04623,48,1222017,39,55,6,3,17,4800,1,18000,30,52,1.0,2,23,2752.0,22800,22800,2,2,9,Musicians and Singers
2020HU0044545,03,06805,48,1222017,45,64,2,1,17,0,1,80000,6,50,1.0,2,24,2751.0,80000,80000,2,2,8,Music Directors and Composers
2020HU0044545,04,06805,48,1222017,34,64,2,1,22,0,1,80000,6,50,1.0,2,24,2751.0,80000,80000,2,2,8,Music Directors and Composers
2020HU0045574,01,00300,48,1222017,52,27,1,5,21,0,2,19000,20,52,1.0,1,01,2634.0,19000,19000,1,2,1,Graphic Designers
2020HU0046657,01,02313,48,1222017,213,25,1,5,21,0,2,75000,40,52,1.0,1,01,2634.0,75000,75000,1,2,1,Graphic Designers
2020HU0053963,02,05302,48,1222017,14,30,6,5,21,12000,1,3000,25,50,1.0,1,01,2752.0,15000,15000,1,2,1,Musicians and Singers
2020HU0054337,01,04640,48,1222017,34,39,2,1,21,2400,1,90000,45,52,1.0,1,01,2752.0,92400,92420,1,2,1,Musicians and Singers
2020HU0055029,02,04603,48,1222017,16,30,6,5,22,20000,2,0,25,52,1.0,1,01,2850.0,20000,20000,2,1,2,Writers and Authors
2020HU0056462,02,04627,48,1222017,258,27,1,5,19,0,2,44600,40,50,1.0,1,01,2850.0,44600,44600,1,2,2,Writers and Authors
2020HU0060802,01,05914,48,1222017,49,80,6,3,22,357000,1,0,60,52,1.0,1,01,2850.0,357000,380400,1,1,1,Writers and Authors
2020HU0064389,02,04624,48,1222017,85,46,1,1,19,0,1,50000,50,52,1.0,1,01,2905.0,50000,50000,1,2,1,"Other Media and Communication Equipment Workers (broadcast/sound/AV/lighting techs, combined - PUMS does not separately identify 'sound engineering technician')"
2020HU0064906,02,00900,48,1222017,106,19,2,5,18,0,2,2000,2,10,1.0,1,01,2752.0,2000,2000,1,2,1,Musicians and Singers
2020HU0065697,02,03501,48,1222017,20,40,1,3,21,0,2,0,,,6.0,1,01,2910.0,0,0,2,1,2,Photographers
2020HU0072723,01,05303,48,1222017,10,43,1,1,21,0,2,57000,30,52,1.0,1,01,2850.0,57000,62020,1,2,1,Writers and Authors
2020HU0073860,04,02504,48,1222017,30,39,1,5,21,0,2,0,,,6.0,1,01,2910.0,0,39000,1,2,2,Photographers
2020HU0074543,01,01502,48,1222017,13,39,1,1,21,0,1,0,,,6.0,1,01,2910.0,0,0,1,2,1,Photographers
2020HU0083850,02,01902,48,1222017,8,40,4,1,22,0,2,0,,,6.0,1,01,2634.0,0,0,1,2,1,Graphic Designers
2020HU0084692,02,04626,48,1222017,8,46,1,1,20,0,1,87000,40,52,1.0,1,01,2634.0,87000,87000,1,2,9,Graphic Designers
2020HU0088686,03,03802,48,1222017,10,30,6,5,20,500,2,0,50,52,1.0,1,01,2752.0,500,500,1,2,3,Musicians and Singers
2020HU0088901,01,06805,48,1222017,10,38,4,5,21,0,1,37000,40,52,1.0,1,01,2910.0,37000,37000,1,2,6,Photographers
2020HU0092035,01,07300,48,1222017,8,79,6,2,22,0,2,0,,,6.0,1,01,2850.0,0,2600,1,1,1,Writers and Authors
2020HU0092594,01,05902,48,1222017,13,49,6,1,21,5000,1,0,60,16,3.0,1,01,2710.0,5000,9000,1,1,8,Producers and Directors
2020HU0092715,02,03501,48,1222017,44,38,6,1,19,36000,2,0,40,52,1.0,1,01,2910.0,36000,36000,1,2,9,Photographers
2020HU0094128,03,04302,48,1222017,34,59,6,3,16,30000,1,0,40,52,1.0,1,01,2634.0,30000,30000,1,2,1,Graphic Designers
2020HU0096259,03,00502,48,1222017,21,31,6,1,21,32000,2,0,50,52,1.0,1,01,2634.0,32000,32000,1,2,1,Graphic Designers
2020HU0098056,02,05308,48,1222017,16,62,6,1,21,-6900,2,0,40,52,1.0,1,01,2850.0,-6900,-6900,1,2,1,Writers and Authors
2020HU0098802,03,05904,48,1222017,37,27,1,5,19,0,1,0,,,6.0,2,01,2752.0,0,0,2,2,9,Musicians and Singers
2020HU0099133,01,05912,48,1222017,9,65,2,3,16,0,1,38000,40,52,1.0,1,02,2634.0,38000,38000,1,2,9,Graphic Designers
2020HU0100376,03,00502,48,1222017,19,27,1,5,20,0,1,40000,30,3,1.0,1,01,2752.0,40000,40000,1,2,1,Musicians and Singers
2020HU0109090,03,04629,48,1222017,3,34,1,5,19,0,1,24000,37,44,1.0,1,01,2905.0,24000,26000,1,2,1,"Other Media and Communication Equipment Workers (broadcast/sound/AV/lighting techs, combined - PUMS does not separately identify 'sound engineering technician')"
2020HU0109857,02,05308,48,1222017,36,28,1,1,21,0,2,10000,12,52,1.0,2,01,2634.0,10000,10000,2,2,1,Graphic Designers
2020HU0110899,03,04620,48,1222017,209,39,6,5,16,60000,1,0,40,52,1.0,1,01,2751.0,60000,60000,1,2,2,Music Directors and Composers
2020HU0111634,02,02322,48,1222017,15,62,7,1,22,0,2,146000,40,52,1.0,1,01,2850.0,146000,146000,1,2,1,Writers and Authors
2020HU0111703,01,02514,48,1222017,3,48,6,5,21,30000,2,0,40,52,1.0,2,02,2634.0,30000,30000,2,2,5,Graphic Designers
2020HU0112026,01,00400,48,1222017,2,57,2,5,21,8000,2,4100,14,52,1.0,1,01,2905.0,12100,17100,1,2,1,"Other Media and Communication Equipment Workers (broadcast/sound/AV/lighting techs, combined - PUMS does not separately identify 'sound engineering technician')"
2020HU0113704,02,02322,48,1222017,16,44,1,1,21,0,2,64000,40,44,1.0,1,01,2910.0,64000,64000,1,2,1,Photographers
2020HU0114446,01,07500,48,1222017,6,45,6,3,22,20000,2,0,10,52,1.0,1,02,2910.0,20000,20000,1,2,1,Photographers
2020HU0114747,01,04903,48,1222017,7,49,6,1,22,0,2,0,,,3.0,1,01,2700.0,0,14400,1,2,1,Actors
2020HU0115567,01,04612,48,1222017,45,48,1,1,22,0,2,25000,20,40,1.0,1,01,2850.0,25000,25000,1,2,1,Writers and Authors
2020HU0116220,03,02510,48,1222017,19,27,1,5,20,500,1,12000,35,52,1.0,1,01,2634.0,12500,12510,1,2,1,Graphic Designers
2020HU0116369,01,05301,48,1222017,24,36,6,3,18,2000,2,0,10,10,3.0,1,01,2710.0,2000,17000,1,2,1,Producers and Directors
2020HU0119100,03,04503,48,1222017,26,28,1,5,21,0,1,24000,30,24,6.0,2,01,2634.0,24000,24000,2,2,1,Graphic Designers
2020HU0119727,01,05301,48,1222017,13,55,7,3,02,0,1,0,,,6.0,1,02,2752.0,0,30400,2,1,8,Musicians and Singers
2020HU0122150,01,05305,48,1222017,20,65,1,1,21,0,1,12000,40,52,1.0,1,01,2710.0,12000,12000,1,1,1,Producers and Directors
2020HU0122150,02,05305,48,1222017,4,63,7,1,23,10000,2,26000,40,52,1.0,1,01,2850.0,36000,36000,1,2,9,Writers and Authors
2020HU0122459,03,02315,48,1222017,6,70,6,1,19,6500,2,0,10,2,6.0,1,02,2700.0,6500,66000,2,1,9,Actors
2020HU0123600,01,05307,48,1222017,11,39,7,3,21,0,2,100000,48,52,1.0,1,01,2710.0,100000,100000,1,2,1,Producers and Directors
2020HU0123858,01,05305,48,1222017,147,30,7,5,21,0,2,170000,60,52,1.0,1,01,2752.0,170000,170000,1,2,9,Musicians and Singers
2020HU0125856,01,06703,48,1222017,19,64,6,2,10,12500,1,0,20,52,1.0,2,02,2752.0,12500,12500,2,2,1,Musicians and Singers
2020HU0130094,01,02006,48,1222017,15,63,2,5,24,0,2,20000,30,52,1.0,1,01,2751.0,20000,20100,1,2,1,Music Directors and Composers
2020HU0132075,01,05303,48,1222017,5,46,6,1,18,75000,1,0,40,52,1.0,1,01,2752.0,75000,75000,1,2,1,Musicians and Singers
2020HU0132247,02,04802,48,1222017,5,50,6,1,16,10000,1,0,60,30,6.0,1,01,2910.0,10000,38800,1,2,1,Photographers
2020HU0133589,02,02102,48,1222017,8,70,2,1,21,0,2,4300,10,52,1.0,1,01,2752.0,4300,44000,1,1,1,Musicians and Singers
2020HU0134858,02,06805,48,1222017,29,50,6,1,19,15000,2,0,15,52,1.0,1,01,2910.0,15000,15000,1,2,1,Photographers
2020HU0136542,02,05309,48,1222017,9,41,1,1,19,0,1,162000,40,52,1.0,1,01,2710.0,162000,162000,1,2,1,Producers and Directors
2020HU0137253,02,04621,48,1222017,29,45,1,1,16,0,1,20000,50,52,1.0,2,01,2634.0,20000,20000,2,2,1,Graphic Designers
2020HU0141708,01,00900,48,1222017,3,55,4,3,22,0,2,54000,70,52,1.0,1,01,2710.0,54000,60300,1,2,1,Producers and Directors
2020HU0143171,01,01909,48,1222017,25,63,6,3,19,16000,2,0,50,49,1.0,1,01,2850.0,16000,16000,1,2,1,Writers and Authors
2020HU0145163,01,04614,48,1222017,198,28,6,5,19,35000,1,0,40,52,1.0,2,01,2850.0,35000,35000,2,2,2,Writers and Authors
2020HU0146454,02,04616,48,1222017,7,43,7,1,22,0,1,0,,,6.0,1,01,2700.0,0,342000,1,2,1,Actors
2020HU0148204,01,02305,48,1222017,60,66,2,1,16,0,2,6000,4,52,1.0,1,01,2752.0,6000,6000,1,1,1,Musicians and Singers
2020HU0149300,02,01903,48,1222017,7,31,6,1,21,50000,2,0,60,52,1.0,1,01,2910.0,50000,50000,1,2,1,Photographers
2020HU0149534,02,02501,48,1222017,20,66,1,1,21,-6900,2,62000,50,52,1.0,1,06,2634.0,55100,55100,1,2,8,Graphic Designers
2020HU0151730,01,04200,48,1222017,5,43,6,1,19,5000,1,0,32,52,1.0,1,01,2850.0,5000,5000,2,1,1,Writers and Authors
2020HU0151752,02,00300,48,1222017,5,69,6,1,21,20000,1,0,40,52,1.0,1,01,2910.0,20000,20000,1,1,1,Photographers
2020HU0152413,02,00600,48,1222017,14,46,6,1,16,0,2,0,,,6.0,1,24,2752.0,0,17000,1,1,9,Musicians and Singers
2020HU0153215,01,05307,48,1222017,16,59,3,5,21,0,2,640,30,2,6.0,1,01,2905.0,640,17740,1,1,1,"Other Media and Communication Equipment Workers (broadcast/sound/AV/lighting techs, combined - PUMS does not separately identify 'sound engineering technician')"
2020HU0154950,02,01502,48,1222017,11,37,6,1,16,200,1,0,12,10,1.0,2,01,2752.0,200,200,2,2,1,Musicians and Singers
2020HU0154977,01,05302,48,1222017,15,34,4,1,22,2800,1,120000,40,52,1.0,1,01,2905.0,122800,122800,1,2,1,"Other Media and Communication Equipment Workers (broadcast/sound/AV/lighting techs, combined - PUMS does not separately identify 'sound engineering technician')"
2020HU0158894,01,04611,48,1222017,7,37,3,1,21,0,2,175000,50,52,1.0,1,01,2850.0,175000,175000,1,2,1,Writers and Authors
2020HU0160863,01,04603,48,1222017,16,81,2,1,22,0,1,104000,42,52,1.0,1,01,2751.0,104000,121000,2,1,1,Music Directors and Composers
2020HU0161360,02,02501,48,1222017,45,30,6,5,19,5000,2,0,20,10,6.0,1,07,2910.0,5000,5000,1,2,9,Photographers
2020HU0162906,02,02306,48,1222017,6,58,6,1,22,45000,1,0,50,45,1.0,1,01,2751.0,45000,69000,1,2,1,Music Directors and Composers
2020HU0164246,02,01905,48,1222017,20,42,2,1,19,12000,1,50000,50,52,1.0,1,01,2710.0,62000,62000,1,2,1,Producers and Directors
2020HU0166300,02,04602,48,1222017,60,20,2,5,19,0,2,4800,4,42,6.0,1,01,2752.0,4800,4800,1,2,6,Musicians and Singers
2020HU0167379,02,02507,48,1222017,123,26,1,5,21,0,1,40000,40,52,1.0,1,11,2850.0,40000,40000,1,2,9,Writers and Authors
2020HU0168763,02,03306,48,1222017,12,55,1,1,21,0,1,80000,40,1,3.0,2,02,2850.0,80000,93500,2,2,1,Writers and Authors
2020HU0169229,01,04901,48,1222017,13,69,2,1,19,0,1,5000,3,52,1.0,1,01,2752.0,5000,30500,2,1,2,Musicians and Singers
2020HU0169381,01,02005,48,1222017,11,30,2,5,23,0,2,10000,2,52,1.0,1,01,2752.0,10000,10000,1,2,6,Musicians and Singers
2020HU0171745,02,04621,48,1222017,58,33,1,3,20,0,2,9800,20,12,3.0,2,01,2740.0,9800,9800,2,2,1,Dancers and Choreographers
2020HU0171989,03,07401,48,1222017,29,23,2,5,21,0,1,3500,3,52,1.0,1,01,2752.0,3500,40500,1,2,1,Musicians and Singers
2020HU0173112,01,05307,48,1222017,93,34,6,1,21,60000,1,0,40,36,1.0,1,02,2710.0,60000,74000,1,2,9,Producers and Directors
2020HU0176516,01,04636,48,1222017,31,60,7,1,21,40000,1,85000,40,52,1.0,1,01,2710.0,125000,125020,1,2,1,Producers and Directors
2020HU0176805,02,04628,48,1222017,9,64,2,1,21,0,2,12800,20,52,1.0,1,01,2751.0,12800,12800,1,2,1,Music Directors and Composers
2020HU0177585,03,02314,48,1222017,18,44,1,5,19,0,1,41000,12,52,1.0,1,01,2634.0,41000,41000,1,2,1,Graphic Designers
2020HU0180821,02,05909,48,1222017,5,37,1,3,21,0,1,7000,20,20,1.0,2,02,2910.0,7000,10600,2,2,1,Photographers
2020HU0181769,02,02322,48,1222017,10,24,1,5,21,0,2,35000,40,52,1.0,1,01,2634.0,35000,35000,1,2,1,Graphic Designers
2020HU0185767,01,04603,48,1222017,30,30,2,5,21,0,1,40000,40,52,1.0,1,01,2910.0,40000,40000,1,2,1,Photographers
2020HU0187708,04,01907,48,1222017,14,28,1,3,16,0,1,25000,40,52,1.0,1,01,2710.0,25000,25000,1,2,3,Producers and Directors
2020HU0191235,01,02512,48,1222017,16,54,6,3,20,77000,1,0,35,25,1.0,1,01,2905.0,77000,77000,1,2,1,"Other Media and Communication Equipment Workers (broadcast/sound/AV/lighting techs, combined - PUMS does not separately identify 'sound engineering technician')"
2020HU0192758,02,05916,48,1222017,10,38,6,1,18,1200,1,0,20,32,6.0,1,02,2752.0,1200,1200,1,2,9,Musicians and Singers
2020HU0192838,01,04621,48,1222017,5,63,1,1,15,0,1,195000,60,52,1.0,1,01,2710.0,195000,195000,1,2,6,Producers and Directors
2020HU0195881,01,05401,48,1222017,12,27,1,1,19,0,1,12000,20,30,6.0,1,01,2752.0,12000,12000,2,1,1,Musicians and Singers
2020HU0196946,02,07401,48,1222017,132,44,2,1,21,0,2,30000,20,52,1.0,1,01,2634.0,30000,30000,1,2,1,Graphic Designers
2020HU0197251,02,02315,48,1222017,8,51,6,1,21,50000,1,0,40,52,1.0,1,01,2634.0,50000,50000,1,2,1,Graphic Designers
2020HU0197287,01,02317,48,1222017,60,57,1,1,18,0,2,35000,40,52,1.0,1,01,2634.0,35000,35000,1,2,1,Graphic Designers
2020HU0198675,01,04637,48,1222017,21,26,2,1,21,0,1,46000,40,52,1.0,1,01,2850.0,46000,46000,1,2,1,Writers and Authors
2020HU0199214,02,03801,48,1222017,14,35,1,5,20,0,1,33000,40,52,1.0,2,01,2634.0,33000,33000,2,2,3,Graphic Designers
2020HU0199580,01,04612,48,1222017,39,49,1,1,22,4000,1,39000,40,51,1.0,1,01,2634.0,43000,49000,1,2,1,Graphic Designers
2020HU0201093,04,02311,48,1222017,20,24,1,5,19,0,1,3200,5,32,1.0,1,02,2752.0,3200,3200,2,1,9,Musicians and Singers
2020HU0201517,02,04906,48,1222017,26,60,6,1,22,50000,2,0,40,52,1.0,1,01,2710.0,50000,50000,1,2,1,Producers and Directors
2020HU0204669,01,00501,48,1222017,35,23,1,1,19,0,1,30000,40,52,1.0,1,01,2905.0,30000,30000,1,2,1,"Other Media and Communication Equipment Workers (broadcast/sound/AV/lighting techs, combined - PUMS does not separately identify 'sound engineering technician')"
2020HU0204702,02,02311,48,1222017,10,65,2,1,19,0,2,32000,37,52,1.0,1,01,2710.0,32000,38200,2,1,1,Producers and Directors
2020HU0204769,01,06100,48,1222017,7,34,5,1,16,0,2,75000,50,52,1.0,1,01,2850.0,75000,75000,1,2,1,Writers and Authors
2020HU0205120,02,04627,48,1222017,7,49,1,1,21,18300,2,33000,40,52,1.0,1,01,2634.0,51300,51300,1,2,1,Graphic Designers
2020HU0208071,02,05307,48,1222017,233,26,2,5,21,0,2,40000,40,43,1.0,1,01,2905.0,40000,42120,1,2,1,"Other Media and Communication Equipment Workers (broadcast/sound/AV/lighting techs, combined - PUMS does not separately identify 'sound engineering technician')"
2020HU0209202,01,05800,48,1222017,57,23,1,1,21,0,2,35000,40,52,1.0,1,01,2634.0,35000,35000,1,2,1,Graphic Designers
2020HU0211448,02,04802,48,1222017,22,34,6,1,20,60000,1,0,55,52,1.0,2,02,2905.0,60000,60000,2,2,9,"Other Media and Communication Equipment Workers (broadcast/sound/AV/lighting techs, combined - PUMS does not separately identify 'sound engineering technician')"
2020HU0211661,05,05905,48,1222017,19,50,6,3,18,25000,2,0,12,25,1.0,2,02,2634.0,25000,25000,2,2,9,Graphic Designers
2020HU0213170,01,05306,48,1222017,32,62,6,3,19,12000,2,0,20,20,6.0,2,01,2634.0,12000,12000,2,2,1,Graphic Designers
2020HU0215343,01,02515,48,1222017,63,49,3,1,20,0,1,65000,40,52,1.0,1,02,2905.0,65000,65000,1,2,1,"Other Media and Communication Equipment Workers (broadcast/sound/AV/lighting techs, combined - PUMS does not separately identify 'sound engineering technician')"
2020HU0220748,01,05401,48,1222017,85,61,3,5,22,0,1,45000,44,24,1.0,1,02,2850.0,45000,50000,1,2,9,Writers and Authors
2020HU0221863,02,02004,48,1222017,3,32,6,1,21,30000,2,50000,25,44,1.0,1,01,2910.0,80000,80000,1,2,6,Photographers
2020HU0226184,02,05911,48,1222017,25,58,1,1,20,25000,1,70000,40,52,1.0,1,01,2634.0,95000,95000,1,2,1,Graphic Designers
2020HU0226467,01,05304,48,1222017,117,34,1,5,22,0,1,30000,40,45,1.0,2,01,2710.0,30000,30000,2,2,1,Producers and Directors
2020HU0226467,02,05304,48,1222017,118,34,4,5,21,0,2,30000,40,52,1.0,2,01,2910.0,30000,30000,2,2,1,Photographers
2020HU0227143,01,05203,48,1222017,15,49,1,1,22,0,1,60000,42,52,1.0,1,01,2905.0,60000,60770,1,2,1,"Other Media and Communication Equipment Workers (broadcast/sound/AV/lighting techs, combined - PUMS does not separately identify 'sound engineering technician')"
2020HU0227195,02,05306,48,1222017,199,52,1,1,21,0,2,72000,40,52,1.0,1,02,2634.0,72000,72060,1,1,9,Graphic Designers
2020HU0228082,01,04603,48,1222017,9,66,2,1,22,0,1,104000,42,52,1.0,1,01,2751.0,104000,104000,1,1,1,Music Directors and Composers
2020HU0228105,03,02307,48,1222017,24,34,1,1,21,0,2,8000,40,12,1.0,1,01,2850.0,8000,8000,1,2,1,Writers and Authors
2020HU0229973,01,04302,48,1222017,2,62,2,3,21,0,2,7500,6,52,1.0,1,01,2752.0,7500,61620,1,2,9,Musicians and Singers
2020HU0234737,02,02004,48,1222017,18,41,6,1,16,20000,2,0,20,26,1.0,1,01,2910.0,20000,20000,1,2,1,Photographers
2020HU0236758,02,00200,48,1222017,13,37,1,1,22,0,2,3000,4,6,6.0,1,01,2634.0,3000,3000,1,2,1,Graphic Designers
2020HU0239650,02,00200,48,1222017,9,71,6,1,22,48000,1,0,25,12,1.0,1,01,2850.0,48000,49800,1,1,1,Writers and Authors
2020HU0240695,01,02313,48,1222017,41,31,1,5,21,6000,2,61000,40,52,1.0,1,01,2634.0,67000,67000,1,2,1,Graphic Designers
2020HU0241059,02,05903,48,1222017,7,65,2,5,18,0,1,12000,20,52,1.0,1,01,2752.0,12000,18200,1,1,2,Musicians and Singers
2020HU0243000,01,01800,48,1222017,31,70,2,2,19,0,1,2400,3,40,1.0,1,01,2752.0,2400,21400,1,1,1,Musicians and Singers
2020HU0243200,01,04603,48,1222017,10,47,6,3,22,50000,2,36000,40,52,1.0,1,01,2850.0,86000,86000,1,2,1,Writers and Authors
2020HU0244958,03,00200,48,1222017,11,27,6,5,19,17000,1,0,35,52,1.0,2,01,2634.0,17000,17000,2,2,2,Graphic Designers
2020HU0246264,02,01909,48,1222017,9,42,2,1,19,0,2,0,,,6.0,1,01,2710.0,0,0,1,2,1,Producers and Directors
2020HU0247219,01,06806,48,1222017,9,28,6,5,19,-200,1,12000,40,52,1.0,2,02,2905.0,11800,11800,2,2,1,"Other Media and Communication Equipment Workers (broadcast/sound/AV/lighting techs, combined - PUMS does not separately identify 'sound engineering technician')"
2020HU0248361,02,06000,48,1222017,29,73,1,3,21,0,1,0,,,6.0,1,01,2752.0,0,12000,2,1,1,Musicians and Singers
2020HU0248373,02,05914,48,1222017,27,60,1,1,21,0,1,15800,20,52,1.0,1,02,2752.0,15800,15800,1,2,8,Musicians and Singers
2020HU0249467,01,05307,48,1222017,11,38,6,1,17,16000,2,0,20,52,1.0,1,01,2850.0,16000,16000,1,2,1,Writers and Authors
2020HU0251612,01,02310,48,1222017,27,73,6,3,23,0,1,0,,,6.0,1,01,2850.0,0,38900,1,1,1,Writers and Authors
2020HU0253702,01,05304,48,1222017,70,31,6,5,19,100000,1,0,48,52,1.0,1,01,2752.0,100000,100000,1,2,1,Musicians and Singers
2020HU0254863,02,03802,48,1222017,5,40,2,1,22,20000,2,15000,25,52,1.0,1,02,2752.0,35000,35000,1,2,9,Musicians and Singers
2020HU0255473,02,05307,48,1222017,18,34,7,5,16,0,1,12000,40,24,1.0,1,01,2752.0,12000,25000,1,2,1,Musicians and Singers
2020HU0255865,01,04614,48,1222017,37,56,7,4,20,0,1,40000,45,52,1.0,1,01,2710.0,40000,40000,1,2,1,Producers and Directors
2020HU0258936,04,04610,48,1222017,56,30,6,5,16,50000,1,0,40,52,1.0,2,01,2910.0,50000,50000,2,2,2,Photographers
2020HU0261168,01,02505,48,1222017,28,37,6,1,22,105000,2,0,60,52,1.0,1,01,2700.0,105000,105000,1,2,2,Actors
2020HU0262417,01,04801,48,1222017,60,23,6,1,19,0,2,0,,,3.0,1,01,2850.0,0,0,1,2,1,Writers and Authors
2020HU0262875,02,05904,48,1222017,10,30,7,1,19,7000,1,30000,99,52,1.0,1,02,2905.0,37000,37000,1,2,9,"Other Media and Communication Equipment Workers (broadcast/sound/AV/lighting techs, combined - PUMS does not separately identify 'sound engineering technician')"
2020HU0265627,01,06803,48,1222017,39,57,7,1,09,0,1,0,,,6.0,2,02,2752.0,0,3500,2,2,8,Musicians and Singers
2020HU0267704,01,01903,48,1222017,11,29,1,5,21,0,1,100000,40,52,1.0,1,01,2634.0,100000,100000,1,2,1,Graphic Designers
2020HU0270151,02,05308,48,1222017,19,38,1,1,19,0,1,69000,40,50,1.0,1,01,2710.0,69000,69000,1,2,1,Producers and Directors
2020HU0273161,01,06000,48,1222017,12,21,1,1,18,0,1,24500,39,52,1.0,2,02,2634.0,24500,24500,2,2,9,Graphic Designers
2020HU0273377,03,06000,48,1222017,121,24,1,5,19,0,2,1700,5,26,6.0,1,01,2910.0,1700,1700,1,2,1,Photographers
2020HU0278888,02,06601,48,1222017,11,36,6,1,21,35000,2,0,40,52,1.0,1,03,2634.0,35000,35000,1,2,1,Graphic Designers
2020HU0280957,01,03000,48,1222017,14,81,6,2,16,0,2,0,,,6.0,1,01,2752.0,0,51250,1,1,1,Musicians and Singers
2020HU0281239,02,01100,48,1222017,2,70,2,1,22,0,2,6000,4,4,1.0,1,01,2752.0,6000,32600,1,1,1,Musicians and Singers
2020HU0282700,01,04621,48,1222017,12,67,6,3,21,0,1,0,,,6.0,1,01,2710.0,0,342000,1,1,1,Producers and Directors
2020HU0284912,01,05907,48,1222017,6,49,2,1,22,0,2,65000,40,52,1.0,1,01,2905.0,65000,65000,1,2,1,"Other Media and Communication Equipment Workers (broadcast/sound/AV/lighting techs, combined - PUMS does not separately identify 'sound engineering technician')"
2020HU0286563,01,05307,48,1222017,14,38,6,5,21,18000,2,0,20,52,1.0,1,01,2752.0,18000,18000,1,2,1,Musicians and Singers
2020HU0286744,01,05401,48,1222017,49,76,2,1,21,0,1,0,,,6.0,1,01,2710.0,0,18000,1,1,1,Producers and Directors
2020HU0287541,01,02002,48,1222017,48,31,1,1,18,1000,1,20000,40,40,1.0,1,02,2710.0,21000,21000,1,2,9,Producers and Directors
2020HU0290905,03,04604,48,1222017,6,28,1,5,21,0,1,9000,70,1,3.0,1,01,2850.0,9000,9000,1,2,6,Writers and Authors
2020HU0295390,01,05202,48,1222017,11,31,1,1,21,6000,2,41000,40,52,1.0,1,01,2634.0,47000,47000,1,2,1,Graphic Designers
2020HU0295594,01,05915,48,1222017,13,36,6,1,21,24000,2,0,15,49,1.0,1,01,2850.0,24000,24000,1,2,1,Writers and Authors
2020HU0295768,01,04701,48,1222017,8,75,1,3,19,0,1,34200,10,52,1.0,1,01,2752.0,34200,65700,2,1,1,Musicians and Singers
2020HU0296970,02,04633,48,1222017,11,61,2,1,21,5000,2,7800,20,52,1.0,1,01,2751.0,12800,12800,1,2,1,Music Directors and Composers
2020HU0297209,02,02515,48,1222017,9,73,1,1,21,0,2,2300,12,12,6.0,1,01,2850.0,2300,30200,2,1,1,Writers and Authors
2020HU0300193,01,05302,48,1222017,10,56,2,1,22,0,2,0,,,6.0,1,01,2752.0,0,0,1,2,1,Musicians and Singers
2020HU0300918,03,02003,48,1222017,26,24,6,5,21,5000,1,0,40,52,1.0,1,01,2850.0,5000,5000,1,2,1,Writers and Authors
2020HU0301797,01,05307,48,1222017,6,54,3,5,19,0,1,78000,40,52,1.0,1,01,2905.0,78000,78000,1,2,9,"Other Media and Communication Equipment Workers (broadcast/sound/AV/lighting techs, combined - PUMS does not separately identify 'sound engineering technician')"
2020HU0302007,01,02313,48,1222017,9,26,1,5,19,0,1,58000,30,52,1.0,1,01,2752.0,58000,58000,1,2,1,Musicians and Singers
2020HU0304611,02,02309,48,1222017,24,39,1,1,21,1000,1,50000,40,52,1.0,1,01,2710.0,51000,51000,1,2,1,Producers and Directors
2020HU0304922,02,00700,48,1222017,3,32,6,1,20,50,2,50,6,4,6.0,1,01,2910.0,100,100,1,2,1,Photographers
2020HU0304991,03,04621,48,1222017,11,26,1,5,18,0,1,300,4,1,6.0,1,02,2752.0,300,300,2,1,9,Musicians and Singers
2020HU0306774,02,00400,48,1222017,3,67,2,1,21,0,2,1200,1,52,1.0,1,01,2752.0,1200,26200,1,2,1,Musicians and Singers
2020HU0307321,01,03700,48,1222017,5,31,4,5,21,0,2,12000,20,4,1.0,1,01,2634.0,12000,12060,1,2,1,Graphic Designers
2020HU0307522,01,05307,48,1222017,13,49,6,1,21,80000,2,0,40,52,1.0,1,01,2850.0,80000,80000,1,2,1,Writers and Authors
2020HU0307522,02,05307,48,1222017,14,50,1,1,21,0,1,140000,40,52,1.0,1,01,2850.0,140000,140000,1,2,1,Writers and Authors
2020HU0307582,01,06603,48,1222017,21,39,1,1,21,0,2,60000,45,52,1.0,1,01,2634.0,60000,60000,1,2,1,Graphic Designers
2020HU0309233,01,05304,48,1222017,6,40,1,1,19,0,1,115000,40,52,1.0,1,01,2710.0,115000,115000,1,2,1,Producers and Directors
2020HU0309308,02,02315,48,1222017,5,37,1,5,20,0,1,60000,40,52,1.0,1,07,2634.0,60000,60000,1,2,8,Graphic Designers
2020HU0309698,02,03308,48,1222017,15,41,1,1,22,0,2,3000,4,6,6.0,1,01,2634.0,3000,3000,1,1,1,Graphic Designers
2020HU0310218,03,01300,48,1222017,11,29,1,5,21,0,2,30400,45,52,1.0,1,24,2634.0,30400,30400,1,2,9,Graphic Designers
2020HU0310481,01,02313,48,1222017,6,22,1,5,21,0,2,20000,40,52,1.0,1,01,2850.0,20000,20000,1,2,1,Writers and Authors
2020HU0313471,01,05100,48,1222017,7,51,1,1,16,0,1,68000,40,52,1.0,1,01,2905.0,68000,68000,1,1,1,"Other Media and Communication Equipment Workers (broadcast/sound/AV/lighting techs, combined - PUMS does not separately identify 'sound engineering technician')"
2020HU0316573,01,04604,48,1222017,86,61,2,5,24,0,1,82000,40,52,1.0,1,01,2752.0,82000,82000,1,2,1,Musicians and Singers
2020HU0316595,02,00501,48,1222017,35,26,6,5,22,3000,2,0,20,52,1.0,1,01,2752.0,3000,3000,1,2,6,Musicians and Singers
2020HU0316711,01,05307,48,1222017,7,38,7,1,21,0,2,28000,10,52,1.0,1,01,2634.0,28000,33000,1,2,1,Graphic Designers
2020HU0317862,01,02306,48,1222017,78,47,7,1,21,0,1,90000,50,52,1.0,1,01,2710.0,90000,90000,1,2,1,Producers and Directors
2020HU0318075,02,02700,48,1222017,7,83,2,1,20,0,1,7100,5,52,1.0,1,01,2751.0,7100,33000,1,1,1,Music Directors and Composers
2020HU0319135,03,03306,48,1222017,13,23,4,5,21,0,2,1400,16,19,3.0,2,01,2634.0,1400,1400,2,2,1,Graphic Designers
2020HU0320535,01,05303,48,1222017,52,39,1,1,21,7800,1,55000,40,52,1.0,1,01,2634.0,62800,66600,1,2,1,Graphic Designers
2020HU0322247,01,06703,48,1222017,16,68,6,3,19,0,1,0,,,6.0,1,02,2752.0,0,9600,2,1,1,Musicians and Singers
2020HU0322659,04,06603,48,1222017,5,20,2,5,16,8000,1,11000,40,52,1.0,1,01,2752.0,19000,19000,1,2,1,Musicians and Singers
2020HU0324172,04,02308,48,1222017,12,32,6,4,18,0,1,0,,,3.0,1,01,2910.0,0,0,2,1,9,Photographers
2020HU0324873,01,01909,48,1222017,37,48,1,1,22,0,1,60000,50,47,1.0,2,01,2905.0,60000,84000,2,2,6,"Other Media and Communication Equipment Workers (broadcast/sound/AV/lighting techs, combined - PUMS does not separately identify 'sound engineering technician')"
2020HU0326068,02,02319,48,1222017,49,42,1,1,21,0,1,74000,40,52,1.0,1,02,2850.0,74000,74000,1,2,1,Writers and Authors
2020HU0326490,01,00900,48,1222017,4,55,6,3,22,0,2,0,,,3.0,1,01,2850.0,0,3300,1,2,1,Writers and Authors
2020HU0326602,01,05305,48,1222017,14,85,6,2,21,2600,2,0,15,52,1.0,1,01,2850.0,2600,51600,1,1,1,Writers and Authors
2020HU0327338,02,03700,48,1222017,2,25,6,1,21,60000,2,0,40,52,1.0,1,01,2910.0,60000,60000,1,2,1,Photographers
2020HU0328583,02,02311,48,1222017,11,34,1,3,21,0,2,0,,,6.0,2,02,2634.0,0,0,2,2,9,Graphic Designers
2020HU0329999,02,02400,48,1222017,4,42,2,5,24,0,2,24000,25,52,1.0,2,24,2850.0,24000,24000,2,2,9,Writers and Authors
2020HU0332223,03,02506,48,1222017,47,27,6,5,21,25000,2,0,40,52,1.0,1,01,2634.0,25000,25000,1,2,1,Graphic Designers
2020HU0337124,01,04625,48,1222017,13,61,7,1,19,0,1,5000,40,5,3.0,1,01,2710.0,5000,142000,1,2,1,Producers and Directors
2020HU0340842,01,06000,48,1222017,15,72,6,1,22,3200,1,0,6,45,1.0,1,01,2634.0,3200,13200,1,1,1,Graphic Designers
2020HU0341276,02,02002,48,1222017,16,32,6,5,21,12400,2,0,60,52,1.0,2,01,2700.0,12400,12400,2,2,1,Actors
2020HU0342824,01,02502,48,1222017,6,28,1,5,21,0,2,100000,40,52,1.0,1,01,2634.0,100000,100000,1,2,9,Graphic Designers
2020HU0344392,01,04611,48,1222017,16,81,2,1,16,0,1,3600,8,52,1.0,1,02,2752.0,3600,6800,1,1,9,Musicians and Singers
2020HU0346473,03,06804,48,1222017,44,29,1,5,21,0,2,45000,40,52,1.0,1,01,2850.0,45000,45000,1,2,1,Writers and Authors
2020HU0355912,03,06701,48,1222017,16,19,2,5,16,0,1,1800,3,30,1.0,1,02,2752.0,1800,2100,1,2,8,Musicians and Singers
2020HU0356144,01,05904,48,1222017,10,66,2,1,19,0,2,4000,28,2,3.0,1,02,2700.0,4000,4000,2,1,1,Actors
2020HU0358808,01,05304,48,1222017,14,32,1,5,19,0,2,2000,30,10,3.0,2,01,2905.0,2000,2300,2,2,1,"Other Media and Communication Equipment Workers (broadcast/sound/AV/lighting techs, combined - PUMS does not separately identify 'sound engineering technician')"
2020HU0359718,02,01501,48,1222017,35,57,6,1,22,0,2,0,,,6.0,1,01,2700.0,0,0,1,2,1,Actors
2020HU0360856,02,07200,48,1222017,6,27,6,1,21,10000,2,0,30,52,1.0,1,01,2634.0,10000,10000,1,2,1,Graphic Designers
2020HU0362577,02,05700,48,1222017,41,30,6,5,21,12000,1,0,20,50,1.0,1,01,2752.0,12000,12000,1,2,1,Musicians and Singers
2020HU0365423,01,04301,48,1222017,32,29,7,1,20,0,2,15000,10,52,1.0,2,02,2910.0,15000,15000,2,2,1,Photographers
2020HU0367065,01,05700,48,1222017,7,81,2,1,21,0,2,5700,2,50,1.0,1,01,2752.0,5700,32200,1,1,1,Musicians and Singers
2020HU0369484,01,03100,48,1222017,5,29,1,3,19,0,1,37000,40,52,1.0,1,01,2634.0,37000,37000,1,2,9,Graphic Designers
2020HU0371333,01,02314,48,1222017,10,67,2,1,18,0,2,25400,2,40,1.0,1,01,2751.0,25400,47300,1,1,2,Music Directors and Composers
2020HU0371652,01,00300,48,1222017,13,26,1,5,23,0,2,19000,20,52,1.0,1,01,2634.0,19000,19000,1,2,1,Graphic Designers
2020HU0372170,02,04615,48,1222017,48,24,1,5,16,0,2,10000,10,30,1.0,2,01,2740.0,10000,10000,2,2,1,Dancers and Choreographers
2020HU0373059,02,02506,48,1222017,27,41,1,1,22,0,1,26000,40,52,1.0,1,01,2634.0,26000,26000,1,2,2,Graphic Designers
2020HU0375452,02,05301,48,1222017,40,43,1,1,21,0,2,65000,84,26,3.0,1,01,2710.0,65000,65000,1,2,1,Producers and Directors
2020HU0375815,02,04504,48,1222017,11,72,1,1,17,0,1,39900,40,52,1.0,1,01,2905.0,39900,57800,1,1,1,"Other Media and Communication Equipment Workers (broadcast/sound/AV/lighting techs, combined - PUMS does not separately identify 'sound engineering technician')"
2020HU0376353,01,05304,48,1222017,9,44,6,1,22,3500,1,10000,50,48,1.0,1,01,2752.0,13500,18000,2,1,8,Musicians and Singers
2020HU0376353,02,05304,48,1222017,9,34,6,1,22,2300,2,17000,60,48,1.0,1,01,2752.0,19300,19300,1,2,8,Musicians and Singers
2020HU0379734,03,04601,48,1222017,2,37,1,5,15,0,1,155000,40,52,1.0,2,02,2634.0,155000,155000,2,2,5,Graphic Designers
2020HU0380020,02,02514,48,1222017,10,37,1,1,21,0,1,57000,40,52,1.0,1,01,2710.0,57000,57000,1,2,1,Producers and Directors
2020HU0382199,03,00700,48,1222017,38,40,1,5,16,0,1,11300,30,20,6.0,2,01,2905.0,11300,11300,2,2,1,"Other Media and Communication Equipment Workers (broadcast/sound/AV/lighting techs, combined - PUMS does not separately identify 'sound engineering technician')"
2020HU0383531,02,02512,48,1222017,11,20,1,5,16,0,1,28000,40,52,1.0,1,01,2905.0,28000,28000,1,2,9,"Other Media and Communication Equipment Workers (broadcast/sound/AV/lighting techs, combined - PUMS does not separately identify 'sound engineering technician')"
2020HU0386308,01,02003,48,1222017,18,39,1,1,19,10000,2,21800,30,52,1.0,2,01,2910.0,31800,31800,2,2,1,Photographers
2020HU0389021,01,04604,48,1222017,151,54,6,1,21,0,2,0,,,6.0,1,01,2700.0,0,0,1,2,1,Actors
2020HU0390715,02,02400,48,1222017,37,58,6,1,22,12000,2,0,20,24,1.0,1,01,2752.0,12000,12000,1,2,1,Musicians and Singers
2020HU0392197,02,05304,48,1222017,52,25,2,5,21,5000,1,33400,40,32,3.0,1,03,2634.0,38400,38400,1,2,9,Graphic Designers
2020HU0395367,01,05911,48,1222017,19,24,1,5,21,0,1,43000,42,52,1.0,1,01,2910.0,43000,43000,1,2,2,Photographers
2020HU0397588,02,05402,48,1222017,4,50,5,1,22,0,2,81000,40,20,3.0,1,01,2850.0,81000,123300,1,1,1,Writers and Authors
2020HU0397778,02,05700,48,1222017,45,27,1,5,21,0,2,30000,50,52,1.0,2,01,2634.0,30000,30000,2,2,1,Graphic Designers
2020HU0400788,01,02315,48,1222017,14,43,1,3,21,0,2,6000,40,52,1.0,1,01,2910.0,6000,6000,1,2,1,Photographers
2020HU0401335,03,02700,48,1222017,5,19,2,5,19,0,2,6000,10,46,1.0,1,01,2634.0,6000,6000,1,2,1,Graphic Designers
2020HU0403382,02,04601,48,1222017,13,39,1,5,22,0,2,45000,40,52,1.0,1,01,2850.0,45000,42700,1,2,1,Writers and Authors
2020HU0404420,01,04601,48,1222017,14,47,1,5,20,0,1,49000,40,52,1.0,1,01,2905.0,49000,49000,1,2,1,"Other Media and Communication Equipment Workers (broadcast/sound/AV/lighting techs, combined - PUMS does not separately identify 'sound engineering technician')"
2020HU0405404,02,02311,48,1222017,4,58,1,1,21,0,1,50000,50,52,1.0,1,01,2634.0,50000,51000,1,2,1,Graphic Designers
2020HU0406348,04,06604,48,1222017,41,26,2,5,19,0,1,0,,,6.0,2,01,2752.0,0,50,2,2,1,Musicians and Singers
2020HU0408152,02,02308,48,1222017,8,29,1,1,22,0,2,45000,60,52,1.0,1,01,2634.0,45000,45000,1,2,1,Graphic Designers
2020HU0409588,02,05912,48,1222017,45,37,1,1,21,0,1,125000,40,52,1.0,1,02,2634.0,125000,125000,1,2,9,Graphic Designers
2020HU0411678,01,02514,48,1222017,7,42,6,1,19,100000,1,0,40,52,1.0,1,01,2752.0,100000,100000,1,2,1,Musicians and Singers
2020HU0412229,01,02510,48,1222017,28,59,1,1,20,0,2,5400,30,12,3.0,1,01,2634.0,5400,6300,2,1,1,Graphic Designers
2020HU0412489,01,04624,48,1222017,19,70,4,2,22,0,2,38000,3,5,6.0,1,01,2700.0,38000,76900,1,1,1,Actors
2020HU0412727,01,04901,48,1222017,57,38,1,1,21,5000,1,80000,40,52,1.0,1,01,2634.0,85000,85000,1,2,6,Graphic Designers
2020HU0413041,03,02314,48,1222017,33,24,6,5,21,2000,1,0,1,1,6.0,2,24,2905.0,2000,2000,2,2,1,"Other Media and Communication Equipment Workers (broadcast/sound/AV/lighting techs, combined - PUMS does not separately identify 'sound engineering technician')"
2020HU0414028,02,05302,48,1222017,15,27,1,5,21,0,2,41000,40,52,1.0,1,02,2634.0,41000,41000,1,2,1,Graphic Designers
2020HU0415993,03,04802,48,1222017,28,28,1,5,19,0,1,0,,,3.0,1,01,2752.0,0,0,1,2,1,Musicians and Singers
2020HU0416727,01,05303,48,1222017,68,56,6,1,21,-6900,1,5000,70,52,1.0,2,01,2850.0,-1900,-1900,2,2,1,Writers and Authors
2020HU0416810,01,02900,48,1222017,42,61,7,1,06,0,1,0,,,6.0,2,02,2752.0,0,0,2,2,9,Musicians and Singers
2020HU0417321,02,01905,48,1222017,7,74,7,1,21,0,2,7000,16,1,1.0,1,01,2634.0,7000,24000,1,1,1,Graphic Designers
2020HU0417400,01,04901,48,1222017,13,70,2,2,18,0,2,61000,40,52,1.0,1,01,2752.0,61000,85000,1,1,2,Musicians and Singers
2020HU0420187,01,05306,48,1222017,4,57,7,1,22,0,2,6000,4,40,1.0,1,01,2634.0,6000,6000,1,2,1,Graphic Designers
2020HU0421235,02,05916,48,1222017,17,64,6,1,21,35000,1,0,40,52,1.0,1,01,2751.0,35000,56600,1,2,1,Music Directors and Composers
2020HU0422065,01,02311,48,1222017,17,28,7,5,19,21000,1,20000,34,52,1.0,2,01,2634.0,41000,41000,2,2,1,Graphic Designers
2020HU0423163,02,01904,48,1222017,28,63,7,1,21,0,2,146000,40,52,1.0,2,01,2850.0,146000,146000,2,2,1,Writers and Authors
2020HU0429455,01,02513,48,1222017,9,63,6,1,22,6000,2,0,15,52,1.0,1,01,2752.0,6000,18000,1,2,1,Musicians and Singers
2020HU0429455,02,02513,48,1222017,13,85,6,1,22,2500,1,0,2,35,1.0,1,01,2752.0,2500,42500,2,1,1,Musicians and Singers
2020HU0430189,02,06802,48,1222017,36,28,6,5,21,0,1,0,,,3.0,2,02,2710.0,0,0,2,2,9,Producers and Directors
2020HU0432252,02,05600,48,1222017,52,61,6,1,21,7500,2,0,30,2,6.0,1,01,2910.0,7500,7500,1,2,1,Photographers
2020HU0433987,01,07600,48,1222017,86,28,1,1,18,0,1,120000,80,52,1.0,1,02,2634.0,120000,120000,1,2,1,Graphic Designers
2020HU0438737,01,05201,48,1222017,45,85,2,1,21,0,1,0,,,6.0,1,01,2752.0,0,25000,1,1,1,Musicians and Singers
2020HU0439185,01,05203,48,1222017,33,47,1,1,20,0,1,59000,40,52,1.0,1,02,2634.0,59000,59000,1,2,9,Graphic Designers
2020HU0440643,01,05302,48,1222017,22,64,4,1,21,9000,2,69000,40,52,1.0,1,01,2850.0,78000,78000,1,2,1,Writers and Authors
2020HU0440643,02,05302,48,1222017,24,60,7,1,19,0,1,7500,30,52,1.0,1,01,2905.0,7500,29400,1,2,1,"Other Media and Communication Equipment Workers (broadcast/sound/AV/lighting techs, combined - PUMS does not separately identify 'sound engineering technician')"
2020HU0441708,02,02506,48,1222017,12,34,6,1,21,20000,1,0,40,52,1.0,1,01,2910.0,20000,20000,1,2,2,Photographers
2020HU0443945,02,04615,48,1222017,6,33,1,5,22,0,2,15000,20,40,3.0,2,01,2700.0,15000,15000,2,2,2,Actors
2020HU0450595,01,05800,48,1222017,56,49,2,3,22,0,2,59000,60,52,1.0,1,01,2710.0,59000,59000,1,2,1,Producers and Directors
2020HU0450992,01,04628,48,1222017,7,30,6,1,21,500,2,600,12,1,6.0,1,01,2910.0,1100,5100,1,2,1,Photographers
2020HU0453894,02,02311,48,1222017,3,58,6,1,21,-6900,2,4000,8,12,6.0,2,01,2850.0,-2900,-2900,2,2,1,Writers and Authors
2020HU0455724,02,04503,48,1222017,14,51,7,3,21,0,1,120000,40,52,1.0,1,01,2910.0,120000,120000,1,2,1,Photographers
2020HU0455841,01,06000,48,1222017,28,52,1,1,21,0,1,75000,60,52,1.0,1,01,2752.0,75000,77000,1,2,1,Musicians and Singers
2020HU0457314,03,02304,48,1222017,21,38,6,5,17,105000,2,0,60,52,1.0,1,01,2700.0,105000,105000,1,2,2,Actors
2020HU0458483,01,05910,48,1222017,28,29,2,5,21,0,2,36000,40,52,1.0,1,01,2634.0,36000,36000,1,2,1,Graphic Designers
2020HU0464461,01,04629,48,1222017,2,53,1,1,21,5000,1,90000,40,4,1.0,1,01,2905.0,95000,100000,1,2,1,"Other Media and Communication Equipment Workers (broadcast/sound/AV/lighting techs, combined - PUMS does not separately identify 'sound engineering technician')"
2020HU0466016,02,02510,48,1222017,6,67,6,1,21,5900,2,5900,25,1,6.0,1,01,2634.0,11800,23800,2,1,1,Graphic Designers
2020HU0466397,01,01904,48,1222017,23,49,6,1,22,100000,2,0,30,52,1.0,1,01,2850.0,100000,100100,1,2,1,Writers and Authors
2020HU0466431,02,04603,48,1222017,16,48,6,1,21,45000,1,0,25,52,1.0,1,01,2634.0,45000,45000,1,2,9,Graphic Designers
2020HU0468971,01,04702,48,1222017,1,76,6,3,19,54000,1,0,40,52,1.0,1,01,2910.0,54000,76000,2,1,3,Photographers
2020HU0470974,01,03000,48,1222017,4,63,6,1,22,0,2,0,,,6.0,1,01,2850.0,0,6000,1,2,1,Writers and Authors
2020HU0472110,02,05204,48,1222017,7,53,2,1,18,0,1,36000,40,52,1.0,1,01,2905.0,36000,36000,1,2,1,"Other Media and Communication Equipment Workers (broadcast/sound/AV/lighting techs, combined - PUMS does not separately identify 'sound engineering technician')"
2020HU0475002,02,04619,48,1222017,101,53,1,1,16,0,1,31200,40,52,1.0,1,24,2634.0,31200,31200,2,1,8,Graphic Designers
2020HU0475102,01,02313,48,1222017,3,33,1,5,21,0,2,75000,40,52,1.0,1,01,2710.0,75000,75000,1,2,1,Producers and Directors
2020HU0475427,01,05304,48,1222017,12,36,1,1,22,10000,2,90000,40,52,1.0,1,01,2850.0,100000,100000,1,2,1,Writers and Authors
2020HU0476285,01,03802,48,1222017,36,72,1,3,19,0,1,0,,,6.0,1,01,2905.0,0,25100,2,1,1,"Other Media and Communication Equipment Workers (broadcast/sound/AV/lighting techs, combined - PUMS does not separately identify 'sound engineering technician')"
2020HU0479357,01,02313,48,1222017,9,22,1,5,21,0,2,45000,40,52,1.0,1,01,2634.0,45000,45000,1,2,1,Graphic Designers
2020HU0479399,02,06703,48,1222017,10,54,6,1,06,2900,1,0,4,20,1.0,2,02,2752.0,2900,2900,2,2,9,Musicians and Singers
2020HU0479549,01,04630,48,1222017,11,83,7,2,12,0,1,0,,,6.0,1,01,2752.0,0,28800,2,1,2,Musicians and Singers
2020HU0479761,01,00200,48,1222017,6,42,3,1,21,0,1,55000,50,52,1.0,1,01,2751.0,55000,55000,1,2,1,Music Directors and Composers
2020HU0481431,01,02316,48,1222017,91,50,1,1,16,0,1,48000,48,52,1.0,1,24,2634.0,48000,48000,1,2,1,Graphic Designers
2020HU0482631,01,01902,48,1222017,18,28,1,5,21,0,1,46000,30,52,1.0,1,01,2850.0,46000,46000,1,2,1,Writers and Authors
2020HU0483035,01,05204,48,1222017,21,59,1,1,20,0,1,83000,40,52,1.0,2,01,2634.0,83000,83000,2,2,1,Graphic Designers
2020HU0483999,02,05201,48,1222017,30,70,6,1,22,8000,1,0,4,40,6.0,1,01,2910.0,8000,75500,1,1,1,Photographers
2020HU0484106,01,02200,48,1222017,14,72,7,1,21,0,1,2000,5,52,1.0,1,01,2850.0,2000,63200,1,1,1,Writers and Authors
2020HU0485204,01,05402,48,1222017,38,62,6,1,22,3000,1,0,40,52,1.0,1,01,2850.0,3000,3000,1,2,1,Writers and Authors
2020HU0488308,02,07300,48,1222017,31,36,2,5,21,0,2,8000,10,52,1.0,2,01,2850.0,8000,8000,2,2,1,Writers and Authors
2020HU0490209,02,03400,48,1222017,21,73,2,1,19,0,2,0,,,6.0,1,01,2752.0,0,9400,2,1,1,Musicians and Singers
2020HU0493652,01,06302,48,1222017,17,42,3,1,22,0,2,24000,40,24,3.0,2,02,2850.0,24000,24000,2,2,9,Writers and Authors
2020HU0494931,02,03501,48,1222017,13,24,6,1,21,16200,2,0,42,42,1.0,1,03,2850.0,16200,16200,1,2,8,Writers and Authors
2020HU0495307,04,05308,48,1222017,120,43,1,5,19,0,1,48000,40,52,1.0,1,02,2905.0,48000,48000,1,2,1,"Other Media and Communication Equipment Workers (broadcast/sound/AV/lighting techs, combined - PUMS does not separately identify 'sound engineering technician')"
2020HU0498956,02,06805,48,1222017,9,34,6,1,21,3500,2,0,8,3,6.0,1,02,2910.0,3500,3500,1,2,1,Photographers
2020HU0500145,01,05303,48,1222017,20,25,1,5,21,0,2,85000,60,52,1.0,1,01,2710.0,85000,85000,1,2,1,Producers and Directors
2020HU0501920,02,05908,48,1222017,20,58,6,1,21,13900,1,0,25,18,1.0,2,01,2910.0,13900,30700,2,2,6,Photographers
2020HU0502418,01,04601,48,1222017,15,28,1,5,21,0,2,50000,40,52,1.0,1,01,2850.0,50000,50000,1,2,1,Writers and Authors
2020HU0504073,01,04503,48,1222017,117,52,1,3,18,0,1,49000,40,52,1.0,1,01,2905.0,49000,49000,1,2,1,"Other Media and Communication Equipment Workers (broadcast/sound/AV/lighting techs, combined - PUMS does not separately identify 'sound engineering technician')"
2020HU0504225,03,05904,48,1222017,3,18,1,5,16,0,2,0,,,6.0,1,02,2910.0,0,0,1,2,8,Photographers
2020HU0504827,01,07500,48,1222017,4,39,1,1,16,0,1,43000,40,52,1.0,1,02,2634.0,43000,43000,1,2,8,Graphic Designers
2020HU0505108,01,05307,48,1222017,9,34,6,1,22,8300,2,33000,30,52,1.0,1,01,2850.0,41300,41300,1,2,1,Writers and Authors
2020HU0510060,01,05912,48,1222017,60,36,1,3,21,0,2,50000,40,52,1.0,1,01,2634.0,50000,50000,1,2,1,Graphic Designers
2020HU0510336,01,00300,48,1222017,9,62,6,1,19,0,2,0,,,6.0,1,01,2910.0,0,-2300,1,2,1,Photographers
2020HU0510336,02,00300,48,1222017,12,58,6,1,19,5000,1,0,5,30,1.0,1,01,2910.0,5000,5000,1,2,1,Photographers
2020HU0511834,01,00800,48,1222017,16,36,6,5,18,2000,1,20000,40,46,1.0,2,01,2850.0,22000,22000,2,2,1,Writers and Authors
2020HU0514747,01,02512,48,1222017,38,23,6,5,19,40000,2,0,25,32,1.0,1,01,2850.0,40000,40000,1,2,1,Writers and Authors
2020HU0520170,02,02511,48,1222017,9,25,2,1,21,0,2,48500,45,52,1.0,1,01,2634.0,48500,51000,1,2,1,Graphic Designers
2020HU0520336,03,03306,48,1222017,12,20,2,5,19,0,2,2500,2,26,1.0,1,02,2752.0,2500,2500,1,2,8,Musicians and Singers
2020HU0520857,02,02314,48,1222017,43,44,1,5,16,0,1,55000,40,52,1.0,1,01,2751.0,55000,55000,1,2,2,Music Directors and Composers
2020HU0529320,02,04504,48,1222017,77,55,6,1,22,50000,2,0,40,52,1.0,1,01,2710.0,50000,50000,1,2,1,Producers and Directors
2020HU0530314,04,04607,48,1222017,96,24,1,5,16,0,1,35000,40,52,1.0,1,02,2752.0,35000,35000,1,2,9,Musicians and Singers
2020HU0532605,01,05914,48,1222017,52,53,6,1,23,1300,2,0,15,5,1.0,1,01,2634.0,1300,2300,1,2,1,Graphic Designers
2020HU0534669,02,05306,48,1222017,26,30,1,1,21,0,1,46000,60,24,1.0,1,01,2850.0,46000,46000,1,2,1,Writers and Authors
2020HU0534728,02,06302,48,1222017,22,28,1,1,19,0,2,0,,,6.0,1,02,2910.0,0,0,2,1,1,Photographers
2020HU0536453,01,05307,48,1222017,20,63,1,3,21,0,1,52000,40,52,1.0,2,01,2752.0,52000,56900,2,2,1,Musicians and Singers
2020HU0546675,01,02102,48,1222017,10,75,2,1,22,0,1,5000,5,52,1.0,1,01,2905.0,5000,66700,1,1,1,"Other Media and Communication Equipment Workers (broadcast/sound/AV/lighting techs, combined - PUMS does not separately identify 'sound engineering technician')"
2020HU0547420,02,04633,48,1222017,129,31,1,5,18,0,1,0,,,3.0,1,01,2752.0,0,0,1,2,9,Musicians and Singers
2020HU0547975,02,05910,48,1222017,9,18,1,5,16,0,2,0,,,6.0,2,02,2910.0,0,0,2,2,8,Photographers
2020HU0554991,02,02307,48,1222017,11,45,7,1,21,0,1,110000,50,52,1.0,1,01,2634.0,110000,110000,1,2,1,Graphic Designers
2020HU0556638,01,02306,48,1222017,3,31,2,1,22,0,2,61000,38,52,1.0,1,01,2710.0,61000,61500,1,2,1,Producers and Directors
2020HU0556959,02,00900,48,1222017,33,40,1,1,16,0,2,20000,20,52,1.0,2,01,2910.0,20000,20000,2,2,1,Photographers
2020HU0562567,01,04636,48,1222017,46,58,1,3,21,0,2,21800,40,17,1.0,1,19,2634.0,21800,45000,1,2,8,Graphic Designers
2020HU0563589,02,02312,48,1222017,7,35,6,1,21,15000,2,0,5,8,1.0,1,01,2634.0,15000,15000,1,2,1,Graphic Designers
2020HU0563713,03,02310,48,1222017,11,30,6,5,19,12000,1,0,45,48,1.0,2,01,2700.0,12000,12000,2,2,1,Actors
2020HU0563713,04,02310,48,1222017,12,35,1,5,17,0,1,134000,40,52,1.0,2,01,2905.0,134000,134000,2,2,1,"Other Media and Communication Equipment Workers (broadcast/sound/AV/lighting techs, combined - PUMS does not separately identify 'sound engineering technician')"
2020HU0564746,01,05201,48,1222017,25,41,1,1,22,0,2,0,,,6.0,1,01,2910.0,0,0,1,2,1,Photographers
2020HU0566965,01,05309,48,1222017,2,63,6,1,21,0,2,0,,,6.0,1,01,2850.0,0,0,1,2,1,Writers and Authors
2020HU0567139,01,05201,48,1222017,54,71,2,5,21,0,2,0,,,6.0,1,01,2710.0,0,38200,2,1,1,Producers and Directors
2020HU0568279,02,05309,48,1222017,19,58,6,1,21,18000,1,0,20,52,1.0,2,01,2634.0,18000,30000,2,2,1,Graphic Designers
2020HU0569223,01,03700,48,1222017,11,40,6,1,22,2000,2,0,20,30,1.0,2,02,2752.0,2000,2000,2,2,1,Musicians and Singers
2020HU0571059,02,01905,48,1222017,12,36,1,1,21,0,2,0,,,6.0,1,01,2850.0,0,0,1,2,1,Writers and Authors
2020HU0573361,01,02514,48,1222017,9,32,1,5,19,0,1,50000,40,52,1.0,1,01,2850.0,50000,50000,1,2,1,Writers and Authors
2020HU0574266,02,01909,48,1222017,14,74,2,1,22,0,2,3000,2,14,6.0,1,01,2752.0,3000,47000,1,1,1,Musicians and Singers
2020HU0574619,01,02309,48,1222017,17,65,2,1,22,0,1,46900,25,52,1.0,1,01,2850.0,46900,44600,2,1,1,Writers and Authors
2020HU0577479,02,03502,48,1222017,11,35,1,1,21,0,2,3000,4,6,6.0,1,01,2634.0,3000,3000,1,2,1,Graphic Designers
2020HU0577806,01,05306,48,1222017,284,28,2,5,22,0,1,1800,4,6,6.0,1,01,2752.0,1800,1800,1,2,6,Musicians and Singers
2020HU0579452,02,06806,48,1222017,45,45,6,1,24,-6900,1,0,40,25,3.0,2,01,2910.0,-6900,-9200,2,2,2,Photographers
2020HU0580221,01,02515,48,1222017,35,30,1,5,16,0,1,472000,60,40,1.0,1,01,2752.0,472000,472000,1,2,2,Musicians and Singers
2020HU0580221,02,02515,48,1222017,47,30,6,5,21,30000,1,0,60,40,1.0,2,01,2752.0,30000,30000,2,2,2,Musicians and Singers
2020HU0580495,03,02001,48,1222017,3,22,4,5,19,0,2,480,2,8,6.0,1,01,2752.0,480,480,1,2,1,Musicians and Singers
2020HU0580518,02,02515,48,1222017,5,45,1,1,19,0,1,100000,40,52,1.0,1,01,2910.0,100000,100000,1,2,1,Photographers
2020HU0582409,01,04616,48,1222017,40,50,6,3,21,13000,2,0,30,52,2.0,2,01,2910.0,13000,13000,2,2,2,Photographers
2020HU0585514,01,02310,48,1222017,33,29,6,1,21,50000,2,0,10,45,1.0,1,03,2700.0,50000,53000,1,2,9,Actors
2020HU0586227,03,05204,48,1222017,115,28,6,5,15,900,1,0,15,12,3.0,2,01,2634.0,900,19900,2,2,1,Graphic Designers
2020HU0587864,02,04903,48,1222017,90,66,1,1,21,0,2,4000,4,12,6.0,1,01,2700.0,4000,25200,1,1,1,Actors
2020HU0590949,03,02313,48,1222017,45,24,1,5,20,0,1,17800,20,5,3.0,2,02,2910.0,17800,17800,2,2,8,Photographers
2020HU0590949,04,02313,48,1222017,40,19,1,5,19,0,1,11100,25,20,1.0,2,02,2752.0,11100,11100,2,2,8,Musicians and Singers
2020HU0592780,02,05915,48,1222017,15,35,6,1,20,0,2,0,,,6.0,1,01,2910.0,0,0,1,2,1,Photographers
2020HU0593938,02,02308,48,1222017,9,36,6,1,16,3000,1,0,10,52,1.0,1,01,2752.0,3000,3000,1,2,1,Musicians and Singers
2020HU0595104,01,03400,48,1222017,1,51,1,5,21,0,2,300,20,9,3.0,1,01,2700.0,300,300,1,2,1,Actors
2020HU0595277,01,05901,48,1222017,49,35,7,5,20,40000,1,60000,30,52,1.0,2,01,2710.0,100000,100000,2,2,1,Producers and Directors
2020HU0595336,01,05204,48,1222017,12,59,1,5,16,0,2,37600,45,52,1.0,1,01,2634.0,37600,35300,1,2,1,Graphic Designers
2020HU0596403,02,05700,48,1222017,119,55,1,1,21,0,2,51000,40,52,1.0,1,01,2850.0,51000,51000,1,2,1,Writers and Authors
2020HU0597796,03,03900,48,1222017,30,27,1,5,22,0,1,48000,40,52,1.0,1,02,2710.0,48000,48000,1,2,1,Producers and Directors
2020HU0599060,03,06601,48,1222017,9,51,6,5,17,1000,1,0,30,52,1.0,2,02,2634.0,1000,1000,2,2,1,Graphic Designers
2020HU0599294,01,00700,48,1222017,87,25,6,5,16,11400,2,0,40,52,1.0,2,01,2740.0,11400,11400,2,2,1,Dancers and Choreographers
2020HU0600754,02,04635,48,1222017,55,26,3,5,19,0,1,11800,40,3,1.0,1,01,2710.0,11800,11800,1,2,1,Producers and Directors
2020HU0602593,01,05302,48,1222017,19,30,1,5,21,0,1,54000,40,52,1.0,1,01,2710.0,54000,54000,1,2,1,Producers and Directors
2020HU0607996,01,04638,48,1222017,6,41,4,1,21,0,1,37000,40,52,1.0,1,01,2910.0,37000,37000,1,2,6,Photographers
2020HU0614277,02,01901,48,1222017,11,67,1,1,22,0,2,6000,10,10,1.0,1,01,2850.0,6000,81600,1,2,1,Writers and Authors
2020HU0616204,02,01903,48,1222017,134,31,2,1,20,0,1,80000,40,52,1.0,1,01,2752.0,80000,80000,1,2,1,Musicians and Singers
2020HU0617125,06,04623,48,1222017,11,20,1,5,16,0,1,35000,40,52,1.0,2,02,2752.0,35000,35000,2,2,1,Musicians and Singers
2020HU0618502,01,02002,48,1222017,2,75,2,5,21,900,2,23700,18,52,1.0,1,01,2634.0,24600,76200,1,1,9,Graphic Designers
2020HU0625657,02,04602,48,1222017,9,43,4,1,22,0,2,48000,45,52,1.0,1,02,2710.0,48000,48000,1,2,8,Producers and Directors
2020HU0627427,01,00501,48,1222017,14,40,1,5,18,3000,1,45000,40,52,1.0,2,01,2710.0,48000,48000,2,2,1,Producers and Directors
2020HU0627616,01,05308,48,1222017,16,40,1,1,21,0,1,128000,40,52,1.0,1,01,2634.0,128000,128000,1,2,1,Graphic Designers
2020HU0628713,04,04628,48,1222017,18,27,1,1,20,0,1,30000,20,52,1.0,2,01,2905.0,30000,30000,2,2,2,"Other Media and Communication Equipment Workers (broadcast/sound/AV/lighting techs, combined - PUMS does not separately identify 'sound engineering technician')"
2020HU0629244,02,05401,48,1222017,21,51,1,1,21,0,2,70000,40,25,3.0,1,01,2634.0,70000,70000,1,2,1,Graphic Designers
2020HU0633761,01,04615,48,1222017,47,54,1,3,21,0,1,10000,50,24,1.0,1,01,2710.0,10000,70000,1,2,2,Producers and Directors
2020HU0636778,01,02200,48,1222017,17,34,3,1,22,0,2,0,,,6.0,2,01,2634.0,0,0,2,2,1,Graphic Designers
2020HU0636783,01,02303,48,1222017,52,67,6,1,19,0,1,0,,,6.0,1,01,2910.0,0,13100,1,1,1,Photographers
2020HU0636783,02,02303,48,1222017,42,66,6,1,21,0,2,0,,,6.0,1,01,2910.0,0,5600,1,1,1,Photographers
2020HU0642708,02,06604,48,1222017,5,40,6,1,19,400,2,0,10,12,6.0,1,02,2850.0,400,400,1,2,9,Writers and Authors
2020HU0642937,02,02003,48,1222017,8,73,7,1,21,0,1,0,,,6.0,1,01,2752.0,0,0,2,1,2,Musicians and Singers
2020HU0646634,01,04701,48,1222017,54,62,1,1,18,0,2,87000,40,52,1.0,1,01,2634.0,87000,87030,1,2,1,Graphic Designers
2020HU0648747,04,05911,48,1222017,23,18,8,5,14,0,2,2400,2,28,1.0,1,01,2752.0,2400,2400,1,2,9,Musicians and Singers
2020HU0649088,01,06301,48,1222017,17,20,1,5,19,0,1,3000,10,52,1.0,2,02,2910.0,3000,3000,2,2,1,Photographers
2020HU0651266,01,02314,48,1222017,21,28,6,1,21,75000,1,0,50,52,1.0,2,01,2752.0,75000,75000,2,2,1,Musicians and Singers
2020HU0652659,03,07700,48,1222017,2,51,6,5,23,12000,2,0,80,24,6.0,1,02,2905.0,12000,12000,1,2,1,"Other Media and Communication Equipment Workers (broadcast/sound/AV/lighting techs, combined - PUMS does not separately identify 'sound engineering technician')"
2020HU0653028,02,04100,48,1222017,16,19,2,5,16,0,2,0,,,6.0,2,01,2740.0,0,0,2,2,2,Dancers and Choreographers
2020HU0653656,02,05204,48,1222017,16,46,2,1,18,0,1,36000,40,52,1.0,1,01,2905.0,36000,36000,1,2,1,"Other Media and Communication Equipment Workers (broadcast/sound/AV/lighting techs, combined - PUMS does not separately identify 'sound engineering technician')"
2020HU0653754,01,04616,48,1222017,64,54,6,1,01,18000,1,0,6,52,1.0,2,11,2752.0,18000,18000,2,2,1,Musicians and Singers
2020HU0654553,01,01904,48,1222017,24,57,1,1,20,0,1,150000,40,52,1.0,1,01,2710.0,150000,150000,1,2,1,Producers and Directors
2020HU0655189,03,05908,48,1222017,76,44,6,5,19,300,1,0,40,52,1.0,2,01,2850.0,300,300,2,2,1,Writers and Authors
2020HU0655620,01,07300,48,1222017,9,72,1,3,20,0,1,26000,25,52,1.0,1,01,2850.0,26000,49000,2,1,1,Writers and Authors
2020HU0656557,01,04603,48,1222017,13,50,6,1,21,-6900,2,13300,10,52,2.0,1,01,2700.0,6400,21800,1,2,1,Actors
2020HU0659470,02,06702,48,1222017,53,21,2,5,19,0,1,7200,6,40,1.0,1,01,2751.0,7200,7200,1,2,2,Music Directors and Composers
2020HU0662484,01,05306,48,1222017,8,29,4,1,21,0,1,100000,55,52,1.0,1,01,2850.0,100000,100000,1,2,1,Writers and Authors
2020HU0665458,01,01904,48,1222017,52,53,2,1,22,0,1,78000,50,52,1.0,1,01,2751.0,78000,78000,1,2,1,Music Directors and Composers
2020HU0670298,03,04624,48,1222017,17,28,1,5,22,0,2,52000,40,26,1.0,1,01,2634.0,52000,59000,1,2,1,Graphic Designers
2020HU0671255,01,05306,48,1222017,28,43,4,5,22,0,2,60000,40,52,1.0,1,23,2850.0,60000,60000,1,2,9,Writers and Authors
2020HU0672719,04,02507,48,1222017,10,21,1,5,19,0,1,24000,40,40,1.0,1,01,2634.0,24000,24000,1,2,1,Graphic Designers
2020HU0673396,01,04604,48,1222017,3,52,2,5,16,0,1,48000,40,52,1.0,1,02,2710.0,48000,48000,1,2,9,Producers and Directors
2020HU0674645,03,02514,48,1222017,62,24,2,5,21,8000,1,11000,40,52,1.0,1,01,2752.0,19000,19000,1,2,1,Musicians and Singers
2020HU0675864,01,05911,48,1222017,35,45,2,5,22,0,2,88000,40,52,1.0,1,02,2850.0,88000,94000,1,2,8,Writers and Authors
2020HU0677051,02,06500,48,1222017,116,29,1,5,21,0,2,47400,40,36,6.0,1,01,2740.0,47400,47400,1,2,1,Dancers and Choreographers
2020HU0677108,02,05303,48,1222017,16,26,1,5,21,0,2,40000,40,52,1.0,1,01,2710.0,40000,40000,1,2,6,Producers and Directors
2020HU0677330,01,05905,48,1222017,18,37,2,1,22,0,2,55000,40,52,1.0,1,01,2850.0,55000,55000,1,2,1,Writers and Authors
2020HU0678261,01,05904,48,1222017,18,59,6,2,16,6000,1,0,30,52,1.0,2,19,2752.0,6000,6000,2,2,5,Musicians and Singers
2020HU0679539,03,02513,48,1222017,8,41,2,3,21,0,2,5000,20,20,1.0,2,01,2850.0,5000,5000,2,2,1,Writers and Authors
2020HU0681276,04,04615,48,1222017,11,24,2,5,21,0,2,0,,,6.0,1,01,2850.0,0,0,1,2,1,Writers and Authors
2020HU0681395,01,02515,48,1222017,21,60,1,5,20,0,1,173000,40,30,1.0,1,02,2634.0,173000,190000,1,2,9,Graphic Designers
2020HU0681712,01,02504,48,1222017,15,27,4,1,21,0,2,36300,40,52,1.0,1,01,2634.0,36300,36300,1,2,1,Graphic Designers
2020HU0681760,02,05907,48,1222017,21,68,6,1,01,0,1,0,,,6.0,1,01,2634.0,0,6700,2,1,1,Graphic Designers
2020HU0683023,02,02700,48,1222017,4,31,1,5,18,0,1,18000,38,52,1.0,2,02,2905.0,18000,18000,2,2,9,"Other Media and Communication Equipment Workers (broadcast/sound/AV/lighting techs, combined - PUMS does not separately identify 'sound engineering technician')"
2020HU0687615,01,02502,48,1222017,59,69,1,5,22,0,1,23400,30,52,1.0,1,01,2752.0,23400,46890,2,1,1,Musicians and Singers
2020HU0689744,02,02313,48,1222017,21,23,1,5,21,0,2,45000,40,30,1.0,1,01,2634.0,45000,45000,1,2,1,Graphic Designers
2020HU0689874,01,01903,48,1222017,8,30,1,1,21,600,1,56000,40,52,1.0,1,01,2634.0,56600,56600,1,2,1,Graphic Designers
2020HU0691971,01,02101,48,1222017,15,22,6,1,20,10000,2,0,40,22,1.0,1,02,2910.0,10000,12000,2,1,8,Photographers
2020HU0693760,02,04620,48,1222017,45,18,1,5,14,0,1,4000,20,10,6.0,1,01,2910.0,4000,4000,1,2,2,Photographers
2020HU0695328,01,05916,48,1222017,88,55,1,3,20,0,1,98000,50,52,1.0,1,01,2905.0,98000,98000,1,2,1,"Other Media and Communication Equipment Workers (broadcast/sound/AV/lighting techs, combined - PUMS does not separately identify 'sound engineering technician')"
2020HU0695489,01,06702,48,1222017,77,58,6,1,21,2000,1,0,5,25,6.0,1,02,2752.0,2000,30000,1,2,9,Musicians and Singers
2020HU0696127,01,05912,48,1222017,11,48,1,5,21,0,1,68000,42,52,1.0,1,01,2710.0,68000,68000,1,2,1,Producers and Directors
2020HU0701086,02,05307,48,1222017,14,47,1,1,23,0,1,140000,40,52,1.0,1,01,2850.0,140000,140000,1,2,1,Writers and Authors
2020HU0701848,02,01903,48,1222017,11,64,1,1,21,0,1,50000,42,52,1.0,1,01,2634.0,50000,50000,1,2,1,Graphic Designers
2020HU0704010,01,02004,48,1222017,4,33,6,5,21,2500,1,0,12,4,3.0,1,01,2700.0,2500,43500,1,2,1,Actors
2020HU0705632,02,01905,48,1222017,12,45,3,1,21,0,2,0,,,6.0,1,01,2752.0,0,0,1,2,1,Musicians and Singers
2020HU0706010,02,01901,48,1222017,16,24,6,5,21,35000,2,0,40,52,1.0,2,01,2634.0,35000,35000,2,2,1,Graphic Designers
2020HU0706106,01,04619,48,1222017,8,40,1,1,21,0,2,60000,40,52,2.0,1,02,2634.0,60000,60000,1,2,1,Graphic Designers
2020HU0713717,02,04200,48,1222017,4,69,2,1,22,0,2,0,,,6.0,1,24,2752.0,0,25100,1,1,9,Musicians and Singers
2020HU0714181,01,01907,48,1222017,40,35,1,1,21,10000,1,100000,40,52,1.0,1,01,2634.0,110000,110000,1,2,1,Graphic Designers
2020HU0714946,02,06100,48,1222017,5,70,5,1,22,0,2,0,,,6.0,1,01,2710.0,0,65600,1,1,1,Producers and Directors
2020HU0717326,02,01100,48,1222017,4,39,1,1,18,0,1,14500,30,52,1.0,2,01,2850.0,14500,14500,2,2,1,Writers and Authors
2020HU0717933,01,04302,48,1222017,11,57,2,1,21,25000,2,29000,40,52,1.0,1,01,2751.0,54000,54000,1,2,1,Music Directors and Composers
2020HU0719513,02,05700,48,1222017,18,28,3,5,21,0,1,93000,85,52,1.0,1,01,2905.0,93000,93000,1,2,2,"Other Media and Communication Equipment Workers (broadcast/sound/AV/lighting techs, combined - PUMS does not separately identify 'sound engineering technician')"
2020HU0723533,02,02318,48,1222017,5,66,1,1,18,0,1,0,,,6.0,1,01,2905.0,0,59000,1,1,1,"Other Media and Communication Equipment Workers (broadcast/sound/AV/lighting techs, combined - PUMS does not separately identify 'sound engineering technician')"
2020HU0724616,01,05306,48,1222017,8,43,1,1,22,5000,2,68000,40,52,1.0,1,01,2634.0,73000,73000,1,2,1,Graphic Designers
2020HU0724736,02,02501,48,1222017,20,65,6,1,21,400,2,0,3,3,6.0,1,01,2634.0,400,31400,2,1,1,Graphic Designers
2020HU0725052,01,05203,48,1222017,25,40,1,5,21,0,1,60000,40,52,1.0,1,01,2710.0,60000,60000,1,2,1,Producers and Directors
2020HU0726870,01,05303,48,1222017,13,48,1,3,20,0,2,22000,40,4,1.0,1,01,2910.0,22000,22000,1,2,1,Photographers
2020HU0729024,01,02311,48,1222017,15,32,6,5,21,72000,1,0,65,52,1.0,2,01,2710.0,72000,72000,2,2,1,Producers and Directors
2020HU0729442,01,04301,48,1222017,15,50,2,1,21,0,2,8000,40,10,6.0,1,01,2850.0,8000,68000,1,2,1,Writers and Authors
2020HU0733711,02,02700,48,1222017,29,44,2,1,21,4000,1,65000,40,52,1.0,1,01,2634.0,69000,69000,1,2,1,Graphic Designers
2020HU0734253,01,05302,48,1222017,37,61,1,5,21,0,2,0,,,6.0,1,01,2700.0,0,0,2,1,1,Actors
2020HU0738702,01,04636,48,1222017,27,67,7,1,21,0,1,9100,32,19,6.0,1,01,2910.0,9100,43400,2,1,6,Photographers
2020HU0741531,01,02700,48,1222017,5,73,6,3,22,-200,1,300,3,52,1.0,1,01,2910.0,100,92500,1,1,9,Photographers
2020HU0741725,03,02001,48,1222017,6,18,1,5,16,0,2,320,15,20,6.0,1,01,2910.0,320,320,1,2,1,Photographers
2020HU0742581,02,05308,48,1222017,21,49,6,1,21,50000,1,0,50,52,1.0,1,01,2634.0,50000,50000,1,2,1,Graphic Designers
2020HU0745376,02,05901,48,1222017,7,25,6,5,22,7000,2,0,20,40,1.0,2,01,2850.0,7000,7000,2,2,1,Writers and Authors
2020HU0747290,03,05901,48,1222017,24,23,1,5,19,0,1,3200,5,32,1.0,2,02,2752.0,3200,3200,2,2,9,Musicians and Singers
2020HU0749787,01,02514,48,1222017,8,32,7,1,21,0,2,47500,50,52,1.0,1,01,2634.0,47500,77500,1,2,1,Graphic Designers
2020HU0750979,02,05909,48,1222017,18,36,1,1,21,9000,1,53000,60,52,1.0,1,01,2634.0,62000,62000,1,2,9,Graphic Designers
2020HU0755743,01,04602,48,1222017,10,28,1,5,16,0,1,36000,40,52,1.0,2,01,2905.0,36000,36000,2,2,8,"Other Media and Communication Equipment Workers (broadcast/sound/AV/lighting techs, combined - PUMS does not separately identify 'sound engineering technician')"
2020HU0756098,02,02510,48,1222017,20,52,6,3,19,15000,1,0,4,22,1.0,2,01,2910.0,15000,15000,2,2,6,Photographers
2020HU0756763,02,04625,48,1222017,127,39,2,1,16,0,2,30000,40,52,1.0,2,02,2850.0,30000,30000,2,2,9,Writers and Authors
2020HU0756960,02,01200,48,1222017,95,27,1,1,20,0,2,0,,,6.0,2,01,2740.0,0,0,2,2,1,Dancers and Choreographers
2020HU0758446,01,02306,48,1222017,4,48,1,3,21,0,2,74000,40,52,1.0,1,01,2634.0,74000,74000,1,2,1,Graphic Designers
2020HU0759190,02,01903,48,1222017,9,33,2,1,22,0,1,53000,40,52,1.0,1,01,2850.0,53000,53000,1,2,1,Writers and Authors
2020HU0759227,02,02001,48,1222017,10,62,1,1,21,0,1,80,8,1,6.0,1,01,2700.0,80,69330,1,2,1,Actors
2020HU0762811,04,02101,48,1222017,11,18,2,5,14,0,1,8000,40,18,1.0,1,01,2710.0,8000,8000,1,2,1,Producers and Directors
2020HU0762831,01,02511,48,1222017,30,32,1,1,21,0,1,50000,40,52,1.0,1,01,2634.0,50000,50000,1,2,1,Graphic Designers
2020HU0764273,01,04618,48,1222017,56,62,4,1,22,0,2,80000,45,52,1.0,1,01,2850.0,80000,80000,1,2,1,Writers and Authors
2020HU0764307,02,02900,48,1222017,39,46,2,4,20,0,1,211000,60,52,1.0,1,01,2905.0,211000,211000,1,2,1,"Other Media and Communication Equipment Workers (broadcast/sound/AV/lighting techs, combined - PUMS does not separately identify 'sound engineering technician')"
2020HU0765478,01,05202,48,1222017,10,36,6,1,21,2500,2,0,30,52,1.0,1,01,2910.0,2500,2500,1,2,1,Photographers
2020HU0767229,02,02310,48,1222017,9,70,2,1,22,0,2,1100,5,24,6.0,1,01,2752.0,1100,37100,1,1,1,Musicians and Singers
2020HU0767599,03,05915,48,1222017,5,18,2,5,14,0,2,500,6,52,1.0,1,01,2740.0,500,500,1,2,1,Dancers and Choreographers
2020HU0767660,01,05800,48,1222017,19,63,6,5,21,0,1,0,,,6.0,1,01,2910.0,0,55000,1,2,1,Photographers
2020HU0769102,03,01501,48,1222017,130,24,2,5,21,0,1,3500,3,52,1.0,1,01,2752.0,3500,40500,1,2,1,Musicians and Singers
2020HU0770176,01,05910,48,1222017,28,56,1,3,18,0,2,73000,40,52,1.0,1,01,2634.0,73000,78000,1,2,1,Graphic Designers
2020HU0771358,01,04803,48,1222017,13,62,2,3,21,0,2,7500,6,52,1.0,1,01,2752.0,7500,61620,1,2,1,Musicians and Singers
2020HU0773226,01,02307,48,1222017,5,50,6,1,21,30000,2,0,10,4,6.0,1,01,2850.0,30000,30000,1,2,1,Writers and Authors
2020HU0773226,02,02307,48,1222017,5,49,7,1,21,0,1,110000,50,52,1.0,1,01,2634.0,110000,110000,1,2,1,Graphic Designers
2020HU0774242,01,03400,48,1222017,23,40,1,5,18,0,2,0,,,6.0,2,01,2634.0,0,0,2,2,1,Graphic Designers
2020HU0774740,01,02509,48,1222017,70,37,1,5,19,0,2,20000,40,25,3.0,2,03,2634.0,20000,20000,2,2,8,Graphic Designers
2020HU0776644,01,02307,48,1222017,10,27,1,5,21,0,1,35000,40,28,1.0,1,01,2634.0,35000,35000,1,2,1,Graphic Designers
2020HU0776921,02,00900,48,1222017,5,34,1,5,19,0,1,40000,30,3,1.0,1,01,2752.0,40000,40000,1,2,1,Musicians and Singers
2020HU0778482,03,02320,48,1222017,26,23,1,5,18,0,2,5000,25,52,1.0,2,11,2910.0,5000,6200,2,2,8,Photographers
2020HU0779259,01,04634,48,1222017,26,30,7,1,19,0,2,50000,30,30,1.0,1,02,2910.0,50000,51000,1,1,8,Photographers
2020HU0779284,01,01300,48,1222017,22,57,1,1,22,0,2,2000,12,13,3.0,1,01,2850.0,2000,2000,1,2,1,Writers and Authors
2020HU0780644,01,04616,48,1222017,169,72,7,3,19,0,1,0,,,6.0,1,01,2910.0,0,14400,2,1,9,Photographers
2020HU0780696,01,02513,48,1222017,8,60,7,1,19,0,1,48800,50,40,1.0,2,01,2710.0,48800,48930,2,2,1,Producers and Directors
2020HU0780696,03,02513,48,1222017,10,31,1,5,21,0,2,16000,40,36,1.0,1,01,2634.0,16000,30000,1,2,1,Graphic Designers
2020HU0783677,01,05100,48,1222017,33,54,1,4,16,0,1,68000,40,52,1.0,1,01,2905.0,68000,68000,1,2,1,"Other Media and Communication Equipment Workers (broadcast/sound/AV/lighting techs, combined - PUMS does not separately identify 'sound engineering technician')"
2020HU0784694,02,05100,48,1222017,1,57,1,1,16,0,2,80000,50,52,1.0,1,01,2850.0,80000,80000,1,2,1,Writers and Authors
2020HU0785224,03,05301,48,1222017,21,44,1,5,21,0,1,20000,25,52,1.0,1,01,2634.0,20000,20000,1,2,1,Graphic Designers
2020HU0787969,03,04625,48,1222017,18,27,1,1,18,0,2,2000,23,36,6.0,1,01,2700.0,2000,2020,2,1,1,Actors
2020HU0789017,04,01905,48,1222017,32,46,8,4,21,0,1,0,,,6.0,2,01,2710.0,0,0,2,2,2,Producers and Directors
2020HU0789547,01,02502,48,1222017,52,39,6,1,22,50000,1,0,40,52,1.0,1,01,2850.0,50000,50000,1,2,1,Writers and Authors
2020HU0794491,01,05500,48,1222017,2,40,3,1,18,0,1,130000,42,52,1.0,1,01,2905.0,130000,130000,1,2,1,"Other Media and Communication Equipment Workers (broadcast/sound/AV/lighting techs, combined - PUMS does not separately identify 'sound engineering technician')"
2020HU0796898,02,04200,48,1222017,57,46,6,1,21,-6900,2,0,38,34,1.0,1,01,2634.0,-6900,-1900,1,1,1,Graphic Designers
2020HU0799282,01,04615,48,1222017,20,66,6,1,16,0,1,0,,,6.0,1,01,2910.0,0,13800,2,1,1,Photographers
2020HU0799462,01,03801,48,1222017,6,34,6,1,21,18000,2,25000,25,52,1.0,1,01,2850.0,43000,44500,1,2,1,Writers and Authors
2020HU0800410,02,01600,48,1222017,37,61,1,3,19,0,1,192000,40,28,6.0,2,01,2700.0,192000,192000,2,2,1,Actors
2020HU0807094,02,04604,48,1222017,9,39,1,1,22,0,2,15000,40,15,6.0,1,01,2710.0,15000,15000,1,2,1,Producers and Directors
2020HU0808158,02,02302,48,1222017,14,64,2,1,21,0,1,20800,3,52,1.0,1,01,2752.0,20800,33320,1,2,2,Musicians and Singers
2020HU0808327,02,01903,48,1222017,15,39,1,5,19,0,1,60000,40,52,1.0,1,02,2634.0,60000,60000,1,2,8,Graphic Designers
2020HU0809652,02,00200,48,1222017,27,47,1,1,21,0,2,33000,40,52,1.0,1,01,2850.0,33000,33000,1,2,1,Writers and Authors
2020HU0810748,01,04639,48,1222017,30,43,6,1,24,3500,1,10000,50,48,1.0,1,01,2752.0,13500,18000,1,2,8,Musicians and Singers
2020HU0813083,02,03308,48,1222017,21,36,6,1,21,37000,2,0,40,50,1.0,1,02,2710.0,37000,39500,1,1,1,Producers and Directors
2020HU0813398,05,06100,48,1222017,79,48,6,1,08,1000,1,0,30,52,1.0,2,02,2634.0,1000,1000,2,2,9,Graphic Designers
2020HU0813569,01,02700,48,1222017,13,67,4,1,21,0,2,1200,4,24,6.0,1,01,2752.0,1200,4200,1,1,1,Musicians and Singers
2020HU0815675,01,05307,48,1222017,26,32,1,1,21,650,2,44000,40,52,1.0,1,01,2710.0,44650,46790,1,2,1,Producers and Directors
2020HU0820508,02,04605,48,1222017,7,53,1,1,20,0,1,73000,40,52,6.0,2,02,2634.0,73000,73000,2,2,8,Graphic Designers
2020HU0820532,02,02301,48,1222017,18,43,6,1,22,0,2,0,,,6.0,1,01,2740.0,0,0,1,2,1,Dancers and Choreographers
2020HU0820865,01,04631,48,1222017,25,37,1,1,19,0,1,31500,35,52,1.0,1,01,2634.0,31500,34500,1,2,1,Graphic Designers
2020HU0825748,03,02900,48,1222017,17,27,4,5,21,0,2,3000,4,20,1.0,1,01,2752.0,3000,3000,1,2,1,Musicians and Singers
2020HU0826373,01,01904,48,1222017,17,29,4,1,21,1000,1,56000,40,52,1.0,1,01,2634.0,57000,57000,1,2,1,Graphic Designers
2020HU0827493,01,05909,48,1222017,25,23,1,5,21,0,2,15000,45,24,3.0,1,09,2710.0,15000,16300,1,2,9,Producers and Directors
2020HU0827773,04,04903,48,1222017,7,28,1,5,19,0,2,0,,,6.0,1,01,2905.0,0,400,1,2,1,"Other Media and Communication Equipment Workers (broadcast/sound/AV/lighting techs, combined - PUMS does not separately identify 'sound engineering technician')"
2020HU0828427,01,04610,48,1222017,72,57,6,1,20,19200,1,0,30,52,2.0,2,02,2752.0,19200,19200,2,2,9,Musicians and Singers
2020HU0829113,01,04907,48,1222017,40,64,2,1,16,0,1,20800,3,52,1.0,1,01,2752.0,20800,33320,1,2,2,Musicians and Singers
2020HU0830228,02,05904,48,1222017,47,39,1,5,17,0,1,25000,40,39,3.0,2,23,2910.0,25000,25000,2,2,9,Photographers
2020HU0832407,01,02514,48,1222017,4,34,1,1,20,0,1,100000,40,50,1.0,1,01,2710.0,100000,100000,1,2,1,Producers and Directors
2020HU0833146,01,05304,48,1222017,47,26,1,5,21,0,1,61000,40,52,1.0,1,01,2634.0,61000,61000,1,2,1,Graphic Designers
2020HU0835876,01,01903,48,1222017,14,26,1,1,21,600,1,56000,40,52,1.0,1,01,2634.0,56600,56600,1,2,1,Graphic Designers
2020HU0836663,01,03306,48,1222017,24,56,1,1,21,0,1,65000,50,52,1.0,1,02,2710.0,65000,65000,1,2,9,Producers and Directors
2020HU0840156,02,04627,48,1222017,60,48,6,1,19,4000,2,0,10,14,1.0,1,01,2700.0,4000,4000,1,2,1,Actors
2020HU0841077,02,02307,48,1222017,16,64,6,1,21,7500,1,0,4,52,1.0,2,01,2752.0,7500,7500,2,2,2,Musicians and Singers
2020HU0842320,02,04629,48,1222017,27,35,1,1,21,0,2,33800,40,39,1.0,1,01,2634.0,33800,33800,1,2,1,Graphic Designers
2020HU0843744,01,02101,48,1222017,29,40,1,1,20,0,2,30000,24,52,1.0,2,01,2634.0,30000,30000,2,2,1,Graphic Designers
2020HU0846500,01,03802,48,1222017,15,49,1,1,16,0,1,108000,48,52,1.0,1,01,2710.0,108000,108000,1,2,1,Producers and Directors
2020HU0848192,05,02006,48,1222017,2,50,1,1,20,0,1,68000,40,52,1.0,1,01,2634.0,68000,68000,1,2,1,Graphic Designers
2020HU0850611,02,05302,48,1222017,25,38,1,5,21,0,2,45000,40,52,1.0,1,01,2910.0,45000,45000,1,2,1,Photographers
2020HU0850964,02,06806,48,1222017,73,53,6,1,08,17000,1,0,50,40,1.0,2,02,2752.0,17000,17000,2,2,9,Musicians and Singers
2020HU0851283,02,05912,48,1222017,7,66,6,1,22,12000,1,180000,50,52,1.0,1,02,2751.0,192000,192000,1,2,9,Music Directors and Composers
2020HU0859061,02,02505,48,1222017,8,44,1,1,21,0,1,109000,45,52,1.0,2,01,2710.0,109000,109000,2,2,1,Producers and Directors
2020HU0862167,01,02005,48,1222017,18,22,6,5,19,15000,1,0,5,52,1.0,1,23,2752.0,15000,15000,1,2,1,Musicians and Singers
2020HU0862283,01,05100,48,1222017,64,59,1,3,20,0,1,65000,50,52,1.0,1,01,2905.0,65000,65000,1,2,1,"Other Media and Communication Equipment Workers (broadcast/sound/AV/lighting techs, combined - PUMS does not separately identify 'sound engineering technician')"
2020HU0863311,01,04603,48,1222017,9,25,2,5,21,0,1,32000,40,48,1.0,1,01,2910.0,32000,32000,1,2,1,Photographers
2020HU0865233,01,04701,48,1222017,8,68,1,3,18,0,1,0,,,6.0,1,01,2905.0,0,71900,1,1,1,"Other Media and Communication Equipment Workers (broadcast/sound/AV/lighting techs, combined - PUMS does not separately identify 'sound engineering technician')"
2020HU0866924,01,02308,48,1222017,20,53,6,5,22,35000,1,0,25,50,1.0,1,01,2850.0,35000,80000,1,2,1,Writers and Authors
2020HU0867041,02,05904,48,1222017,20,37,6,5,19,300,1,0,40,52,1.0,1,01,2850.0,300,300,1,2,1,Writers and Authors
2020HU0868128,02,04904,48,1222017,659,40,6,1,22,3500,2,0,10,20,6.0,1,16,2910.0,3500,3500,1,2,9,Photographers
2020HU0870294,02,02600,48,1222017,4,63,1,1,16,0,2,65000,50,52,1.0,1,01,2850.0,65000,65000,1,2,1,Writers and Authors
2020HU0874539,01,05306,48,1222017,158,63,6,1,21,25000,1,0,50,52,1.0,1,01,2752.0,25000,32500,1,1,1,Musicians and Singers
2020HU0876247,01,03306,48,1222017,27,40,6,3,17,57000,1,28100,60,52,1.0,1,01,2910.0,85100,85100,1,2,1,Photographers
2020HU0876601,03,02303,48,1222017,15,32,6,3,16,35000,2,0,35,16,3.0,1,01,2752.0,35000,53500,2,1,1,Musicians and Singers
2020HU0877555,01,01300,48,1222017,21,29,6,5,20,300,2,0,5,40,6.0,2,01,2634.0,300,300,2,2,1,Graphic Designers
2020HU0879943,01,02314,48,1222017,14,46,1,5,21,0,1,50000,40,52,1.0,1,01,2910.0,50000,50000,1,2,1,Photographers
2020HU0882264,01,06806,48,1222017,17,45,6,1,16,75000,2,0,25,52,1.0,1,02,2752.0,75000,75000,1,2,8,Musicians and Singers
2020HU0882885,03,04200,48,1222017,17,21,2,5,19,0,1,3000,20,52,1.0,1,01,2634.0,3000,3000,1,2,1,Graphic Designers
2020HU0883216,02,05204,48,1222017,9,37,1,3,19,0,1,42000,40,52,1.0,2,01,2634.0,42000,42000,2,2,1,Graphic Designers
2020HU0884366,01,03400,48,1222017,15,66,6,2,21,4000,1,4000,15,8,1.0,1,01,2850.0,8000,32000,1,1,1,Writers and Authors
2020HU0890243,01,05909,48,1222017,23,37,1,1,18,0,1,60000,40,52,1.0,1,01,2910.0,60000,60000,1,2,2,Photographers
2020HU0890352,01,05302,48,1222017,34,50,1,1,22,0,2,11000,40,52,1.0,1,01,2634.0,11000,11000,1,2,1,Graphic Designers
2020HU0893615,02,02001,48,1222017,19,50,2,1,21,0,2,6000,3,52,1.0,1,01,2752.0,6000,6000,1,2,6,Musicians and Singers
2020HU0894187,01,05303,48,1222017,5,54,7,1,22,357000,1,72000,40,52,1.0,1,01,2634.0,429000,429000,1,2,1,Graphic Designers
2020HU0894252,01,05914,48,1222017,16,47,6,1,01,50000,1,0,50,52,1.0,1,01,2752.0,50000,53000,1,2,8,Musicians and Singers
2020HU0894263,02,04604,48,1222017,16,57,2,1,22,0,2,35000,40,52,1.0,1,01,2850.0,35000,35000,1,2,1,Writers and Authors
2020HU0894478,01,01903,48,1222017,6,63,6,1,20,8000,1,0,6,20,1.0,1,01,2752.0,8000,8000,1,2,1,Musicians and Singers
2020HU0897716,03,04630,48,1222017,39,19,2,5,19,0,2,2000,2,10,1.0,1,01,2752.0,2000,2000,1,2,1,Musicians and Singers
2020HU0899293,02,02001,48,1222017,13,44,6,1,18,2000,2,2000,20,30,6.0,1,01,2910.0,4000,4000,1,2,1,Photographers
2020HU0902173,01,04611,48,1222017,182,23,1,5,16,0,1,68000,45,52,1.0,2,02,2905.0,68000,68000,2,2,1,"Other Media and Communication Equipment Workers (broadcast/sound/AV/lighting techs, combined - PUMS does not separately identify 'sound engineering technician')"
2020HU0904697,02,04620,48,1222017,11,30,1,1,21,0,2,74000,43,52,1.0,1,01,2850.0,74000,74720,1,2,6,Writers and Authors
2020HU0906360,01,04629,48,1222017,141,59,2,1,21,25000,2,29000,40,52,1.0,1,01,2751.0,54000,54000,1,2,1,Music Directors and Composers
2020HU0907719,01,05304,48,1222017,22,27,2,3,20,11000,2,15000,25,44,1.0,1,01,2740.0,26000,26000,1,2,1,Dancers and Choreographers
2020HU0908566,01,04621,48,1222017,4,68,2,1,22,2500,2,24500,15,52,1.0,1,01,2752.0,27000,40000,1,1,1,Musicians and Singers
2020HU0910752,03,04633,48,1222017,35,27,1,5,20,0,1,24000,37,44,1.0,2,01,2905.0,24000,26000,2,2,1,"Other Media and Communication Equipment Workers (broadcast/sound/AV/lighting techs, combined - PUMS does not separately identify 'sound engineering technician')"
2020HU0911346,01,05201,48,1222017,37,36,6,1,19,7000,2,21000,50,52,1.0,1,01,2752.0,28000,28000,1,2,1,Musicians and Singers
2020HU0912039,01,05304,48,1222017,16,62,6,1,22,12000,2,31000,40,52,1.0,1,01,2850.0,43000,43000,1,2,1,Writers and Authors
2020HU0913058,02,02307,48,1222017,9,68,2,1,22,6000,1,34900,20,52,1.0,1,01,2752.0,40900,70800,2,1,1,Musicians and Singers
2020HU0913654,01,02005,48,1222017,10,43,1,3,21,0,1,25000,30,42,1.0,1,01,2905.0,25000,26900,1,2,1,"Other Media and Communication Equipment Workers (broadcast/sound/AV/lighting techs, combined - PUMS does not separately identify 'sound engineering technician')"
2020HU0915272,04,04702,48,1222017,12,18,1,5,16,0,2,1600,40,28,6.0,1,01,2910.0,1600,1600,1,2,1,Photographers
2020HU0919921,01,05204,48,1222017,42,26,6,1,21,40000,1,0,60,52,1.0,1,01,2710.0,40000,40000,1,2,1,Producers and Directors
2020HU0921855,02,05901,48,1222017,2,41,6,5,19,1000,1,0,40,1,3.0,2,02,2710.0,1000,1000,2,2,3,Producers and Directors
2020HU0922307,01,04624,48,1222017,9,31,6,1,19,357000,1,38000,40,52,1.0,2,01,2710.0,395000,395000,2,2,1,Producers and Directors
2020HU0922307,02,04624,48,1222017,7,33,6,1,21,41600,2,0,40,52,1.0,2,01,2850.0,41600,41600,2,2,1,Writers and Authors
2020HU0923775,01,06603,48,1222017,20,55,1,5,19,0,1,24000,60,52,1.0,2,01,2710.0,24000,24000,2,2,1,Producers and Directors
2020HU0929199,01,05912,48,1222017,29,31,6,5,21,35000,2,0,35,16,3.0,1,01,2752.0,35000,53500,2,1,1,Musicians and Singers
2020HU0930345,02,00501,48,1222017,20,23,1,5,16,-6900,2,10200,20,40,1.0,1,02,2740.0,3300,3300,1,2,8,Dancers and Choreographers
2020HU0930431,01,04604,48,1222017,81,43,5,1,22,0,1,125000,40,52,1.0,1,02,2850.0,125000,125000,1,2,9,Writers and Authors
2020HU0936385,02,00502,48,1222017,32,22,1,5,16,0,1,28000,40,52,1.0,2,01,2905.0,28000,28000,2,2,1,"Other Media and Communication Equipment Workers (broadcast/sound/AV/lighting techs, combined - PUMS does not separately identify 'sound engineering technician')"
2020HU0938856,02,00800,48,1222017,10,55,2,3,17,0,1,500,4,3,6.0,1,01,2752.0,500,26700,2,1,9,Musicians and Singers
2020HU0939071,01,03310,48,1222017,100,69,2,2,19,0,2,0,,,6.0,1,02,2752.0,0,25400,2,1,9,Musicians and Singers
2020HU0939848,01,04601,48,1222017,12,32,2,5,22,0,2,112000,40,52,1.0,1,01,2752.0,112000,127400,1,2,1,Musicians and Singers
2020HU0942161,01,05912,48,1222017,25,40,1,1,18,0,2,23000,50,52,1.0,1,01,2910.0,23000,23000,1,2,1,Photographers
2020HU0942993,03,06702,48,1222017,29,21,6,5,18,5200,1,0,20,52,1.0,2,02,2752.0,5200,5200,2,2,1,Musicians and Singers
2020HU0943822,04,00600,48,1222017,28,17,1,5,14,0,2,6000,15,52,1.0,1,01,2634.0,6000,6000,1,1,1,Graphic Designers
2020HU0944260,02,05916,48,1222017,73,52,1,1,21,0,1,5000,50,40,3.0,2,01,2905.0,5000,5000,2,2,9,"Other Media and Communication Equipment Workers (broadcast/sound/AV/lighting techs, combined - PUMS does not separately identify 'sound engineering technician')"
2020HU0945833,02,02304,48,1222017,35,70,6,1,06,0,1,0,,,6.0,1,02,2752.0,0,0,2,1,8,Musicians and Singers
2020HU0946236,01,01907,48,1222017,2,49,2,1,22,0,2,22000,15,45,1.0,1,01,2850.0,22000,22300,1,2,1,Writers and Authors
2020HU0946307,02,02511,48,1222017,39,26,1,1,21,0,2,40000,40,52,1.0,1,01,2634.0,40000,40000,1,2,1,Graphic Designers
2020HU0948641,03,04100,48,1222017,3,37,1,5,15,0,1,7200,30,25,6.0,2,01,2905.0,7200,7200,2,2,1,"Other Media and Communication Equipment Workers (broadcast/sound/AV/lighting techs, combined - PUMS does not separately identify 'sound engineering technician')"
2020HU0949565,02,03308,48,1222017,19,56,6,1,20,140000,1,0,60,52,1.0,2,02,2710.0,140000,140000,2,2,9,Producers and Directors
2020HU0949692,01,01903,48,1222017,8,66,1,3,21,0,1,4100,15,4,1.0,1,01,2905.0,4100,4100,2,1,1,"Other Media and Communication Equipment Workers (broadcast/sound/AV/lighting techs, combined - PUMS does not separately identify 'sound engineering technician')"
2020HU0951976,01,02516,48,1222017,22,37,3,1,21,0,2,64000,40,52,1.0,1,01,2850.0,64000,64000,1,2,1,Writers and Authors
2020HU0955217,02,07402,48,1222017,17,47,7,3,22,0,1,120000,40,52,1.0,2,01,2910.0,120000,120000,2,2,1,Photographers
2020HU0955652,01,02306,48,1222017,22,35,6,1,21,49000,1,0,60,52,1.0,1,01,2710.0,49000,49000,1,2,1,Producers and Directors
2020HU0955652,02,02306,48,1222017,20,36,6,1,21,49000,2,0,60,52,1.0,1,01,2710.0,49000,49000,1,2,1,Producers and Directors
2020HU0959719,01,02304,48,1222017,11,58,4,1,21,0,1,65000,40,52,1.0,1,01,2634.0,65000,65000,1,2,1,Graphic Designers
2020HU0960228,02,05306,48,1222017,51,56,1,1,21,0,1,75000,45,52,1.0,1,01,2910.0,75000,75000,1,2,1,Photographers
2020HU0962953,02,02312,48,1222017,37,37,1,1,21,0,2,0,,,6.0,1,01,2740.0,0,0,1,2,1,Dancers and Choreographers
2020HU0966884,01,02309,48,1222017,60,62,3,5,20,0,2,0,,,6.0,1,01,2634.0,0,0,2,1,1,Graphic Designers
2020HU0967812,01,04621,48,1222017,18,58,1,5,21,0,2,84000,40,52,1.0,1,23,2634.0,84000,84000,1,2,1,Graphic Designers
2020HU0967812,02,04621,48,1222017,11,63,1,3,20,0,1,170000,40,52,1.0,1,01,2710.0,170000,170000,1,2,2,Producers and Directors
2020HU0970247,01,04603,48,1222017,6,76,2,5,16,0,2,4500,1,3,1.0,1,01,2700.0,4500,40300,1,1,1,Actors
2020HU0970560,01,04302,48,1222017,16,72,6,5,19,20000,1,0,6,26,6.0,1,01,2910.0,20000,20000,1,1,1,Photographers
2020HU0970995,01,02006,48,1222017,12,39,6,1,19,21000,1,0,60,1,1.0,1,01,2752.0,21000,21000,1,2,1,Musicians and Singers
2020HU0971074,01,04603,48,1222017,100,23,6,5,19,-6900,1,8000,26,46,6.0,1,02,2751.0,1100,1100,1,2,9,Music Directors and Composers
2020HU0973107,02,02600,48,1222017,4,56,1,1,17,0,2,30000,50,52,1.0,1,01,2910.0,30000,36000,1,2,1,Photographers
2020HU0974095,02,03000,48,1222017,7,73,2,1,19,0,2,5300,2,40,1.0,1,01,2752.0,5300,73300,2,1,1,Musicians and Singers
2020HU0978102,02,02312,48,1222017,5,66,1,1,21,0,2,6000,10,10,1.0,1,01,2850.0,6000,81600,1,2,1,Writers and Authors
2020HU0978732,01,06000,48,1222017,10,52,1,1,18,0,2,60000,40,52,1.0,1,01,2850.0,60000,160000,1,1,1,Writers and Authors
2020HU0979321,02,05309,48,1222017,12,51,6,1,19,40000,2,0,20,30,1.0,1,01,2910.0,40000,40000,1,2,1,Photographers
2020HU0981817,01,05306,48,1222017,76,29,7,5,21,0,2,20000,40,24,2.0,1,01,2752.0,20000,35000,1,2,1,Musicians and Singers
2020HU0981817,02,05306,48,1222017,82,29,7,5,16,0,1,12000,40,24,1.0,1,01,2752.0,12000,25000,1,2,1,Musicians and Singers
2020HU0982050,02,02317,48,1222017,16,66,8,1,18,0,2,0,,,6.0,1,01,2710.0,0,12000,2,1,1,Producers and Directors
2020HU0983942,02,05902,48,1222017,24,21,1,5,19,0,1,4000,40,8,6.0,1,02,2905.0,4000,4000,1,2,9,"Other Media and Communication Equipment Workers (broadcast/sound/AV/lighting techs, combined - PUMS does not separately identify 'sound engineering technician')"
2020HU0983948,02,05302,48,1222017,7,26,6,5,21,12000,1,3000,25,50,1.0,1,01,2752.0,15000,15000,1,2,1,Musicians and Singers
2020HU0984323,01,05203,48,1222017,23,27,1,1,21,0,1,40000,40,52,1.0,1,02,2634.0,40000,40000,1,2,9,Graphic Designers
2020HU0984907,02,02309,48,1222017,12,43,6,1,22,50000,1,0,35,45,1.0,1,01,2910.0,50000,50000,1,2,1,Photographers
2020HU0987831,01,04620,48,1222017,26,46,6,1,09,18000,1,0,6,52,1.0,2,02,2752.0,18000,18000,2,2,1,Musicians and Singers
2020HU0987870,01,05201,48,1222017,4,53,7,1,21,0,1,0,,,3.0,1,01,2700.0,0,60800,1,1,9,Actors
2020HU0992503,01,02006,48,1222017,30,43,1,1,21,0,1,55000,40,52,1.0,1,01,2634.0,55000,55000,1,2,1,Graphic Designers
2020HU0993513,02,05201,48,1222017,21,48,6,1,20,7100,1,0,25,40,1.0,1,01,2910.0,7100,7100,1,2,1,Photographers
2020HU0993734,01,02313,48,1222017,9,29,1,5,21,0,1,57000,40,52,1.0,1,01,2710.0,57000,57000,1,2,9,Producers and Directors
2020HU0994078,01,03501,48,1222017,4,55,6,3,20,5000,1,0,40,10,1.0,1,01,2700.0,5000,21800,2,1,9,Actors
2020HU0994951,01,04621,48,1222017,15,30,6,5,21,2500,1,0,12,4,3.0,1,01,2700.0,2500,43500,1,2,1,Actors
2020HU0995581,01,05307,48,1222017,13,35,1,5,21,2000,2,74000,45,52,1.0,1,11,2634.0,76000,76000,1,2,9,Graphic Designers
2020HU0997178,05,02005,48,1222017,26,24,2,5,21,0,1,3500,3,52,1.0,1,01,2752.0,3500,40500,1,2,1,Musicians and Singers
2020HU0997336,03,05303,48,1222017,37,25,4,5,21,0,2,30000,40,52,1.0,1,01,2910.0,30000,30000,1,2,1,Photographers
2020HU0998379,04,01905,48,1222017,12,49,7,3,16,50000,1,120000,80,52,1.0,1,01,2710.0,170000,170000,1,2,9,Producers and Directors
2020HU1000682,02,05100,48,1222017,4,29,6,1,22,2000,2,0,20,1,2.0,1,01,2850.0,2000,8500,1,2,1,Writers and Authors
2020HU1006113,01,05308,48,1222017,7,76,1,1,21,0,1,0,,,6.0,1,01,2850.0,0,171900,1,1,1,Writers and Authors
2020HU1006119,01,04601,48,1222017,10,31,1,5,21,0,2,17300,20,52,1.0,1,01,2850.0,17300,32700,1,2,1,Writers and Authors
2020HU1008279,02,01300,48,1222017,14,87,2,1,19,0,2,2700,4,3,1.0,1,01,2752.0,2700,5000,2,1,1,Musicians and Singers
2020HU1012137,01,04902,48,1222017,31,59,2,3,21,0,2,72000,40,52,1.0,1,01,2850.0,72000,72000,1,2,1,Writers and Authors
2020HU1015078,01,07200,48,1222017,135,33,1,1,19,0,1,120000,40,52,1.0,1,03,2634.0,120000,120000,1,2,1,Graphic Designers
2020HU1017044,03,05912,48,1222017,165,27,6,5,21,22000,2,0,35,52,1.0,1,02,2850.0,22000,22000,1,2,9,Writers and Authors
2020HU1017843,01,02318,48,1222017,17,74,1,2,21,0,2,0,,,6.0,1,01,2752.0,0,41000,2,1,6,Musicians and Singers
2020HU1018304,01,05304,48,1222017,26,30,6,5,21,50000,1,0,20,52,1.0,2,01,2905.0,50000,50000,2,2,1,"Other Media and Communication Equipment Workers (broadcast/sound/AV/lighting techs, combined - PUMS does not separately identify 'sound engineering technician')"
2020HU1020346,01,05911,48,1222017,11,68,6,1,19,13400,1,0,20,12,1.0,1,01,2700.0,13400,57000,1,1,1,Actors
2020HU1021079,01,05303,48,1222017,7,28,1,5,21,650,2,44000,40,52,1.0,1,01,2710.0,44650,46790,1,2,1,Producers and Directors
2020HU1021625,01,04604,48,1222017,10,27,1,5,19,0,2,12000,20,52,1.0,2,01,2740.0,12000,12000,2,2,1,Dancers and Choreographers
2020HU1024674,01,02001,48,1222017,14,37,1,1,21,0,2,49000,35,52,1.0,2,01,2634.0,49000,49000,2,2,6,Graphic Designers
2020HU1026482,02,05902,48,1222017,8,37,1,5,19,0,1,0,,,6.0,1,02,2634.0,0,0,1,2,1,Graphic Designers
2020HU1026495,01,02507,48,1222017,119,35,3,1,22,0,2,64000,40,52,1.0,1,01,2850.0,64000,64000,1,2,1,Writers and Authors
2020HU1028289,02,04701,48,1222017,11,65,1,3,16,0,2,0,,,6.0,1,01,2850.0,0,10400,1,1,1,Writers and Authors
2020HU1029913,01,05303,48,1222017,146,34,2,3,21,0,1,70000,30,52,3.0,1,01,2752.0,70000,88000,1,1,2,Musicians and Singers
2020HU1029969,02,04639,48,1222017,18,40,6,1,21,15000,2,0,20,52,1.0,1,01,2850.0,15000,15000,1,2,1,Writers and Authors
2020HU1030244,02,05308,48,1222017,287,52,6,5,22,20000,1,0,20,30,1.0,1,01,2850.0,20000,20000,1,2,1,Writers and Authors
2020HU1031449,01,05306,48,1222017,13,41,1,1,21,0,1,84000,40,52,1.0,1,01,2710.0,84000,84000,1,2,9,Producers and Directors
2020HU1031889,02,02001,48,1222017,8,64,6,1,22,6000,1,0,5,48,1.0,1,01,2752.0,6000,6150,1,2,1,Musicians and Singers
2020HU1036866,02,04801,48,1222017,37,58,6,1,22,1000,2,1000,25,1,6.0,1,01,2752.0,2000,47000,1,2,2,Musicians and Singers
2020HU1039470,02,05304,48,1222017,72,29,1,1,16,0,1,44200,40,52,1.0,1,01,2905.0,44200,44200,1,2,1,"Other Media and Communication Equipment Workers (broadcast/sound/AV/lighting techs, combined - PUMS does not separately identify 'sound engineering technician')"
2020HU1044623,02,01909,48,1222017,5,34,3,1,22,0,2,65000,40,52,1.0,1,01,2850.0,65000,65000,1,2,1,Writers and Authors
2020HU1052701,01,04602,48,1222017,13,28,6,1,21,52000,1,82000,40,52,1.0,1,01,2850.0,134000,134000,1,2,1,Writers and Authors
2020HU1058450,01,05308,48,1222017,38,61,6,3,19,6000,2,0,50,52,1.0,1,01,2752.0,6000,348000,1,2,1,Musicians and Singers
2020HU1058724,04,04637,48,1222017,391,30,1,5,21,0,1,28000,40,34,3.0,2,01,2752.0,28000,28050,2,2,2,Musicians and Singers
2020HU1063349,01,01901,48,1222017,23,23,1,5,21,0,1,43000,42,52,1.0,1,01,2910.0,43000,43000,1,2,2,Photographers
2020HU1063472,01,02310,48,1222017,7,62,6,2,19,0,2,0,,,6.0,1,01,2910.0,0,52300,1,2,1,Photographers
2020HU1064541,02,04604,48,1222017,133,54,6,1,21,50000,1,0,50,52,1.0,1,01,2752.0,50000,53000,1,2,8,Musicians and Singers
2020HU1065433,02,04907,48,1222017,61,42,7,1,21,0,2,0,,,3.0,1,01,2751.0,0,0,1,2,6,Music Directors and Composers
2020HU1066102,02,05909,48,1222017,126,31,1,1,21,0,1,37000,40,52,1.0,1,02,2850.0,37000,37000,1,2,9,Writers and Authors
2020HU1066768,01,05912,48,1222017,26,43,2,1,20,0,1,45000,40,50,1.0,1,02,2751.0,45000,45000,1,2,9,Music Directors and Composers
2020HU1070448,02,02001,48,1222017,45,37,6,1,21,20000,2,0,35,35,1.0,1,01,2910.0,20000,32400,1,2,1,Photographers
2020HU1070852,01,05309,48,1222017,5,42,1,3,18,0,2,25000,50,12,1.0,2,01,2700.0,25000,25000,2,2,1,Actors
2020HU1072918,03,02506,48,1222017,15,23,2,1,21,8000,1,11000,40,52,1.0,1,01,2752.0,19000,19000,1,2,1,Musicians and Singers
2020HU1073126,02,02312,48,1222017,60,29,3,5,18,0,1,26000,40,52,1.0,2,02,2634.0,26000,26000,2,2,9,Graphic Designers
2020HU1076219,03,00100,48,1222017,12,24,6,5,20,5000,2,0,10,52,1.0,1,01,2910.0,5000,5000,1,2,1,Photographers
2020HU1076421,01,04615,48,1222017,9,68,7,1,21,0,1,27900,40,26,2.0,1,01,2910.0,27900,38400,2,1,1,Photographers
2020HU1076837,01,05916,48,1222017,11,72,6,1,19,0,1,0,,,6.0,1,01,2634.0,0,59300,1,1,1,Graphic Designers
2020HU1082411,01,01901,48,1222017,121,66,3,4,20,0,1,62000,40,52,1.0,1,01,2905.0,62000,62000,1,2,1,"Other Media and Communication Equipment Workers (broadcast/sound/AV/lighting techs, combined - PUMS does not separately identify 'sound engineering technician')"
2020HU1084071,01,04601,48,1222017,27,61,2,1,22,0,2,40000,22,42,6.0,1,01,2752.0,40000,40950,1,2,1,Musicians and Singers
2020HU1084610,03,03310,48,1222017,58,23,1,5,19,0,1,13000,35,52,1.0,2,02,2752.0,13000,13000,2,2,9,Musicians and Singers
2020HU1087255,01,02320,48,1222017,155,67,1,1,18,0,1,60000,40,52,1.0,1,01,2910.0,60000,63660,2,1,8,Photographers
2020HU1088107,01,06000,48,1222017,26,62,1,1,21,0,2,6500,8,3,3.0,1,01,2700.0,6500,26800,1,2,1,Actors
2020HU1089841,02,02305,48,1222017,25,35,1,5,21,0,2,40000,40,52,1.0,1,02,2634.0,40000,40000,1,2,9,Graphic Designers
2020HU1091616,01,01904,48,1222017,22,58,1,5,21,0,2,94000,40,52,1.0,1,01,2850.0,94000,97500,1,2,1,Writers and Authors
2020HU1092060,02,01902,48,1222017,12,30,2,1,19,0,1,80000,40,52,1.0,1,01,2752.0,80000,80000,1,2,1,Musicians and Singers
2020HU1092380,02,02505,48,1222017,24,56,2,1,15,0,1,37000,40,52,1.0,1,01,2752.0,37000,37000,1,2,2,Musicians and Singers
2020HU1092740,02,04635,48,1222017,79,31,2,5,16,0,1,1800,4,6,6.0,2,01,2752.0,1800,1800,2,2,6,Musicians and Singers
2020HU1095114,02,02311,48,1222017,7,30,6,5,19,0,1,0,,,6.0,1,01,2910.0,0,0,1,2,1,Photographers
2020HU1097254,01,02516,48,1222017,24,31,1,5,21,0,1,50000,40,52,1.0,1,01,2634.0,50000,50000,1,2,1,Graphic Designers
2020HU1105117,02,01901,48,1222017,13,36,4,1,21,0,2,0,,,6.0,1,01,2634.0,0,0,1,2,1,Graphic Designers
2020HU1105393,01,04604,48,1222017,29,39,1,5,21,0,1,75000,40,52,1.0,1,01,2634.0,75000,75100,1,2,6,Graphic Designers
2020HU1105601,01,04902,48,1222017,23,29,1,1,18,1000,1,20000,40,40,1.0,1,11,2710.0,21000,21000,1,1,9,Producers and Directors
2020HU1105978,02,04302,48,1222017,4,28,1,1,21,0,2,45000,60,52,1.0,1,01,2634.0,45000,45000,1,2,1,Graphic Designers
2020HU1106307,01,05910,48,1222017,25,45,5,5,20,15000,2,50000,40,52,1.0,1,01,2634.0,65000,65000,1,2,1,Graphic Designers
2020HU1107099,01,04613,48,1222017,8,24,1,5,21,0,1,58000,40,52,1.0,1,01,2710.0,58000,58000,1,2,1,Producers and Directors
2020HU1114357,02,05903,48,1222017,10,47,6,1,19,13000,2,0,80,26,1.0,1,02,2752.0,13000,20000,2,1,8,Musicians and Singers
2020HU1116985,01,04602,48,1222017,81,39,1,5,19,0,1,75000,50,52,1.0,1,02,2710.0,75000,75000,1,2,9,Producers and Directors
2020HU1120025,01,04200,48,1222017,11,30,1,1,19,0,1,140000,40,52,1.0,1,01,2905.0,140000,140000,1,2,1,"Other Media and Communication Equipment Workers (broadcast/sound/AV/lighting techs, combined - PUMS does not separately identify 'sound engineering technician')"
2020HU1126870,02,03501,48,1222017,19,33,1,5,18,0,2,250,25,3,6.0,2,01,2700.0,250,250,2,2,2,Actors
2020HU1127581,01,05302,48,1222017,13,42,6,5,21,26000,2,0,35,52,2.0,1,01,2910.0,26000,26000,1,2,1,Photographers
2020HU1127608,04,02502,48,1222017,56,41,1,1,21,0,1,30000,40,52,1.0,1,01,2634.0,30000,30000,1,2,1,Graphic Designers
2021GQ0015645,01,04000,48,1193241,13,19,1,5,18,0,1,6000,15,4,1.0,1,02,2752.0,6000,10000,2,1,1,Musicians and Singers
2021GQ0022409,01,06603,48,1193241,2,21,4,5,19,0,2,6000,20,52,1.0,2,02,2634.0,6000,6000,2,2,9,Graphic Designers
2021GQ0024178,01,05902,48,1193241,3,18,1,5,18,0,2,830,8,13,1.0,1,01,2910.0,830,830,1,2,1,Photographers
2021GQ0024419,01,02312,48,1193241,10,39,2,3,19,0,1,14000,52,52,6.0,2,01,2751.0,14000,14000,2,2,2,Music Directors and Composers
2021GQ0043830,01,00900,48,1193241,6,39,2,3,19,0,1,14000,52,52,6.0,2,01,2751.0,14000,14000,2,2,2,Music Directors and Composers
2021GQ0048957,01,03307,48,1193241,8,21,5,5,16,0,1,35000,40,52,4.0,1,02,2752.0,35000,35000,1,2,8,Musicians and Singers
2021GQ0050690,01,05202,48,1193241,2,81,1,1,16,0,1,0,,,6.0,1,01,2850.0,0,15600,2,1,1,Writers and Authors
2021GQ0050922,01,07401,48,1193241,12,18,1,5,18,0,2,830,8,13,1.0,1,01,2910.0,830,830,1,2,1,Photographers
2021GQ0071608,01,04602,48,1193241,17,24,1,5,17,0,2,0,,,6.0,2,01,2740.0,0,0,2,2,1,Dancers and Choreographers
2021GQ0098171,01,06603,48,1193241,12,21,4,5,19,0,2,6000,20,52,1.0,2,02,2634.0,6000,6000,2,2,9,Graphic Designers
2021GQ0118017,01,04000,48,1193241,20,19,1,5,18,0,1,6000,15,4,1.0,1,02,2752.0,6000,10000,2,1,1,Musicians and Singers
2021GQ0120402,01,05306,48,1193241,10,21,4,5,20,0,2,6000,20,52,1.0,2,02,2634.0,6000,6000,2,2,9,Graphic Designers
2021GQ0126366,01,04000,48,1193241,4,19,1,5,18,0,1,6000,15,4,1.0,1,02,2752.0,6000,10000,2,1,1,Musicians and Singers
2021GQ0134503,01,04000,48,1193241,10,19,1,5,18,0,1,6000,15,4,1.0,1,02,2752.0,6000,10000,2,1,1,Musicians and Singers
2021GQ0143526,01,06807,48,1193241,14,24,1,1,13,0,2,0,,,6.0,2,02,2740.0,0,0,2,2,8,Dancers and Choreographers
2021GQ0144542,01,05307,48,1193241,10,19,1,5,18,0,1,6000,15,4,1.0,1,02,2752.0,6000,10000,2,1,1,Musicians and Singers
2021GQ0144612,01,04602,48,1193241,12,24,1,5,17,0,2,0,,,6.0,2,01,2740.0,0,0,2,2,1,Dancers and Choreographers
2021GQ0158356,01,04602,48,1193241,12,24,1,5,17,0,2,0,,,6.0,2,01,2740.0,0,0,2,2,1,Dancers and Choreographers
2021GQ0158368,01,04000,48,1193241,10,19,1,5,18,0,1,6000,15,4,1.0,1,02,2752.0,6000,10000,2,1,1,Musicians and Singers
2021HU0000655,02,05303,48,1193241,14,37,2,1,22,0,2,94000,45,52,1.0,1,01,2850.0,94000,94000,1,2,1,Writers and Authors
2021HU0001039,02,02315,48,1193241,5,48,2,1,19,50000,1,200000,40,52,1.0,1,01,2850.0,250000,250000,1,2,1,Writers and Authors
2021HU0001089,02,00600,48,1193241,25,44,1,1,18,0,2,4000,7,24,6.0,2,01,2910.0,4000,4000,2,2,1,Photographers
2021HU0001864,02,00100,48,1193241,60,31,1,5,21,0,1,0,,,6.0,2,02,2752.0,0,110,2,2,9,Musicians and Singers
2021HU0004515,01,06601,48,1193241,17,30,6,3,19,14400,1,0,36,52,6.0,2,02,2751.0,14400,14400,2,2,9,Music Directors and Composers
2021HU0005578,01,02322,48,1193241,20,24,1,5,21,5000,1,52000,40,52,1.0,1,01,2710.0,57000,57000,1,2,1,Producers and Directors
2021HU0006600,02,05302,48,1193241,18,73,6,1,22,11100,2,0,50,36,6.0,1,01,2850.0,11100,55600,1,1,1,Writers and Authors
2021HU0012541,01,05700,48,1193241,8,62,1,1,22,0,1,25000,25,26,1.0,2,01,2752.0,25000,31000,2,2,1,Musicians and Singers
2021HU0012714,02,01902,48,1193241,10,76,2,1,21,0,2,0,,,6.0,1,01,2752.0,0,63900,2,1,6,Musicians and Singers
2021HU0012982,01,00501,48,1193241,7,51,6,1,20,10000,1,0,52,52,1.0,1,01,2634.0,10000,10000,1,2,1,Graphic Designers
2021HU0013069,02,04614,48,1193241,16,23,1,5,06,0,1,9000,25,52,1.0,2,07,2740.0,9000,9000,2,2,8,Dancers and Choreographers
2021HU0013601,01,05100,48,1193241,21,71,1,1,21,0,1,8800,60,16,6.0,1,01,2850.0,8800,40700,1,1,1,Writers and Authors
2021HU0015390,02,02502,48,1193241,10,30,1,5,16,0,1,25000,20,52,1.0,1,01,2905.0,25000,25000,1,2,1,"Other Media and Communication Equipment Workers (broadcast/sound/AV/lighting techs, combined - PUMS does not separately identify 'sound engineering technician')"
2021HU0016623,02,02515,48,1193241,9,56,1,1,20,0,1,40000,40,52,1.0,1,01,2905.0,40000,40000,1,2,1,"Other Media and Communication Equipment Workers (broadcast/sound/AV/lighting techs, combined - PUMS does not separately identify 'sound engineering technician')"
2021HU0017540,02,05309,48,1193241,10,58,1,1,19,0,1,40000,40,52,1.0,1,01,2905.0,40000,40000,1,2,1,"Other Media and Communication Equipment Workers (broadcast/sound/AV/lighting techs, combined - PUMS does not separately identify 'sound engineering technician')"
2021HU0021192,02,02302,48,1193241,10,30,7,1,21,0,2,5000,40,52,1.0,2,01,2910.0,5000,5000,2,2,9,Photographers
2021HU0024594,01,02512,48,1193241,20,39,7,1,22,0,1,200000,60,52,1.0,1,01,2634.0,200000,200000,1,2,2,Graphic Designers
2021HU0025253,02,04200,48,1193241,17,67,2,5,20,7000,2,13300,3,52,1.0,1,01,2752.0,20300,20300,2,1,1,Musicians and Singers
2021HU0025866,03,00300,48,1193241,20,27,7,3,18,0,1,38000,40,52,1.0,1,01,2910.0,38000,38000,1,2,1,Photographers
2021HU0027657,01,02900,48,1193241,13,37,1,1,21,0,1,42000,40,52,1.0,1,02,2634.0,42000,43300,2,1,9,Graphic Designers
2021HU0028577,01,02314,48,1193241,9,72,2,1,19,0,1,0,,,6.0,1,01,2710.0,0,9500,2,1,2,Producers and Directors
2021HU0030823,02,02310,48,1193241,25,34,6,1,21,2000,2,800,25,52,1.0,1,02,2910.0,2800,2800,1,2,8,Photographers
2021HU0031382,02,02002,48,1193241,8,29,1,1,20,0,2,45000,40,52,1.0,1,01,2634.0,45000,45000,1,2,1,Graphic Designers
2021HU0031409,01,02313,48,1193241,14,28,6,5,21,21600,2,0,25,48,1.0,1,01,2850.0,21600,21600,1,2,1,Writers and Authors
2021HU0033484,01,03305,48,1193241,9,51,5,1,21,0,1,49000,45,52,4.0,1,01,2752.0,49000,64000,1,2,8,Musicians and Singers
2021HU0036358,02,03400,48,1193241,1,43,6,5,19,0,1,0,,,3.0,1,01,2752.0,0,4000,1,2,1,Musicians and Singers
2021HU0037503,02,05901,48,1193241,13,35,1,5,21,0,1,0,,,3.0,1,02,2905.0,0,13700,1,2,9,"Other Media and Communication Equipment Workers (broadcast/sound/AV/lighting techs, combined - PUMS does not separately identify 'sound engineering technician')"
2021HU0039645,01,02513,48,1193241,9,71,2,2,21,0,2,0,,,6.0,1,01,2751.0,0,40100,2,1,1,Music Directors and Composers
2021HU0040373,02,02002,48,1193241,15,70,2,1,20,0,2,0,,,6.0,1,01,2634.0,0,23500,2,1,1,Graphic Designers
2021HU0040453,01,05100,48,1193241,16,61,1,3,20,0,2,40000,40,52,1.0,1,01,2634.0,40000,40000,1,2,1,Graphic Designers
2021HU0041588,01,05306,48,1193241,51,33,1,1,21,0,1,74000,45,52,1.0,1,01,2905.0,74000,74000,1,2,9,"Other Media and Communication Equipment Workers (broadcast/sound/AV/lighting techs, combined - PUMS does not separately identify 'sound engineering technician')"
2021HU0042072,01,05304,48,1193241,51,29,6,5,16,21000,1,16000,40,52,1.0,2,07,2752.0,37000,37000,2,2,9,Musicians and Singers
2021HU0042636,02,05911,48,1193241,45,63,7,1,18,0,1,50000,40,52,1.0,1,02,2905.0,50000,50000,1,2,5,"Other Media and Communication Equipment Workers (broadcast/sound/AV/lighting techs, combined - PUMS does not separately identify 'sound engineering technician')"
2021HU0043107,02,00502,48,1193241,52,44,6,1,20,20000,1,0,40,40,1.0,2,01,2905.0,20000,66840,2,2,1,"Other Media and Communication Equipment Workers (broadcast/sound/AV/lighting techs, combined - PUMS does not separately identify 'sound engineering technician')"
2021HU0047399,02,04625,48,1193241,13,34,1,1,21,0,2,55000,45,52,1.0,1,01,2710.0,55000,55000,1,2,1,Producers and Directors
2021HU0049041,01,05303,48,1193241,8,40,6,1,21,310,2,0,3,3,1.0,2,01,2850.0,310,310,2,2,1,Writers and Authors
2021HU0049253,03,02321,48,1193241,22,29,7,5,21,0,1,25000,40,45,6.0,1,01,2850.0,25000,25000,1,2,1,Writers and Authors
2021HU0049587,03,06703,48,1193241,6,29,6,5,21,590,1,0,3,52,1.0,2,02,2910.0,590,590,2,2,9,Photographers
2021HU0052538,02,03801,48,1193241,21,24,1,1,21,0,2,50000,40,5,1.0,1,01,2634.0,50000,50000,1,2,1,Graphic Designers
2021HU0052567,05,07300,48,1193241,32,27,1,5,21,0,1,31500,40,35,1.0,1,01,2634.0,31500,31500,1,2,1,Graphic Designers
2021HU0054594,01,05308,48,1193241,10,35,7,1,21,0,2,25000,60,40,6.0,1,01,2710.0,25000,25000,1,2,1,Producers and Directors
2021HU0059769,01,05303,48,1193241,11,68,6,1,19,0,1,0,,,6.0,1,01,2752.0,0,49200,1,1,1,Musicians and Singers
2021HU0059769,02,05303,48,1193241,10,74,6,1,21,10000,2,0,25,52,1.0,1,01,2752.0,10000,19000,1,1,1,Musicians and Singers
2021HU0062617,01,05302,48,1193241,53,26,5,1,18,0,1,75000,50,52,4.0,1,02,2905.0,75000,90000,1,1,8,"Other Media and Communication Equipment Workers (broadcast/sound/AV/lighting techs, combined - PUMS does not separately identify 'sound engineering technician')"
2021HU0063022,02,05204,48,1193241,11,24,6,5,20,0,2,0,,,3.0,1,01,2910.0,0,3500,1,2,1,Photographers
2021HU0063969,01,04301,48,1193241,31,46,1,1,20,0,2,2100,20,18,3.0,2,01,2910.0,2100,22100,2,2,1,Photographers
2021HU0063969,04,04301,48,1193241,51,20,1,5,19,0,1,10000,40,52,1.0,1,01,2905.0,10000,10000,1,2,1,"Other Media and Communication Equipment Workers (broadcast/sound/AV/lighting techs, combined - PUMS does not separately identify 'sound engineering technician')"
2021HU0063969,05,04301,48,1193241,51,24,1,5,16,0,1,12000,40,52,1.0,1,01,2905.0,12000,12000,2,1,1,"Other Media and Communication Equipment Workers (broadcast/sound/AV/lighting techs, combined - PUMS does not separately identify 'sound engineering technician')"
2021HU0064206,02,04611,48,1193241,6,33,1,1,21,0,2,160000,40,52,1.0,1,01,2634.0,160000,160000,1,2,1,Graphic Designers
2021HU0065231,02,04633,48,1193241,47,37,6,1,16,25000,1,0,40,52,1.0,1,16,2752.0,25000,42700,1,2,9,Musicians and Singers
2021HU0067467,02,02313,48,1193241,28,44,6,1,21,355000,1,0,60,52,1.0,1,01,2710.0,355000,355000,1,2,1,Producers and Directors
2021HU0068381,01,00600,48,1193241,6,76,2,2,21,0,2,0,,,6.0,1,01,2752.0,0,11100,2,1,1,Musicians and Singers
2021HU0068970,03,05913,48,1193241,26,27,1,5,22,0,2,50000,40,52,1.0,1,02,2634.0,50000,50000,1,2,9,Graphic Designers
2021HU0069793,01,02504,48,1193241,21,39,5,1,22,0,2,80000,40,52,1.0,1,04,2634.0,80000,80000,1,2,9,Graphic Designers
2021HU0070226,02,04502,48,1193241,60,39,6,1,21,50000,2,0,40,52,1.0,1,01,2910.0,50000,50000,1,2,1,Photographers
2021HU0070345,02,00800,48,1193241,14,70,3,1,22,0,1,0,,,6.0,1,01,2850.0,0,53100,2,1,1,Writers and Authors
2021HU0071356,01,05303,48,1193241,15,28,1,5,21,0,2,83000,40,52,1.0,1,01,2634.0,83000,83000,1,2,1,Graphic Designers
2021HU0071356,02,05303,48,1193241,15,27,1,5,21,0,1,130000,40,52,1.0,1,01,2634.0,130000,130000,1,2,1,Graphic Designers
2021HU0073658,02,04628,48,1193241,43,27,2,5,21,0,1,30000,60,52,1.0,1,11,2752.0,30000,30000,1,1,8,Musicians and Singers
2021HU0074738,01,05307,48,1193241,9,31,2,5,22,0,2,86000,50,52,1.0,1,01,2850.0,86000,86000,1,2,9,Writers and Authors
2021HU0076128,02,05307,48,1193241,50,49,7,1,21,0,1,165000,60,52,1.0,1,01,2905.0,165000,165000,1,2,1,"Other Media and Communication Equipment Workers (broadcast/sound/AV/lighting techs, combined - PUMS does not separately identify 'sound engineering technician')"
2021HU0076672,01,02307,48,1193241,18,34,1,1,19,0,2,760,36,2,1.0,2,01,2700.0,760,1760,2,2,1,Actors
2021HU0077245,01,02002,48,1193241,12,33,6,1,21,45000,1,0,30,52,1.0,1,01,2752.0,45000,45000,1,2,1,Musicians and Singers
2021HU0077245,02,02002,48,1193241,12,33,6,1,21,70000,2,0,30,52,1.0,1,02,2910.0,70000,70000,1,2,9,Photographers
2021HU0078384,02,02509,48,1193241,12,39,1,1,21,0,1,36000,50,52,1.0,1,01,2634.0,36000,36000,1,2,1,Graphic Designers
2021HU0078570,03,04502,48,1193241,140,21,1,5,19,0,1,10000,40,52,1.0,1,01,2905.0,10000,10000,1,2,1,"Other Media and Communication Equipment Workers (broadcast/sound/AV/lighting techs, combined - PUMS does not separately identify 'sound engineering technician')"
2021HU0081339,01,01902,48,1193241,16,44,6,5,21,25000,2,0,22,52,1.0,1,01,2634.0,25000,48200,1,2,1,Graphic Designers
2021HU0081556,01,02001,48,1193241,12,38,6,5,21,5000,2,20000,40,52,1.0,2,01,2850.0,25000,25000,2,2,1,Writers and Authors
2021HU0083945,03,05201,48,1193241,44,25,1,5,21,0,2,50000,40,52,1.0,1,02,2634.0,50000,50000,1,2,9,Graphic Designers
2021HU0083975,01,05600,48,1193241,8,22,6,1,21,12000,2,0,40,52,1.0,1,01,2910.0,12000,12000,1,2,1,Photographers
2021HU0084095,01,02311,48,1193241,41,70,2,3,22,0,2,25000,30,32,1.0,1,01,2751.0,25000,27400,1,1,1,Music Directors and Composers
2021HU0084545,02,04620,48,1193241,11,52,1,3,01,0,1,75000,40,20,1.0,1,02,2905.0,75000,103000,1,2,9,"Other Media and Communication Equipment Workers (broadcast/sound/AV/lighting techs, combined - PUMS does not separately identify 'sound engineering technician')"
2021HU0087599,02,02502,48,1193241,48,31,1,1,20,0,1,36000,40,52,1.0,1,01,2910.0,36000,36000,1,2,1,Photographers
2021HU0089645,03,03700,48,1193241,7,29,2,5,18,5000,1,5500,20,52,1.0,2,02,2751.0,10500,10500,2,2,9,Music Directors and Composers
2021HU0091525,01,07200,48,1193241,12,31,6,1,21,20000,1,0,40,52,1.0,2,02,2752.0,20000,20000,2,2,9,Musicians and Singers
2021HU0092692,02,06603,48,1193241,36,36,6,1,18,40000,2,0,15,52,2.0,2,01,2910.0,40000,40000,2,2,1,Photographers
2021HU0093010,02,02004,48,1193241,14,33,6,1,21,2000,2,0,20,25,6.0,1,01,2752.0,2000,2000,1,2,1,Musicians and Singers
2021HU0093413,01,05100,48,1193241,3,61,1,5,19,0,1,45000,55,36,3.0,1,01,2905.0,45000,52050,1,2,1,"Other Media and Communication Equipment Workers (broadcast/sound/AV/lighting techs, combined - PUMS does not separately identify 'sound engineering technician')"
2021HU0093817,01,00700,48,1193241,34,23,1,5,19,0,1,24000,40,52,1.0,1,01,2710.0,24000,24000,1,2,1,Producers and Directors
2021HU0094944,02,05309,48,1193241,4,34,1,5,21,0,1,50000,40,48,1.0,1,01,2710.0,50000,50000,1,2,1,Producers and Directors
2021HU0095106,01,04604,48,1193241,28,63,6,1,21,14000,2,0,35,32,1.0,1,01,2710.0,14000,14000,1,2,1,Producers and Directors
2021HU0095391,01,05306,48,1193241,12,26,1,5,21,0,2,70000,40,52,1.0,1,01,2850.0,70000,70000,1,2,1,Writers and Authors
2021HU0098234,01,05305,48,1193241,5,76,1,2,24,0,2,60000,25,50,1.0,1,01,2850.0,60000,127400,2,1,1,Writers and Authors
2021HU0098455,01,02322,48,1193241,37,29,7,5,16,0,1,0,,,6.0,1,01,2634.0,0,63000,1,2,2,Graphic Designers
2021HU0101450,02,02101,48,1193241,16,30,6,5,19,35000,1,0,50,52,1.0,1,01,2850.0,35000,35000,1,2,1,Writers and Authors
2021HU0101971,02,04100,48,1193241,18,22,6,5,21,7000,2,0,24,52,1.0,2,01,2910.0,7000,7000,2,2,1,Photographers
2021HU0102373,01,05306,48,1193241,33,27,6,3,21,35000,2,50000,35,46,1.0,1,01,2910.0,85000,85000,1,2,1,Photographers
2021HU0104687,01,04634,48,1193241,36,54,1,5,21,0,2,30000,40,52,1.0,2,01,2850.0,30000,30000,2,2,6,Writers and Authors
2021HU0107219,01,02001,48,1193241,17,34,6,5,24,5000,1,0,60,52,1.0,2,01,2752.0,5000,5100,2,2,1,Musicians and Singers
2021HU0109885,01,04638,48,1193241,15,38,7,1,19,0,1,17600,35,45,1.0,1,01,2910.0,17600,17600,1,2,6,Photographers
2021HU0110225,02,05201,48,1193241,19,58,7,3,20,0,1,0,,,6.0,2,01,2752.0,0,0,2,2,1,Musicians and Singers
2021HU0111389,01,05306,48,1193241,8,33,6,5,21,40000,2,0,40,52,1.0,1,01,2850.0,40000,40000,1,2,6,Writers and Authors
2021HU0113894,02,01908,48,1193241,11,48,1,1,22,0,2,1000,1,1,6.0,1,01,2850.0,1000,1100,1,2,1,Writers and Authors
2021HU0122984,02,02700,48,1193241,9,29,1,1,21,0,2,33300,40,52,1.0,1,01,2634.0,33300,33300,1,2,1,Graphic Designers
2021HU0123407,01,04604,48,1193241,12,68,6,1,22,22000,2,0,20,20,6.0,1,01,2850.0,22000,30000,1,1,1,Writers and Authors
2021HU0123717,02,02313,48,1193241,33,25,6,5,19,2000,1,1000,15,15,3.0,2,01,2752.0,3000,3000,2,2,1,Musicians and Singers
2021HU0123800,03,02311,48,1193241,10,34,2,5,21,0,1,0,,,6.0,1,01,2752.0,0,20,1,2,1,Musicians and Singers
2021HU0127690,01,04701,48,1193241,13,40,6,1,18,75000,1,0,40,52,6.0,1,01,2905.0,75000,75000,1,2,6,"Other Media and Communication Equipment Workers (broadcast/sound/AV/lighting techs, combined - PUMS does not separately identify 'sound engineering technician')"
2021HU0128167,01,06000,48,1193241,4,57,6,3,21,355000,1,0,60,52,1.0,1,01,2710.0,355000,355000,1,2,1,Producers and Directors
2021HU0131975,01,00100,48,1193241,7,83,2,1,16,0,2,3800,3,52,1.0,1,01,2752.0,3800,12800,1,1,1,Musicians and Singers
2021HU0132023,01,04616,48,1193241,9,37,6,1,21,44000,2,0,25,30,1.0,1,01,2634.0,44000,44000,1,2,1,Graphic Designers
2021HU0132023,02,04616,48,1193241,8,40,6,1,21,56000,1,0,30,45,1.0,1,01,2634.0,56000,56000,1,2,1,Graphic Designers
2021HU0132416,02,02308,48,1193241,11,47,7,1,21,0,1,105000,25,52,1.0,1,01,2710.0,105000,105000,1,2,1,Producers and Directors
2021HU0137001,02,02510,48,1193241,13,40,7,1,19,0,1,35000,40,52,1.0,1,02,2910.0,35000,35000,1,2,9,Photographers
2021HU0137933,03,05402,48,1193241,19,28,1,5,22,0,1,5000,40,4,3.0,2,01,2850.0,5000,5000,2,2,1,Writers and Authors
2021HU0138326,01,05800,48,1193241,19,53,1,1,16,0,1,30200,40,47,1.0,1,01,2905.0,30200,30200,1,2,1,"Other Media and Communication Equipment Workers (broadcast/sound/AV/lighting techs, combined - PUMS does not separately identify 'sound engineering technician')"
2021HU0138644,01,02306,48,1193241,49,50,1,5,19,0,2,2100,20,18,3.0,1,01,2910.0,2100,22100,2,1,1,Photographers
2021HU0140600,01,03700,48,1193241,8,53,6,1,20,70000,1,0,65,52,1.0,1,01,2850.0,70000,70000,1,2,1,Writers and Authors
2021HU0141181,02,04604,48,1193241,14,52,2,1,24,13000,1,185000,30,52,1.0,1,01,2752.0,198000,198000,1,2,1,Musicians and Singers
2021HU0143949,01,04612,48,1193241,10,37,7,3,21,4000,2,24000,45,8,1.0,1,01,2850.0,28000,28000,1,2,1,Writers and Authors
2021HU0144222,01,00600,48,1193241,12,52,1,3,18,0,1,36000,40,52,1.0,1,01,2710.0,36000,48000,1,2,1,Producers and Directors
2021HU0145667,01,05306,48,1193241,45,23,4,5,21,0,1,30000,40,52,1.0,1,01,2710.0,30000,32000,1,2,1,Producers and Directors
2021HU0146755,02,02301,48,1193241,8,25,1,1,21,0,2,19000,40,25,6.0,2,01,2850.0,19000,19000,2,2,6,Writers and Authors
2021HU0147834,01,05402,48,1193241,28,64,2,1,21,0,2,4800,4,52,1.0,1,01,2752.0,4800,4840,1,2,1,Musicians and Singers
2021HU0148503,02,02003,48,1193241,38,27,6,1,21,10000,2,0,20,40,6.0,1,01,2850.0,10000,10000,1,2,1,Writers and Authors
2021HU0148956,01,05204,48,1193241,19,67,1,1,21,0,2,0,,,6.0,1,01,2850.0,0,121600,1,1,1,Writers and Authors
2021HU0153882,02,04906,48,1193241,48,45,2,1,16,0,1,60000,15,52,1.0,1,01,2905.0,60000,60000,1,2,1,"Other Media and Communication Equipment Workers (broadcast/sound/AV/lighting techs, combined - PUMS does not separately identify 'sound engineering technician')"
2021HU0154603,01,03802,48,1193241,65,54,6,1,19,40000,2,0,60,52,1.0,2,01,2910.0,40000,40000,2,2,1,Photographers
2021HU0155610,02,05204,48,1193241,56,29,1,1,21,0,2,73000,40,52,1.0,1,01,2850.0,73000,73000,1,2,1,Writers and Authors
2021HU0155758,02,03307,48,1193241,9,61,4,4,18,0,2,0,,,6.0,1,02,2850.0,0,27000,1,2,9,Writers and Authors
2021HU0156038,02,04503,48,1193241,58,48,7,1,21,0,1,111000,30,52,1.0,1,02,2634.0,111000,114000,1,2,9,Graphic Designers
2021HU0156940,01,02515,48,1193241,14,22,1,5,16,2000,2,2000,20,2,1.0,1,01,2910.0,4000,4000,1,2,1,Photographers
2021HU0158738,01,01908,48,1193241,17,46,7,1,20,0,1,100000,40,52,1.0,1,01,2634.0,100000,100000,1,2,9,Graphic Designers
2021HU0160017,02,02309,48,1193241,14,34,6,1,21,100000,1,0,40,52,1.0,1,01,2634.0,100000,100000,1,2,1,Graphic Designers
2021HU0161164,02,01904,48,1193241,19,38,6,1,21,24000,2,35000,30,20,1.0,1,01,2634.0,59000,67400,1,2,1,Graphic Designers
2021HU0163377,01,04621,48,1193241,4,44,1,1,20,-8400,1,50000,65,52,1.0,1,01,2910.0,41600,41600,1,2,1,Photographers
2021HU0163597,03,04628,48,1193241,40,22,2,5,21,0,2,12000,25,52,1.0,1,01,2905.0,12000,12000,1,2,2,"Other Media and Communication Equipment Workers (broadcast/sound/AV/lighting techs, combined - PUMS does not separately identify 'sound engineering technician')"
2021HU0163691,01,03501,48,1193241,9,28,5,1,16,0,1,30000,45,52,4.0,1,01,2905.0,30000,30000,1,2,1,"Other Media and Communication Equipment Workers (broadcast/sound/AV/lighting techs, combined - PUMS does not separately identify 'sound engineering technician')"
2021HU0164824,02,05910,48,1193241,36,35,1,1,20,0,2,38000,40,52,1.0,1,01,2634.0,38000,38000,1,2,1,Graphic Designers
2021HU0167335,01,04625,48,1193241,10,67,2,2,16,0,2,0,,,6.0,1,01,2752.0,0,36200,1,1,1,Musicians and Singers
2021HU0168462,02,07300,48,1193241,40,56,7,1,21,60000,2,489000,60,52,1.0,1,01,2910.0,549000,549000,1,2,1,Photographers
2021HU0170534,03,02200,48,1193241,25,34,6,1,22,18000,1,0,25,30,1.0,1,02,2710.0,18000,18000,1,2,8,Producers and Directors
2021HU0172985,01,06604,48,1193241,20,84,2,5,19,0,2,7200,30,52,1.0,1,01,2752.0,7200,20600,2,1,1,Musicians and Singers
2021HU0173999,01,00502,48,1193241,11,40,2,3,24,0,2,1000,6,4,6.0,1,01,2752.0,1000,16000,1,2,1,Musicians and Singers
2021HU0177090,01,05309,48,1193241,12,40,1,1,21,0,1,140000,75,20,1.0,1,01,2710.0,140000,140000,1,2,1,Producers and Directors
2021HU0177377,02,00600,48,1193241,6,33,6,3,18,0,1,0,,,3.0,2,01,2752.0,0,14000,2,2,2,Musicians and Singers
2021HU0178126,02,04629,48,1193241,10,43,6,1,21,50000,2,0,30,52,1.0,1,01,2634.0,50000,50000,1,2,1,Graphic Designers
2021HU0178782,01,02512,48,1193241,9,74,6,3,22,7000,2,0,5,20,1.0,1,01,2850.0,7000,40300,2,1,1,Writers and Authors
2021HU0179694,01,02321,48,1193241,7,57,3,2,21,0,2,75000,40,52,1.0,1,01,2850.0,75000,80000,1,2,1,Writers and Authors
2021HU0180033,01,02318,48,1193241,11,28,1,5,21,0,2,55000,50,52,1.0,1,01,2634.0,55000,55000,1,2,1,Graphic Designers
2021HU0182048,03,01400,48,1193241,4,40,1,5,18,0,1,40000,40,52,1.0,1,01,2905.0,40000,40000,1,2,1,"Other Media and Communication Equipment Workers (broadcast/sound/AV/lighting techs, combined - PUMS does not separately identify 'sound engineering technician')"
2021HU0184105,02,03100,48,1193241,6,27,6,1,21,19300,2,0,25,52,1.0,1,01,2752.0,19300,19300,1,2,1,Musicians and Singers
2021HU0184941,01,04604,48,1193241,18,61,6,2,22,250,2,0,8,4,6.0,1,01,2910.0,250,40250,1,2,1,Photographers
2021HU0185279,01,02312,48,1193241,27,28,1,5,21,0,2,50000,45,52,1.0,2,02,2910.0,50000,52000,2,2,8,Photographers
2021HU0185493,02,05304,48,1193241,45,60,2,5,16,0,2,500,4,4,3.0,2,02,2751.0,500,1400,2,2,1,Music Directors and Composers
2021HU0186441,01,01901,48,1193241,10,52,7,1,21,0,2,10000,40,52,1.0,1,01,2634.0,10000,10000,1,2,1,Graphic Designers
2021HU0187300,03,04621,48,1193241,14,35,1,5,16,0,2,38000,40,52,1.0,1,01,2634.0,38000,38000,1,2,1,Graphic Designers
2021HU0189474,02,06703,48,1193241,8,64,3,1,20,0,2,64000,40,52,1.0,1,02,2751.0,64000,64000,1,2,9,Music Directors and Composers
2021HU0190886,01,01904,48,1193241,13,42,7,1,21,0,2,20000,6,30,1.0,2,01,2634.0,20000,20000,2,2,6,Graphic Designers
2021HU0190999,01,00300,48,1193241,18,63,6,2,21,0,1,0,,,6.0,1,01,2752.0,0,18000,1,2,1,Musicians and Singers
2021HU0193216,01,04604,48,1193241,15,57,1,3,19,2500,1,26500,50,14,3.0,1,01,2905.0,29000,39000,1,2,1,"Other Media and Communication Equipment Workers (broadcast/sound/AV/lighting techs, combined - PUMS does not separately identify 'sound engineering technician')"
2021HU0193216,02,04604,48,1193241,10,47,6,5,24,6000,2,0,15,5,3.0,2,01,2752.0,6000,6000,2,2,6,Musicians and Singers
2021HU0196908,02,04614,48,1193241,9,27,1,5,21,0,2,0,,,6.0,2,02,2850.0,0,0,2,2,8,Writers and Authors
2021HU0197255,02,02513,48,1193241,11,25,2,1,22,5000,2,52000,40,52,1.0,1,04,2850.0,57000,57000,1,2,9,Writers and Authors
2021HU0197664,03,02318,48,1193241,25,31,6,1,21,4000,1,0,20,49,1.0,2,01,2905.0,4000,4000,2,2,1,"Other Media and Communication Equipment Workers (broadcast/sound/AV/lighting techs, combined - PUMS does not separately identify 'sound engineering technician')"
2021HU0198108,01,05203,48,1193241,22,56,5,3,20,0,2,152000,40,52,1.0,1,02,2850.0,152000,150000,1,2,9,Writers and Authors
2021HU0198631,03,05914,48,1193241,18,26,2,5,21,0,2,0,,,3.0,2,01,2710.0,0,24100,2,2,1,Producers and Directors
2021HU0200814,01,02310,48,1193241,12,73,1,1,21,0,1,0,,,6.0,1,01,2905.0,0,31200,2,1,1,"Other Media and Communication Equipment Workers (broadcast/sound/AV/lighting techs, combined - PUMS does not separately identify 'sound engineering technician')"
2021HU0201914,02,05915,48,1193241,24,45,6,1,24,1800,2,0,2,12,1.0,1,02,2752.0,1800,1800,1,2,9,Musicians and Singers
2021HU0202685,01,02511,48,1193241,8,45,6,1,19,20000,1,0,20,52,1.0,1,01,2752.0,20000,31700,1,1,1,Musicians and Singers
2021HU0204202,02,04702,48,1193241,48,58,1,1,19,0,2,15000,40,52,1.0,1,01,2910.0,15000,23000,1,2,1,Photographers
2021HU0204309,01,05902,48,1193241,17,56,2,1,22,500,1,36000,20,26,1.0,1,01,2752.0,36500,60800,1,2,1,Musicians and Singers
2021HU0206041,02,02002,48,1193241,7,49,1,1,21,1000,1,75000,40,52,1.0,1,01,2634.0,76000,76000,1,2,1,Graphic Designers
2021HU0206145,02,05203,48,1193241,20,54,2,1,21,0,1,60000,40,52,1.0,1,01,2634.0,60000,60170,1,2,1,Graphic Designers
2021HU0207149,02,05911,48,1193241,21,44,7,1,19,0,1,80000,40,52,1.0,1,11,2910.0,80000,80000,1,2,1,Photographers
2021HU0208796,01,05304,48,1193241,28,36,1,1,15,0,2,2000,30,30,2.0,1,01,2634.0,2000,2000,1,2,6,Graphic Designers
2021HU0208982,01,06802,48,1193241,63,40,6,1,16,13500,1,0,40,6,6.0,2,02,2910.0,13500,15000,2,2,9,Photographers
2021HU0209624,02,05904,48,1193241,9,75,1,1,19,0,1,0,,,6.0,1,02,2910.0,0,57100,1,1,8,Photographers
2021HU0210017,02,06000,48,1193241,3,29,1,5,15,0,1,38000,40,52,1.0,2,01,2634.0,38000,44000,2,2,1,Graphic Designers
2021HU0210377,01,05303,48,1193241,12,25,6,5,21,20000,2,20000,45,52,2.0,1,01,2905.0,40000,40000,2,1,1,"Other Media and Communication Equipment Workers (broadcast/sound/AV/lighting techs, combined - PUMS does not separately identify 'sound engineering technician')"
2021HU0212627,01,05201,48,1193241,32,36,7,1,21,0,2,25000,60,40,6.0,1,01,2710.0,25000,25000,2,1,9,Producers and Directors
2021HU0214495,02,05309,48,1193241,37,25,6,5,18,24000,1,0,40,52,1.0,2,02,2905.0,24000,34000,2,2,9,"Other Media and Communication Equipment Workers (broadcast/sound/AV/lighting techs, combined - PUMS does not separately identify 'sound engineering technician')"
2021HU0216209,02,00501,48,1193241,6,66,6,2,21,0,2,0,,,6.0,1,01,2634.0,0,19700,1,1,9,Graphic Designers
2021HU0217499,01,02004,48,1193241,10,50,1,3,23,0,2,130000,50,52,1.0,1,01,2710.0,130000,130000,1,2,1,Producers and Directors
2021HU0217551,02,04610,48,1193241,4,47,1,5,21,0,1,54000,40,52,1.0,1,01,2634.0,54000,54000,1,2,9,Graphic Designers
2021HU0218383,01,06603,48,1193241,13,70,6,1,21,9400,1,0,3,48,1.0,1,01,2634.0,9400,31800,2,1,1,Graphic Designers
2021HU0218390,02,02700,48,1193241,60,28,1,1,16,0,2,15000,25,52,1.0,1,01,2634.0,15000,15000,1,2,1,Graphic Designers
2021HU0220413,01,04503,48,1193241,12,27,1,1,21,0,2,33500,25,3,1.0,1,01,2905.0,33500,33500,1,2,1,"Other Media and Communication Equipment Workers (broadcast/sound/AV/lighting techs, combined - PUMS does not separately identify 'sound engineering technician')"
2021HU0221254,02,05201,48,1193241,19,37,6,1,21,50000,2,0,30,52,1.0,1,01,2634.0,50000,50000,1,2,1,Graphic Designers
2021HU0223739,03,02004,48,1193241,64,30,2,1,21,18000,1,4800,40,4,1.0,1,16,2850.0,22800,22800,1,2,9,Writers and Authors
2021HU0224237,02,02006,48,1193241,66,37,1,1,20,0,1,52000,40,52,1.0,1,01,2905.0,52000,52000,1,2,9,"Other Media and Communication Equipment Workers (broadcast/sound/AV/lighting techs, combined - PUMS does not separately identify 'sound engineering technician')"
2021HU0225554,01,05303,48,1193241,16,45,6,5,19,60000,1,0,40,30,1.0,1,01,2710.0,60000,60000,1,1,1,Producers and Directors
2021HU0225907,02,01600,48,1193241,23,42,1,1,21,0,2,12500,12,52,1.0,1,01,2634.0,12500,12500,1,2,1,Graphic Designers
2021HU0227264,01,00900,48,1193241,23,27,1,5,21,0,1,10000,40,12,1.0,1,02,2710.0,10000,10000,1,2,1,Producers and Directors
2021HU0227533,01,04629,48,1193241,55,37,6,1,21,6000,2,0,8,52,1.0,2,01,2634.0,6000,6500,2,2,1,Graphic Designers
2021HU0227561,02,02507,48,1193241,10,63,6,1,21,20000,1,0,30,39,1.0,1,01,2634.0,20000,20000,1,2,1,Graphic Designers
2021HU0227908,02,02310,48,1193241,16,24,1,5,22,0,2,11000,40,8,3.0,2,01,2905.0,11000,22000,2,2,1,"Other Media and Communication Equipment Workers (broadcast/sound/AV/lighting techs, combined - PUMS does not separately identify 'sound engineering technician')"
2021HU0228041,01,02509,48,1193241,14,28,2,5,19,0,2,45000,30,52,1.0,2,01,2751.0,45000,45000,2,2,1,Music Directors and Composers
2021HU0228558,01,04621,48,1193241,11,68,6,3,21,21700,2,0,40,5,2.0,1,01,2710.0,21700,40500,2,1,1,Producers and Directors
2021HU0228740,01,03100,48,1193241,11,50,4,1,22,0,2,15000,20,19,2.0,1,01,2752.0,15000,15000,1,2,1,Musicians and Singers
2021HU0229962,01,02509,48,1193241,60,35,1,1,21,0,1,43700,40,52,1.0,1,01,2905.0,43700,43700,1,2,1,"Other Media and Communication Equipment Workers (broadcast/sound/AV/lighting techs, combined - PUMS does not separately identify 'sound engineering technician')"
2021HU0230046,01,02001,48,1193241,31,40,6,3,18,45000,1,0,40,52,1.0,1,01,2910.0,45000,45000,1,2,1,Photographers
2021HU0231794,01,05305,48,1193241,10,40,2,1,24,0,2,31000,25,52,1.0,1,01,2850.0,31000,31000,1,2,1,Writers and Authors
2021HU0232381,01,05800,48,1193241,21,40,1,5,22,0,1,17600,35,45,1.0,1,01,2752.0,17600,17950,2,1,1,Musicians and Singers
2021HU0233804,03,06000,48,1193241,25,34,1,3,17,0,2,40000,30,52,1.0,1,01,2850.0,40000,40000,1,2,1,Writers and Authors
2021HU0234270,02,04612,48,1193241,12,40,1,1,21,0,2,62000,40,52,1.0,1,01,2634.0,62000,62000,1,2,1,Graphic Designers
2021HU0234749,01,04902,48,1193241,71,29,1,5,21,0,1,22900,30,52,1.0,2,01,2850.0,22900,22900,2,2,1,Writers and Authors
2021HU0235833,02,02400,48,1193241,11,68,2,1,18,0,2,13700,8,52,1.0,1,01,2752.0,13700,21400,1,1,1,Musicians and Singers
2021HU0237982,01,02509,48,1193241,18,57,1,3,22,0,1,92000,45,52,1.0,1,02,2634.0,92000,92000,1,2,9,Graphic Designers
2021HU0242486,01,02507,48,1193241,8,80,2,2,24,0,2,0,,,6.0,1,01,2751.0,0,40100,2,1,1,Music Directors and Composers
2021HU0244838,02,02307,48,1193241,60,31,6,5,18,0,1,0,,,6.0,2,01,2752.0,0,0,2,2,2,Musicians and Singers
2021HU0246705,02,02400,48,1193241,3,59,1,1,21,0,1,0,,,6.0,1,01,2752.0,0,48000,1,2,1,Musicians and Singers
2021HU0247099,02,02309,48,1193241,13,63,1,1,23,0,2,225000,40,52,1.0,1,01,2850.0,225000,223000,1,2,1,Writers and Authors
2021HU0247983,02,05302,48,1193241,24,47,1,3,22,0,1,75000,40,52,1.0,1,02,2910.0,75000,75000,1,2,8,Photographers
2021HU0249736,01,04503,48,1193241,14,64,2,2,21,0,2,1500,10,15,6.0,1,01,2634.0,1500,1500,1,2,1,Graphic Designers
2021HU0249768,01,05911,48,1193241,17,44,1,5,21,0,1,38000,40,52,1.0,1,02,2634.0,38000,38000,1,2,1,Graphic Designers
2021HU0250560,01,05902,48,1193241,47,26,1,5,21,0,2,27800,45,52,1.0,1,01,2634.0,27800,27800,1,2,1,Graphic Designers
2021HU0252321,02,02700,48,1193241,18,45,2,1,16,0,2,2000,2,20,1.0,1,01,2751.0,2000,2000,1,2,1,Music Directors and Composers
2021HU0252658,01,05912,48,1193241,9,75,6,1,22,30,2,0,12,16,1.0,1,01,2850.0,30,35130,2,1,1,Writers and Authors
2021HU0254988,01,01901,48,1193241,12,34,2,1,22,0,2,0,,,6.0,2,01,2752.0,0,0,2,2,1,Musicians and Singers
2021HU0257120,01,02313,48,1193241,18,33,1,5,22,0,2,50000,40,44,1.0,1,01,2850.0,50000,50000,1,2,1,Writers and Authors
2021HU0258436,02,02513,48,1193241,5,49,1,1,19,0,1,40000,40,52,1.0,1,01,2634.0,40000,40000,1,2,1,Graphic Designers
2021HU0261136,03,01903,48,1193241,9,16,1,5,13,0,1,11000,30,4,6.0,1,01,2700.0,11000,11000,1,2,6,Actors
2021HU0261910,01,02005,48,1193241,20,19,4,5,19,0,2,3600,20,44,1.0,1,01,2634.0,3600,3600,1,2,1,Graphic Designers
2021HU0262047,01,04631,48,1193241,31,64,6,1,22,0,2,0,,,6.0,1,01,2850.0,0,46830,1,2,1,Writers and Authors
2021HU0262350,02,04802,48,1193241,12,31,6,1,18,2000,1,0,15,6,6.0,1,02,2910.0,2000,2000,1,2,9,Photographers
2021HU0263196,05,02318,48,1193241,10,53,2,1,19,0,1,34000,40,52,1.0,1,01,2905.0,34000,34000,1,2,2,"Other Media and Communication Equipment Workers (broadcast/sound/AV/lighting techs, combined - PUMS does not separately identify 'sound engineering technician')"
2021HU0266616,04,03310,48,1193241,11,26,6,5,21,1600,1,0,8,52,1.0,1,02,2850.0,1600,1600,1,2,9,Writers and Authors
2021HU0267942,01,06000,48,1193241,3,38,6,3,01,1000,2,0,20,52,1.0,2,01,2634.0,1000,1000,2,2,1,Graphic Designers
2021HU0269326,01,02313,48,1193241,29,51,6,3,24,2300,2,0,40,8,6.0,1,01,2752.0,2300,2300,1,2,6,Musicians and Singers
2021HU0275685,01,06603,48,1193241,6,77,8,2,21,0,2,0,,,6.0,1,01,2850.0,0,58730,1,1,9,Writers and Authors
2021HU0278118,01,03305,48,1193241,10,61,6,1,19,0,1,0,,,6.0,1,02,2752.0,0,19700,1,2,9,Musicians and Singers
2021HU0280627,02,02516,48,1193241,61,43,1,1,19,0,2,1000,20,6,1.0,1,01,2910.0,1000,1000,1,2,1,Photographers
2021HU0281940,02,04627,48,1193241,14,33,1,1,21,0,2,12000,40,16,1.0,1,19,2634.0,12000,12000,1,2,9,Graphic Designers
2021HU0283079,01,02312,48,1193241,38,29,1,5,21,0,1,23600,40,52,1.0,1,01,2710.0,23600,23600,1,2,1,Producers and Directors
2021HU0284461,02,06601,48,1193241,17,31,6,5,16,0,1,0,,,6.0,2,02,2910.0,0,0,2,2,9,Photographers
2021HU0287656,02,01909,48,1193241,15,37,6,1,21,1200,2,0,10,12,1.0,1,01,2634.0,1200,1200,1,2,1,Graphic Designers
2021HU0288267,02,04902,48,1193241,12,51,6,1,21,35000,2,0,30,52,1.0,1,01,2910.0,35000,35000,1,2,6,Photographers
2021HU0288840,02,02314,48,1193241,21,57,1,1,21,0,1,2500,6,10,3.0,1,01,2905.0,2500,13000,1,1,2,"Other Media and Communication Equipment Workers (broadcast/sound/AV/lighting techs, combined - PUMS does not separately identify 'sound engineering technician')"
2021HU0289029,02,02502,48,1193241,15,61,6,1,20,5200,2,0,21,30,6.0,1,01,2634.0,5200,5200,1,2,1,Graphic Designers
2021HU0289206,01,04616,48,1193241,12,33,6,5,21,36000,2,0,36,52,1.0,1,01,2634.0,36000,36000,1,2,9,Graphic Designers
2021HU0291074,01,05302,48,1193241,11,31,1,5,21,0,1,47200,40,52,1.0,1,01,2710.0,47200,47200,1,2,1,Producers and Directors
2021HU0292908,01,01902,48,1193241,16,29,6,5,21,0,1,0,,,6.0,1,01,2850.0,0,8500,2,1,1,Writers and Authors
2021HU0295365,02,03309,48,1193241,26,50,4,1,21,0,2,40000,50,52,1.0,1,01,2850.0,40000,40000,1,2,1,Writers and Authors
2021HU0295444,03,00100,48,1193241,7,20,1,5,19,0,2,1400,28,2,6.0,2,01,2910.0,1400,1400,2,2,1,Photographers
2021HU0295711,03,04619,48,1193241,26,43,1,5,22,0,1,8900,12,30,1.0,2,01,2752.0,8900,8900,2,2,6,Musicians and Singers
2021HU0296296,03,04613,48,1193241,6,18,2,5,14,0,1,1200,10,12,6.0,1,01,2710.0,1200,1200,1,2,1,Producers and Directors
2021HU0296628,02,01908,48,1193241,18,74,2,1,19,9500,2,5300,2,52,1.0,1,01,2752.0,14800,30900,1,1,1,Musicians and Singers
2021HU0297201,02,02005,48,1193241,13,26,3,1,22,0,1,63000,52,45,1.0,1,01,2751.0,63000,63000,1,2,9,Music Directors and Composers
2021HU0298526,02,05305,48,1193241,19,45,7,1,21,35000,1,60000,40,52,1.0,1,01,2850.0,95000,95000,1,2,1,Writers and Authors
2021HU0298809,02,04200,48,1193241,19,36,1,3,21,0,1,63000,40,52,1.0,1,01,2634.0,63000,63000,1,2,1,Graphic Designers
2021HU0299218,01,00200,48,1193241,11,40,1,1,20,0,1,70000,40,52,1.0,1,02,2905.0,70000,70000,1,2,9,"Other Media and Communication Equipment Workers (broadcast/sound/AV/lighting techs, combined - PUMS does not separately identify 'sound engineering technician')"
2021HU0302926,03,04615,48,1193241,11,28,1,5,13,0,2,0,,,6.0,2,02,2740.0,0,0,2,2,1,Dancers and Choreographers
2021HU0303014,02,04640,48,1193241,18,69,7,1,16,0,1,0,,,3.0,1,01,2752.0,0,3300,1,1,2,Musicians and Singers
2021HU0303211,03,06701,48,1193241,19,25,1,5,21,0,2,24000,40,52,1.0,1,02,2634.0,24000,24000,1,2,9,Graphic Designers
2021HU0303475,01,05800,48,1193241,19,58,6,3,22,57000,1,0,45,52,1.0,1,01,2850.0,57000,57250,1,2,1,Writers and Authors
2021HU0303963,01,05302,48,1193241,21,58,4,1,21,1400,2,50000,40,52,1.0,1,01,2850.0,51400,51400,1,2,1,Writers and Authors
2021HU0306023,01,05700,48,1193241,26,57,6,1,21,2000,1,25000,30,17,1.0,1,01,2850.0,27000,32000,2,1,1,Writers and Authors
2021HU0306252,01,02310,48,1193241,7,78,1,3,21,0,2,60000,55,52,1.0,2,01,2634.0,60000,60000,2,2,1,Graphic Designers
2021HU0306464,01,04611,48,1193241,55,47,2,5,19,0,2,24000,40,52,1.0,1,08,2905.0,24000,25800,1,1,8,"Other Media and Communication Equipment Workers (broadcast/sound/AV/lighting techs, combined - PUMS does not separately identify 'sound engineering technician')"
2021HU0306565,02,05700,48,1193241,13,77,1,1,20,0,1,0,,,6.0,1,02,2910.0,0,57100,1,1,9,Photographers
2021HU0307626,01,00900,48,1193241,22,51,2,5,22,0,1,0,,,6.0,1,01,2850.0,0,4500,1,2,9,Writers and Authors
2021HU0307841,01,05308,48,1193241,10,60,7,1,21,0,2,56000,20,52,1.0,1,01,2850.0,56000,106000,1,2,1,Writers and Authors
2021HU0309207,02,06807,48,1193241,8,47,7,1,18,2500,1,57000,40,52,1.0,2,02,2910.0,59500,59500,2,2,1,Photographers
2021HU0310303,01,04604,48,1193241,9,35,1,5,21,0,2,35000,40,13,3.0,1,01,2634.0,35000,62600,1,2,1,Graphic Designers
2021HU0312100,01,04603,48,1193241,15,34,3,5,21,0,2,75000,43,52,1.0,1,04,2850.0,75000,75000,1,2,9,Writers and Authors
2021HU0312851,01,02301,48,1193241,58,80,6,1,24,300,2,0,25,52,1.0,1,01,2634.0,300,24300,2,1,1,Graphic Designers
2021HU0314737,01,02505,48,1193241,16,54,7,1,21,0,1,75000,49,52,1.0,1,01,2710.0,75000,75000,1,2,1,Producers and Directors
2021HU0317092,01,05907,48,1193241,50,29,6,1,17,80000,2,0,30,52,1.0,1,01,2910.0,80000,81440,1,1,1,Photographers
2021HU0320237,03,02004,48,1193241,14,18,1,5,14,0,1,2000,16,1,3.0,1,01,2700.0,2000,2000,1,2,1,Actors
2021HU0321054,01,01600,48,1193241,26,50,3,5,21,0,2,48000,40,52,1.0,1,02,2905.0,48000,48000,1,2,9,"Other Media and Communication Equipment Workers (broadcast/sound/AV/lighting techs, combined - PUMS does not separately identify 'sound engineering technician')"
2021HU0321113,01,02002,48,1193241,24,38,4,5,19,0,1,41300,40,52,1.0,1,01,2634.0,41300,41300,1,2,1,Graphic Designers
2021HU0323092,02,00502,48,1193241,19,24,1,1,16,0,2,0,,,6.0,1,01,2910.0,0,0,1,2,1,Photographers
2021HU0324400,02,05908,48,1193241,26,23,1,5,20,0,1,9800,39,52,1.0,1,01,2910.0,9800,9800,1,2,1,Photographers
2021HU0326490,01,02307,48,1193241,13,47,1,2,21,0,2,80000,40,52,1.0,1,01,2850.0,80000,80000,1,2,1,Writers and Authors
2021HU0327172,02,04636,48,1193241,10,31,1,1,21,0,2,100000,80,52,1.0,1,01,2634.0,100000,100000,1,2,1,Graphic Designers
2021HU0330969,01,04606,48,1193241,25,63,7,1,18,0,1,0,,,3.0,1,01,2752.0,0,12400,2,1,2,Musicians and Singers
2021HU0333441,02,06805,48,1193241,18,52,6,1,19,4000,2,0,5,4,1.0,1,01,2910.0,4000,4000,1,2,1,Photographers
2021HU0334166,01,04200,48,1193241,2,32,6,1,21,40000,2,0,40,52,1.0,1,01,2634.0,40000,40000,1,2,1,Graphic Designers
2021HU0337755,02,02505,48,1193241,20,40,7,1,22,0,2,18000,40,52,1.0,2,01,2634.0,18000,18000,2,2,1,Graphic Designers
2021HU0341519,01,05907,48,1193241,18,61,3,1,19,0,1,84000,40,52,1.0,1,01,2850.0,84000,84000,1,2,1,Writers and Authors
2021HU0342969,01,06702,48,1193241,19,42,3,1,22,0,1,60000,40,52,1.0,1,23,2634.0,60000,60000,1,2,1,Graphic Designers
2021HU0344477,02,02320,48,1193241,36,31,1,5,21,0,2,20000,40,40,1.0,2,01,2850.0,20000,20000,2,2,6,Writers and Authors
2021HU0346246,01,00700,48,1193241,36,71,6,1,19,20000,1,0,20,52,1.0,1,01,2751.0,20000,38000,2,1,1,Music Directors and Composers
2021HU0348333,02,02318,48,1193241,11,50,2,1,21,0,2,10000,20,25,3.0,1,01,2710.0,10000,10000,1,2,2,Producers and Directors
2021HU0349308,01,02503,48,1193241,9,79,6,5,24,0,2,0,,,6.0,1,01,2910.0,0,186900,2,1,1,Photographers
2021HU0352425,03,02303,48,1193241,30,31,1,3,20,0,2,86000,40,35,1.0,1,02,2905.0,86000,86000,1,2,9,"Other Media and Communication Equipment Workers (broadcast/sound/AV/lighting techs, combined - PUMS does not separately identify 'sound engineering technician')"
2021HU0355417,02,05204,48,1193241,17,36,7,1,21,0,2,40000,30,50,1.0,1,01,2910.0,40000,40000,1,2,1,Photographers
2021HU0356259,03,02320,48,1193241,27,69,2,2,16,0,2,0,,,6.0,1,01,2752.0,0,17500,2,1,1,Musicians and Singers
2021HU0358866,01,02313,48,1193241,6,24,1,5,21,200,2,12000,30,40,1.0,1,01,2634.0,12200,12200,1,2,1,Graphic Designers
2021HU0359951,01,01300,48,1193241,21,60,2,1,19,0,1,5000,10,50,1.0,1,01,2752.0,5000,45000,1,2,1,Musicians and Singers
2021HU0363123,02,04604,48,1193241,20,39,6,1,21,60000,1,0,40,52,1.0,1,02,2710.0,60000,60000,1,2,9,Producers and Directors
2021HU0364298,01,05915,48,1193241,77,32,1,5,22,0,2,37000,40,52,1.0,1,02,2850.0,37000,37000,1,2,1,Writers and Authors
2021HU0364820,03,06801,48,1193241,44,16,2,5,12,0,2,500,2,52,1.0,1,02,2752.0,500,500,1,2,8,Musicians and Singers
2021HU0365206,01,04621,48,1193241,46,30,1,5,21,0,2,60000,45,52,1.0,1,01,2850.0,60000,60000,1,2,6,Writers and Authors
2021HU0365306,02,00100,48,1193241,17,52,1,1,19,0,1,40000,40,52,1.0,1,01,2634.0,40000,40000,1,2,9,Graphic Designers
2021HU0366963,01,05302,48,1193241,19,34,6,5,21,30800,2,0,35,52,1.0,1,01,2634.0,30800,30800,1,2,9,Graphic Designers
2021HU0367206,02,03400,48,1193241,3,78,2,1,17,0,2,2800,1,52,1.0,1,01,2752.0,2800,15960,1,1,1,Musicians and Singers
2021HU0368459,03,04602,48,1193241,19,28,1,5,20,2000,1,28000,40,52,1.0,2,02,2634.0,30000,30000,2,2,9,Graphic Designers
2021HU0369250,01,02321,48,1193241,11,51,6,5,23,27000,2,0,30,50,1.0,1,01,2850.0,27000,30000,1,2,6,Writers and Authors
2021HU0370879,03,05911,48,1193241,7,38,1,5,16,0,1,5000,35,8,6.0,2,01,2752.0,5000,5000,2,2,1,Musicians and Singers
2021HU0371576,01,03700,48,1193241,10,92,2,2,18,0,2,0,,,6.0,1,01,2752.0,0,30800,2,1,1,Musicians and Singers
2021HU0373783,02,02509,48,1193241,8,73,8,1,22,0,2,0,30,52,6.0,1,01,2850.0,0,15400,1,1,1,Writers and Authors
2021HU0374049,02,04630,48,1193241,8,34,1,1,22,0,2,55000,45,52,1.0,1,01,2710.0,55000,55000,2,1,1,Producers and Directors
2021HU0375018,02,02502,48,1193241,10,40,1,1,21,0,2,105000,45,52,1.0,1,01,2850.0,105000,105000,1,2,1,Writers and Authors
2021HU0375319,02,05401,48,1193241,20,42,6,1,19,355000,1,0,40,16,3.0,1,01,2700.0,355000,355000,1,2,1,Actors
2021HU0376205,01,05910,48,1193241,19,20,4,5,19,0,1,5200,19,40,1.0,2,02,2905.0,5200,5200,2,2,9,"Other Media and Communication Equipment Workers (broadcast/sound/AV/lighting techs, combined - PUMS does not separately identify 'sound engineering technician')"
2021HU0378612,02,04631,48,1193241,9,48,7,1,18,2500,1,57000,40,52,1.0,1,19,2910.0,59500,59500,1,2,9,Photographers
2021HU0379796,02,02310,48,1193241,11,45,6,4,21,5200,1,0,62,52,1.0,1,01,2752.0,5200,5200,1,2,1,Musicians and Singers
2021HU0380972,01,05916,48,1193241,76,41,2,1,21,0,2,45000,40,52,1.0,1,01,2634.0,45000,45000,1,2,1,Graphic Designers
2021HU0381507,02,06703,48,1193241,6,30,6,5,22,0,1,0,,,6.0,1,02,2905.0,0,0,1,2,9,"Other Media and Communication Equipment Workers (broadcast/sound/AV/lighting techs, combined - PUMS does not separately identify 'sound engineering technician')"
2021HU0389828,02,03309,48,1193241,8,54,3,3,21,0,2,48000,40,52,1.0,1,02,2850.0,48000,48000,1,2,9,Writers and Authors
2021HU0393416,02,05202,48,1193241,9,45,1,1,21,0,2,0,,,6.0,1,01,2850.0,0,0,1,2,1,Writers and Authors
2021HU0396964,01,04611,48,1193241,60,37,1,1,18,0,1,56000,40,8,1.0,2,11,2905.0,56000,56000,2,2,9,"Other Media and Communication Equipment Workers (broadcast/sound/AV/lighting techs, combined - PUMS does not separately identify 'sound engineering technician')"
2021HU0397932,01,03501,48,1193241,11,61,6,1,22,0,1,0,,,6.0,1,01,2752.0,0,28000,1,2,9,Musicians and Singers
2021HU0398196,03,03900,48,1193241,24,18,4,5,20,0,2,280,20,3,1.0,1,01,2634.0,280,280,1,2,1,Graphic Designers
2021HU0399306,01,01903,48,1193241,14,59,6,5,21,30000,1,0,40,52,1.0,1,01,2850.0,30000,30000,2,1,1,Writers and Authors
2021HU0404911,03,02514,48,1193241,13,38,1,3,14,0,1,0,,,3.0,2,01,2634.0,0,0,2,2,1,Graphic Designers
2021HU0405321,02,04615,48,1193241,11,39,6,1,21,56000,1,0,30,45,1.0,1,01,2634.0,56000,56000,1,2,1,Graphic Designers
2021HU0405416,02,05307,48,1193241,8,56,1,1,22,0,2,780,16,5,6.0,1,01,2850.0,780,780,1,2,1,Writers and Authors
2021HU0407465,01,05303,48,1193241,9,53,1,1,21,0,1,100000,40,52,1.0,1,01,2850.0,100000,110000,1,2,1,Writers and Authors
2021HU0407465,02,05303,48,1193241,10,53,6,1,21,30000,2,4000,20,52,1.0,1,01,2850.0,34000,44000,1,2,1,Writers and Authors
2021HU0408630,01,02310,48,1193241,40,28,1,2,21,0,2,48000,35,52,1.0,2,04,2740.0,48000,48000,2,2,8,Dancers and Choreographers
2021HU0408745,02,02301,48,1193241,27,26,1,5,11,0,2,10000,35,52,1.0,2,02,2740.0,10000,10000,2,2,9,Dancers and Choreographers
2021HU0408981,01,02313,48,1193241,12,22,2,5,21,0,2,10000,10,40,1.0,1,01,2752.0,10000,10000,1,2,1,Musicians and Singers
2021HU0411650,01,00900,48,1193241,5,44,2,1,22,0,1,150000,40,52,1.0,1,01,2752.0,150000,150000,1,2,1,Musicians and Singers
2021HU0418464,01,05309,48,1193241,6,54,1,3,21,0,2,87000,60,52,1.0,1,01,2710.0,87000,87000,1,2,1,Producers and Directors
2021HU0418834,01,02004,48,1193241,11,30,1,1,21,0,1,55000,40,52,1.0,1,01,2634.0,55000,55000,1,2,9,Graphic Designers
2021HU0422690,03,02006,48,1193241,5,48,1,3,21,0,1,75000,40,20,1.0,1,02,2905.0,75000,103000,1,2,1,"Other Media and Communication Equipment Workers (broadcast/sound/AV/lighting techs, combined - PUMS does not separately identify 'sound engineering technician')"
2021HU0423345,02,03801,48,1193241,22,25,6,5,19,23000,2,0,30,52,1.0,2,02,2740.0,23000,23000,2,2,9,Dancers and Choreographers
2021HU0423792,03,00200,48,1193241,26,24,1,5,21,0,2,5000,35,12,1.0,1,01,2634.0,5000,5000,1,2,1,Graphic Designers
2021HU0424846,02,04635,48,1193241,37,30,6,1,16,0,2,0,,,3.0,1,01,2910.0,0,0,1,2,1,Photographers
2021HU0427086,03,02003,48,1193241,10,22,1,5,19,0,1,9000,20,2,1.0,1,01,2850.0,9000,9000,1,2,1,Writers and Authors
2021HU0428314,03,02501,48,1193241,29,21,1,5,21,0,2,30000,20,52,1.0,1,01,2634.0,30000,30000,1,2,6,Graphic Designers
2021HU0428472,01,05309,48,1193241,18,63,7,1,21,0,2,0,,,6.0,1,01,2850.0,0,18000,1,2,1,Writers and Authors
2021HU0430223,02,05902,48,1193241,7,36,6,1,21,200,2,200,16,24,1.0,1,01,2910.0,400,7600,1,2,1,Photographers
2021HU0431020,02,04602,48,1193241,14,31,1,5,06,0,2,16700,25,52,1.0,2,11,2740.0,16700,16700,2,2,8,Dancers and Choreographers
2021HU0432439,01,02311,48,1193241,6,48,6,1,21,60000,2,0,30,15,1.0,1,01,2910.0,60000,60000,1,2,1,Photographers
2021HU0434285,01,01502,48,1193241,17,61,1,1,16,0,1,25000,20,52,1.0,1,01,2752.0,25000,25000,1,2,1,Musicians and Singers
2021HU0434412,01,04902,48,1193241,13,63,1,3,19,0,1,0,,,3.0,2,01,2752.0,0,0,2,2,1,Musicians and Singers
2021HU0436121,02,01908,48,1193241,9,40,1,1,22,0,2,270,16,2,6.0,1,01,2752.0,270,270,1,2,6,Musicians and Singers
2021HU0437599,03,05302,48,1193241,7,38,1,5,22,0,2,150000,40,52,1.0,2,01,2710.0,150000,195000,2,2,9,Producers and Directors
2021HU0437826,02,04803,48,1193241,9,76,1,1,21,0,1,0,,,6.0,1,01,2910.0,0,24000,1,1,1,Photographers
2021HU0438612,01,02002,48,1193241,32,27,1,5,22,0,2,40000,40,52,1.0,1,01,2850.0,40000,40000,1,2,1,Writers and Authors
2021HU0439508,03,05201,48,1193241,20,84,2,2,16,0,2,5000,30,24,6.0,1,01,2751.0,5000,23000,2,1,1,Music Directors and Composers
2021HU0441022,01,05303,48,1193241,21,33,6,5,18,15000,1,0,40,16,3.0,1,01,2752.0,15000,15000,1,2,1,Musicians and Singers
2021HU0442059,05,05307,48,1193241,18,25,1,5,21,0,1,120000,50,52,1.0,1,01,2710.0,120000,120000,1,2,1,Producers and Directors
2021HU0442747,01,04634,48,1193241,116,71,6,1,21,0,1,0,,,6.0,1,01,2752.0,0,32500,2,1,1,Musicians and Singers
2021HU0447150,01,02003,48,1193241,14,53,6,1,21,70000,1,85000,40,30,1.0,1,01,2910.0,155000,155000,1,2,1,Photographers
2021HU0449135,02,05700,48,1193241,22,38,1,1,21,0,1,65000,40,52,1.0,1,01,2634.0,65000,65000,1,2,9,Graphic Designers
2021HU0450824,01,04627,48,1193241,10,28,6,1,19,3600,2,3600,10,45,1.0,1,01,2634.0,7200,9600,1,2,9,Graphic Designers
2021HU0451208,01,00501,48,1193241,18,19,4,5,19,600,2,8100,36,52,1.0,1,01,2634.0,8700,8700,1,2,1,Graphic Designers
2021HU0452679,01,01400,48,1193241,47,51,1,1,22,0,2,6000,20,50,1.0,2,01,2850.0,6000,6000,2,2,1,Writers and Authors
2021HU0452987,02,02306,48,1193241,14,65,6,1,21,-1100,1,0,15,8,6.0,1,01,2634.0,-1100,-1100,1,1,1,Graphic Designers
2021HU0455612,02,05916,48,1193241,58,54,6,1,24,-8400,2,35000,20,52,1.0,1,01,2850.0,26600,36600,1,2,1,Writers and Authors
2021HU0455876,01,02001,48,1193241,23,33,1,5,20,0,1,42000,40,52,1.0,2,01,2905.0,42000,42000,2,2,1,"Other Media and Communication Equipment Workers (broadcast/sound/AV/lighting techs, combined - PUMS does not separately identify 'sound engineering technician')"
2021HU0456708,01,03801,48,1193241,37,20,1,5,21,0,2,6000,40,36,6.0,1,01,2910.0,6000,6000,1,2,2,Photographers
2021HU0460261,01,05306,48,1193241,18,50,1,1,22,0,1,22000,45,52,1.0,1,01,2850.0,22000,22000,1,2,1,Writers and Authors
2021HU0461689,01,05301,48,1193241,52,34,7,5,22,0,1,13100,25,52,1.0,2,01,2910.0,13100,13100,2,2,2,Photographers
2021HU0467432,01,03100,48,1193241,17,60,6,3,22,18000,2,0,48,48,1.0,2,01,2850.0,18000,86000,2,2,1,Writers and Authors
2021HU0468968,02,06803,48,1193241,16,52,3,1,20,500,1,55000,40,52,1.0,1,01,2905.0,55500,66000,1,2,1,"Other Media and Communication Equipment Workers (broadcast/sound/AV/lighting techs, combined - PUMS does not separately identify 'sound engineering technician')"
2021HU0472635,01,05303,48,1193241,10,40,1,1,21,0,2,105000,40,52,1.0,1,01,2634.0,105000,123000,1,2,1,Graphic Designers
2021HU0472635,02,05303,48,1193241,10,42,6,1,21,26000,1,0,20,26,1.0,1,01,2905.0,26000,44000,1,2,1,"Other Media and Communication Equipment Workers (broadcast/sound/AV/lighting techs, combined - PUMS does not separately identify 'sound engineering technician')"
2021HU0473472,01,05903,48,1193241,10,42,6,5,16,1500,1,36000,60,24,1.0,2,02,2905.0,37500,47600,2,2,9,"Other Media and Communication Equipment Workers (broadcast/sound/AV/lighting techs, combined - PUMS does not separately identify 'sound engineering technician')"
2021HU0475327,02,01909,48,1193241,53,59,6,1,21,75000,1,0,40,30,1.0,1,01,2850.0,75000,115000,1,2,1,Writers and Authors
2021HU0475327,03,01909,48,1193241,29,31,2,1,21,0,2,0,,,3.0,1,01,2710.0,0,24100,1,2,1,Producers and Directors
2021HU0475819,01,02309,48,1193241,11,45,1,1,21,0,1,125000,50,52,1.0,1,01,2910.0,125000,125000,1,2,1,Photographers
2021HU0476109,01,07401,48,1193241,28,21,1,5,19,0,2,4300,30,33,6.0,1,01,2850.0,4300,4300,1,2,1,Writers and Authors
2021HU0477136,02,02503,48,1193241,27,32,7,1,19,0,1,14400,52,52,1.0,1,01,2751.0,14400,14400,1,2,2,Music Directors and Composers
2021HU0479742,01,05302,48,1193241,9,77,6,5,23,3700,2,0,8,24,6.0,1,01,2850.0,3700,90400,1,1,1,Writers and Authors
2021HU0482118,02,02301,48,1193241,10,53,6,1,19,40000,2,60000,45,52,1.0,1,01,2850.0,100000,100000,1,2,1,Writers and Authors
2021HU0485096,02,02504,48,1193241,24,40,7,1,19,0,1,100000,50,52,1.0,1,01,2710.0,100000,100000,1,2,2,Producers and Directors
2021HU0491542,02,01100,48,1193241,13,36,6,5,16,25000,1,0,20,40,1.0,1,01,2752.0,25000,25000,1,1,2,Musicians and Singers
2021HU0492293,02,02320,48,1193241,8,61,1,1,21,0,2,1200,10,12,6.0,1,01,2700.0,1200,1200,1,2,1,Actors
2021HU0493322,02,02311,48,1193241,6,64,1,1,22,0,1,65000,60,52,1.0,1,01,2634.0,65000,65000,1,2,1,Graphic Designers
2021HU0493824,01,05100,48,1193241,12,66,2,1,22,7000,2,13300,3,52,1.0,1,01,2752.0,20300,20300,1,1,1,Musicians and Singers
2021HU0495017,01,05309,48,1193241,25,51,1,1,21,0,1,100000,60,52,1.0,1,02,2710.0,100000,100000,1,2,9,Producers and Directors
2021HU0495113,01,01100,48,1193241,32,36,1,3,18,0,2,42000,32,52,1.0,2,01,2634.0,42000,42000,2,2,1,Graphic Designers
2021HU0495710,01,02004,48,1193241,16,55,2,1,21,0,2,500,4,4,3.0,1,02,2751.0,500,1400,1,2,9,Music Directors and Composers
2021HU0497802,01,04601,48,1193241,24,42,2,3,21,0,2,1000,6,4,6.0,1,01,2752.0,1000,16000,2,1,1,Musicians and Singers
2021HU0498451,02,02307,48,1193241,10,29,1,5,21,0,2,80000,50,52,1.0,2,01,2634.0,80000,80000,2,2,1,Graphic Designers
2021HU0499840,02,05306,48,1193241,14,34,6,1,21,20000,1,0,50,52,1.0,1,01,2751.0,20000,75000,1,2,9,Music Directors and Composers
2021HU0500081,01,02322,48,1193241,10,68,1,3,21,0,1,0,,,6.0,1,01,2905.0,0,27300,2,1,1,"Other Media and Communication Equipment Workers (broadcast/sound/AV/lighting techs, combined - PUMS does not separately identify 'sound engineering technician')"
2021HU0500920,01,03000,48,1193241,15,44,2,3,18,0,2,69000,45,52,1.0,1,01,2634.0,69000,85800,1,2,1,Graphic Designers
2021HU0501634,03,04621,48,1193241,14,19,1,5,20,0,1,2400,15,8,6.0,1,02,2910.0,2400,2400,1,2,8,Photographers
2021HU0503356,02,04701,48,1193241,37,55,1,1,16,0,1,12000,40,52,1.0,1,01,2905.0,12000,22400,1,2,1,"Other Media and Communication Equipment Workers (broadcast/sound/AV/lighting techs, combined - PUMS does not separately identify 'sound engineering technician')"
2021HU0503414,02,05700,48,1193241,2,63,8,1,20,0,1,0,60,52,1.0,1,01,2850.0,0,55000,1,2,1,Writers and Authors
2021HU0503501,01,04613,48,1193241,12,58,1,1,21,0,1,0,,,6.0,1,01,2710.0,0,0,1,2,1,Producers and Directors
2021HU0503918,02,04611,48,1193241,44,33,1,5,01,0,1,0,,,3.0,2,01,2634.0,0,0,2,2,2,Graphic Designers
2021HU0504897,05,04702,48,1193241,21,18,1,5,16,0,1,700,16,4,6.0,1,01,2700.0,700,700,1,2,1,Actors
2021HU0504943,01,02002,48,1193241,21,37,1,3,19,0,1,60000,40,52,1.0,1,01,2905.0,60000,60000,1,2,1,"Other Media and Communication Equipment Workers (broadcast/sound/AV/lighting techs, combined - PUMS does not separately identify 'sound engineering technician')"
2021HU0504943,02,02002,48,1193241,26,34,1,5,19,0,1,65000,40,52,1.0,1,01,2905.0,65000,65000,1,2,1,"Other Media and Communication Equipment Workers (broadcast/sound/AV/lighting techs, combined - PUMS does not separately identify 'sound engineering technician')"
2021HU0505406,02,04901,48,1193241,18,66,7,1,16,0,1,0,,,3.0,1,01,2752.0,0,3300,2,1,2,Musicians and Singers
2021HU0508070,02,04636,48,1193241,18,40,1,1,21,0,2,55000,40,52,1.0,1,01,2634.0,55000,55000,1,2,1,Graphic Designers
2021HU0508398,04,02507,48,1193241,16,24,1,5,21,0,2,7800,40,27,1.0,1,01,2910.0,7800,7800,1,2,2,Photographers
2021HU0509954,01,01901,48,1193241,15,42,6,1,21,7000,2,0,20,40,3.0,1,01,2910.0,7000,7000,1,2,1,Photographers
2021HU0511068,02,05301,48,1193241,32,29,1,1,21,10000,2,30000,40,52,1.0,1,02,2634.0,40000,40000,1,2,8,Graphic Designers
2021HU0511592,02,02502,48,1193241,14,28,1,5,21,0,2,49000,40,52,1.0,1,02,2634.0,49000,49000,1,2,8,Graphic Designers
2021HU0515576,03,00700,48,1193241,8,32,1,5,21,0,1,0,,,3.0,1,01,2634.0,0,9500,1,1,1,Graphic Designers
2021HU0515839,01,04504,48,1193241,3,45,6,1,19,6500,1,0,40,52,1.0,2,01,2710.0,6500,6500,2,2,1,Producers and Directors
2021HU0515839,02,04504,48,1193241,4,47,6,1,19,73000,2,0,40,52,1.0,2,01,2850.0,73000,73000,2,2,1,Writers and Authors
2021HU0518697,01,03600,48,1193241,11,50,1,5,21,0,1,40000,40,52,1.0,1,01,2710.0,40000,40000,1,2,1,Producers and Directors
2021HU0519413,02,05309,48,1193241,13,36,1,1,18,0,1,31000,10,15,3.0,1,01,2752.0,31000,50000,1,2,1,Musicians and Singers
2021HU0519517,01,05800,48,1193241,20,48,1,3,16,0,1,30200,40,47,1.0,1,01,2905.0,30200,30200,1,2,1,"Other Media and Communication Equipment Workers (broadcast/sound/AV/lighting techs, combined - PUMS does not separately identify 'sound engineering technician')"
2021HU0520867,01,04902,48,1193241,17,46,2,1,21,40000,1,70000,35,52,1.0,1,01,2905.0,110000,110000,1,2,6,"Other Media and Communication Equipment Workers (broadcast/sound/AV/lighting techs, combined - PUMS does not separately identify 'sound engineering technician')"
2021HU0523241,02,02507,48,1193241,16,60,8,1,22,0,1,65000,40,52,1.0,1,01,2910.0,65000,65000,1,2,1,Photographers
2021HU0524251,02,05000,48,1193241,19,63,2,1,21,0,2,4500,3,52,1.0,1,01,2752.0,4500,4500,1,2,1,Musicians and Singers
2021HU0525824,01,02306,48,1193241,16,60,1,3,21,0,2,77000,20,52,1.0,1,01,2634.0,77000,177000,1,2,1,Graphic Designers
2021HU0527393,01,01905,48,1193241,15,41,3,1,21,0,1,70000,40,52,1.0,1,01,2710.0,70000,70000,1,2,1,Producers and Directors
2021HU0528272,02,05307,48,1193241,22,64,7,1,19,0,1,50000,40,52,1.0,2,02,2905.0,50000,50000,2,2,9,"Other Media and Communication Equipment Workers (broadcast/sound/AV/lighting techs, combined - PUMS does not separately identify 'sound engineering technician')"
2021HU0529004,02,05600,48,1193241,6,48,1,1,20,0,1,89000,48,52,1.0,1,02,2905.0,89000,89000,1,2,9,"Other Media and Communication Equipment Workers (broadcast/sound/AV/lighting techs, combined - PUMS does not separately identify 'sound engineering technician')"
2021HU0529757,01,00900,48,1193241,11,74,2,2,22,0,2,700,3,52,1.0,1,01,2752.0,700,19900,1,1,1,Musicians and Singers
2021HU0530636,02,04624,48,1193241,22,50,4,1,21,0,2,40000,50,52,1.0,2,01,2850.0,40000,40000,2,2,1,Writers and Authors
2021HU0531280,02,04630,48,1193241,17,72,2,1,21,0,2,3000,2,28,1.0,1,02,2752.0,3000,20400,1,1,9,Musicians and Singers
2021HU0533849,01,00100,48,1193241,4,68,1,5,21,0,2,60000,40,52,1.0,1,01,2634.0,60000,58000,1,1,1,Graphic Designers
2021HU0534315,01,02005,48,1193241,9,58,2,5,22,0,1,0,,,6.0,1,01,2752.0,0,0,1,2,1,Musicians and Singers
2021HU0535021,03,02004,48,1193241,13,26,6,5,19,5000,1,0,15,40,1.0,2,02,2634.0,5000,5000,2,2,9,Graphic Designers
2021HU0536005,01,05901,48,1193241,9,83,2,1,19,0,1,0,,,6.0,1,01,2710.0,0,15000,2,1,2,Producers and Directors
2021HU0541975,03,07401,48,1193241,1,28,1,3,22,0,2,40000,40,52,1.0,1,01,2850.0,40000,40000,1,2,9,Writers and Authors
2021HU0542351,01,05911,48,1193241,10,35,1,1,21,1000,1,37000,40,52,1.0,1,16,2634.0,38000,38000,1,2,9,Graphic Designers
2021HU0543209,02,06302,48,1193241,30,44,1,1,18,0,2,1000,20,6,1.0,1,01,2910.0,1000,1000,1,2,1,Photographers
2021HU0543568,01,04604,48,1193241,21,56,6,5,21,10000,2,0,35,52,1.0,1,01,2850.0,10000,10000,1,2,1,Writers and Authors
2021HU0543793,02,05303,48,1193241,53,30,1,1,21,0,1,50000,40,40,1.0,1,01,2634.0,50000,50000,1,2,6,Graphic Designers
2021HU0546336,01,02316,48,1193241,20,50,6,1,15,24000,1,0,40,52,1.0,2,02,2634.0,24000,24000,2,2,9,Graphic Designers
2021HU0547391,03,02320,48,1193241,8,20,2,5,16,0,2,12000,25,52,1.0,1,01,2905.0,12000,12000,2,1,9,"Other Media and Communication Equipment Workers (broadcast/sound/AV/lighting techs, combined - PUMS does not separately identify 'sound engineering technician')"
2021HU0547980,01,04504,48,1193241,120,56,4,1,22,0,1,0,,,6.0,1,01,2850.0,0,25000,1,2,9,Writers and Authors
2021HU0549073,02,02501,48,1193241,29,33,6,3,21,0,1,0,,,6.0,1,01,2752.0,0,0,1,2,2,Musicians and Singers
2021HU0549926,03,04609,48,1193241,30,20,6,5,19,1500,1,0,4,8,1.0,1,01,2752.0,1500,1500,1,2,9,Musicians and Singers
2021HU0551081,01,02313,48,1193241,20,32,1,1,21,0,1,55000,40,52,1.0,1,02,2634.0,55000,55000,1,2,1,Graphic Designers
2021HU0551888,01,02321,48,1193241,30,39,6,1,20,450,2,0,3,2,6.0,2,03,2910.0,450,2550,2,2,8,Photographers
2021HU0552133,02,05309,48,1193241,32,57,6,1,21,45000,2,0,50,52,1.0,1,01,2634.0,45000,45000,1,2,1,Graphic Designers
2021HU0553679,01,03502,48,1193241,15,47,1,3,20,0,1,36000,40,52,1.0,1,01,2710.0,36000,48000,1,2,1,Producers and Directors
2021HU0559051,02,02502,48,1193241,28,27,1,5,16,0,1,25000,20,52,1.0,2,01,2905.0,25000,25000,2,2,1,"Other Media and Communication Equipment Workers (broadcast/sound/AV/lighting techs, combined - PUMS does not separately identify 'sound engineering technician')"
2021HU0559854,02,03802,48,1193241,62,26,7,1,21,0,2,55000,80,52,1.0,1,01,2634.0,55000,55000,1,2,1,Graphic Designers
2021HU0560174,01,05307,48,1193241,17,52,6,1,22,750,1,0,2,10,1.0,1,01,2752.0,750,5650,1,2,1,Musicians and Singers
2021HU0561793,02,01902,48,1193241,23,37,1,1,21,0,2,30000,40,52,1.0,1,01,2910.0,30000,30000,1,2,6,Photographers
2021HU0562224,02,05909,48,1193241,17,27,1,5,16,0,2,4100,12,20,1.0,2,02,2634.0,4100,4100,2,2,9,Graphic Designers
2021HU0563232,01,05303,48,1193241,12,31,1,5,21,60000,2,110000,50,52,1.0,1,01,2710.0,170000,170000,1,2,1,Producers and Directors
2021HU0563232,02,05303,48,1193241,11,30,1,5,21,0,1,120000,50,52,1.0,1,01,2710.0,120000,120000,1,2,1,Producers and Directors
2021HU0565857,01,07600,48,1193241,46,40,6,1,19,640,2,0,8,1,2.0,2,02,2634.0,640,16540,2,2,9,Graphic Designers
2021HU0566278,01,04903,48,1193241,16,92,2,2,21,0,2,2800,2,26,6.0,1,01,2752.0,2800,7300,1,1,2,Musicians and Singers
2021HU0566572,02,03400,48,1193241,5,35,6,5,21,1000,1,0,40,6,3.0,2,01,2700.0,1000,1000,2,2,1,Actors
2021HU0567738,02,04604,48,1193241,12,47,1,1,21,0,1,489000,60,52,1.0,1,01,2850.0,489000,489000,1,2,1,Writers and Authors
2021HU0568481,02,02506,48,1193241,22,26,2,1,20,3000,1,50000,40,52,1.0,1,01,2710.0,53000,53000,1,2,1,Producers and Directors
2021HU0568706,03,02301,48,1193241,40,35,6,3,20,0,1,0,,,6.0,2,01,2905.0,0,0,2,2,9,"Other Media and Communication Equipment Workers (broadcast/sound/AV/lighting techs, combined - PUMS does not separately identify 'sound engineering technician')"
2021HU0569194,01,02005,48,1193241,12,39,6,5,16,3000,1,0,10,4,1.0,1,01,2752.0,3000,11100,1,2,1,Musicians and Singers
2021HU0570048,01,01903,48,1193241,12,36,4,1,21,0,1,23000,35,52,1.0,1,02,2850.0,23000,23000,1,2,9,Writers and Authors
2021HU0574586,01,05100,48,1193241,26,54,1,1,21,0,1,1000,24,10,1.0,1,01,2700.0,1000,56000,1,2,1,Actors
2021HU0575660,02,00600,48,1193241,5,77,1,1,21,0,1,0,,,6.0,1,01,2634.0,0,13800,2,1,1,Graphic Designers
2021HU0580139,01,02310,48,1193241,42,49,1,3,21,0,2,50000,40,52,1.0,1,01,2634.0,50000,53000,1,2,1,Graphic Designers
2021HU0582175,01,00700,48,1193241,10,25,1,5,21,0,2,7000,45,20,1.0,1,01,2710.0,7000,7000,1,2,9,Producers and Directors
2021HU0583137,01,05902,48,1193241,18,66,1,1,21,0,1,77000,40,52,1.0,1,02,2910.0,77000,77000,1,2,9,Photographers
2021HU0584620,01,02510,48,1193241,12,33,1,1,20,0,1,39000,40,52,1.0,1,02,2634.0,39000,39000,1,2,8,Graphic Designers
2021HU0586083,03,02006,48,1193241,5,30,6,5,20,20000,2,0,30,52,1.0,1,01,2910.0,20000,20000,1,2,1,Photographers
2021HU0587053,02,02306,48,1193241,8,59,1,1,16,6000,1,80000,50,40,3.0,1,01,2710.0,86000,86000,1,2,1,Producers and Directors
2021HU0587375,01,02700,48,1193241,32,40,1,5,21,0,1,43000,40,52,1.0,1,02,2634.0,43000,43000,2,1,1,Graphic Designers
2021HU0588387,03,00501,48,1193241,10,23,6,5,19,1500,1,0,4,8,1.0,1,01,2752.0,1500,1500,1,2,2,Musicians and Singers
2021HU0589140,02,02508,48,1193241,25,67,2,3,21,7000,2,13300,3,52,1.0,1,01,2752.0,20300,20300,2,1,1,Musicians and Singers
2021HU0591730,02,04801,48,1193241,24,42,2,1,16,0,1,45000,15,52,1.0,1,01,2752.0,45000,45000,1,2,2,Musicians and Singers
2021HU0596162,03,02315,48,1193241,36,17,2,5,13,0,2,0,,,6.0,1,01,2752.0,0,1400,2,1,2,Musicians and Singers
2021HU0596424,01,04621,48,1193241,31,59,2,1,22,-8400,1,54000,40,52,1.0,1,01,2751.0,45600,48600,1,2,1,Music Directors and Composers
2021HU0596658,01,02313,48,1193241,26,61,1,1,18,0,1,2800,7,52,2.0,2,01,2710.0,2800,15800,2,2,1,Producers and Directors
2021HU0598449,02,02004,48,1193241,12,70,2,1,21,0,2,0,,,6.0,1,01,2850.0,0,1000,2,1,1,Writers and Authors
2021HU0599187,02,03306,48,1193241,20,31,1,1,22,0,2,44000,40,52,1.0,1,01,2634.0,44000,44000,1,2,1,Graphic Designers
2021HU0599518,01,02400,48,1193241,2,31,1,1,22,0,2,10000,45,52,1.0,1,01,2850.0,10000,10000,1,2,1,Writers and Authors
2021HU0601355,01,05904,48,1193241,19,56,1,3,21,0,1,100000,40,52,1.0,1,02,2751.0,100000,109600,1,1,9,Music Directors and Composers
2021HU0602283,02,02306,48,1193241,18,27,2,5,21,0,1,30000,40,52,6.0,1,01,2752.0,30000,30000,1,2,1,Musicians and Singers
2021HU0605177,02,02515,48,1193241,13,21,6,5,21,0,1,0,,,6.0,1,01,2752.0,0,0,1,2,1,Musicians and Singers
2021HU0606316,01,02700,48,1193241,2,56,1,3,19,0,1,12100,40,15,1.0,2,01,2905.0,12100,16100,2,2,1,"Other Media and Communication Equipment Workers (broadcast/sound/AV/lighting techs, combined - PUMS does not separately identify 'sound engineering technician')"
2021HU0607648,02,01902,48,1193241,23,38,1,1,22,0,2,30000,40,52,1.0,1,01,2910.0,30000,30000,1,2,6,Photographers
2021HU0612121,01,04634,48,1193241,37,46,3,5,21,0,1,66000,48,52,1.0,1,01,2710.0,66000,66000,1,2,2,Producers and Directors
2021HU0612447,02,01903,48,1193241,16,73,6,1,19,-8400,1,3000,2,52,1.0,1,01,2752.0,-5400,16200,1,1,1,Musicians and Singers
2021HU0612690,01,01905,48,1193241,24,25,6,1,19,10000,2,0,40,36,1.0,1,01,2910.0,10000,10000,1,2,1,Photographers
2021HU0613623,02,03309,48,1193241,19,20,4,5,20,0,1,1300,8,12,6.0,2,02,2700.0,1300,1300,2,2,9,Actors
2021HU0614317,01,02312,48,1193241,37,45,1,5,21,0,1,72000,50,52,1.0,1,19,2710.0,72000,72000,1,2,9,Producers and Directors
2021HU0614488,01,03802,48,1193241,50,54,2,1,22,0,1,42000,40,52,1.0,1,01,2905.0,42000,42000,1,2,6,"Other Media and Communication Equipment Workers (broadcast/sound/AV/lighting techs, combined - PUMS does not separately identify 'sound engineering technician')"
2021HU0617500,01,04635,48,1193241,20,54,1,1,19,0,2,94000,40,52,1.0,1,02,2634.0,94000,94000,1,2,9,Graphic Designers
2021HU0617533,01,02313,48,1193241,19,25,1,5,22,0,2,70000,70,52,1.0,1,01,2850.0,70000,70000,1,2,1,Writers and Authors
2021HU0623252,01,02503,48,1193241,14,54,1,1,22,0,1,50000,80,52,1.0,2,24,2752.0,50000,50700,2,2,9,Musicians and Singers
2021HU0623939,02,02102,48,1193241,22,34,1,1,16,0,1,0,,,6.0,2,01,2634.0,0,0,2,2,2,Graphic Designers
2021HU0624490,02,06803,48,1193241,55,67,6,1,16,15000,1,0,40,52,1.0,1,02,2910.0,15000,22200,2,1,9,Photographers
2021HU0624968,01,05302,48,1193241,4,38,6,1,20,0,2,0,,,6.0,1,01,2752.0,0,0,1,2,9,Musicians and Singers
2021HU0628641,02,01903,48,1193241,14,46,6,1,21,23500,1,0,50,52,1.0,1,23,2910.0,23500,45504,1,2,9,Photographers
2021HU0629834,01,06703,48,1193241,15,42,6,1,17,0,1,0,,,3.0,1,02,2752.0,0,34700,2,1,9,Musicians and Singers
2021HU0633128,02,03502,48,1193241,17,41,1,1,20,0,1,0,,,6.0,1,01,2634.0,0,0,1,2,1,Graphic Designers
2021HU0633267,01,02305,48,1193241,22,40,2,5,23,0,2,0,,,3.0,2,01,2752.0,0,30000,2,2,2,Musicians and Singers
2021HU0634808,02,05306,48,1193241,22,44,7,1,21,0,2,0,,,6.0,1,01,2850.0,0,0,1,2,1,Writers and Authors
2021HU0636017,01,05901,48,1193241,10,36,2,1,22,500,2,35000,25,52,1.0,1,01,2752.0,35500,45500,1,2,1,Musicians and Singers
2021HU0636310,02,04000,48,1193241,22,38,6,1,21,0,2,0,,,3.0,1,01,2910.0,0,20000,1,2,1,Photographers
2021HU0637241,03,05906,48,1193241,9,22,1,5,19,0,1,1600,6,20,1.0,1,02,2752.0,1600,1600,1,2,8,Musicians and Singers
2021HU0637479,01,05301,48,1193241,42,63,6,1,21,25000,1,0,35,52,1.0,1,01,2634.0,25000,40300,1,2,1,Graphic Designers
2021HU0639964,03,05912,48,1193241,16,35,1,1,21,0,1,0,,,3.0,1,02,2905.0,0,13700,1,2,1,"Other Media and Communication Equipment Workers (broadcast/sound/AV/lighting techs, combined - PUMS does not separately identify 'sound engineering technician')"
2021HU0639964,04,05912,48,1193241,13,45,1,1,21,0,1,0,,,3.0,1,01,2700.0,0,75000,1,2,1,Actors
2021HU0641407,01,02306,48,1193241,6,39,1,1,17,0,1,33000,40,52,1.0,2,02,2634.0,33000,33000,2,2,9,Graphic Designers
2021HU0642583,02,01100,48,1193241,7,36,6,1,16,17000,1,0,40,52,1.0,1,01,2752.0,17000,17000,2,1,1,Musicians and Singers
2021HU0642882,01,03100,48,1193241,27,62,1,3,14,0,1,88000,40,52,1.0,1,01,2905.0,88000,88100,1,2,1,"Other Media and Communication Equipment Workers (broadcast/sound/AV/lighting techs, combined - PUMS does not separately identify 'sound engineering technician')"
2021HU0643830,01,02513,48,1193241,8,69,6,1,22,0,1,0,,,6.0,1,01,2850.0,0,135000,1,1,1,Writers and Authors
2021HU0644598,03,02001,48,1193241,36,18,1,5,16,0,2,500,14,4,6.0,1,01,2700.0,500,500,1,2,1,Actors
2021HU0648201,03,02506,48,1193241,13,29,6,5,20,0,2,0,,,3.0,1,01,2740.0,0,2000,1,2,1,Dancers and Choreographers
2021HU0649557,02,02509,48,1193241,31,56,1,1,19,0,1,41000,40,4,1.0,1,01,2905.0,41000,121000,1,2,1,"Other Media and Communication Equipment Workers (broadcast/sound/AV/lighting techs, combined - PUMS does not separately identify 'sound engineering technician')"
2021HU0652691,02,02514,48,1193241,20,39,6,1,21,25000,2,0,15,52,1.0,1,01,2910.0,25000,25000,1,2,1,Photographers
2021HU0652805,03,06701,48,1193241,47,26,1,1,21,0,2,44000,42,52,1.0,1,01,2634.0,44000,44020,1,2,1,Graphic Designers
2021HU0654399,03,02501,48,1193241,18,19,1,5,19,0,1,5000,28,20,6.0,1,01,2634.0,5000,5030,1,2,1,Graphic Designers
2021HU0655856,03,01907,48,1193241,16,22,2,5,21,0,2,2500,40,4,1.0,1,01,2634.0,2500,2500,1,2,9,Graphic Designers
2021HU0656500,01,07402,48,1193241,23,37,4,3,22,0,1,23000,35,52,1.0,1,03,2850.0,23000,23000,1,2,9,Writers and Authors
2021HU0658436,01,03900,48,1193241,7,71,6,5,21,82000,1,0,48,52,1.0,1,01,2910.0,82000,89200,1,1,1,Photographers
2021HU0660150,01,03400,48,1193241,21,77,6,2,22,30,2,0,12,16,1.0,1,01,2850.0,30,35130,1,1,1,Writers and Authors
2021HU0664354,02,05911,48,1193241,7,52,6,1,16,-8400,2,0,35,40,1.0,1,01,2910.0,-8400,304600,1,2,1,Photographers
2021HU0664384,01,05307,48,1193241,10,51,7,5,21,10000,1,50000,60,52,1.0,1,01,2850.0,60000,60000,1,2,1,Writers and Authors
2021HU0667891,02,06807,48,1193241,8,31,6,1,20,18000,1,0,25,30,1.0,2,02,2710.0,18000,18000,2,2,8,Producers and Directors
2021HU0668387,04,05201,48,1193241,14,29,1,5,19,0,1,27000,40,52,1.0,1,01,2905.0,27000,27000,1,2,9,"Other Media and Communication Equipment Workers (broadcast/sound/AV/lighting techs, combined - PUMS does not separately identify 'sound engineering technician')"
2021HU0671060,01,05306,48,1193241,13,58,6,3,21,3300,2,0,10,10,6.0,1,01,2850.0,3300,45700,1,2,1,Writers and Authors
2021HU0672466,01,02400,48,1193241,15,39,6,1,17,1000,2,0,20,52,1.0,1,01,2634.0,1000,1000,1,2,1,Graphic Designers
2021HU0674440,01,05307,48,1193241,16,56,6,1,19,0,1,0,,,6.0,1,01,2752.0,0,530,1,2,1,Musicians and Singers
2021HU0674748,01,02001,48,1193241,9,59,1,4,21,3000,2,24000,40,52,1.0,1,01,2634.0,27000,27000,1,2,1,Graphic Designers
2021HU0680666,02,01909,48,1193241,33,31,2,1,21,0,1,60000,40,52,1.0,1,01,2751.0,60000,60000,1,2,1,Music Directors and Composers
2021HU0682307,03,02507,48,1193241,13,30,1,4,21,0,1,31500,40,35,1.0,1,01,2634.0,31500,31500,1,2,1,Graphic Designers
2021HU0685099,05,00600,48,1193241,20,55,7,5,19,0,1,0,,,6.0,1,01,2752.0,0,0,1,2,1,Musicians and Singers
2021HU0687366,01,05306,48,1193241,31,29,6,5,21,40000,2,0,40,52,1.0,1,02,2634.0,40000,56000,1,2,1,Graphic Designers
2021HU0688522,01,02516,48,1193241,4,49,6,1,21,3000,1,0,8,20,1.0,1,01,2752.0,3000,3000,1,2,1,Musicians and Singers
2021HU0688774,01,03306,48,1193241,16,54,4,1,24,4000,1,148000,40,52,1.0,1,15,2710.0,152000,152000,1,2,1,Producers and Directors
2021HU0688774,02,03306,48,1193241,18,46,4,1,24,0,2,98000,40,52,1.0,1,15,2710.0,98000,98000,1,2,9,Producers and Directors
2021HU0689546,01,02004,48,1193241,46,30,6,1,22,45000,1,0,30,52,1.0,1,01,2752.0,45000,45000,1,2,9,Musicians and Singers
2021HU0691111,04,04907,48,1193241,68,18,6,5,16,7000,2,1000,3,1,1.0,1,24,2910.0,8000,9700,1,2,1,Photographers
2021HU0691519,02,02501,48,1193241,33,64,6,1,19,100000,2,0,4,10,6.0,1,01,2752.0,100000,150000,1,2,1,Musicians and Singers
2021HU0691889,01,00300,48,1193241,6,25,6,1,20,38000,2,0,30,52,1.0,2,01,2910.0,38000,38000,2,2,1,Photographers
2021HU0692040,02,02309,48,1193241,38,25,6,5,16,36000,1,0,55,52,1.0,2,02,2910.0,36000,36000,2,2,9,Photographers
2021HU0693157,01,07600,48,1193241,8,34,6,5,21,24000,2,0,30,52,3.0,1,02,2634.0,24000,30000,2,1,9,Graphic Designers
2021HU0694461,02,00501,48,1193241,15,40,1,1,21,0,2,35000,30,52,1.0,1,01,2910.0,35000,35000,1,2,1,Photographers
2021HU0696529,01,02004,48,1193241,40,43,1,1,24,0,2,208000,40,52,1.0,1,01,2850.0,208000,208000,1,2,1,Writers and Authors
2021HU0699212,01,01901,48,1193241,16,44,1,1,21,0,1,148000,50,52,1.0,1,01,2905.0,148000,148000,1,2,1,"Other Media and Communication Equipment Workers (broadcast/sound/AV/lighting techs, combined - PUMS does not separately identify 'sound engineering technician')"
2021HU0699957,01,04603,48,1193241,13,48,1,1,21,0,2,0,,,3.0,1,01,2634.0,0,250,1,2,6,Graphic Designers
2021HU0705579,02,05306,48,1193241,48,28,1,5,20,0,2,28000,40,52,1.0,1,01,2634.0,28000,28000,1,2,1,Graphic Designers
2021HU0705714,02,02002,48,1193241,38,33,1,5,16,0,2,0,,,6.0,1,02,2905.0,0,8000,2,1,9,"Other Media and Communication Equipment Workers (broadcast/sound/AV/lighting techs, combined - PUMS does not separately identify 'sound engineering technician')"
2021HU0707968,02,02515,48,1193241,8,29,1,1,21,0,2,35000,40,52,1.0,1,01,2634.0,35000,35000,1,2,1,Graphic Designers
2021HU0709100,02,05913,48,1193241,14,34,1,5,18,0,1,45000,45,52,1.0,1,10,2905.0,45000,45000,1,2,1,"Other Media and Communication Equipment Workers (broadcast/sound/AV/lighting techs, combined - PUMS does not separately identify 'sound engineering technician')"
2021HU0710592,02,01300,48,1193241,11,62,1,1,17,0,2,8000,40,48,1.0,1,01,2700.0,8000,11000,1,2,1,Actors
2021HU0710602,02,05700,48,1193241,17,69,1,1,18,0,1,30000,40,52,1.0,1,01,2910.0,30000,60000,1,1,1,Photographers
2021HU0710636,02,01700,48,1193241,45,23,2,5,21,0,1,0,,,6.0,1,01,2752.0,0,0,2,1,1,Musicians and Singers
2021HU0711811,01,02700,48,1193241,55,33,1,5,19,0,1,48000,40,52,1.0,2,01,2634.0,48000,48000,2,2,1,Graphic Designers
2021HU0712924,01,03802,48,1193241,3,50,1,1,21,0,2,41000,90,52,1.0,1,01,2634.0,41000,41000,1,2,1,Graphic Designers
2021HU0713259,01,03502,48,1193241,11,30,1,1,21,0,2,40000,40,52,1.0,1,01,2634.0,40000,40000,1,2,1,Graphic Designers
2021HU0713420,06,05800,48,1193241,19,27,6,5,21,70000,2,0,30,52,1.0,1,01,2910.0,70000,70000,1,2,1,Photographers
2021HU0716038,03,02001,48,1193241,5,29,1,5,21,0,2,62000,40,52,1.0,1,01,2634.0,62000,62000,1,2,9,Graphic Designers
2021HU0716484,02,07700,48,1193241,53,34,1,1,17,0,2,4500,20,52,1.0,1,01,2850.0,4500,4500,2,1,1,Writers and Authors
2021HU0716484,05,07700,48,1193241,52,64,1,3,15,0,2,12000,20,52,1.0,1,01,2850.0,12000,12000,2,1,1,Writers and Authors
2021HU0716484,06,07700,48,1193241,49,31,1,3,17,0,1,10000,25,52,1.0,1,01,2850.0,10000,10000,2,1,1,Writers and Authors
2021HU0716484,09,07700,48,1193241,74,25,1,1,17,0,2,40000,30,52,1.0,1,01,2850.0,40000,40000,2,1,1,Writers and Authors
2021HU0716484,10,07700,48,1193241,43,22,1,5,17,0,1,12000,20,52,1.0,1,01,2850.0,12000,12000,2,1,1,Writers and Authors
2021HU0719697,01,02006,48,1193241,52,44,1,3,24,0,2,208000,45,52,1.0,1,01,2850.0,208000,208000,1,2,9,Writers and Authors
2021HU0720067,01,05305,48,1193241,6,42,7,5,19,60000,1,75000,40,52,1.0,1,01,2752.0,135000,185000,1,2,1,Musicians and Singers
2021HU0720710,01,04604,48,1193241,14,35,1,5,21,0,2,20000,40,48,1.0,2,01,2850.0,20000,20000,2,2,1,Writers and Authors
2021HU0721754,03,02600,48,1193241,8,26,6,5,21,70000,2,0,80,52,1.0,2,01,2910.0,70000,70000,2,2,1,Photographers
2021HU0726663,04,02301,48,1193241,17,30,6,1,21,4000,1,0,20,49,1.0,1,01,2905.0,4000,4000,1,2,9,"Other Media and Communication Equipment Workers (broadcast/sound/AV/lighting techs, combined - PUMS does not separately identify 'sound engineering technician')"
2021HU0728137,01,07401,48,1193241,21,30,4,1,22,0,2,45300,40,52,1.0,1,01,2850.0,45300,45300,1,2,9,Writers and Authors
2021HU0728797,01,04604,48,1193241,11,31,1,1,21,0,2,50000,40,52,1.0,1,01,2634.0,50000,50000,1,2,1,Graphic Designers
2021HU0729162,01,01903,48,1193241,12,30,2,1,22,0,2,0,,,6.0,1,01,2752.0,0,0,1,2,1,Musicians and Singers
2021HU0730824,01,05910,48,1193241,9,61,4,2,18,0,2,71000,40,52,1.0,1,01,2710.0,71000,79500,1,1,2,Producers and Directors
2021HU0730911,03,03802,48,1193241,5,56,8,3,16,0,1,0,,,6.0,1,01,2752.0,0,24000,1,1,1,Musicians and Singers
2021HU0730918,01,02308,48,1193241,13,41,1,1,21,1000,2,120000,45,52,1.0,1,01,2850.0,121000,121000,1,2,1,Writers and Authors
2021HU0731995,02,05306,48,1193241,10,53,4,1,21,0,2,40000,20,32,1.0,1,01,2634.0,40000,40000,1,2,1,Graphic Designers
2021HU0732750,01,02306,48,1193241,9,70,6,1,20,0,1,0,,,6.0,1,01,2910.0,0,17400,1,1,1,Photographers
2021HU0733190,01,02516,48,1193241,13,25,6,5,21,70000,2,0,40,52,1.0,1,01,2634.0,70000,70000,1,2,1,Graphic Designers
2021HU0733200,01,02101,48,1193241,19,40,2,1,24,6000,1,100000,40,52,1.0,1,01,2710.0,106000,106000,1,2,1,Producers and Directors
2021HU0734983,01,02006,48,1193241,7,31,5,5,22,0,1,70000,50,52,1.0,1,01,2850.0,70000,70000,1,2,1,Writers and Authors
2021HU0740075,01,02513,48,1193241,25,20,1,5,16,0,2,700,4,20,1.0,1,01,2752.0,700,700,1,2,1,Musicians and Singers
2021HU0740106,02,04200,48,1193241,31,55,6,5,16,355000,1,0,40,52,1.0,2,01,2752.0,355000,355000,2,2,1,Musicians and Singers
2021HU0740302,02,04612,48,1193241,8,36,1,5,21,0,1,63000,40,52,1.0,1,01,2634.0,63000,63000,1,2,1,Graphic Designers
2021HU0741440,01,04628,48,1193241,12,30,1,1,20,0,1,47000,55,52,1.0,1,02,2634.0,47000,47000,1,2,9,Graphic Designers
2021HU0742157,01,05915,48,1193241,21,45,1,1,20,0,1,150000,40,52,1.0,1,02,2710.0,150000,150000,1,2,9,Producers and Directors
2021HU0742329,04,05913,48,1193241,18,31,1,5,21,0,2,150,20,3,6.0,2,02,2634.0,150,150,2,2,8,Graphic Designers
2021HU0742351,01,02313,48,1193241,16,39,1,5,20,0,2,48500,40,52,1.0,1,01,2850.0,48500,48500,1,2,1,Writers and Authors
2021HU0742520,02,04616,48,1193241,15,66,6,1,22,2000,1,0,2,2,1.0,1,01,2752.0,2000,19600,1,1,1,Musicians and Singers
2021HU0744019,01,05309,48,1193241,45,42,1,5,21,20000,1,100000,50,52,1.0,2,01,2850.0,120000,120000,2,2,2,Writers and Authors
2021HU0744892,01,05500,48,1193241,4,61,1,1,22,0,1,3100,8,8,6.0,1,01,2700.0,3100,3100,1,1,1,Actors
2021HU0744892,02,05500,48,1193241,3,56,1,1,19,0,2,960,4,8,6.0,1,01,2700.0,960,960,1,2,1,Actors
2021HU0745752,01,04702,48,1193241,4,66,7,3,19,0,1,30000,50,52,1.0,1,01,2850.0,30000,30000,2,1,1,Writers and Authors
2021HU0745769,01,02313,48,1193241,9,42,1,3,22,0,2,270,32,1,1.0,1,01,2850.0,270,15270,1,2,1,Writers and Authors
2021HU0749196,01,05800,48,1193241,14,76,7,1,22,0,1,0,,,6.0,1,01,2751.0,0,319600,1,1,1,Music Directors and Composers
2021HU0749982,01,04609,48,1193241,13,52,6,2,22,70000,1,0,40,32,1.0,1,10,2752.0,70000,70000,1,2,2,Musicians and Singers
2021HU0751808,02,02002,48,1193241,19,31,2,1,18,0,2,3000,4,12,1.0,1,11,2752.0,3000,3000,1,2,8,Musicians and Singers
2021HU0752084,02,05301,48,1193241,51,62,7,1,16,55000,1,600,15,52,1.0,1,02,2751.0,55600,55600,1,2,9,Music Directors and Composers
2021HU0753043,01,02311,48,1193241,9,29,7,1,21,0,2,0,,,6.0,1,01,2910.0,0,0,1,2,1,Photographers
2021HU0754339,02,04504,48,1193241,17,47,7,3,21,0,1,10000,5,20,3.0,2,01,2910.0,10000,10000,2,2,1,Photographers
2021HU0756344,01,05307,48,1193241,18,64,1,1,22,0,1,36000,60,17,1.0,1,01,2710.0,36000,56000,1,1,1,Producers and Directors
2021HU0757295,01,02311,48,1193241,7,42,1,1,21,0,1,99000,50,52,1.0,1,01,2634.0,99000,99000,1,2,1,Graphic Designers
2021HU0757295,02,02311,48,1193241,6,42,1,1,21,0,2,89000,50,52,1.0,1,01,2634.0,89000,89000,1,2,1,Graphic Designers
2021HU0758976,01,02514,48,1193241,15,67,6,3,19,0,1,0,,,6.0,1,01,2634.0,0,32100,2,1,1,Graphic Designers
2021HU0759364,02,02317,48,1193241,79,25,2,5,21,0,2,10000,30,15,1.0,1,01,2910.0,10000,10000,1,2,2,Photographers
2021HU0759446,01,02315,48,1193241,23,40,6,1,19,45700,1,0,60,40,1.0,1,01,2752.0,45700,45700,1,2,1,Musicians and Singers
2021HU0759668,05,05204,48,1193241,11,29,1,5,22,0,1,50000,40,48,1.0,2,01,2710.0,50000,50000,2,2,1,Producers and Directors
2021HU0761519,02,05915,48,1193241,16,65,6,1,19,75000,1,3000,32,52,1.0,1,01,2905.0,78000,93000,2,1,1,"Other Media and Communication Equipment Workers (broadcast/sound/AV/lighting techs, combined - PUMS does not separately identify 'sound engineering technician')"
2021HU0762187,01,06805,48,1193241,44,32,1,1,22,0,2,0,,,6.0,2,23,2740.0,0,0,2,2,1,Dancers and Choreographers
2021HU0765862,01,02004,48,1193241,11,67,1,3,21,0,2,60000,44,52,1.0,1,01,2634.0,60000,60000,1,2,1,Graphic Designers
2021HU0766609,01,04612,48,1193241,11,61,2,5,20,0,1,6800,30,20,1.0,2,01,2700.0,6800,6800,2,2,1,Actors
2021HU0769065,01,04601,48,1193241,15,66,7,1,19,0,1,55000,12,15,6.0,1,01,2634.0,55000,85000,2,1,9,Graphic Designers
2021HU0770029,01,01907,48,1193241,16,27,1,5,22,0,1,12000,40,10,1.0,2,01,2752.0,12000,12000,2,2,1,Musicians and Singers
2021HU0770494,01,05306,48,1193241,24,34,1,5,22,0,1,50000,60,44,1.0,1,03,2710.0,50000,50000,1,2,1,Producers and Directors
2021HU0770696,01,02003,48,1193241,17,39,6,1,21,800,2,0,5,2,6.0,1,01,2910.0,800,800,1,2,1,Photographers
2021HU0771664,01,02004,48,1193241,4,58,1,1,21,0,1,44700,40,52,1.0,1,01,2634.0,44700,45000,1,2,6,Graphic Designers
2021HU0774618,01,02306,48,1193241,15,38,1,5,21,0,1,46900,50,30,1.0,2,11,2710.0,46900,46900,2,2,9,Producers and Directors
2021HU0775184,02,00900,48,1193241,16,47,6,1,22,15000,2,0,10,20,1.0,1,01,2700.0,15000,15000,1,2,1,Actors
2021HU0776118,01,04604,48,1193241,21,32,6,1,21,0,1,0,,,6.0,1,01,2850.0,0,8500,1,2,1,Writers and Authors
2021HU0776896,02,04604,48,1193241,30,41,1,1,23,0,2,25000,20,52,1.0,1,01,2634.0,25000,25000,1,2,1,Graphic Designers
2021HU0781160,02,04502,48,1193241,13,47,1,1,21,0,2,0,,,3.0,1,01,2634.0,0,0,1,2,6,Graphic Designers
2021HU0782421,02,02509,48,1193241,9,61,1,1,19,0,1,41000,40,4,1.0,1,01,2905.0,41000,121000,1,2,1,"Other Media and Communication Equipment Workers (broadcast/sound/AV/lighting techs, combined - PUMS does not separately identify 'sound engineering technician')"
2021HU0783331,01,02510,48,1193241,24,60,6,1,21,15000,1,15000,40,52,1.0,2,02,2850.0,30000,63000,2,2,1,Writers and Authors
2021HU0783743,03,03700,48,1193241,9,22,1,5,16,0,2,22000,40,52,1.0,2,01,2634.0,22000,22000,2,2,1,Graphic Designers
2021HU0783959,01,03400,48,1193241,14,64,6,3,18,4000,2,0,8,38,1.0,2,24,2752.0,4000,5400,2,2,1,Musicians and Singers
2021HU0785948,01,02313,48,1193241,21,30,6,5,22,30000,2,0,30,52,1.0,1,01,2752.0,30000,30000,1,2,1,Musicians and Singers
2021HU0787804,01,01100,48,1193241,8,33,6,1,19,12000,2,800,30,40,1.0,2,01,2910.0,12800,20400,2,2,1,Photographers
2021HU0787804,02,01100,48,1193241,6,35,1,1,21,0,2,46200,30,40,1.0,2,01,2910.0,46200,57600,2,2,9,Photographers
2021HU0788529,03,04502,48,1193241,21,25,2,5,20,0,2,0,,,6.0,1,01,2752.0,0,0,1,2,1,Musicians and Singers
2021HU0790965,01,04618,48,1193241,18,63,2,1,18,0,1,0,,,6.0,1,01,2752.0,0,520,2,1,2,Musicians and Singers
2021HU0791300,01,04612,48,1193241,25,42,1,1,21,0,1,120000,50,52,1.0,1,01,2634.0,120000,120000,1,2,1,Graphic Designers
2021HU0791756,03,05915,48,1193241,21,21,1,5,21,0,2,1500,8,12,3.0,1,01,2634.0,1500,1500,1,2,1,Graphic Designers
2021HU0794616,02,03100,48,1193241,63,27,6,5,16,36000,1,0,55,52,1.0,2,02,2910.0,36000,36000,2,2,9,Photographers
2021HU0794950,01,02307,48,1193241,10,57,2,1,22,4200,1,64000,40,52,1.0,1,01,2752.0,68200,69400,1,2,1,Musicians and Singers
2021HU0794950,02,02307,48,1193241,9,57,2,1,22,1000,2,94000,40,52,1.0,1,01,2751.0,95000,95000,1,2,1,Music Directors and Composers
2021HU0795120,01,03502,48,1193241,23,39,6,4,20,23000,1,0,40,20,3.0,1,01,2910.0,23000,29600,2,1,1,Photographers
2021HU0797672,01,02312,48,1193241,14,32,7,1,21,0,2,489000,40,52,1.0,1,01,2850.0,489000,489000,1,2,1,Writers and Authors
2021HU0798054,02,04633,48,1193241,19,42,1,1,21,0,1,110000,40,52,1.0,1,01,2710.0,110000,110000,1,2,1,Producers and Directors
2021HU0802495,02,01901,48,1193241,8,74,7,1,19,1100,1,5300,25,4,6.0,1,01,2752.0,6400,33000,1,1,1,Musicians and Singers
2021HU0803345,02,03801,48,1193241,18,45,1,5,16,0,2,10000,40,4,3.0,2,02,2910.0,10000,10000,2,2,9,Photographers
2021HU0803535,01,05907,48,1193241,19,44,1,1,16,640,2,15400,40,47,1.0,1,01,2910.0,16040,16040,1,2,1,Photographers
2021HU0805475,02,06000,48,1193241,8,77,5,3,01,0,2,0,,,6.0,1,01,2634.0,0,0,1,2,9,Graphic Designers
2021HU0807166,01,02322,48,1193241,10,82,6,2,19,12000,1,0,10,52,1.0,1,01,2700.0,12000,70000,2,1,1,Actors
2021HU0813493,02,02509,48,1193241,11,44,1,1,21,0,1,15000,45,12,1.0,1,01,2905.0,15000,42000,1,2,1,"Other Media and Communication Equipment Workers (broadcast/sound/AV/lighting techs, combined - PUMS does not separately identify 'sound engineering technician')"
2021HU0813789,03,02004,48,1193241,19,35,6,5,19,0,1,0,,,6.0,1,01,2905.0,0,0,2,1,1,"Other Media and Communication Equipment Workers (broadcast/sound/AV/lighting techs, combined - PUMS does not separately identify 'sound engineering technician')"
2021HU0815408,02,04501,48,1193241,40,38,6,1,21,50000,2,0,40,52,1.0,1,01,2910.0,50000,50000,1,2,1,Photographers
2021HU0816420,03,05800,48,1193241,29,29,1,5,21,0,2,50000,40,52,1.0,1,02,2634.0,50000,50000,1,2,9,Graphic Designers
2021HU0816809,02,05306,48,1193241,12,44,2,1,21,10000,1,160000,50,52,1.0,1,01,2634.0,170000,170000,1,2,1,Graphic Designers
2021HU0817233,01,04601,48,1193241,69,46,1,4,15,0,2,25000,40,52,1.0,1,01,2910.0,25000,25000,1,2,2,Photographers
2021HU0818305,03,03000,48,1193241,26,18,1,5,18,0,1,0,,,3.0,1,01,2905.0,0,500,1,2,1,"Other Media and Communication Equipment Workers (broadcast/sound/AV/lighting techs, combined - PUMS does not separately identify 'sound engineering technician')"
2021HU0819538,01,02310,48,1193241,29,24,1,1,19,0,2,4300,30,33,6.0,1,01,2850.0,4300,4300,1,2,1,Writers and Authors
2021HU0820146,02,04614,48,1193241,27,55,1,5,20,0,1,0,,,6.0,2,01,2905.0,0,0,2,2,1,"Other Media and Communication Equipment Workers (broadcast/sound/AV/lighting techs, combined - PUMS does not separately identify 'sound engineering technician')"
2021HU0828331,01,02309,48,1193241,29,54,6,1,19,10000,1,0,6,15,1.0,1,02,2910.0,10000,10000,1,2,8,Photographers
2021HU0828633,01,04613,48,1193241,18,49,2,1,22,0,2,5600,10,25,1.0,1,01,2850.0,5600,5600,1,2,1,Writers and Authors
2021HU0830090,01,02320,48,1193241,17,29,2,1,22,0,2,70000,40,52,1.0,1,01,2751.0,70000,70000,1,2,6,Music Directors and Composers
2021HU0833002,01,05304,48,1193241,40,67,1,5,16,0,1,0,,,6.0,1,01,2634.0,0,8900,2,1,1,Graphic Designers
2021HU0833797,02,05911,48,1193241,12,42,7,1,21,0,1,489000,40,52,1.0,1,01,2910.0,489000,489000,1,2,9,Photographers
2021HU0834523,01,03502,48,1193241,2,33,1,1,21,0,2,2400,3,48,1.0,1,01,2850.0,2400,2400,1,1,9,Writers and Authors
2021HU0835258,02,00300,48,1193241,7,31,1,1,20,0,1,49000,40,52,1.0,2,01,2634.0,49000,49000,2,2,1,Graphic Designers
2021HU0835277,01,05203,48,1193241,16,54,2,1,21,0,2,0,,,6.0,1,01,2700.0,0,0,1,2,9,Actors
2021HU0835419,03,02006,48,1193241,22,30,2,5,21,0,1,15000,38,52,1.0,1,02,2905.0,15000,17000,1,2,9,"Other Media and Communication Equipment Workers (broadcast/sound/AV/lighting techs, combined - PUMS does not separately identify 'sound engineering technician')"
2021HU0835778,01,02314,48,1193241,34,46,6,5,19,24000,1,0,50,52,1.0,1,02,2710.0,24000,24000,1,1,9,Producers and Directors
2021HU0838850,02,05305,48,1193241,17,32,1,5,21,0,1,37000,40,52,1.0,1,01,2634.0,37000,37000,1,2,1,Graphic Designers
2021HU0838869,02,01904,48,1193241,35,27,6,5,18,20000,2,0,30,52,1.0,2,01,2910.0,20000,20000,2,2,1,Photographers
2021HU0842647,01,04609,48,1193241,9,36,6,5,19,8000,1,0,98,5,3.0,2,01,2910.0,8000,28000,2,2,1,Photographers
2021HU0843454,01,05201,48,1193241,11,34,1,1,19,15000,2,1000,25,52,1.0,1,01,2850.0,16000,16000,1,2,2,Writers and Authors
2021HU0843706,01,04615,48,1193241,15,59,6,5,21,1500,1,0,40,2,6.0,2,01,2905.0,1500,1500,2,2,1,"Other Media and Communication Equipment Workers (broadcast/sound/AV/lighting techs, combined - PUMS does not separately identify 'sound engineering technician')"
2021HU0847482,01,04627,48,1193241,129,27,6,1,21,30000,1,0,40,52,1.0,1,01,2910.0,30000,30000,1,2,2,Photographers
2021HU0847554,01,05914,48,1193241,25,42,6,1,19,12000,1,12000,40,52,1.0,1,01,2910.0,24000,78000,1,2,1,Photographers
2021HU0847663,01,02002,48,1193241,14,62,1,5,21,0,1,0,,,6.0,1,01,2850.0,0,40000,1,2,1,Writers and Authors
2021HU0848886,02,05915,48,1193241,15,30,6,5,19,23000,2,0,40,24,2.0,1,01,2905.0,23000,26000,1,2,1,"Other Media and Communication Equipment Workers (broadcast/sound/AV/lighting techs, combined - PUMS does not separately identify 'sound engineering technician')"
2021HU0851340,02,02600,48,1193241,14,60,1,1,21,0,1,20000,50,17,3.0,1,01,2910.0,20000,65000,1,2,1,Photographers
2021HU0852405,01,05304,48,1193241,52,23,2,5,21,0,2,19000,40,52,1.0,1,01,2710.0,19000,19000,1,2,6,Producers and Directors
2021HU0855765,01,02514,48,1193241,10,33,6,5,19,50000,2,0,40,52,1.0,1,01,2910.0,50000,50000,1,2,1,Photographers
2021HU0856094,01,06805,48,1193241,19,46,6,3,16,12000,2,0,25,20,1.0,2,02,2740.0,12000,12000,2,2,8,Dancers and Choreographers
2021HU0856466,02,04614,48,1193241,10,67,6,1,21,2000,1,0,2,2,1.0,1,01,2752.0,2000,19600,2,1,1,Musicians and Singers
2021HU0857206,01,02511,48,1193241,10,48,1,1,21,0,2,66000,40,52,1.0,2,01,2910.0,66000,74000,2,2,1,Photographers
2021HU0858663,02,00100,48,1193241,2,63,6,1,19,0,2,0,,,6.0,1,01,2910.0,0,4000,1,2,1,Photographers
2021HU0860047,02,07200,48,1193241,7,71,2,1,21,0,2,13000,20,52,1.0,1,01,2751.0,13000,14000,1,2,1,Music Directors and Composers
2021HU0860843,01,02306,48,1193241,17,53,1,3,22,0,2,0,,,6.0,1,01,2850.0,0,48000,1,2,1,Writers and Authors
2021HU0865122,01,04612,48,1193241,2,68,6,1,21,3000,1,0,23,1,6.0,1,01,2910.0,3000,27000,2,1,1,Photographers
2021HU0865420,02,05204,48,1193241,13,56,6,1,22,40000,2,0,40,48,1.0,1,01,2634.0,40000,40000,1,2,1,Graphic Designers
2021HU0866488,01,05201,48,1193241,34,28,1,1,21,0,2,7000,10,44,1.0,1,02,2850.0,7000,7000,1,2,9,Writers and Authors
2021HU0868542,02,03000,48,1193241,21,24,1,5,16,0,1,12000,40,52,1.0,1,01,2905.0,12000,12000,1,1,1,"Other Media and Communication Equipment Workers (broadcast/sound/AV/lighting techs, combined - PUMS does not separately identify 'sound engineering technician')"
2021HU0868720,01,01907,48,1193241,21,31,2,1,22,0,2,0,,,6.0,1,01,2710.0,0,0,1,2,1,Producers and Directors
2021HU0869088,01,05909,48,1193241,46,31,6,5,20,16000,1,0,40,52,1.0,1,02,2905.0,16000,16000,1,2,9,"Other Media and Communication Equipment Workers (broadcast/sound/AV/lighting techs, combined - PUMS does not separately identify 'sound engineering technician')"
2021HU0870749,01,04629,48,1193241,17,30,5,1,21,0,2,75000,40,52,1.0,1,01,2634.0,75000,75000,1,2,1,Graphic Designers
2021HU0870945,03,00400,48,1193241,14,38,2,5,21,0,1,76000,40,52,1.0,1,02,2910.0,76000,76000,1,2,9,Photographers
2021HU0872514,02,04634,48,1193241,45,52,7,1,06,0,2,0,,,3.0,2,07,2910.0,0,0,2,2,8,Photographers
2021HU0874153,01,06000,48,1193241,19,52,1,5,21,0,2,700,20,10,6.0,1,01,2850.0,700,20700,1,2,1,Writers and Authors
2021HU0875988,01,02200,48,1193241,16,57,2,3,18,0,1,10000,40,2,1.0,2,01,2752.0,10000,10000,2,2,1,Musicians and Singers
2021HU0877774,02,01800,48,1193241,2,52,1,1,16,0,1,70000,40,52,1.0,1,02,2905.0,70000,70000,1,2,1,"Other Media and Communication Equipment Workers (broadcast/sound/AV/lighting techs, combined - PUMS does not separately identify 'sound engineering technician')"
2021HU0880502,03,04610,48,1193241,22,19,1,5,19,0,2,30000,32,52,1.0,1,01,2752.0,30000,38000,1,2,1,Musicians and Singers
2021HU0881981,02,02004,48,1193241,22,24,6,5,19,0,2,0,,,3.0,1,01,2910.0,0,3500,2,1,1,Photographers
2021HU0882726,01,02507,48,1193241,14,25,3,5,20,0,2,37400,40,52,1.0,1,01,2634.0,37400,37400,1,2,9,Graphic Designers
2021HU0883503,02,02900,48,1193241,18,29,2,1,21,0,2,35000,40,52,1.0,1,02,2634.0,35000,35000,1,2,9,Graphic Designers
2021HU0885969,02,02502,48,1193241,13,38,1,1,21,0,1,36000,50,52,1.0,1,01,2634.0,36000,36000,1,2,1,Graphic Designers
2021HU0886371,02,02320,48,1193241,17,58,1,1,21,0,1,65000,40,52,1.0,1,01,2634.0,65000,65000,1,2,1,Graphic Designers
2021HU0889713,01,02003,48,1193241,11,56,1,1,19,0,1,35400,40,24,1.0,1,01,2634.0,35400,48200,1,1,1,Graphic Designers
2021HU0892379,02,04607,48,1193241,14,41,6,5,16,25000,1,0,20,40,1.0,2,01,2752.0,25000,25000,2,2,2,Musicians and Singers
2021HU0894750,01,02317,48,1193241,49,40,6,5,20,53000,2,0,40,52,1.0,1,03,2740.0,53000,53000,1,2,2,Dancers and Choreographers
2021HU0895874,01,02312,48,1193241,18,63,1,2,21,0,1,0,,,6.0,1,01,2634.0,0,33500,1,2,1,Graphic Designers
2021HU0898507,01,03502,48,1193241,18,26,1,5,21,0,1,45000,55,52,1.0,1,01,2850.0,45000,45000,1,2,1,Writers and Authors
2021HU0900011,03,02311,48,1193241,19,33,1,5,16,0,1,0,,,6.0,2,02,2634.0,0,2400,2,2,8,Graphic Designers
2021HU0900800,02,04615,48,1193241,21,30,7,1,21,0,2,50000,40,52,1.0,1,01,2910.0,50000,50000,1,2,1,Photographers
2021HU0904409,01,05903,48,1193241,28,67,1,1,20,0,1,26000,30,4,6.0,1,01,2634.0,26000,26000,1,1,2,Graphic Designers
2021HU0904768,02,05916,48,1193241,40,28,1,5,18,0,1,37000,45,40,1.0,1,01,2634.0,37000,37000,1,2,1,Graphic Designers
2021HU0904993,01,04627,48,1193241,15,50,6,1,19,7000,2,0,30,52,1.0,1,01,2850.0,7000,7000,2,1,1,Writers and Authors
2021HU0905630,02,05907,48,1193241,13,29,1,5,21,0,2,44000,42,52,1.0,1,01,2634.0,44000,44020,1,2,1,Graphic Designers
2021HU0905735,02,00700,48,1193241,8,70,6,1,18,170,1,0,1,1,6.0,1,01,2752.0,170,28970,1,1,2,Musicians and Singers
2021HU0907289,03,03306,48,1193241,9,70,1,3,16,0,2,0,,,6.0,1,02,2910.0,0,331000,2,1,9,Photographers
2021HU0907564,01,02001,48,1193241,6,37,6,1,20,44000,2,0,25,30,1.0,1,01,2910.0,44000,44000,1,2,1,Photographers
2021HU0909334,04,01400,48,1193241,2,19,1,5,16,0,2,4500,15,12,6.0,1,01,2634.0,4500,4500,1,2,1,Graphic Designers
2021HU0909846,02,01901,48,1193241,11,29,6,1,21,35000,2,0,40,52,1.0,1,01,2752.0,35000,35000,1,2,1,Musicians and Singers
2021HU0910936,02,01902,48,1193241,20,46,2,3,18,0,1,34000,40,52,1.0,1,01,2905.0,34000,34000,1,2,2,"Other Media and Communication Equipment Workers (broadcast/sound/AV/lighting techs, combined - PUMS does not separately identify 'sound engineering technician')"
2021HU0911268,01,06301,48,1193241,32,28,1,5,17,0,2,3200,21,12,1.0,1,02,2740.0,3200,3200,2,1,9,Dancers and Choreographers
2021HU0912686,01,04620,48,1193241,82,25,1,5,21,800,2,33000,40,52,1.0,1,01,2634.0,33800,33800,1,2,1,Graphic Designers
2021HU0912854,03,04400,48,1193241,68,19,1,5,16,0,1,0,,,3.0,1,01,2700.0,0,0,1,2,1,Actors
2021HU0913325,01,05306,48,1193241,9,34,7,1,22,0,2,30000,40,52,1.0,1,01,2710.0,30000,30000,1,2,6,Producers and Directors
2021HU0913325,02,05306,48,1193241,13,34,7,1,21,0,1,30000,40,52,1.0,1,16,2710.0,30000,30000,1,2,9,Producers and Directors
2021HU0913348,03,02003,48,1193241,9,30,1,5,21,0,2,0,,,6.0,1,01,2910.0,0,0,1,2,1,Photographers
2021HU0915969,03,01903,48,1193241,11,81,2,2,16,0,2,0,,,6.0,1,01,2752.0,0,30700,2,1,1,Musicians and Singers
2021HU0919405,02,05304,48,1193241,12,35,1,5,21,0,1,2500,40,3,3.0,1,01,2710.0,2500,2500,1,2,1,Producers and Directors
2021HU0919833,01,04625,48,1193241,17,39,5,1,18,0,2,85000,40,52,1.0,1,02,2850.0,85000,85000,1,2,9,Writers and Authors
2021HU0920927,01,05911,48,1193241,15,44,1,5,16,0,1,32000,40,52,1.0,1,01,2910.0,32000,32000,1,2,1,Photographers
2021HU0922406,01,04701,48,1193241,8,55,1,1,16,0,1,30000,50,1,3.0,1,02,2905.0,30000,50000,1,2,9,"Other Media and Communication Equipment Workers (broadcast/sound/AV/lighting techs, combined - PUMS does not separately identify 'sound engineering technician')"
2021HU0923735,01,01907,48,1193241,48,36,2,1,16,15000,1,20000,40,52,1.0,2,01,2710.0,35000,36200,2,2,6,Producers and Directors
2021HU0931653,02,02200,48,1193241,24,41,1,1,20,0,2,10400,20,52,1.0,2,01,2634.0,10400,10400,2,2,1,Graphic Designers
2021HU0932154,01,04638,48,1193241,25,28,1,5,21,0,1,40000,40,52,1.0,1,01,2905.0,40000,40000,1,2,1,"Other Media and Communication Equipment Workers (broadcast/sound/AV/lighting techs, combined - PUMS does not separately identify 'sound engineering technician')"
2021HU0932880,01,04200,48,1193241,5,44,6,1,22,11000,2,0,15,38,1.0,1,01,2850.0,11000,27500,1,2,1,Writers and Authors
2021HU0933681,02,06702,48,1193241,9,50,6,1,16,3000,1,30900,36,52,1.0,2,02,2905.0,33900,33900,2,2,3,"Other Media and Communication Equipment Workers (broadcast/sound/AV/lighting techs, combined - PUMS does not separately identify 'sound engineering technician')"
2021HU0937505,02,02515,48,1193241,9,33,2,1,19,2000,2,15000,12,52,1.0,1,01,2850.0,17000,17000,1,2,9,Writers and Authors
2021HU0937676,02,05906,48,1193241,7,46,1,5,20,0,1,0,,,6.0,2,02,2905.0,0,0,2,2,1,"Other Media and Communication Equipment Workers (broadcast/sound/AV/lighting techs, combined - PUMS does not separately identify 'sound engineering technician')"
2021HU0939124,01,02514,48,1193241,10,66,6,2,20,0,1,0,,,6.0,1,01,2634.0,0,18000,2,1,1,Graphic Designers
2021HU0942605,01,04614,48,1193241,17,42,1,5,13,0,2,26000,30,52,1.0,2,21,2740.0,26000,26000,2,2,9,Dancers and Choreographers
2021HU0944724,02,04701,48,1193241,3,26,6,5,14,0,2,0,,,3.0,1,01,2740.0,0,2000,1,2,1,Dancers and Choreographers
2021HU0944997,01,05203,48,1193241,22,30,1,5,22,0,1,25000,25,46,1.0,1,01,2850.0,25000,25000,1,2,1,Writers and Authors
2021HU0945192,03,00300,48,1193241,11,43,1,3,16,0,2,38000,40,52,1.0,1,01,2634.0,38000,38000,1,2,1,Graphic Designers
2021HU0945471,01,00700,48,1193241,10,26,1,5,16,0,1,30000,40,52,1.0,1,01,2910.0,30000,30000,1,2,1,Photographers
2021HU0945644,03,06302,48,1193241,12,23,1,5,18,0,1,16000,40,52,1.0,1,02,2910.0,16000,16000,1,2,8,Photographers
2021HU0946237,02,00501,48,1193241,10,38,6,1,21,32800,2,0,30,52,1.0,2,01,2910.0,32800,32800,2,2,1,Photographers
2021HU0946676,02,05304,48,1193241,30,27,1,5,21,0,1,37000,40,52,1.0,1,01,2634.0,37000,37000,1,2,1,Graphic Designers
2021HU0946942,01,02321,48,1193241,27,29,6,1,19,150000,2,0,20,52,1.0,2,01,2752.0,150000,150000,2,2,1,Musicians and Singers
2021HU0947948,02,04601,48,1193241,31,33,1,1,21,0,1,40800,40,32,1.0,1,01,2850.0,40800,40800,1,2,1,Writers and Authors
2021HU0950240,02,05000,48,1193241,22,43,6,1,21,2500,2,0,50,4,1.0,1,01,2910.0,2500,2500,1,2,1,Photographers
2021HU0951565,01,04601,48,1193241,8,50,1,3,21,0,2,210000,50,52,1.0,1,01,2850.0,210000,210000,1,2,1,Writers and Authors
2021HU0951773,02,00100,48,1193241,16,28,1,5,16,0,2,150,20,3,6.0,1,02,2634.0,150,150,2,1,8,Graphic Designers
2021HU0952981,02,05308,48,1193241,27,69,6,1,12,0,1,0,,,6.0,1,02,2752.0,0,17300,1,1,1,Musicians and Singers
2021HU0956480,02,06603,48,1193241,27,56,6,1,19,100,1,0,50,52,1.0,1,01,2634.0,100,100,1,2,1,Graphic Designers
2021HU0957388,02,04631,48,1193241,15,35,1,1,16,0,1,50000,50,52,1.0,1,01,2634.0,50000,68000,1,2,1,Graphic Designers
2021HU0958069,01,04601,48,1193241,82,32,6,5,22,-8400,1,0,40,52,1.0,1,01,2910.0,-8400,-8400,1,2,1,Photographers
2021HU0960445,02,04633,48,1193241,26,52,6,1,22,4600,2,0,15,6,6.0,1,01,2850.0,4600,4600,1,2,1,Writers and Authors
2021HU0960595,01,05306,48,1193241,14,71,6,1,21,0,1,0,,,6.0,1,01,2752.0,0,24000,2,1,1,Musicians and Singers
2021HU0961637,02,02700,48,1193241,27,32,2,1,22,0,2,5000,25,14,1.0,1,02,2634.0,5000,5000,1,2,9,Graphic Designers
2021HU0964690,02,02313,48,1193241,12,33,1,1,22,0,1,150000,40,52,1.0,1,01,2634.0,150000,150000,1,2,1,Graphic Designers
2021HU0965548,01,02501,48,1193241,11,35,6,1,21,90000,1,0,50,40,2.0,1,01,2710.0,90000,90000,1,2,1,Producers and Directors
2021HU0965794,01,05304,48,1193241,37,39,1,1,17,0,1,4000,4,40,1.0,1,01,2634.0,4000,30350,1,1,1,Graphic Designers
2021HU0966551,01,04601,48,1193241,19,42,1,3,20,0,2,42000,40,52,1.0,1,01,2634.0,42000,42100,1,2,1,Graphic Designers
2021HU0969571,01,01502,48,1193241,37,30,2,5,16,0,1,0,,,6.0,2,01,2634.0,0,0,2,2,2,Graphic Designers
2021HU0972682,01,04625,48,1193241,25,33,1,5,21,0,2,80000,45,52,1.0,1,01,2850.0,80000,80000,1,2,6,Writers and Authors
2021HU0973038,03,05904,48,1193241,8,33,4,5,22,0,2,50000,45,52,1.0,1,02,2710.0,50000,50000,1,2,1,Producers and Directors
2021HU0973286,03,04638,48,1193241,14,37,1,4,19,0,1,46900,48,30,6.0,2,01,2905.0,46900,46900,2,2,2,"Other Media and Communication Equipment Workers (broadcast/sound/AV/lighting techs, combined - PUMS does not separately identify 'sound engineering technician')"
2021HU0973638,01,00900,48,1193241,17,74,6,1,23,2600,1,0,10,40,6.0,1,01,2850.0,2600,22100,1,1,1,Writers and Authors
2021HU0974018,02,00502,48,1193241,15,56,1,1,21,0,2,25000,40,52,1.0,1,01,2634.0,25000,25000,1,2,1,Graphic Designers
2021HU0974857,01,05305,48,1193241,9,43,6,1,21,60000,1,0,40,51,1.0,1,01,2850.0,60000,60000,1,2,1,Writers and Authors
2021HU0976729,01,05800,48,1193241,38,49,6,1,23,55000,2,0,50,52,1.0,1,01,2850.0,55000,55000,1,2,1,Writers and Authors
2021HU0979976,02,00300,48,1193241,5,37,2,1,21,0,1,40000,40,52,1.0,1,01,2634.0,40000,40000,1,2,2,Graphic Designers
2021HU0980593,02,05307,48,1193241,9,41,7,1,21,0,2,0,,,6.0,2,01,2850.0,0,0,2,2,1,Writers and Authors
2021HU0980949,01,02315,48,1193241,7,55,1,5,19,0,1,78000,40,52,1.0,1,01,2634.0,78000,104000,1,2,9,Graphic Designers
2021HU0980976,02,04635,48,1193241,20,39,1,5,19,0,1,3600,10,48,1.0,1,01,2850.0,3600,12300,2,1,1,Writers and Authors
2021HU0983289,01,02312,48,1193241,21,67,7,3,19,0,1,0,,,3.0,1,01,2710.0,0,84000,2,1,1,Producers and Directors
2021HU0984015,02,04901,48,1193241,17,52,1,3,16,0,1,40000,40,52,1.0,1,01,2850.0,40000,40000,1,2,1,Writers and Authors
2021HU0986895,01,03308,48,1193241,16,74,1,3,21,0,1,0,,,6.0,1,02,2910.0,0,19300,2,1,9,Photographers
2021HU0989194,02,00300,48,1193241,48,36,6,1,20,16000,1,0,40,52,1.0,2,01,2634.0,16000,16000,2,2,1,Graphic Designers
2021HU0989330,02,02313,48,1193241,10,48,6,1,16,-8400,2,0,35,40,1.0,1,01,2910.0,-8400,304600,1,2,1,Photographers
2021HU0989356,02,05308,48,1193241,23,44,4,1,22,0,1,55000,40,52,1.0,1,02,2634.0,55000,55000,1,2,9,Graphic Designers
2021HU0990611,03,04636,48,1193241,11,33,6,5,01,10000,2,0,50,4,1.0,1,01,2910.0,10000,10000,1,2,6,Photographers
2021HU0991882,01,05906,48,1193241,62,38,6,1,19,10000,2,1200,20,52,1.0,2,02,2752.0,11200,25200,2,2,9,Musicians and Singers
2021HU0995231,01,00100,48,1193241,30,27,6,1,16,3000,2,0,10,52,1.0,1,01,2850.0,3000,3000,1,2,1,Writers and Authors
2021HU0995340,01,04626,48,1193241,27,43,2,1,17,0,1,50000,40,32,1.0,2,06,2751.0,50000,50000,2,2,8,Music Directors and Composers
2021HU0995904,01,02309,48,1193241,14,41,1,1,21,0,2,35000,40,13,3.0,1,01,2634.0,35000,62600,1,1,1,Graphic Designers
2021HU0996513,01,02514,48,1193241,15,62,3,1,21,40000,1,55000,50,52,1.0,1,01,2910.0,95000,95000,1,2,1,Photographers
2021HU0996822,01,05904,48,1193241,6,57,6,1,21,15000,1,0,40,52,1.0,1,02,2752.0,15000,15700,1,2,9,Musicians and Singers
2021HU0996822,02,05904,48,1193241,6,44,6,1,21,40000,2,0,40,52,1.0,1,01,2850.0,40000,40000,1,2,1,Writers and Authors
2021HU0997656,01,05911,48,1193241,13,73,4,1,18,0,1,27000,40,52,1.0,1,02,2905.0,27000,111600,1,1,9,"Other Media and Communication Equipment Workers (broadcast/sound/AV/lighting techs, combined - PUMS does not separately identify 'sound engineering technician')"
2021HU0998005,01,04100,48,1193241,10,62,1,5,21,0,2,65000,40,52,1.0,1,01,2634.0,65000,65000,1,2,1,Graphic Designers
2021HU0999765,02,04604,48,1193241,10,48,1,1,23,0,1,489000,60,52,1.0,1,01,2850.0,489000,489000,1,2,1,Writers and Authors
2021HU1000005,02,04901,48,1193241,20,30,6,1,22,85000,1,0,40,52,1.0,1,01,2752.0,85000,85000,1,2,1,Musicians and Singers
2021HU1001876,02,05700,48,1193241,32,23,6,5,16,4000,2,0,2,4,3.0,2,01,2751.0,4000,9000,2,2,9,Music Directors and Composers
2021HU1003822,03,04701,48,1193241,46,16,1,5,13,0,2,0,,,6.0,1,02,2910.0,0,0,1,2,1,Photographers
2021HU1004597,02,05909,48,1193241,12,33,6,5,16,0,1,0,,,6.0,2,01,2752.0,0,0,2,2,2,Musicians and Singers
2021HU1004868,01,02312,48,1193241,4,60,6,1,21,0,1,0,,,3.0,1,01,2634.0,0,0,1,2,9,Graphic Designers
2021HU1006562,02,04635,48,1193241,16,64,1,1,19,0,2,0,,,3.0,1,01,2634.0,0,0,1,2,6,Graphic Designers
2021HU1007074,01,04616,48,1193241,10,47,6,1,21,60000,2,0,45,52,1.0,1,24,2710.0,60000,60000,1,2,9,Producers and Directors
2021HU1007312,02,03306,48,1193241,20,52,7,1,21,0,2,280000,50,40,1.0,1,01,2710.0,280000,280000,1,2,2,Producers and Directors
2021HU1008269,03,04635,48,1193241,14,36,1,5,21,0,2,66000,40,52,1.0,1,01,2910.0,66000,66000,1,2,2,Photographers
2021HU1008674,01,03400,48,1193241,7,70,1,1,21,0,1,0,,,6.0,1,01,2634.0,0,96000,1,1,1,Graphic Designers
2021HU1013349,01,05203,48,1193241,15,73,1,1,22,0,2,18000,20,52,1.0,1,01,2850.0,18000,33700,2,1,1,Writers and Authors
2021HU1014404,01,02322,48,1193241,12,28,1,5,21,0,2,37000,40,52,1.0,1,02,2850.0,37000,37000,1,2,9,Writers and Authors
2021HU1014404,02,02322,48,1193241,8,30,2,5,21,0,1,15000,38,52,1.0,1,02,2905.0,15000,17000,1,2,9,"Other Media and Communication Equipment Workers (broadcast/sound/AV/lighting techs, combined - PUMS does not separately identify 'sound engineering technician')"
2021HU1017738,03,04627,48,1193241,22,29,6,4,16,20000,1,33600,25,30,3.0,1,01,2752.0,53600,53600,1,2,1,Musicians and Singers
2021HU1018591,02,01000,48,1193241,9,38,1,5,21,0,1,3200,5,52,1.0,1,01,2905.0,3200,3310,1,2,1,"Other Media and Communication Equipment Workers (broadcast/sound/AV/lighting techs, combined - PUMS does not separately identify 'sound engineering technician')"
2021HU1018591,03,01000,48,1193241,9,34,1,5,21,0,2,8100,22,52,1.0,1,01,2905.0,8100,8560,1,2,1,"Other Media and Communication Equipment Workers (broadcast/sound/AV/lighting techs, combined - PUMS does not separately identify 'sound engineering technician')"
2021HU1018811,02,03400,48,1193241,3,69,2,1,22,0,2,3800,3,52,1.0,1,01,2752.0,3800,22300,1,1,1,Musicians and Singers
2021HU1021451,02,04601,48,1193241,16,26,1,5,21,0,1,58000,55,52,1.0,1,01,2634.0,58000,58000,1,2,1,Graphic Designers
2021HU1022203,02,02001,48,1193241,11,40,6,5,19,0,1,0,,,6.0,2,01,2905.0,0,0,2,2,1,"Other Media and Communication Equipment Workers (broadcast/sound/AV/lighting techs, combined - PUMS does not separately identify 'sound engineering technician')"
2021HU1023588,02,02514,48,1193241,10,30,7,1,21,0,2,100000,20,52,1.0,1,01,2634.0,100000,100000,1,2,9,Graphic Designers
2021HU1024434,01,02302,48,1193241,25,29,1,1,21,0,2,48000,40,52,1.0,1,01,2634.0,48000,48000,1,2,1,Graphic Designers
2021HU1025676,02,04620,48,1193241,23,50,6,1,21,-8400,2,5000,15,30,6.0,1,01,2700.0,-3400,-3400,1,2,1,Actors
2021HU1031144,01,05201,48,1193241,9,60,6,5,22,0,1,0,,,6.0,2,01,2752.0,0,100,2,2,1,Musicians and Singers
2021HU1031806,01,02315,48,1193241,10,54,1,5,21,0,1,152000,40,46,1.0,1,01,2910.0,152000,152960,1,2,1,Photographers
2021HU1036524,01,01902,48,1193241,23,43,1,3,21,0,1,148000,50,52,1.0,1,01,2905.0,148000,148000,1,2,1,"Other Media and Communication Equipment Workers (broadcast/sound/AV/lighting techs, combined - PUMS does not separately identify 'sound engineering technician')"
2021HU1037118,02,01908,48,1193241,13,40,6,1,21,1200,2,0,10,12,1.0,1,01,2634.0,1200,1200,1,2,1,Graphic Designers
2021HU1038795,01,02307,48,1193241,30,28,7,5,16,0,1,0,,,6.0,1,01,2634.0,0,63000,1,2,2,Graphic Designers
2021HU1040214,02,04636,48,1193241,7,32,3,5,21,0,2,34000,40,52,1.0,1,02,2910.0,34000,34000,1,2,9,Photographers
2021HU1040384,01,04603,48,1193241,14,41,6,3,21,3500,2,0,16,35,3.0,1,01,2634.0,3500,3500,2,1,2,Graphic Designers
2021HU1042691,02,05201,48,1193241,19,33,6,1,18,20000,1,33600,25,30,3.0,2,01,2752.0,53600,53600,2,2,1,Musicians and Singers
2021HU1043080,02,02308,48,1193241,30,31,1,5,21,0,1,48500,35,52,1.0,1,01,2634.0,48500,48500,1,2,9,Graphic Designers
2021HU1044712,03,02003,48,1193241,15,29,6,5,19,35000,1,0,50,52,1.0,1,01,2850.0,35000,35000,1,2,1,Writers and Authors
2021HU1048483,02,00300,48,1193241,33,50,1,1,21,0,2,350,5,3,6.0,1,01,2700.0,350,350,1,2,1,Actors
2021HU1050009,01,00600,48,1193241,42,41,1,1,16,640,2,15400,40,47,1.0,2,01,2910.0,16040,16040,2,2,1,Photographers
2021HU1050797,01,04603,48,1193241,18,59,6,1,22,0,2,0,,,3.0,1,01,2700.0,0,0,1,2,1,Actors
2021HU1052081,01,04616,48,1193241,17,53,6,3,21,60000,2,0,45,52,1.0,1,16,2710.0,60000,60000,1,2,1,Producers and Directors
2021HU1053809,02,02513,48,1193241,16,55,2,1,21,0,2,10000,20,52,1.0,1,01,2752.0,10000,10000,1,2,1,Musicians and Singers
2021HU1055485,02,01909,48,1193241,16,48,4,1,21,0,1,60000,40,52,1.0,1,01,2634.0,60000,60000,1,2,9,Graphic Designers
2021HU1055936,02,05203,48,1193241,7,56,1,2,20,0,1,0,,,6.0,1,01,2905.0,0,0,1,2,1,"Other Media and Communication Equipment Workers (broadcast/sound/AV/lighting techs, combined - PUMS does not separately identify 'sound engineering technician')"
2021HU1057506,02,02309,48,1193241,19,62,4,3,18,0,1,0,,,6.0,1,01,2752.0,0,6300,2,1,1,Musicians and Singers
2021HU1058708,01,05303,48,1193241,17,46,7,3,22,10000,1,50000,60,52,1.0,1,01,2850.0,60000,60000,1,2,1,Writers and Authors
2021HU1059658,01,05307,48,1193241,8,68,6,1,20,0,1,0,,,6.0,1,01,2752.0,0,54000,1,1,1,Musicians and Singers
2021HU1060067,02,02306,48,1193241,16,33,1,5,21,0,2,80000,50,52,1.0,1,01,2634.0,80000,80000,1,2,1,Graphic Designers
2021HU1060181,01,04627,48,1193241,2,45,6,1,22,35000,1,0,44,50,1.0,1,01,2910.0,35000,35000,1,2,9,Photographers
2021HU1061405,01,05915,48,1193241,11,44,6,3,21,25000,2,0,20,3,1.0,1,02,2634.0,25000,40000,1,2,9,Graphic Designers
2021HU1062707,01,04604,48,1193241,20,38,2,5,16,0,1,70000,30,52,1.0,1,01,2740.0,70000,70000,1,2,1,Dancers and Choreographers
2021HU1062707,02,04604,48,1193241,32,19,2,5,16,0,2,10200,20,45,1.0,1,01,2740.0,10200,10200,1,2,1,Dancers and Choreographers
2021HU1065225,01,04504,48,1193241,9,33,2,1,21,0,1,58000,40,52,1.0,1,01,2710.0,58000,59000,1,2,1,Producers and Directors
2021HU1065546,05,04609,48,1193241,11,36,1,5,20,0,1,2000,20,2,3.0,1,01,2905.0,2000,2000,1,2,1,"Other Media and Communication Equipment Workers (broadcast/sound/AV/lighting techs, combined - PUMS does not separately identify 'sound engineering technician')"
2021HU1067535,07,05500,48,1193241,22,28,1,5,17,0,2,7000,10,44,1.0,1,02,2850.0,7000,7000,1,2,9,Writers and Authors
2021HU1071050,02,05203,48,1193241,22,58,6,4,21,2000,2,0,6,4,6.0,1,01,2850.0,2000,47400,1,1,1,Writers and Authors
2021HU1074211,02,04613,48,1193241,18,41,6,1,23,10000,2,0,10,52,1.0,1,01,2634.0,10000,10000,1,2,1,Graphic Designers
2021HU1075692,01,00200,48,1193241,9,73,6,2,22,150000,2,0,15,30,6.0,1,01,2850.0,150000,160400,1,1,1,Writers and Authors
2021HU1076173,04,05308,48,1193241,34,44,6,3,23,27000,2,0,40,52,1.0,1,01,2850.0,27000,27000,1,2,8,Writers and Authors
2021HU1077056,01,05203,48,1193241,14,22,1,1,19,0,1,24000,40,52,1.0,1,01,2710.0,24000,24000,1,2,1,Producers and Directors
2021HU1080137,02,05000,48,1193241,14,59,2,1,22,3400,2,14500,18,52,1.0,1,01,2751.0,17900,18400,1,2,1,Music Directors and Composers
2021HU1084556,01,06601,48,1193241,26,55,2,1,22,0,1,0,,,6.0,1,01,2700.0,0,70000,1,2,1,Actors
2021HU1084812,01,02509,48,1193241,11,39,7,1,24,0,2,126000,40,52,1.0,1,01,2850.0,126000,126000,1,2,2,Writers and Authors
2021HU1085070,01,05203,48,1193241,14,49,6,1,20,12000,1,0,20,1,1.0,1,01,2910.0,12000,15000,1,2,1,Photographers
2021HU1085580,02,05307,48,1193241,54,26,1,5,18,0,2,28000,45,52,1.0,2,01,2905.0,28000,28000,2,2,1,"Other Media and Communication Equipment Workers (broadcast/sound/AV/lighting techs, combined - PUMS does not separately identify 'sound engineering technician')"
2021HU1086507,02,01909,48,1193241,9,57,6,1,21,75000,1,0,40,30,1.0,1,01,2850.0,75000,115000,1,2,1,Writers and Authors
2021HU1086723,02,04000,48,1193241,19,20,1,5,16,0,2,22000,40,52,1.0,1,01,2634.0,22000,22000,1,2,1,Graphic Designers
2021HU1087135,01,04616,48,1193241,5,43,1,1,22,0,1,135000,40,52,1.0,1,01,2710.0,135000,135000,1,2,9,Producers and Directors
2021HU1088125,02,05401,48,1193241,25,55,6,1,22,8000,2,0,40,52,1.0,1,01,2910.0,8000,8000,1,2,9,Photographers
2021HU1088263,01,04609,48,1193241,10,69,2,3,22,0,2,0,,,6.0,1,01,2751.0,0,28600,2,1,1,Music Directors and Composers
2021HU1088267,02,03801,48,1193241,28,26,1,5,14,0,1,30000,30,52,1.0,2,02,2905.0,30000,30000,2,2,9,"Other Media and Communication Equipment Workers (broadcast/sound/AV/lighting techs, combined - PUMS does not separately identify 'sound engineering technician')"
2021HU1091172,01,02313,48,1193241,17,85,6,1,18,0,1,0,,,6.0,1,01,2740.0,0,51600,1,1,1,Dancers and Choreographers
2021HU1091438,02,05911,48,1193241,16,57,6,1,20,200,2,0,8,1,3.0,1,01,2850.0,200,13100,1,2,9,Writers and Authors
2021HU1097715,02,02506,48,1193241,22,58,6,5,21,150,1,18000,4,52,1.0,1,01,2752.0,18150,17850,1,2,1,Musicians and Singers
2021HU1097876,01,05302,48,1193241,13,57,4,5,24,0,1,0,,,6.0,2,01,2850.0,0,25000,2,2,1,Writers and Authors
2021HU1099632,02,05907,48,1193241,21,17,6,5,14,500,1,0,8,4,6.0,1,02,2905.0,500,500,2,1,8,"Other Media and Communication Equipment Workers (broadcast/sound/AV/lighting techs, combined - PUMS does not separately identify 'sound engineering technician')"
2021HU1099736,01,05903,48,1193241,29,39,6,1,20,10000,2,1200,20,52,1.0,1,02,2752.0,11200,25200,2,1,1,Musicians and Singers
2021HU1099769,02,05306,48,1193241,57,44,1,5,21,0,2,150000,40,52,1.0,1,01,2710.0,150000,195000,1,2,1,Producers and Directors
2021HU1101192,02,02507,48,1193241,18,56,7,1,19,0,1,100000,40,52,1.0,2,01,2752.0,100000,125000,2,2,2,Musicians and Singers
2021HU1103037,01,04602,48,1193241,15,55,6,1,17,0,1,0,,,3.0,1,24,2910.0,0,-300,1,2,8,Photographers
2021HU1104321,02,01903,48,1193241,13,29,2,1,21,0,2,35000,30,52,1.0,1,02,2634.0,35000,35000,1,2,8,Graphic Designers
2021HU1113958,01,05303,48,1193241,16,39,4,1,22,1100,2,76000,40,52,1.0,1,01,2710.0,77100,77400,1,2,1,Producers and Directors
2021HU1114810,01,01200,48,1193241,19,34,6,1,21,4000,2,7000,20,52,1.0,1,01,2850.0,11000,11000,1,2,1,Writers and Authors
2021HU1118853,03,04701,48,1193241,29,28,6,5,16,15000,1,15000,7,24,3.0,1,02,2910.0,30000,30000,1,2,9,Photographers
2021HU1121954,01,02313,48,1193241,8,24,1,5,21,200,2,12000,30,40,1.0,1,01,2634.0,12200,12200,1,1,9,Graphic Designers
2021HU1122044,01,03100,48,1193241,30,45,3,1,21,0,2,38000,36,52,1.0,1,04,2905.0,38000,38000,1,2,8,"Other Media and Communication Equipment Workers (broadcast/sound/AV/lighting techs, combined - PUMS does not separately identify 'sound engineering technician')"
2021HU1124514,03,03600,48,1193241,5,17,2,5,15,0,2,500,2,52,1.0,1,01,2752.0,500,500,1,2,2,Musicians and Singers
2021HU1127384,02,04501,48,1193241,51,51,1,1,19,0,1,60000,40,52,1.0,1,01,2634.0,60000,60000,1,2,1,Graphic Designers
2021HU1127979,02,02600,48,1193241,25,43,2,1,21,0,2,10400,20,52,1.0,1,01,2751.0,10400,10400,1,2,1,Music Directors and Composers
2021HU1137250,01,06000,48,1193241,16,30,6,5,21,35000,2,0,45,15,1.0,1,01,2910.0,35000,45000,1,2,1,Photographers
2021HU1137669,05,04702,48,1193241,8,53,1,1,21,0,1,75000,40,20,1.0,1,02,2905.0,75000,103000,1,2,9,"Other Media and Communication Equipment Workers (broadcast/sound/AV/lighting techs, combined - PUMS does not separately identify 'sound engineering technician')"
2021HU1137671,02,04606,48,1193241,20,26,6,5,21,0,2,0,,,3.0,2,01,2740.0,0,2000,2,2,1,Dancers and Choreographers
2021HU1138382,02,04801,48,1193241,42,28,2,5,21,0,1,15000,38,52,1.0,1,02,2905.0,15000,17000,1,2,9,"Other Media and Communication Equipment Workers (broadcast/sound/AV/lighting techs, combined - PUMS does not separately identify 'sound engineering technician')"
2021HU1138976,01,02313,48,1193241,32,36,1,5,18,0,2,48500,40,52,1.0,1,01,2850.0,48500,48500,1,2,1,Writers and Authors
2021HU1142770,02,02303,48,1193241,21,31,1,1,22,0,1,45000,55,52,1.0,1,01,2910.0,45000,45000,2,1,1,Photographers
2021HU1143459,08,04907,48,1193241,10,29,3,1,16,0,2,0,,,6.0,1,01,2850.0,0,36400,1,2,6,Writers and Authors
2021HU1145190,01,02307,48,1193241,13,61,7,1,19,0,2,100000,40,52,1.0,1,01,2740.0,100000,101000,1,2,1,Dancers and Choreographers
2021HU1145552,01,02502,48,1193241,18,58,1,1,19,0,1,28000,40,40,1.0,2,01,2710.0,28000,41200,2,2,1,Producers and Directors
2021HU1146831,02,05203,48,1193241,16,32,6,5,21,50000,2,0,40,52,1.0,1,01,2910.0,50000,50000,1,2,6,Photographers
2021HU1147840,01,00501,48,1193241,13,36,1,3,20,0,1,26000,50,52,1.0,2,01,2634.0,26000,26000,2,2,1,Graphic Designers
2021HU1149075,01,03306,48,1193241,17,30,1,5,21,0,1,33000,40,52,1.0,2,02,2710.0,33000,33090,2,2,9,Producers and Directors
2021HU1149884,03,01501,48,1193241,79,18,1,5,18,0,2,500,4,4,6.0,2,01,2634.0,500,500,2,2,1,Graphic Designers
2021HU1150026,01,02307,48,1193241,21,32,1,5,16,0,1,38000,55,52,1.0,1,02,2634.0,38000,38000,1,2,8,Graphic Designers
2021HU1151152,01,05303,48,1193241,29,48,1,1,21,0,1,152000,40,46,1.0,1,01,2910.0,152000,152960,1,2,1,Photographers
2021HU1151191,02,02507,48,1193241,13,61,6,3,18,355000,1,0,40,52,1.0,2,01,2752.0,355000,355000,2,2,1,Musicians and Singers
2021HU1152186,02,04636,48,1193241,36,47,7,1,21,0,2,12000,12,2,2.0,2,01,2910.0,12000,18000,2,2,2,Photographers
2021HU1153658,01,02322,48,1193241,13,36,1,1,23,0,1,99000,50,52,1.0,1,01,2634.0,99000,99000,1,1,1,Graphic Designers
2021HU1154323,01,02321,48,1193241,27,31,2,5,21,-450,2,62000,40,52,1.0,1,01,2634.0,61550,61660,1,2,1,Graphic Designers
2021HU1156848,01,02320,48,1193241,10,24,6,1,19,8000,2,0,10,20,1.0,1,02,2910.0,8000,8000,1,2,9,Photographers
2021HU1157912,01,05901,48,1193241,5,70,2,1,22,0,1,0,,,6.0,1,01,2850.0,0,58200,1,1,1,Writers and Authors
2021HU1160710,02,05303,48,1193241,6,50,6,1,21,43000,2,0,20,52,1.0,2,01,2850.0,43000,43000,2,2,9,Writers and Authors
2021HU1160902,01,07200,48,1193241,34,48,6,1,19,12000,1,0,20,40,6.0,2,02,2752.0,12000,12000,2,2,8,Musicians and Singers
2021HU1162106,02,04612,48,1193241,35,57,1,1,19,0,2,80000,4,4,3.0,1,01,2752.0,80000,105600,1,2,1,Musicians and Singers
2021HU1164015,01,05303,48,1193241,10,34,1,1,21,0,1,80000,45,52,1.0,1,01,2710.0,80000,83400,1,1,1,Producers and Directors
2021HU1164015,02,05303,48,1193241,10,37,6,1,21,23500,2,0,40,35,1.0,1,01,2710.0,23500,25000,1,2,1,Producers and Directors
2021HU1165660,01,02516,48,1193241,16,41,1,3,19,0,2,42000,32,52,1.0,2,01,2634.0,42000,42000,2,2,1,Graphic Designers
2021HU1165810,02,05303,48,1193241,11,29,7,1,21,0,2,70000,20,52,1.0,1,01,2850.0,70000,70000,1,2,6,Writers and Authors
2021HU1166602,02,05901,48,1193241,5,22,2,5,21,0,2,20000,30,30,1.0,1,01,2752.0,20000,20000,1,2,1,Musicians and Singers
2021HU1168517,01,04502,48,1193241,33,28,8,1,21,0,2,20800,35,52,1.0,1,02,2752.0,20800,24300,1,2,9,Musicians and Singers
2021HU1173300,02,04625,48,1193241,6,64,6,1,18,0,2,0,,,6.0,1,01,2910.0,0,0,1,2,9,Photographers
2021HU1175286,02,02006,48,1193241,30,57,1,1,23,0,2,0,,,6.0,1,01,2634.0,0,0,1,2,1,Graphic Designers
2021HU1175402,02,05201,48,1193241,17,32,6,1,21,5000,2,15000,20,48,6.0,1,01,2910.0,20000,20000,1,2,1,Photographers
2021HU1178040,01,04630,48,1193241,13,60,2,1,21,0,1,0,,,6.0,1,01,2752.0,0,80000,1,2,1,Musicians and Singers
2021HU1178966,01,01901,48,1193241,17,55,6,1,22,6000,2,0,40,52,1.0,1,01,2910.0,6000,9000,1,2,1,Photographers
2021HU1178966,02,01901,48,1193241,18,58,6,1,22,6000,1,0,40,52,1.0,1,01,2910.0,6000,6000,1,2,1,Photographers
2021HU1178970,02,05901,48,1193241,7,64,2,1,24,0,2,0,,,6.0,1,01,2710.0,0,0,1,2,1,Producers and Directors
2021HU1179088,04,03306,48,1193241,79,28,6,1,19,10000,2,0,15,36,2.0,2,02,2910.0,10000,10000,2,2,1,Photographers
2021HU1179088,05,03306,48,1193241,86,30,6,1,21,10000,1,0,15,30,6.0,2,01,2910.0,10000,10000,2,2,1,Photographers
2021HU1179946,02,04621,48,1193241,67,26,1,5,18,0,2,0,,,6.0,1,01,2634.0,0,0,1,2,2,Graphic Designers
2021HU1180119,01,05307,48,1193241,13,26,1,5,21,0,2,75000,45,52,1.0,1,01,2634.0,75000,75000,1,2,1,Graphic Designers
2021HU1180298,01,02515,48,1193241,18,45,1,1,21,0,2,280,6,2,1.0,1,01,2850.0,280,280,1,2,1,Writers and Authors
2021HU1181990,01,05306,48,1193241,69,21,1,5,20,0,2,20000,40,12,6.0,1,01,2850.0,20000,20000,1,2,9,Writers and Authors
2021HU1184054,02,01905,48,1193241,17,40,6,1,19,24000,1,0,60,52,1.0,2,02,2910.0,24000,24000,2,2,8,Photographers
2021HU1186942,02,02507,48,1193241,9,66,1,1,21,0,2,0,,,6.0,1,01,2634.0,0,60700,1,1,1,Graphic Designers
2021HU1187935,01,05306,48,1193241,23,39,1,5,20,0,1,40000,40,52,1.0,1,01,2910.0,40000,40000,1,2,1,Photographers
2021HU1187935,02,05306,48,1193241,36,35,1,5,16,0,1,58000,40,52,1.0,2,02,2910.0,58000,58000,2,2,8,Photographers
2021HU1188104,01,02005,48,1193241,20,24,1,5,19,0,2,2000,30,30,3.0,1,01,2850.0,2000,2000,1,2,1,Writers and Authors
2021HU1189161,02,02512,48,1193241,14,39,7,1,19,0,1,35000,40,52,1.0,2,02,2910.0,35000,35000,2,2,9,Photographers
2021HU1190048,04,02310,48,1193241,33,42,6,1,21,0,1,0,,,6.0,1,01,2752.0,0,0,1,2,1,Musicians and Singers
2021HU1190050,01,04636,48,1193241,43,39,2,5,21,0,2,39000,40,52,1.0,1,01,2710.0,39000,39000,1,2,1,Producers and Directors
2021HU1190468,01,04636,48,1193241,73,34,6,3,20,-8400,1,40000,6,40,1.0,2,01,2850.0,31600,51600,2,2,9,Writers and Authors
2021HU1191018,02,04612,48,1193241,14,70,6,1,15,0,2,0,,,6.0,1,01,2910.0,0,10340,2,1,1,Photographers
2021HU1193084,02,03900,48,1193241,8,28,1,1,17,0,1,29800,35,40,1.0,1,01,2910.0,29800,29800,1,2,1,Photographers
2021HU1193128,02,04615,48,1193241,31,40,1,1,21,0,1,21300,40,23,1.0,1,02,2634.0,21300,21300,1,2,9,Graphic Designers
2021HU1194593,01,02307,48,1193241,7,56,7,1,21,50000,1,50000,60,52,1.0,2,01,2910.0,100000,100000,2,2,1,Photographers
2021HU1194605,02,02511,48,1193241,9,66,3,3,17,0,2,0,,,6.0,1,01,2634.0,0,33900,2,1,1,Graphic Designers
2021HU1194816,01,04614,48,1193241,28,65,6,5,21,4500,2,0,45,52,1.0,1,01,2910.0,4500,24500,1,2,9,Photographers
2021HU1196273,02,03502,48,1193241,27,64,2,1,21,0,2,12000,3,52,1.0,1,01,2752.0,12000,12000,1,2,1,Musicians and Singers
2021HU1201524,01,05909,48,1193241,14,27,1,5,21,0,1,35000,60,52,1.0,1,01,2710.0,35000,35000,1,2,9,Producers and Directors
2021HU1201785,01,05302,48,1193241,9,70,6,3,19,11800,1,0,16,10,1.0,1,01,2910.0,11800,29800,2,1,1,Photographers
2021HU1201904,01,02003,48,1193241,63,46,2,5,24,10000,2,75000,55,52,1.0,1,01,2751.0,85000,85130,1,2,6,Music Directors and Composers
2021HU1203088,01,01901,48,1193241,12,32,1,1,21,0,2,70000,40,52,1.0,1,01,2634.0,70000,70000,1,2,6,Graphic Designers
2021HU1204214,01,02311,48,1193241,10,34,6,1,20,15000,1,30000,16,25,1.0,1,01,2910.0,45000,45400,1,2,1,Photographers
2021HU1205340,01,05903,48,1193241,8,27,6,1,21,30000,2,0,10,30,1.0,2,01,2752.0,30000,39100,2,2,1,Musicians and Singers
2021HU1205786,03,01903,48,1193241,11,25,2,5,21,0,1,0,,,6.0,1,01,2752.0,0,20,1,2,1,Musicians and Singers
2021HU1208159,02,00502,48,1193241,27,45,6,1,16,3000,1,30900,36,52,1.0,2,02,2905.0,33900,33900,2,2,8,"Other Media and Communication Equipment Workers (broadcast/sound/AV/lighting techs, combined - PUMS does not separately identify 'sound engineering technician')"
2021HU1208581,02,06601,48,1193241,24,46,6,1,22,0,2,0,,,6.0,1,02,2910.0,0,0,1,2,8,Photographers
2021HU1208631,02,02003,48,1193241,9,39,6,1,21,50000,1,0,40,52,1.0,1,01,2634.0,50000,69000,2,1,1,Graphic Designers
2021HU1212026,02,00300,48,1193241,69,31,1,1,20,0,1,57000,45,52,1.0,1,01,2634.0,57000,57000,1,2,1,Graphic Designers
2021HU1217852,03,00501,48,1193241,12,18,3,5,18,0,1,0,,,6.0,1,01,2905.0,0,0,1,2,1,"Other Media and Communication Equipment Workers (broadcast/sound/AV/lighting techs, combined - PUMS does not separately identify 'sound engineering technician')"
2021HU1218904,01,05308,48,1193241,26,37,6,1,22,6000,2,0,20,1,6.0,1,01,2910.0,6000,6000,1,2,1,Photographers
2021HU1221294,03,03400,48,1193241,6,31,1,5,17,0,2,40000,30,52,1.0,1,01,2850.0,40000,40000,2,1,1,Writers and Authors
2021HU1221489,01,05304,48,1193241,86,36,1,1,22,20000,1,100000,50,52,1.0,1,01,2850.0,120000,120000,1,2,2,Writers and Authors
2021HU1223070,01,05302,48,1193241,22,29,1,1,22,0,1,74000,45,52,1.0,1,01,2905.0,74000,74000,1,2,6,"Other Media and Communication Equipment Workers (broadcast/sound/AV/lighting techs, combined - PUMS does not separately identify 'sound engineering technician')"
2021HU1223163,02,04610,48,1193241,10,33,1,5,21,0,1,50000,60,52,1.0,1,01,2710.0,50000,50000,1,2,1,Producers and Directors
2021HU1225491,02,02600,48,1193241,14,70,6,1,19,16000,1,0,22,52,1.0,1,01,2850.0,16000,22400,2,1,1,Writers and Authors
2021HU1226001,02,06000,48,1193241,31,39,1,1,20,0,1,33000,40,36,1.0,1,01,2634.0,33000,48000,1,2,1,Graphic Designers
2021HU1226469,01,03400,48,1193241,4,63,2,5,22,-8400,2,97000,40,52,1.0,1,01,2634.0,88600,88600,1,2,1,Graphic Designers
2021HU1227604,01,04638,48,1193241,29,36,7,1,21,0,1,200000,60,52,1.0,2,01,2634.0,200000,200000,2,2,2,Graphic Designers
2021HU1227874,02,05306,48,1193241,17,52,1,1,21,0,1,158000,40,52,1.0,1,01,2905.0,158000,158000,1,2,1,"Other Media and Communication Equipment Workers (broadcast/sound/AV/lighting techs, combined - PUMS does not separately identify 'sound engineering technician')"
2021HU1228806,01,02310,48,1193241,7,32,6,1,18,10000,2,0,40,36,1.0,1,01,2910.0,10000,10000,1,2,1,Photographers
2021HU1229391,01,06100,48,1193241,7,73,6,1,22,0,1,0,,,6.0,1,01,2850.0,0,13130,2,1,1,Writers and Authors
2021HU1230514,02,06805,48,1193241,22,30,6,1,16,0,1,0,,,6.0,1,02,2752.0,0,0,1,2,9,Musicians and Singers
2021HU1231932,01,00900,48,1193241,1,46,1,1,21,8000,1,66000,40,52,1.0,1,01,2905.0,74000,83000,1,2,1,"Other Media and Communication Equipment Workers (broadcast/sound/AV/lighting techs, combined - PUMS does not separately identify 'sound engineering technician')"
2021HU1232134,02,04400,48,1193241,13,35,1,1,21,0,1,56000,42,52,1.0,1,01,2634.0,56000,56000,1,2,1,Graphic Designers
2021HU1233353,01,04624,48,1193241,13,65,1,1,20,0,2,18000,18,52,1.0,1,01,2634.0,18000,24000,2,1,1,Graphic Designers
2021HU1233400,01,03600,48,1193241,31,49,4,1,20,0,1,117000,40,52,1.0,1,01,2905.0,117000,117000,1,2,1,"Other Media and Communication Equipment Workers (broadcast/sound/AV/lighting techs, combined - PUMS does not separately identify 'sound engineering technician')"
2021HU1233858,01,05800,48,1193241,14,74,6,1,22,4800,2,1100,30,4,1.0,1,01,2850.0,5900,198700,1,1,1,Writers and Authors
2021HU1234601,02,00900,48,1193241,9,23,1,5,21,0,2,50000,40,52,1.0,1,01,2710.0,50000,50000,1,2,1,Producers and Directors
2021HU1239766,01,03501,48,1193241,12,77,6,1,19,12000,1,8000,30,52,1.0,1,02,2905.0,20000,154800,1,1,9,"Other Media and Communication Equipment Workers (broadcast/sound/AV/lighting techs, combined - PUMS does not separately identify 'sound engineering technician')"
2021HU1239982,01,05302,48,1193241,10,58,1,5,21,0,1,50000,40,52,1.0,1,01,2905.0,50000,51700,1,1,1,"Other Media and Communication Equipment Workers (broadcast/sound/AV/lighting techs, combined - PUMS does not separately identify 'sound engineering technician')"
2021HU1240412,03,01909,48,1193241,11,17,6,5,14,79000,1,0,40,26,6.0,1,01,2700.0,79000,79000,1,2,6,Actors
2021HU1241535,01,04502,48,1193241,24,34,1,1,21,0,2,44000,37,52,1.0,1,01,2634.0,44000,44000,1,2,1,Graphic Designers
2021HU1241602,02,04604,48,1193241,31,40,7,1,22,0,2,15000,15,20,1.0,1,01,2740.0,15000,15000,1,2,6,Dancers and Choreographers
2021HU1241988,02,01901,48,1193241,57,44,3,1,21,0,1,82000,40,52,1.0,1,01,2710.0,82000,82000,1,2,1,Producers and Directors
2021HU1242111,01,02509,48,1193241,11,31,1,5,21,0,1,51000,52,52,1.0,1,01,2710.0,51000,55700,1,2,1,Producers and Directors
2021HU1242720,03,05201,48,1193241,50,27,1,5,21,0,1,400,54,7,1.0,2,02,2700.0,400,400,2,2,9,Actors
2021HU1245416,02,03306,48,1193241,13,72,2,1,24,0,1,4500,5,1,1.0,1,01,2752.0,4500,44200,2,1,1,Musicians and Singers
2021HU1246509,02,04904,48,1193241,21,60,1,1,16,0,1,12000,40,52,1.0,1,01,2905.0,12000,22400,1,2,1,"Other Media and Communication Equipment Workers (broadcast/sound/AV/lighting techs, combined - PUMS does not separately identify 'sound engineering technician')"
2021HU1248376,01,02505,48,1193241,11,33,6,1,21,10000,1,0,40,16,3.0,2,19,2752.0,10000,10000,2,2,9,Musicians and Singers
2021HU1248593,01,05304,48,1193241,14,39,6,5,21,90000,1,0,50,40,2.0,1,01,2710.0,90000,90000,1,2,1,Producers and Directors
2021HU1249609,02,07200,48,1193241,13,70,1,1,21,0,1,0,,,6.0,1,01,2634.0,0,13800,2,1,1,Graphic Designers
2021HU1250176,01,02305,48,1193241,63,36,5,1,20,0,2,85000,40,52,1.0,1,02,2850.0,85000,85000,1,2,9,Writers and Authors
2021HU1252707,01,01400,48,1193241,64,48,1,1,19,0,1,96000,40,52,1.0,1,02,2710.0,96000,96000,1,2,9,Producers and Directors
2021HU1253636,02,04902,48,1193241,12,43,1,1,21,0,1,50000,40,52,1.0,1,02,2634.0,50000,50000,1,2,9,Graphic Designers
2021HU1254728,01,06805,48,1193241,48,30,1,1,21,0,2,0,,,6.0,1,02,2740.0,0,0,2,1,1,Dancers and Choreographers
2021HU1254732,01,05304,48,1193241,12,43,4,1,21,0,1,46000,40,52,1.0,1,01,2634.0,46000,46000,1,2,1,Graphic Designers
2021HU1257679,01,05303,48,1193241,22,36,1,1,21,0,2,500,6,2,1.0,1,01,2850.0,500,500,1,2,1,Writers and Authors
2021HU1260653,01,03501,48,1193241,15,27,1,5,16,0,2,5000,40,52,1.0,2,01,2850.0,5000,5000,2,2,2,Writers and Authors
2021HU1260678,02,04501,48,1193241,24,36,6,5,16,1800,1,0,6,4,1.0,2,01,2752.0,1800,1800,2,2,6,Musicians and Singers
2021HU1262580,01,06603,48,1193241,46,38,1,5,16,0,1,25000,35,52,1.0,2,02,2910.0,25000,25000,2,2,9,Photographers
2021HU1263323,02,06500,48,1193241,8,72,2,1,22,0,2,6400,10,36,1.0,1,01,2752.0,6400,18400,2,1,1,Musicians and Singers
2021HU1264495,01,04601,48,1193241,46,59,2,1,19,0,2,15000,20,52,1.0,1,01,2751.0,15000,15000,1,2,1,Music Directors and Composers
2021HU1265174,01,05305,48,1193241,10,47,6,1,22,65000,2,0,32,52,1.0,1,01,2850.0,65000,65000,1,2,1,Writers and Authors
2021HU1265398,02,02102,48,1193241,16,31,2,1,19,0,2,3000,4,12,1.0,1,07,2752.0,3000,3000,1,2,8,Musicians and Singers
2021HU1267713,02,05201,48,1193241,13,74,1,1,20,0,1,0,,,6.0,1,08,2910.0,0,57100,2,1,8,Photographers
2021HU1268102,01,02507,48,1193241,11,45,5,1,21,0,2,65000,40,52,1.0,1,01,2850.0,65000,65000,1,2,1,Writers and Authors
2021HU1269379,02,06701,48,1193241,47,38,8,1,22,0,1,15000,15,4,1.0,1,01,2850.0,15000,27000,1,2,1,Writers and Authors
2021HU1269498,01,05911,48,1193241,18,28,6,5,21,2000,2,0,2,10,3.0,1,01,2850.0,2000,2000,1,2,1,Writers and Authors
2021HU1270333,01,04100,48,1193241,11,54,6,1,22,600,1,0,20,52,1.0,1,01,2850.0,600,600,1,2,1,Writers and Authors
2021HU1273374,03,03308,48,1193241,2,17,5,5,14,0,1,46300,12,52,1.0,1,02,2740.0,46300,47060,1,2,3,Dancers and Choreographers
2021HU1275312,01,04702,48,1193241,62,31,6,5,21,4000,2,0,15,52,1.0,1,01,2850.0,4000,4000,1,2,1,Writers and Authors
2021HU1275765,02,05100,48,1193241,3,63,6,1,19,0,2,0,,,6.0,1,01,2910.0,0,4000,1,2,1,Photographers
2021HU1277133,01,02314,48,1193241,79,52,6,1,01,24000,1,0,40,52,1.0,1,02,2634.0,24000,24000,1,2,9,Graphic Designers
2021HU1277426,02,02313,48,1193241,15,32,7,1,21,0,1,60000,45,52,1.0,1,01,2710.0,60000,60000,1,2,1,Producers and Directors
2021HU1277964,01,02002,48,1193241,6,70,6,1,19,0,1,0,,,6.0,1,01,2710.0,0,27100,2,1,1,Producers and Directors
2021HU1277964,02,02002,48,1193241,6,56,1,1,21,0,2,22000,24,18,1.0,1,01,2905.0,22000,46000,1,2,1,"Other Media and Communication Equipment Workers (broadcast/sound/AV/lighting techs, combined - PUMS does not separately identify 'sound engineering technician')"
2021HU1278649,02,04624,48,1193241,25,33,1,5,21,0,1,31500,40,35,1.0,1,01,2634.0,31500,31500,1,2,1,Graphic Designers
2021HU1280314,02,04610,48,1193241,54,31,1,1,16,0,1,0,,,6.0,2,01,2634.0,0,0,2,2,2,Graphic Designers
2021HU1280372,01,02516,48,1193241,158,37,2,1,19,0,2,30000,40,52,1.0,1,01,2710.0,30000,30000,1,2,2,Producers and Directors
2021HU1280372,02,02516,48,1193241,177,36,2,1,21,29000,1,55000,40,52,1.0,1,01,2905.0,84000,84000,1,2,2,"Other Media and Communication Equipment Workers (broadcast/sound/AV/lighting techs, combined - PUMS does not separately identify 'sound engineering technician')"
2021HU1281155,02,00501,48,1193241,33,57,6,1,19,0,1,0,,,6.0,1,01,2752.0,0,20,1,2,1,Musicians and Singers
2021HU1281155,03,00501,48,1193241,70,24,1,5,18,0,1,11700,38,52,1.0,1,01,2710.0,11700,11700,1,2,1,Producers and Directors
2021HU1281753,02,04635,48,1193241,28,26,1,5,21,0,1,64000,40,40,3.0,1,01,2634.0,64000,86000,1,2,1,Graphic Designers
2021HU1282101,02,04616,48,1193241,13,63,1,3,21,0,2,8000,40,48,1.0,1,01,2700.0,8000,11000,1,2,1,Actors
2021HU1283029,02,05401,48,1193241,19,35,1,1,21,0,2,1000,12,15,1.0,1,01,2850.0,1000,1000,1,2,1,Writers and Authors
2021HU1283106,01,02514,48,1193241,17,57,1,1,19,0,1,95000,40,52,1.0,1,02,2905.0,95000,95000,1,2,3,"Other Media and Communication Equipment Workers (broadcast/sound/AV/lighting techs, combined - PUMS does not separately identify 'sound engineering technician')"
2021HU1283745,01,01902,48,1193241,18,52,7,1,18,0,1,0,,,6.0,1,01,2905.0,0,0,1,2,1,"Other Media and Communication Equipment Workers (broadcast/sound/AV/lighting techs, combined - PUMS does not separately identify 'sound engineering technician')"
2021HU1285104,01,02318,48,1193241,8,58,6,1,18,800,2,0,15,52,1.0,1,01,2850.0,800,72800,1,2,1,Writers and Authors
2021HU1286183,02,04624,48,1193241,18,61,1,1,16,0,1,0,,,6.0,1,24,2905.0,0,20000,1,2,9,"Other Media and Communication Equipment Workers (broadcast/sound/AV/lighting techs, combined - PUMS does not separately identify 'sound engineering technician')"
2021HU1286504,01,04603,48,1193241,17,46,2,1,21,0,2,9500,40,52,1.0,1,01,2634.0,9500,9500,1,2,6,Graphic Designers
2021HU1286936,02,04701,48,1193241,8,58,6,1,19,3500,2,0,40,12,3.0,1,01,2634.0,3500,23500,1,2,1,Graphic Designers
2021HU1287310,01,06603,48,1193241,11,52,1,3,19,0,1,0,,,6.0,1,01,2910.0,0,12400,2,1,1,Photographers
2021HU1288783,02,02001,48,1193241,15,52,1,1,21,0,2,90000,40,52,1.0,1,01,2710.0,90000,90000,1,2,2,Producers and Directors
2021HU1289295,03,06702,48,1193241,13,29,6,5,21,0,1,0,,,6.0,1,02,2905.0,0,0,1,2,1,"Other Media and Communication Equipment Workers (broadcast/sound/AV/lighting techs, combined - PUMS does not separately identify 'sound engineering technician')"
2021HU1292037,01,02900,48,1193241,12,30,1,1,21,0,2,50000,40,52,1.0,1,01,2634.0,50000,50000,1,2,1,Graphic Designers
2021HU1295075,02,01904,48,1193241,51,36,2,1,21,0,2,14500,10,52,1.0,1,01,2752.0,14500,14500,1,2,1,Musicians and Singers
2021HU1295533,02,05303,48,1193241,11,35,6,1,22,26000,1,0,20,26,1.0,1,01,2905.0,26000,44000,1,2,1,"Other Media and Communication Equipment Workers (broadcast/sound/AV/lighting techs, combined - PUMS does not separately identify 'sound engineering technician')"
2021HU1301698,01,02316,48,1193241,40,37,1,3,19,0,2,35600,40,44,6.0,2,01,2850.0,35600,35600,2,2,9,Writers and Authors
2021HU1303556,02,05401,48,1193241,28,32,6,1,22,35000,2,0,50,52,1.0,1,01,2850.0,35000,35100,1,2,1,Writers and Authors
2021HU1303685,02,02320,48,1193241,24,28,1,5,21,0,2,55000,40,52,1.0,1,01,2634.0,55000,55000,1,2,1,Graphic Designers
2021HU1304346,01,05915,48,1193241,37,25,2,5,19,2000,1,45000,45,52,1.0,1,02,2751.0,47000,47000,1,2,1,Music Directors and Composers
2021HU1309082,02,07402,48,1193241,22,60,2,1,21,2900,1,56000,15,52,1.0,1,01,2752.0,58900,74100,1,2,1,Musicians and Singers
2021HU1310394,02,00700,48,1193241,11,41,6,1,21,-2000,2,2000,40,52,1.0,1,01,2850.0,1,1,1,2,1,Writers and Authors
2021HU1310508,01,05000,48,1193241,56,27,1,5,21,0,1,50000,44,52,1.0,1,02,2905.0,50000,50000,1,2,9,"Other Media and Communication Equipment Workers (broadcast/sound/AV/lighting techs, combined - PUMS does not separately identify 'sound engineering technician')"
2021HU1313647,02,02200,48,1193241,22,45,6,1,19,300,2,0,2,3,6.0,1,01,2910.0,300,300,1,2,1,Photographers
2021HU1314564,01,04501,48,1193241,32,46,6,1,20,6500,1,0,40,52,1.0,1,01,2710.0,6500,6500,1,2,1,Producers and Directors
2021HU1317096,01,03802,48,1193241,31,58,5,1,20,0,1,76000,40,52,1.0,1,02,2634.0,76000,112000,1,1,3,Graphic Designers
2021HU1317834,01,02516,48,1193241,4,49,6,1,23,3000,1,0,8,20,1.0,1,01,2752.0,3000,3000,1,2,1,Musicians and Singers
2021HU1319946,03,02319,48,1193241,14,22,6,5,21,1500,1,20000,40,50,1.0,1,01,2710.0,21500,21600,1,2,1,Producers and Directors
2021HU1322696,02,02501,48,1193241,14,57,1,1,24,0,2,170000,40,52,1.0,1,01,2850.0,170000,170000,1,2,1,Writers and Authors
2021HU1323234,01,01907,48,1193241,9,61,1,1,21,0,1,120000,40,52,1.0,1,01,2850.0,120000,120000,1,2,1,Writers and Authors
2021HU1323499,03,02322,48,1193241,9,29,1,5,19,0,1,500,20,2,3.0,2,01,2905.0,500,500,2,2,1,"Other Media and Communication Equipment Workers (broadcast/sound/AV/lighting techs, combined - PUMS does not separately identify 'sound engineering technician')"
2021HU1325045,01,04603,48,1193241,15,31,1,1,21,0,2,80000,40,52,1.0,1,01,2910.0,80000,80120,1,2,1,Photographers
2021HU1326185,01,02004,48,1193241,7,28,1,5,21,0,1,88000,38,52,1.0,1,01,2905.0,88000,88000,1,2,1,"Other Media and Communication Equipment Workers (broadcast/sound/AV/lighting techs, combined - PUMS does not separately identify 'sound engineering technician')"
2021HU1329460,01,02312,48,1193241,30,51,7,1,16,0,1,40000,20,52,1.0,1,01,2910.0,40000,40000,1,1,1,Photographers
2021HU1330003,01,00800,48,1193241,6,56,7,1,21,0,1,30000,99,52,1.0,1,01,2850.0,30000,30020,1,2,1,Writers and Authors
2021HU1331549,01,06805,48,1193241,17,46,6,5,21,4000,1,0,1,41,1.0,1,02,2700.0,4000,28000,1,2,9,Actors
2021HU1331693,02,05303,48,1193241,10,63,6,1,19,4000,1,360,20,52,1.0,1,01,2634.0,4360,25260,1,2,1,Graphic Designers
2021HU1331780,02,05306,48,1193241,12,42,1,1,21,0,2,55000,40,52,1.0,1,01,2634.0,55000,55000,1,2,1,Graphic Designers
2021HU1332684,01,04616,48,1193241,6,34,6,5,21,13000,2,0,25,12,3.0,1,01,2910.0,13000,36000,1,2,6,Photographers
2021HU1332865,02,06805,48,1193241,19,35,6,1,19,25000,1,0,25,20,1.0,1,01,2910.0,25000,25000,1,2,1,Photographers
2021HU1333836,03,01100,48,1193241,6,23,1,5,21,0,2,24000,40,52,1.0,1,01,2634.0,24000,24000,1,2,3,Graphic Designers
2021HU1337047,06,03900,48,1193241,1,54,6,3,18,0,1,0,,,3.0,2,02,2752.0,0,0,2,2,9,Musicians and Singers
2021HU1341622,03,04301,48,1193241,62,47,1,1,19,0,2,30000,40,52,1.0,2,01,2850.0,30000,30000,2,2,6,Writers and Authors
2021HU1343776,01,02513,48,1193241,22,57,2,5,22,0,1,100000,40,52,1.0,1,01,2752.0,100000,100000,1,2,1,Musicians and Singers
2021HU1344048,02,04501,48,1193241,163,53,6,1,19,73000,2,0,40,52,1.0,1,01,2850.0,73000,73000,1,2,1,Writers and Authors
2021HU1344152,01,02318,48,1193241,8,47,6,1,19,75000,1,0,24,52,1.0,1,01,2700.0,75000,75000,1,2,1,Actors
2021HU1348203,01,05308,48,1193241,4,41,3,1,21,0,2,56000,30,52,1.0,1,01,2850.0,56000,56000,1,2,1,Writers and Authors
2021HU1350403,01,04640,48,1193241,16,55,7,1,16,0,2,30000,50,52,1.0,1,01,2634.0,30000,31200,1,2,1,Graphic Designers
2021HU1352801,02,06805,48,1193241,39,53,6,1,20,0,1,0,,,6.0,2,02,2634.0,0,9000,2,2,9,Graphic Designers
2021HU1353361,01,02101,48,1193241,7,35,6,1,21,3600,2,4400,2,26,1.0,2,01,2910.0,8000,8000,2,2,1,Photographers
2021HU1356912,01,06301,48,1193241,35,38,6,1,20,20000,2,0,30,52,1.0,1,02,2740.0,20000,20000,2,1,9,Dancers and Choreographers
2021HU1357155,02,03306,48,1193241,26,26,6,5,21,1600,1,0,8,52,1.0,2,02,2850.0,1600,1600,2,2,9,Writers and Authors
2021HU1361516,01,02309,48,1193241,19,68,1,5,19,0,2,41800,40,52,1.0,1,01,2634.0,41800,39800,1,2,1,Graphic Designers
2021HU1362365,01,05303,48,1193241,12,35,6,5,18,20000,1,0,40,51,1.0,2,02,2850.0,20000,20000,2,2,8,Writers and Authors
2021HU1362365,02,05303,48,1193241,18,35,6,5,22,27000,2,0,40,52,1.0,2,01,2850.0,27000,27000,2,2,2,Writers and Authors
2021HU1365406,01,02700,48,1193241,16,75,2,1,16,0,1,1900,36,1,1.0,1,01,2752.0,1900,10900,1,1,2,Musicians and Singers
2021HU1368030,01,00501,48,1193241,35,26,1,5,20,0,1,12000,30,52,1.0,1,01,2850.0,12000,16000,1,2,1,Writers and Authors
2021HU1371064,01,05910,48,1193241,14,77,6,2,19,3800,1,0,24,52,1.0,1,02,2752.0,3800,8740,2,1,9,Musicians and Singers
2021HU1371412,03,00900,48,1193241,8,19,1,5,16,0,2,4500,15,12,6.0,1,01,2634.0,4500,4500,1,2,1,Graphic Designers
2021HU1373086,02,01100,48,1193241,17,63,2,1,19,0,2,10500,5,52,1.0,1,01,2751.0,10500,21100,1,2,1,Music Directors and Composers
2021HU1376112,02,02309,48,1193241,19,61,6,1,21,7000,2,14000,3,21,1.0,1,02,2700.0,21000,21000,1,2,9,Actors
2021HU1376470,01,04604,48,1193241,12,83,6,2,21,32000,2,0,30,52,1.0,1,01,2850.0,32000,49600,2,1,1,Writers and Authors
2021HU1377732,02,01907,48,1193241,77,51,1,1,16,0,1,50000,40,52,1.0,1,07,2710.0,50000,50000,1,2,9,Producers and Directors
2021HU1379700,01,02313,48,1193241,15,44,7,1,21,355000,2,90000,70,52,1.0,1,01,2850.0,445000,445000,1,2,1,Writers and Authors
2021HU1383280,01,02004,48,1193241,13,50,2,1,19,0,1,95000,40,52,1.0,1,01,2710.0,95000,95700,1,2,1,Producers and Directors
2021HU1385196,05,05800,48,1193241,23,29,2,1,21,0,2,0,,,3.0,2,01,2634.0,0,37090,2,2,1,Graphic Designers
2021HU1389984,03,00700,48,1193241,3,20,1,5,19,0,2,1400,28,2,6.0,2,01,2910.0,1400,1400,2,2,1,Photographers
2021HU1390053,01,05904,48,1193241,13,29,1,5,21,0,2,66000,40,52,1.0,1,01,2634.0,66000,66000,1,2,1,Graphic Designers
2021HU1390056,02,01908,48,1193241,13,45,3,1,22,0,2,75000,40,52,1.0,1,01,2634.0,75000,75000,1,2,6,Graphic Designers
2021HU1390628,02,04502,48,1193241,31,62,6,1,24,50000,1,0,40,52,1.0,1,01,2850.0,50000,50000,1,2,9,Writers and Authors
2021HU1394111,06,05903,48,1193241,10,32,1,1,19,7000,2,4800,20,24,1.0,1,02,2910.0,11800,11800,1,2,1,Photographers
2021HU1397233,02,01905,48,1193241,11,57,6,1,19,0,1,0,,,3.0,1,16,2910.0,0,-300,1,1,9,Photographers
2021HU1400460,01,05304,48,1193241,31,27,6,5,16,3400,1,0,20,35,3.0,2,01,2751.0,3400,3400,2,2,1,Music Directors and Composers
2021HU1402214,01,05306,48,1193241,18,60,1,1,21,2000,1,6000,20,12,6.0,1,01,2752.0,8000,22000,1,2,1,Musicians and Singers
2021HU1402392,01,07401,48,1193241,11,41,2,5,16,0,1,56000,24,52,3.0,2,01,2752.0,56000,56000,2,2,1,Musicians and Singers
2021HU1402621,01,05906,48,1193241,46,67,6,1,19,0,1,0,,,3.0,1,02,2910.0,0,7000,1,1,8,Photographers
2021HU1402680,02,02003,48,1193241,22,30,6,1,21,-8400,2,0,12,38,6.0,2,01,2752.0,-8400,-8400,2,2,1,Musicians and Singers
2021HU1403380,05,05305,48,1193241,16,20,3,5,19,0,2,5000,30,10,1.0,1,01,2634.0,5000,5000,1,2,1,Graphic Designers
2021HU1403538,01,04627,48,1193241,77,34,6,5,21,3000,2,0,4,48,1.0,1,01,2710.0,3000,3000,1,2,2,Producers and Directors
2021HU1403844,02,05204,48,1193241,5,51,6,1,19,4000,2,0,5,4,1.0,1,01,2910.0,4000,4000,1,2,1,Photographers
2021HU1405105,01,01400,48,1193241,17,67,2,3,21,0,2,70000,40,52,1.0,1,01,2634.0,70000,101000,1,1,1,Graphic Designers
2021HU1406930,02,04603,48,1193241,15,33,6,1,21,20000,1,0,50,52,1.0,1,01,2905.0,20000,20000,1,2,1,"Other Media and Communication Equipment Workers (broadcast/sound/AV/lighting techs, combined - PUMS does not separately identify 'sound engineering technician')"
2021HU1407947,01,04701,48,1193241,66,37,7,1,21,0,2,9400,8,10,6.0,1,01,2910.0,9400,9400,1,2,1,Photographers
2021HU1408752,03,05202,48,1193241,24,28,1,5,21,0,1,29800,35,40,1.0,2,01,2910.0,29800,29800,2,2,1,Photographers
2021HU1409867,02,02003,48,1193241,19,68,2,1,21,0,2,0,,,6.0,1,01,2850.0,0,7500,2,1,1,Writers and Authors
2021HU1409963,02,05303,48,1193241,14,41,1,1,19,1500,1,78000,45,52,1.0,1,01,2850.0,79500,79500,1,2,1,Writers and Authors
2021HU1409983,02,04616,48,1193241,11,43,6,1,22,30000,1,0,20,48,1.0,1,01,2634.0,30000,36500,1,2,1,Graphic Designers
2021HU1410170,02,02505,48,1193241,33,69,1,1,21,0,1,2000,4,52,2.0,1,01,2910.0,2000,26000,1,1,1,Photographers
2021HU1412914,01,02001,48,1193241,93,34,1,3,19,0,1,73000,36,52,1.0,2,01,2740.0,73000,73000,2,2,2,Dancers and Choreographers
2021HU1413087,01,05910,48,1193241,10,34,1,5,21,0,1,12300,20,48,1.0,2,01,2700.0,12300,27000,2,2,1,Actors
2022GQ0007455,01,02700,48,1117193,1,46,6,3,24,12500,1,0,50,30,6.0,2,01,2850.0,12500,12500,2,2,9,Writers and Authors
2022GQ0019039,01,07401,48,1117193,8,18,3,5,16,0,1,8000,8,16,6.0,1,02,2910.0,8000,8000,2,1,1,Photographers
2022GQ0022334,01,03600,48,1117193,11,22,1,5,19,0,2,10400,45,52,2.0,1,01,2634.0,10400,10400,1,2,1,Graphic Designers
2022GQ0023080,01,01300,48,1117193,4,23,6,5,20,0,1,0,,,6.0,1,01,2910.0,0,0,2,1,2,Photographers
2022GQ0026691,01,00400,48,1117193,11,18,3,5,16,0,1,8000,8,16,6.0,1,02,2910.0,8000,8000,2,1,1,Photographers
2022GQ0030555,01,03502,48,1117193,11,24,6,5,16,2000,1,0,5,52,6.0,2,08,2751.0,2000,2000,2,2,8,Music Directors and Composers
2022GQ0031189,01,07401,48,1117193,13,18,3,5,16,0,1,8000,8,16,6.0,1,02,2910.0,8000,8000,2,1,1,Photographers
2022GQ0031663,01,02005,48,1117193,11,21,4,5,19,0,2,12000,25,12,1.0,1,01,2634.0,12000,12000,1,2,1,Graphic Designers
2022GQ0034038,01,07500,48,1117193,9,23,1,5,19,0,1,4000,45,44,6.0,2,01,2910.0,4000,4000,2,2,2,Photographers
2022GQ0037017,01,03700,48,1117193,3,23,2,5,19,0,1,537000,45,52,6.0,1,24,2752.0,537000,537000,1,1,8,Musicians and Singers
2022GQ0037457,01,07401,48,1117193,10,18,3,5,16,0,1,8000,8,16,6.0,1,02,2910.0,8000,8000,2,1,1,Photographers
2022GQ0039651,01,05306,48,1117193,16,23,2,5,19,0,1,220,45,52,6.0,1,24,2752.0,220,220,1,1,8,Musicians and Singers
2022GQ0040860,01,05402,48,1117193,11,20,4,5,18,0,2,12000,25,12,1.0,1,01,2634.0,12000,12000,1,2,1,Graphic Designers
2022GQ0042130,01,01300,48,1117193,11,23,6,5,20,0,1,0,,,6.0,1,01,2910.0,0,0,2,1,2,Photographers
2022GQ0055251,01,03400,48,1117193,13,53,3,3,18,0,2,9600,35,52,6.0,2,01,2634.0,9600,9600,2,2,1,Graphic Designers
2022GQ0055840,01,04603,48,1117193,11,21,1,5,19,0,2,3000,20,32,6.0,1,01,2751.0,3000,3000,1,2,1,Music Directors and Composers
2022GQ0058272,01,02005,48,1117193,9,21,4,5,19,0,2,12000,25,12,1.0,1,01,2634.0,12000,12000,1,2,1,Graphic Designers
2022GQ0059062,01,06000,48,1117193,3,70,6,3,17,0,1,0,,,6.0,1,01,2850.0,0,22500,1,1,1,Writers and Authors
2022GQ0067558,01,06100,48,1117193,10,70,6,3,19,0,1,0,,,6.0,1,01,2850.0,0,22500,1,1,1,Writers and Authors
2022GQ0072479,01,02312,48,1117193,7,20,1,5,19,0,1,2000,4,8,2.0,1,01,2850.0,2000,12000,1,2,1,Writers and Authors
2022GQ0084326,01,04604,48,1117193,5,21,1,5,19,0,2,3000,20,32,6.0,1,01,2751.0,3000,3000,1,2,1,Music Directors and Composers
2022GQ0093618,01,04603,48,1117193,6,19,2,5,16,0,2,7000,20,2,1.0,1,01,2850.0,7000,7000,1,2,1,Writers and Authors
2022GQ0097583,01,04400,48,1117193,5,26,1,5,18,0,2,0,,,6.0,2,01,2740.0,0,0,2,2,2,Dancers and Choreographers
2022GQ0099442,01,05000,48,1117193,2,31,1,5,20,0,1,18000,50,18,6.0,2,01,2752.0,18000,18000,2,2,2,Musicians and Singers
2022GQ0110899,01,02005,48,1117193,11,20,4,5,18,0,2,12000,25,12,1.0,1,01,2634.0,12000,12000,1,2,1,Graphic Designers
2022GQ0111601,01,07500,48,1117193,5,23,1,5,19,0,1,4000,45,44,6.0,2,01,2910.0,4000,4000,2,2,2,Photographers
2022GQ0112491,01,02005,48,1117193,5,20,4,5,19,0,2,12000,25,12,1.0,1,01,2634.0,12000,12000,1,2,2,Graphic Designers
2022GQ0118554,01,02312,48,1117193,11,20,1,5,19,0,1,2000,4,8,2.0,1,01,2850.0,2000,12000,1,2,1,Writers and Authors
2022GQ0119953,01,02005,48,1117193,9,20,4,5,18,0,2,12000,25,12,1.0,1,01,2634.0,12000,12000,1,2,1,Graphic Designers
2022GQ0122332,01,02005,48,1117193,5,20,4,5,19,0,2,12000,25,12,1.0,1,01,2634.0,12000,12000,1,2,2,Graphic Designers
2022GQ0122760,01,06000,48,1117193,18,70,6,3,17,0,1,0,,,6.0,1,01,2850.0,0,22500,1,1,1,Writers and Authors
2022GQ0127926,01,06000,48,1117193,7,70,6,3,17,0,1,0,,,6.0,1,01,2850.0,0,22500,1,1,1,Writers and Authors
2022GQ0138877,01,02515,48,1117193,57,21,6,5,13,2000,1,0,5,52,6.0,2,01,2751.0,2000,2000,2,2,2,Music Directors and Composers
2022GQ0139449,01,05700,48,1117193,10,23,6,5,17,2000,1,0,5,52,6.0,2,08,2751.0,2000,2000,2,2,8,Music Directors and Composers
2022GQ0142454,01,02005,48,1117193,7,22,1,5,19,0,2,10400,45,52,2.0,1,01,2634.0,10400,10400,1,2,1,Graphic Designers
2022GQ0142830,01,04603,48,1117193,11,21,1,5,19,0,2,3000,20,32,6.0,1,01,2751.0,3000,3000,1,2,1,Music Directors and Composers
2022GQ0150787,01,02005,48,1117193,5,21,4,5,19,0,2,12000,25,12,1.0,1,01,2634.0,12000,12000,1,2,1,Graphic Designers
2022GQ0154692,01,04000,48,1117193,10,20,4,5,19,0,2,12000,25,12,1.0,1,01,2634.0,12000,12000,1,2,2,Graphic Designers
2022GQ0156034,01,02515,48,1117193,55,23,6,5,17,2000,1,0,5,52,6.0,2,08,2751.0,2000,2000,2,2,8,Music Directors and Composers
2022GQ0158326,01,02514,48,1117193,1,21,6,5,13,2000,1,0,5,52,6.0,2,01,2751.0,2000,2000,2,2,2,Music Directors and Composers
2022GQ0166742,01,03400,48,1117193,1,53,3,3,18,0,2,9600,35,52,6.0,2,01,2634.0,9600,9600,2,2,1,Graphic Designers
2022GQ0168367,01,02312,48,1117193,10,20,1,5,19,0,1,2000,4,8,2.0,1,01,2850.0,2000,12000,1,2,1,Writers and Authors
2022HU0000660,01,05307,48,1117193,21,40,1,1,21,0,1,65000,40,52,1.0,1,01,2710.0,65000,65000,1,2,1,Producers and Directors
2022HU0000911,02,05306,48,1117193,12,59,7,1,21,0,2,7500,60,52,1.0,1,01,2910.0,7500,30500,1,2,1,Photographers
2022HU0001389,01,01902,48,1117193,12,45,7,1,22,0,1,140000,40,52,1.0,1,01,2850.0,140000,140850,1,2,6,Writers and Authors
2022HU0003296,01,06603,48,1117193,58,43,3,1,21,0,1,75000,40,52,1.0,1,02,2634.0,75000,75000,1,2,9,Graphic Designers
2022HU0004656,01,01200,48,1117193,7,40,6,1,16,0,2,0,,,6.0,1,01,2850.0,0,12000,1,1,7,Writers and Authors
2022HU0004859,02,02313,48,1117193,13,56,1,1,21,0,2,72000,47,52,1.0,1,01,2634.0,72000,72000,1,2,1,Graphic Designers
2022HU0005774,02,04701,48,1117193,5,65,2,1,20,0,2,32000,40,52,1.0,1,01,2751.0,32000,52000,1,1,1,Music Directors and Composers
2022HU0006712,01,01901,48,1117193,12,59,1,1,21,0,1,74000,32,52,1.0,1,01,2710.0,74000,74000,1,2,1,Producers and Directors
2022HU0006730,01,02512,48,1117193,70,22,1,5,16,0,2,38000,40,52,1.0,1,01,2634.0,38000,38000,1,2,1,Graphic Designers
2022HU0006745,02,01904,48,1117193,6,61,2,1,18,0,2,1400,15,2,6.0,1,01,2710.0,1400,1400,1,2,1,Producers and Directors
2022HU0007452,01,01600,48,1117193,10,50,1,1,22,0,2,25000,40,52,1.0,2,01,2634.0,25000,25000,2,2,1,Graphic Designers
2022HU0007844,02,02318,48,1117193,9,43,1,1,21,0,2,800,10,4,6.0,2,01,2700.0,800,800,2,2,6,Actors
2022HU0008124,03,04636,48,1117193,9,25,1,5,21,0,2,45000,48,52,1.0,1,01,2634.0,45000,45000,1,2,1,Graphic Designers
2022HU0008389,01,05304,48,1117193,71,25,8,5,21,0,2,1200,5,4,2.0,2,02,2910.0,1200,1200,2,2,9,Photographers
2022HU0011973,01,05916,48,1117193,17,61,6,1,21,0,2,0,,,6.0,1,01,2850.0,0,2500,1,2,1,Writers and Authors
2022HU0012511,01,04615,48,1117193,22,24,6,5,01,20000,2,0,40,52,1.0,2,02,2740.0,20000,20000,2,2,8,Dancers and Choreographers
2022HU0012702,02,01800,48,1117193,2,41,4,1,22,0,1,64000,40,52,1.0,1,01,2850.0,64000,64000,1,2,1,Writers and Authors
2022HU0015381,01,02301,48,1117193,12,47,6,5,21,30000,2,0,50,52,1.0,1,01,2910.0,30000,30000,1,2,2,Photographers
2022HU0016081,01,02503,48,1117193,17,41,3,1,21,0,1,500,45,4,1.0,1,01,2850.0,500,500,1,2,2,Writers and Authors
2022HU0016282,02,05401,48,1117193,14,59,6,1,19,15000,1,0,45,52,1.0,1,01,2850.0,15000,15000,1,2,1,Writers and Authors
2022HU0017255,01,04302,48,1117193,8,61,1,5,19,0,1,42000,80,52,1.0,1,01,2910.0,42000,42000,1,2,2,Photographers
2022HU0017630,01,04503,48,1117193,39,30,2,1,20,8000,1,50000,40,52,1.0,1,02,2634.0,58000,58000,1,2,9,Graphic Designers
2022HU0018140,02,02102,48,1117193,22,29,1,1,19,0,1,85000,45,52,1.0,2,02,2905.0,85000,85000,2,2,9,"Other Media and Communication Equipment Workers (broadcast/sound/AV/lighting techs, combined - PUMS does not separately identify 'sound engineering technician')"
2022HU0019409,01,01902,48,1117193,50,55,2,1,21,0,2,120000,55,52,1.0,1,01,2850.0,120000,120000,1,2,1,Writers and Authors
2022HU0019493,02,03000,48,1117193,11,34,6,1,20,22000,2,0,20,52,1.0,1,01,2910.0,22000,22000,1,2,1,Photographers
2022HU0019931,03,07200,48,1117193,2,60,1,3,20,0,2,24000,20,52,1.0,1,01,2634.0,24000,24000,1,2,1,Graphic Designers
2022HU0021036,01,04601,48,1117193,9,65,1,5,19,0,1,750,8,10,3.0,1,01,2905.0,750,16750,2,1,2,"Other Media and Communication Equipment Workers (broadcast/sound/AV/lighting techs, combined - PUMS does not separately identify 'sound engineering technician')"
2022HU0021297,01,01907,48,1117193,10,40,6,1,18,19900,2,0,40,50,1.0,1,01,2634.0,19900,19900,1,2,8,Graphic Designers
2022HU0021658,02,03306,48,1117193,24,46,5,1,22,0,2,65000,40,52,4.0,1,01,2752.0,65000,65000,1,2,1,Musicians and Singers
2022HU0021700,01,02312,48,1117193,27,25,1,5,21,0,2,50000,40,52,1.0,1,01,2634.0,50000,50000,1,2,1,Graphic Designers
2022HU0022654,01,05202,48,1117193,9,58,1,3,21,0,2,45100,40,52,1.0,1,01,2634.0,45100,45100,1,2,1,Graphic Designers
2022HU0022657,01,05304,48,1117193,29,32,1,5,22,0,2,50000,40,52,1.0,1,02,2850.0,50000,50000,1,2,9,Writers and Authors
2022HU0023051,01,04503,48,1117193,9,66,6,1,19,1500,1,1500,1,12,6.0,1,01,2910.0,3000,31000,1,1,1,Photographers
2022HU0024938,02,02514,48,1117193,27,31,1,5,19,0,2,5000,16,12,1.0,1,01,2740.0,5000,5000,2,1,1,Dancers and Choreographers
2022HU0027945,01,02005,48,1117193,13,33,1,5,21,0,1,80000,40,52,1.0,1,01,2710.0,80000,140000,1,2,1,Producers and Directors
2022HU0029045,02,04601,48,1117193,10,47,1,3,20,0,2,24000,40,52,1.0,1,02,2850.0,24000,24000,1,2,8,Writers and Authors
2022HU0029970,02,03400,48,1117193,6,69,1,1,21,0,1,5000,10,48,1.0,1,01,2850.0,5000,31200,1,1,1,Writers and Authors
2022HU0037689,01,05201,48,1117193,8,64,2,1,23,0,2,400,2,6,6.0,1,01,2752.0,400,400,1,2,1,Musicians and Singers
2022HU0037689,03,05201,48,1117193,10,40,1,5,19,0,1,45000,60,52,1.0,1,01,2905.0,45000,45000,1,2,1,"Other Media and Communication Equipment Workers (broadcast/sound/AV/lighting techs, combined - PUMS does not separately identify 'sound engineering technician')"
2022HU0038062,02,00501,48,1117193,6,83,2,1,21,800,2,34000,10,52,1.0,1,01,2752.0,34800,72300,1,1,1,Musicians and Singers
2022HU0038087,02,05401,48,1117193,34,53,1,1,21,0,1,140000,50,52,1.0,1,01,2850.0,140000,140000,1,2,1,Writers and Authors
2022HU0038305,01,02319,48,1117193,9,30,1,1,24,0,2,60000,50,52,1.0,1,01,2634.0,60000,60000,1,2,6,Graphic Designers
2022HU0039993,02,02315,48,1117193,40,26,1,5,21,0,2,41000,40,52,1.0,1,01,2634.0,41000,41000,1,2,1,Graphic Designers
2022HU0040078,01,07402,48,1117193,16,73,2,1,22,0,2,1100,1,7,1.0,1,01,2752.0,1100,39400,2,1,1,Musicians and Singers
2022HU0040829,01,02307,48,1117193,6,46,2,1,24,25000,1,160000,15,52,1.0,1,01,2752.0,185000,195000,1,2,9,Musicians and Singers
2022HU0040829,02,02307,48,1117193,14,45,2,1,22,0,2,105000,30,52,1.0,1,01,2752.0,105000,105000,1,2,1,Musicians and Singers
2022HU0041180,01,05000,48,1117193,8,41,6,1,21,35000,2,0,15,52,1.0,1,01,2850.0,35000,35000,1,2,1,Writers and Authors
2022HU0044724,02,05902,48,1117193,7,72,6,1,19,1200,1,0,4,20,1.0,1,01,2752.0,1200,6000,2,1,1,Musicians and Singers
2022HU0045047,03,03600,48,1117193,18,20,4,5,19,0,2,2700,9,36,1.0,1,01,2910.0,2700,2700,1,2,1,Photographers
2022HU0045575,02,05901,48,1117193,15,64,6,1,20,128000,1,0,40,52,1.0,1,02,2910.0,128000,137700,1,2,8,Photographers
2022HU0046065,02,02320,48,1117193,113,30,7,5,16,20,2,20000,20,26,1.0,1,23,2740.0,20020,20020,2,1,9,Dancers and Choreographers
2022HU0047004,01,05906,48,1117193,12,38,6,1,19,25000,1,0,60,52,1.0,1,02,2634.0,25000,25000,1,2,9,Graphic Designers
2022HU0047080,02,04601,48,1117193,19,43,1,1,22,0,2,68000,50,52,1.0,1,01,2850.0,68000,68000,1,2,6,Writers and Authors
2022HU0047761,01,02101,48,1117193,18,42,1,1,21,0,1,86000,40,52,1.0,1,01,2850.0,86000,86500,1,2,1,Writers and Authors
2022HU0050273,02,02312,48,1117193,10,59,1,1,21,0,2,0,,,6.0,1,01,2910.0,0,0,1,2,1,Photographers
2022HU0051137,02,01901,48,1117193,9,51,1,1,21,0,1,68000,40,52,1.0,1,01,2634.0,68000,68000,1,2,1,Graphic Designers
2022HU0051390,05,01903,48,1117193,47,50,6,3,21,25000,1,0,25,48,1.0,2,02,2752.0,25000,22600,2,2,8,Musicians and Singers
2022HU0051644,02,02005,48,1117193,21,40,1,1,21,700,2,2000,15,6,3.0,1,01,2700.0,2700,2700,1,2,1,Actors
2022HU0052616,02,05904,48,1117193,28,46,6,1,22,0,1,0,,,6.0,1,02,2700.0,0,0,1,2,9,Actors
2022HU0060442,01,04627,48,1117193,34,31,1,5,21,0,2,0,,,3.0,2,01,2905.0,0,0,2,2,2,"Other Media and Communication Equipment Workers (broadcast/sound/AV/lighting techs, combined - PUMS does not separately identify 'sound engineering technician')"
2022HU0061630,02,02102,48,1117193,2,62,1,5,20,0,1,0,,,6.0,1,01,2634.0,0,0,1,2,1,Graphic Designers
2022HU0062311,02,05308,48,1117193,24,25,1,5,21,0,2,40000,40,52,1.0,1,02,2910.0,40000,40000,1,2,1,Photographers
2022HU0064673,02,02309,48,1117193,9,71,6,1,21,8500,2,0,14,30,6.0,1,01,2634.0,8500,22500,2,1,1,Graphic Designers
2022HU0065107,02,02514,48,1117193,9,69,2,1,22,0,2,5500,2,48,1.0,1,01,2752.0,5500,35500,1,1,1,Musicians and Singers
2022HU0067486,01,01907,48,1117193,19,53,6,1,20,40000,1,0,40,52,1.0,1,01,2752.0,40000,40000,1,2,9,Musicians and Singers
2022HU0067486,02,01907,48,1117193,22,42,2,1,21,0,2,54000,45,52,1.0,1,01,2710.0,54000,56000,1,2,1,Producers and Directors
2022HU0069782,02,02005,48,1117193,32,70,6,1,22,40000,1,0,30,30,1.0,1,01,2752.0,40000,66000,1,1,1,Musicians and Singers
2022HU0070167,02,02006,48,1117193,4,40,6,1,19,25000,2,0,30,45,1.0,2,01,2850.0,25000,25000,2,2,1,Writers and Authors
2022HU0071329,05,02003,48,1117193,14,66,6,1,22,28000,1,0,48,52,1.0,1,01,2634.0,28000,38800,1,1,1,Graphic Designers
2022HU0074872,01,03600,48,1117193,11,67,6,3,21,0,2,0,,,6.0,1,01,2634.0,0,40500,2,1,1,Graphic Designers
2022HU0075257,02,02309,48,1117193,10,50,6,1,22,20000,2,5000,40,52,1.0,1,01,2700.0,25000,25000,1,2,1,Actors
2022HU0076101,02,00300,48,1117193,17,34,4,1,22,0,2,45000,40,52,1.0,1,01,2634.0,45000,45000,1,2,1,Graphic Designers
2022HU0077098,01,02400,48,1117193,2,35,6,1,21,50000,2,0,40,52,1.0,1,01,2910.0,50000,59900,1,2,1,Photographers
2022HU0077500,02,04903,48,1117193,10,64,7,1,22,0,1,45000,50,52,1.0,1,01,2634.0,45000,45000,1,2,1,Graphic Designers
2022HU0077530,07,04636,48,1117193,18,27,1,5,21,0,2,45000,40,52,1.0,2,01,2634.0,45000,45000,2,2,6,Graphic Designers
2022HU0078398,01,06807,48,1117193,10,32,6,3,19,35000,1,0,40,52,1.0,2,24,2905.0,35000,35000,2,2,9,"Other Media and Communication Equipment Workers (broadcast/sound/AV/lighting techs, combined - PUMS does not separately identify 'sound engineering technician')"
2022HU0078721,02,07402,48,1117193,18,40,3,1,22,0,2,50000,40,52,1.0,1,21,2751.0,50000,50000,1,2,9,Music Directors and Composers
2022HU0085411,01,04616,48,1117193,10,92,1,2,21,0,1,175000,54,52,2.0,1,01,2700.0,175000,226000,1,1,1,Actors
2022HU0085646,02,04620,48,1117193,39,58,7,1,16,0,1,45000,50,52,1.0,1,02,2710.0,45000,50000,1,2,9,Producers and Directors
2022HU0085742,02,05401,48,1117193,5,50,7,1,17,0,1,50000,60,52,1.0,2,01,2910.0,50000,50000,2,2,1,Photographers
2022HU0085854,01,06702,48,1117193,16,28,1,5,20,0,1,20000,60,52,1.0,2,02,2905.0,20000,20000,2,2,9,"Other Media and Communication Equipment Workers (broadcast/sound/AV/lighting techs, combined - PUMS does not separately identify 'sound engineering technician')"
2022HU0089348,01,04601,48,1117193,16,35,1,1,22,0,2,180000,50,52,1.0,1,01,2710.0,180000,180000,1,2,1,Producers and Directors
2022HU0089444,03,05306,48,1117193,17,26,1,5,21,0,2,55000,40,52,1.0,1,01,2850.0,55000,81000,1,2,1,Writers and Authors
2022HU0089962,01,02509,48,1117193,12,71,2,3,22,0,2,0,,,6.0,1,01,2752.0,0,51710,1,1,1,Musicians and Singers
2022HU0090859,02,00501,48,1117193,7,24,2,5,21,0,2,0,,,6.0,1,01,2850.0,0,0,1,2,6,Writers and Authors
2022HU0095932,04,02311,48,1117193,6,16,6,5,13,5000,2,0,10,20,1.0,1,01,2634.0,5000,5000,1,2,1,Graphic Designers
2022HU0096314,01,01100,48,1117193,38,61,1,1,20,0,1,40000,40,52,1.0,1,01,2710.0,40000,40000,1,2,1,Producers and Directors
2022HU0097115,02,04503,48,1117193,12,44,1,1,21,0,2,0,,,6.0,1,01,2634.0,0,0,1,2,1,Graphic Designers
2022HU0097616,01,05301,48,1117193,10,41,2,1,22,0,2,24000,20,52,1.0,1,01,2700.0,24000,34000,1,2,1,Actors
2022HU0097616,02,05301,48,1117193,14,52,2,1,19,0,1,130000,40,52,1.0,1,01,2710.0,130000,130000,1,2,2,Producers and Directors
2022HU0099345,02,05100,48,1117193,5,54,1,5,19,0,1,62000,40,52,1.0,1,01,2905.0,62000,62000,1,2,3,"Other Media and Communication Equipment Workers (broadcast/sound/AV/lighting techs, combined - PUMS does not separately identify 'sound engineering technician')"
2022HU0100574,02,05308,48,1117193,12,49,6,1,21,43000,2,0,40,52,1.0,1,01,2634.0,43000,43000,1,2,1,Graphic Designers
2022HU0102972,01,02302,48,1117193,40,59,1,5,21,0,1,18000,30,52,1.0,2,01,2752.0,18000,18000,2,2,2,Musicians and Singers
2022HU0103121,01,00502,48,1117193,7,58,1,1,18,0,1,10700,20,25,1.0,1,01,2700.0,10700,42600,1,1,1,Actors
2022HU0105192,03,06801,48,1117193,31,19,1,5,16,0,1,59000,35,52,3.0,1,01,2850.0,59000,59000,2,1,2,Writers and Authors
2022HU0105285,03,05909,48,1117193,11,32,2,5,21,0,2,17900,40,52,1.0,1,02,2634.0,17900,17900,1,2,9,Graphic Designers
2022HU0106093,01,00300,48,1117193,3,51,1,1,20,0,2,0,,,6.0,1,01,2710.0,0,0,1,2,3,Producers and Directors
2022HU0107092,01,04904,48,1117193,8,38,6,1,19,800,1,0,24,20,1.0,1,02,2634.0,800,800,1,2,6,Graphic Designers
2022HU0107325,01,04602,48,1117193,27,32,2,5,21,0,1,75000,40,52,1.0,1,01,2850.0,75000,75000,1,2,1,Writers and Authors
2022HU0107499,01,05911,48,1117193,18,56,6,1,24,0,1,0,,,6.0,1,01,2850.0,0,0,1,2,1,Writers and Authors
2022HU0107832,01,00800,48,1117193,13,37,6,1,21,3000,2,0,15,30,6.0,1,01,2910.0,3000,3000,1,2,1,Photographers
2022HU0108567,01,02307,48,1117193,12,32,6,1,16,25000,1,0,40,52,1.0,1,01,2751.0,25000,26000,1,2,1,Music Directors and Composers
2022HU0110415,02,02312,48,1117193,43,32,6,1,21,36000,2,0,70,52,1.0,1,01,2850.0,36000,51000,1,2,1,Writers and Authors
2022HU0110992,01,02515,48,1117193,12,33,6,5,21,96000,1,0,40,52,1.0,1,02,2905.0,96000,96200,1,2,9,"Other Media and Communication Equipment Workers (broadcast/sound/AV/lighting techs, combined - PUMS does not separately identify 'sound engineering technician')"
2022HU0112631,01,05800,48,1117193,45,54,2,1,16,4500,1,2000,2,20,1.0,1,01,2910.0,6500,6500,1,2,1,Photographers
2022HU0113677,01,02308,48,1117193,33,52,7,1,21,0,1,45000,70,48,2.0,2,01,2910.0,45000,45000,2,2,1,Photographers
2022HU0113678,01,05305,48,1117193,3,67,7,1,21,0,1,16000,40,52,1.0,1,01,2634.0,16000,16000,2,1,1,Graphic Designers
2022HU0115277,02,05204,48,1117193,20,35,1,1,21,0,2,20000,40,10,6.0,1,01,2634.0,20000,20000,1,2,6,Graphic Designers
2022HU0115800,02,05203,48,1117193,14,49,1,1,21,0,1,100000,40,52,1.0,1,01,2634.0,100000,100000,1,2,1,Graphic Designers
2022HU0116670,03,00502,48,1117193,5,18,2,5,19,0,1,950,15,15,3.0,1,01,2905.0,950,950,1,2,1,"Other Media and Communication Equipment Workers (broadcast/sound/AV/lighting techs, combined - PUMS does not separately identify 'sound engineering technician')"
2022HU0120212,02,00501,48,1117193,45,16,1,5,12,0,1,21900,15,25,1.0,1,02,2905.0,21900,21900,2,1,9,"Other Media and Communication Equipment Workers (broadcast/sound/AV/lighting techs, combined - PUMS does not separately identify 'sound engineering technician')"
2022HU0121069,02,02600,48,1117193,4,62,1,3,18,0,2,4000,8,46,1.0,1,01,2850.0,4000,16000,1,2,1,Writers and Authors
2022HU0121492,01,02515,48,1117193,54,26,1,1,21,0,2,48000,45,52,1.0,1,01,2710.0,48000,48000,1,2,1,Producers and Directors
2022HU0123719,03,05912,48,1117193,17,18,2,5,15,0,2,100,2,1,1.0,1,24,2752.0,100,100,1,2,9,Musicians and Singers
2022HU0123967,01,04613,48,1117193,7,26,2,5,21,0,2,25000,40,35,2.0,1,01,2710.0,25000,25000,1,2,1,Producers and Directors
2022HU0124156,02,04633,48,1117193,8,36,7,1,22,0,2,0,,,6.0,1,02,2634.0,0,0,1,2,9,Graphic Designers
2022HU0124841,01,04000,48,1117193,15,29,1,5,21,0,1,5600,10,24,1.0,1,01,2905.0,5600,5600,1,2,1,"Other Media and Communication Equipment Workers (broadcast/sound/AV/lighting techs, combined - PUMS does not separately identify 'sound engineering technician')"
2022HU0124910,01,05305,48,1117193,10,77,1,5,19,0,1,60000,20,15,1.0,1,01,2700.0,60000,80000,1,1,1,Actors
2022HU0126356,01,01502,48,1117193,16,47,6,1,16,14400,1,0,40,52,1.0,1,02,2752.0,14400,14400,1,2,8,Musicians and Singers
2022HU0127713,01,00501,48,1117193,18,30,6,5,24,3500,1,25100,30,45,1.0,2,01,2752.0,28600,28600,2,2,1,Musicians and Singers
2022HU0130266,01,01501,48,1117193,16,42,6,5,18,0,2,0,,,3.0,2,01,2850.0,0,3320,2,2,2,Writers and Authors
2022HU0131281,02,02502,48,1117193,19,34,7,5,16,0,1,30000,40,35,1.0,2,01,2910.0,30000,30000,2,2,1,Photographers
2022HU0131684,01,04601,48,1117193,19,61,1,5,21,0,1,80000,30,52,1.0,1,01,2634.0,80000,80000,1,2,1,Graphic Designers
2022HU0133124,01,02200,48,1117193,7,45,1,1,18,0,2,37600,40,52,3.0,1,01,2910.0,37600,37600,1,2,1,Photographers
2022HU0134340,01,02306,48,1117193,23,51,2,5,21,0,2,50000,40,29,1.0,1,24,2710.0,50000,50450,1,2,9,Producers and Directors
2022HU0135447,01,04628,48,1117193,19,52,6,1,22,23500,1,0,20,52,1.0,2,01,2634.0,23500,30600,2,2,1,Graphic Designers
2022HU0136398,01,04621,48,1117193,8,54,1,1,23,0,1,100000,40,52,1.0,1,01,2850.0,100000,130000,1,2,8,Writers and Authors
2022HU0137905,01,02311,48,1117193,11,34,1,1,21,0,2,70000,40,52,1.0,1,01,2634.0,70000,70000,1,2,1,Graphic Designers
2022HU0138222,01,04400,48,1117193,35,52,1,3,16,0,1,75000,40,52,1.0,1,01,2905.0,75000,75000,1,2,2,"Other Media and Communication Equipment Workers (broadcast/sound/AV/lighting techs, combined - PUMS does not separately identify 'sound engineering technician')"
2022HU0138779,02,02302,48,1117193,11,61,2,1,22,0,2,3000,12,4,6.0,1,01,2752.0,3000,3000,1,2,1,Musicians and Singers
2022HU0141703,03,05905,48,1117193,13,24,6,5,20,100,2,0,15,52,3.0,2,02,2850.0,100,100,2,2,9,Writers and Authors
2022HU0142056,02,00900,48,1117193,12,59,1,1,21,5000,1,60000,50,52,1.0,1,01,2634.0,65000,65000,1,2,1,Graphic Designers
2022HU0143225,02,04000,48,1117193,14,42,4,1,23,2600,1,69000,50,52,1.0,1,01,2710.0,71600,71630,1,2,1,Producers and Directors
2022HU0144834,01,04605,48,1117193,14,57,6,1,20,15000,1,0,42,30,1.0,1,02,2752.0,15000,15000,2,1,9,Musicians and Singers
2022HU0144834,02,04605,48,1117193,12,48,6,1,19,5200,2,0,14,14,1.0,1,02,2905.0,5200,5200,2,1,9,"Other Media and Communication Equipment Workers (broadcast/sound/AV/lighting techs, combined - PUMS does not separately identify 'sound engineering technician')"
2022HU0144915,02,05303,48,1117193,28,26,1,1,21,0,1,55000,40,52,1.0,1,01,2634.0,55000,55000,1,2,1,Graphic Designers
2022HU0146532,02,02312,48,1117193,19,32,2,1,21,0,2,50000,40,52,1.0,1,01,2751.0,50000,50000,1,2,1,Music Directors and Composers
2022HU0147692,03,04631,48,1117193,5,42,6,5,21,12000,2,200,6,12,6.0,2,01,2910.0,12200,19400,2,2,1,Photographers
2022HU0148351,02,04802,48,1117193,6,40,6,1,20,30000,1,0,40,52,1.0,1,01,2910.0,30000,30000,1,2,1,Photographers
2022HU0149599,01,05914,48,1117193,23,63,1,1,22,0,2,5000,10,25,1.0,1,01,2700.0,5000,77000,1,1,1,Actors
2022HU0149955,02,05909,48,1117193,17,65,6,3,01,30000,1,0,28,52,1.0,1,02,2634.0,30000,47400,2,1,8,Graphic Designers
2022HU0151886,05,04637,48,1117193,16,34,2,1,20,0,2,5200,3,52,1.0,2,04,2752.0,5200,5200,2,2,9,Musicians and Singers
2022HU0153109,01,04613,48,1117193,10,76,6,1,22,3200,1,0,3,52,1.0,1,01,2752.0,3200,59100,1,1,9,Musicians and Singers
2022HU0153822,03,04801,48,1117193,14,29,1,5,21,0,1,48000,50,52,1.0,1,02,2910.0,48000,48000,1,2,9,Photographers
2022HU0155877,01,03307,48,1117193,14,26,6,1,20,35000,1,0,40,52,1.0,2,02,2905.0,35000,35000,2,2,9,"Other Media and Communication Equipment Workers (broadcast/sound/AV/lighting techs, combined - PUMS does not separately identify 'sound engineering technician')"
2022HU0156065,01,02700,48,1117193,7,56,1,3,18,0,1,35000,45,42,1.0,1,01,2910.0,35000,35000,1,2,1,Photographers
2022HU0157830,01,02503,48,1117193,13,53,1,5,19,0,1,78000,50,52,1.0,1,01,2634.0,78000,78000,1,2,1,Graphic Designers
2022HU0157992,01,02511,48,1117193,11,55,1,1,21,18000,1,100000,40,52,1.0,1,01,2634.0,118000,118000,1,2,1,Graphic Designers
2022HU0158477,01,02509,48,1117193,10,68,1,5,22,0,1,7700,3,52,1.0,1,01,2752.0,7700,59900,2,1,1,Musicians and Singers
2022HU0158715,01,05203,48,1117193,9,35,1,1,22,0,2,73000,40,52,1.0,1,02,2634.0,73000,73000,1,2,9,Graphic Designers
2022HU0158876,01,02313,48,1117193,10,42,1,1,21,0,1,0,,,3.0,1,02,2634.0,0,0,1,2,9,Graphic Designers
2022HU0159016,01,07402,48,1117193,8,70,2,3,21,0,2,1100,1,7,1.0,1,01,2752.0,1100,39400,2,1,1,Musicians and Singers
2022HU0162321,01,05907,48,1117193,14,60,1,3,19,0,2,7000,8,40,1.0,1,01,2700.0,7000,83400,1,1,1,Actors
2022HU0163504,02,02320,48,1117193,16,37,1,1,21,0,2,90000,45,52,1.0,1,01,2710.0,90000,90000,1,2,1,Producers and Directors
2022HU0165209,02,01904,48,1117193,17,31,1,1,21,0,1,50000,40,52,1.0,1,01,2710.0,50000,50000,1,2,1,Producers and Directors
2022HU0166291,01,02003,48,1117193,38,53,6,3,21,26300,1,0,3,1,6.0,2,01,2752.0,26300,33100,2,2,9,Musicians and Singers
2022HU0167392,01,04906,48,1117193,19,33,6,1,21,10000,2,0,7,44,1.0,1,01,2910.0,10000,50000,1,2,1,Photographers
2022HU0167729,02,02102,48,1117193,3,59,1,1,16,0,1,45000,40,48,1.0,2,01,2905.0,45000,45000,2,2,1,"Other Media and Communication Equipment Workers (broadcast/sound/AV/lighting techs, combined - PUMS does not separately identify 'sound engineering technician')"
2022HU0168409,01,05911,48,1117193,22,47,6,1,22,37100,2,0,25,50,1.0,1,01,2752.0,37100,37100,1,2,1,Musicians and Singers
2022HU0168409,02,05911,48,1117193,19,56,2,1,21,67000,1,9800,25,50,1.0,1,01,2752.0,76800,77020,1,2,1,Musicians and Singers
2022HU0169200,02,05306,48,1117193,20,33,4,1,24,0,1,60000,40,52,1.0,1,01,2850.0,60000,60000,1,2,1,Writers and Authors
2022HU0170292,02,04628,48,1117193,16,23,6,5,19,1500,1,0,28,48,1.0,2,01,2700.0,1500,1500,2,2,1,Actors
2022HU0170539,02,04801,48,1117193,50,25,1,5,21,0,2,55000,40,52,1.0,1,01,2850.0,55000,81000,1,2,1,Writers and Authors
2022HU0173673,01,04633,48,1117193,19,44,6,1,20,6000,2,0,40,52,1.0,1,01,2634.0,6000,6000,1,2,1,Graphic Designers
2022HU0173909,01,05202,48,1117193,14,65,3,3,22,0,2,6700,8,12,6.0,1,01,2752.0,6700,53700,1,1,1,Musicians and Singers
2022HU0175749,04,04635,48,1117193,11,30,1,5,21,0,2,40000,40,52,1.0,1,01,2634.0,40000,40000,1,2,1,Graphic Designers
2022HU0176689,02,04604,48,1117193,19,48,1,5,16,0,1,48000,88,52,1.0,2,02,2910.0,48000,48000,2,2,9,Photographers
2022HU0177518,02,04613,48,1117193,11,34,2,5,21,1000,1,4000,25,20,1.0,2,13,2700.0,5000,5000,2,2,1,Actors
2022HU0177619,01,06301,48,1117193,30,60,2,5,19,10800,1,7300,40,52,1.0,1,01,2634.0,18100,18100,1,2,1,Graphic Designers
2022HU0180413,01,02504,48,1117193,56,54,1,1,20,0,2,60000,40,52,1.0,1,01,2710.0,60000,60000,1,2,2,Producers and Directors
2022HU0182364,02,02315,48,1117193,14,49,6,3,21,367000,1,0,50,52,1.0,1,01,2910.0,367000,369000,1,2,1,Photographers
2022HU0182757,01,03000,48,1117193,18,32,7,1,16,0,2,72000,40,52,1.0,1,01,2910.0,72000,72000,1,2,1,Photographers
2022HU0183588,02,04613,48,1117193,31,43,1,1,20,2400,1,54000,40,52,1.0,1,01,2634.0,56400,56400,1,2,2,Graphic Designers
2022HU0183622,01,02514,48,1117193,22,37,6,1,21,60000,1,0,30,30,1.0,1,01,2910.0,60000,60000,1,2,1,Photographers
2022HU0184316,01,02200,48,1117193,14,63,1,2,19,0,2,0,,,6.0,1,01,2910.0,0,41500,2,1,1,Photographers
2022HU0185232,02,00501,48,1117193,9,27,4,1,21,0,2,40000,40,52,1.0,1,01,2634.0,40000,40000,1,2,1,Graphic Designers
2022HU0185493,13,04502,48,1117193,10,29,7,5,21,0,2,150000,20,52,1.0,1,01,2910.0,150000,150000,1,2,1,Photographers
2022HU0188718,02,05202,48,1117193,5,36,6,1,21,28000,1,0,30,52,1.0,1,01,2710.0,28000,28000,1,2,1,Producers and Directors
2022HU0189028,01,04302,48,1117193,19,51,6,3,19,18500,1,0,40,12,6.0,1,01,2910.0,18500,19500,1,2,1,Photographers
2022HU0191672,02,00900,48,1117193,94,53,7,1,21,0,1,200000,50,52,1.0,1,01,2700.0,200000,202400,1,2,1,Actors
2022HU0192645,01,02508,48,1117193,20,25,1,5,21,0,2,45000,40,52,1.0,1,01,2634.0,45000,45000,1,2,1,Graphic Designers
2022HU0198508,01,04627,48,1117193,20,30,1,1,21,0,2,47500,40,52,1.0,1,01,2634.0,47500,47500,1,2,1,Graphic Designers
2022HU0199176,02,03100,48,1117193,11,38,6,1,20,0,2,0,,,6.0,1,01,2910.0,0,0,1,2,1,Photographers
2022HU0199272,01,05914,48,1117193,2,69,1,1,22,0,1,1200,2,6,1.0,1,01,2752.0,1200,2204,1,2,1,Musicians and Singers
2022HU0200396,02,06805,48,1117193,7,29,6,5,21,5000,1,0,10,40,1.0,2,02,2634.0,5000,5000,2,2,9,Graphic Designers
2022HU0201342,01,03501,48,1117193,15,36,5,3,21,0,1,70000,40,52,4.0,1,02,2752.0,70000,70000,1,2,1,Musicians and Singers
2022HU0202391,01,05402,48,1117193,33,25,6,5,21,7000,1,8100,30,52,1.0,1,01,2905.0,15100,15100,1,2,1,"Other Media and Communication Equipment Workers (broadcast/sound/AV/lighting techs, combined - PUMS does not separately identify 'sound engineering technician')"
2022HU0202627,01,05306,48,1117193,29,42,6,3,21,30000,2,0,30,52,1.0,1,02,2752.0,30000,30360,1,2,1,Musicians and Singers
2022HU0203041,01,04604,48,1117193,15,71,6,5,21,30000,1,0,20,52,1.0,1,01,2752.0,30000,106000,1,1,1,Musicians and Singers
2022HU0204121,01,02504,48,1117193,16,47,7,1,18,0,1,20000,20,52,1.0,1,11,2634.0,20000,20000,1,1,9,Graphic Designers
2022HU0205264,01,02307,48,1117193,46,60,6,1,16,20000,1,0,25,52,1.0,2,02,2752.0,20000,20000,2,2,8,Musicians and Singers
2022HU0206146,01,04601,48,1117193,22,24,6,5,22,12000,2,3000,37,52,1.0,1,01,2752.0,15000,15000,1,2,6,Musicians and Singers
2022HU0207503,01,03600,48,1117193,11,63,1,1,19,0,2,2800,20,16,3.0,1,01,2850.0,2800,65800,1,2,1,Writers and Authors
2022HU0208660,01,06702,48,1117193,15,41,6,1,20,12000,1,0,8,20,1.0,1,02,2910.0,12000,22800,2,1,1,Photographers
2022HU0209845,02,02005,48,1117193,12,50,1,1,19,0,1,70000,45,52,1.0,1,01,2905.0,70000,70000,1,2,1,"Other Media and Communication Equipment Workers (broadcast/sound/AV/lighting techs, combined - PUMS does not separately identify 'sound engineering technician')"
2022HU0214750,02,05304,48,1117193,60,35,1,5,21,0,1,80000,50,52,1.0,1,01,2905.0,80000,80000,1,2,1,"Other Media and Communication Equipment Workers (broadcast/sound/AV/lighting techs, combined - PUMS does not separately identify 'sound engineering technician')"
2022HU0215460,02,05202,48,1117193,11,38,6,1,21,-7300,2,300,40,52,1.0,1,01,2850.0,-7000,-7000,1,2,1,Writers and Authors
2022HU0215596,01,00700,48,1117193,40,24,1,5,14,0,2,7500,30,52,1.0,2,01,2740.0,7500,7500,2,2,2,Dancers and Choreographers
2022HU0215851,02,02200,48,1117193,4,30,1,1,21,0,2,40000,40,52,1.0,1,01,2634.0,40000,40000,1,2,1,Graphic Designers
2022HU0216150,01,01905,48,1117193,9,36,6,1,21,70000,2,0,55,52,1.0,1,01,2910.0,70000,70000,1,1,1,Photographers
2022HU0216501,02,05309,48,1117193,7,74,7,3,15,0,1,0,,,6.0,1,01,2752.0,0,7200,1,1,1,Musicians and Singers
2022HU0217870,01,04611,48,1117193,12,62,1,5,19,0,1,100000,50,52,1.0,1,01,2634.0,100000,100000,1,2,1,Graphic Designers
2022HU0222410,01,02312,48,1117193,32,44,1,1,21,0,1,120000,40,52,1.0,1,01,2634.0,120000,120000,1,2,1,Graphic Designers
2022HU0223205,01,05307,48,1117193,39,45,6,1,22,100000,1,0,45,52,1.0,1,01,2910.0,100000,100000,1,2,1,Photographers
2022HU0225919,01,05302,48,1117193,35,43,1,1,22,0,1,71000,40,52,1.0,1,02,2634.0,71000,71000,1,2,9,Graphic Designers
2022HU0229794,01,05905,48,1117193,9,46,3,1,21,0,1,38000,40,52,1.0,1,02,2905.0,38000,40000,1,2,8,"Other Media and Communication Equipment Workers (broadcast/sound/AV/lighting techs, combined - PUMS does not separately identify 'sound engineering technician')"
2022HU0229824,01,06805,48,1117193,11,21,6,5,18,26000,1,0,30,52,1.0,2,02,2910.0,26000,26000,2,2,1,Photographers
2022HU0230041,02,04000,48,1117193,60,21,1,5,19,0,2,25000,30,35,1.0,1,01,2634.0,25000,25000,1,2,1,Graphic Designers
2022HU0230329,02,04621,48,1117193,16,35,1,1,21,0,2,65000,40,50,1.0,1,01,2634.0,65000,65000,1,2,1,Graphic Designers
2022HU0230615,01,02311,48,1117193,5,76,6,1,21,0,2,0,,,6.0,1,01,2850.0,0,29500,1,1,1,Writers and Authors
2022HU0231891,01,02512,48,1117193,27,32,1,5,21,0,2,24500,40,52,1.0,1,01,2850.0,24500,24500,1,2,1,Writers and Authors
2022HU0236207,01,02319,48,1117193,46,57,2,1,19,0,1,95000,65,52,1.0,1,01,2905.0,95000,95000,1,2,2,"Other Media and Communication Equipment Workers (broadcast/sound/AV/lighting techs, combined - PUMS does not separately identify 'sound engineering technician')"
2022HU0237822,02,05308,48,1117193,13,25,6,5,21,60000,1,0,40,52,1.0,1,01,2850.0,60000,60000,1,2,1,Writers and Authors
2022HU0238429,02,04400,48,1117193,45,41,6,5,18,20,1,0,40,40,6.0,2,02,2710.0,20,20,2,2,9,Producers and Directors
2022HU0239407,01,04609,48,1117193,10,62,2,1,22,0,2,90000,40,52,1.0,1,01,2751.0,90000,111000,1,2,1,Music Directors and Composers
2022HU0240398,01,02318,48,1117193,13,39,6,1,22,2500,1,0,40,52,1.0,1,01,2850.0,2500,2500,1,2,2,Writers and Authors
2022HU0241046,01,04612,48,1117193,9,71,6,3,19,34400,2,0,50,52,1.0,1,01,2850.0,34400,49830,2,1,1,Writers and Authors
2022HU0241243,02,05302,48,1117193,16,32,7,1,22,7000,2,7000,40,52,1.0,1,02,2634.0,14000,14000,1,2,8,Graphic Designers
2022HU0242740,01,05908,48,1117193,49,42,6,4,18,0,2,0,,,6.0,2,01,2850.0,0,12000,2,2,6,Writers and Authors
2022HU0245705,01,06301,48,1117193,7,25,1,5,20,0,2,10000,20,52,1.0,1,02,2710.0,10000,10000,1,2,1,Producers and Directors
2022HU0245918,01,04614,48,1117193,28,30,1,5,21,0,2,48000,60,52,1.0,1,16,2634.0,48000,48000,1,2,8,Graphic Designers
2022HU0245977,02,01901,48,1117193,6,56,1,1,21,0,2,6400,50,16,6.0,1,02,2700.0,6400,6400,1,2,1,Actors
2022HU0246487,01,04601,48,1117193,12,38,1,5,19,0,1,37400,40,52,1.0,1,01,2905.0,37400,37400,1,2,1,"Other Media and Communication Equipment Workers (broadcast/sound/AV/lighting techs, combined - PUMS does not separately identify 'sound engineering technician')"
2022HU0249484,02,02507,48,1117193,10,71,2,1,22,0,2,10800,12,52,1.0,1,01,2751.0,10800,28000,2,1,1,Music Directors and Composers
2022HU0251343,02,02002,48,1117193,20,53,1,1,21,1300,2,2500,12,26,6.0,1,01,2910.0,3800,3800,1,2,9,Photographers
2022HU0252284,01,05915,48,1117193,20,40,6,1,21,50000,1,0,30,25,6.0,1,01,2850.0,50000,50000,1,2,1,Writers and Authors
2022HU0253950,01,05902,48,1117193,16,69,2,1,22,0,2,63000,45,52,1.0,1,01,2752.0,63000,72000,2,1,1,Musicians and Singers
2022HU0254380,01,04902,48,1117193,11,43,2,1,23,0,1,125000,50,52,1.0,1,01,2850.0,125000,125490,1,2,6,Writers and Authors
2022HU0257967,05,04702,48,1117193,6,48,1,1,22,-7300,1,42000,40,52,1.0,1,01,2634.0,34700,34700,1,2,9,Graphic Designers
2022HU0258325,01,05307,48,1117193,36,43,1,1,19,0,1,50000,50,52,1.0,1,01,2634.0,50000,50000,1,2,1,Graphic Designers
2022HU0258569,02,05309,48,1117193,5,64,2,3,22,0,2,0,,,6.0,1,01,2850.0,0,72000,1,2,1,Writers and Authors
2022HU0258749,02,05100,48,1117193,19,38,1,1,19,0,2,4000,16,20,1.0,1,01,2700.0,4000,4000,1,2,1,Actors
2022HU0259095,01,02318,48,1117193,7,67,1,1,18,0,1,35000,50,52,1.0,1,01,2910.0,35000,40100,1,1,1,Photographers
2022HU0259552,01,03310,48,1117193,15,44,6,3,20,8000,1,0,30,48,3.0,2,02,2710.0,8000,8000,2,2,9,Producers and Directors
2022HU0260279,01,04616,48,1117193,5,71,1,3,21,0,2,0,,,6.0,1,01,2850.0,0,21700,2,1,1,Writers and Authors
2022HU0261789,02,02321,48,1117193,11,43,1,1,22,0,1,100000,40,52,1.0,1,01,2634.0,100000,100400,1,2,6,Graphic Designers
2022HU0262102,01,02513,48,1117193,23,32,2,5,21,0,2,8000,12,52,1.0,2,01,2700.0,8000,8000,2,2,1,Actors
2022HU0262102,02,02513,48,1117193,22,30,1,5,21,2000,1,12000,20,52,1.0,2,01,2700.0,14000,14000,2,2,1,Actors
2022HU0262117,02,04631,48,1117193,10,31,1,5,21,0,1,45000,40,52,1.0,1,01,2634.0,45000,45000,1,2,6,Graphic Designers
2022HU0264241,01,01907,48,1117193,12,40,6,1,20,0,2,0,,,6.0,1,01,2850.0,0,12000,1,2,6,Writers and Authors
2022HU0265310,01,04615,48,1117193,11,35,1,1,21,4000,1,45000,40,52,1.0,1,01,2850.0,49000,49000,1,2,1,Writers and Authors
2022HU0265566,02,05308,48,1117193,11,36,2,1,22,0,2,59000,40,52,1.0,1,01,2850.0,59000,59000,1,2,1,Writers and Authors
2022HU0266992,01,03600,48,1117193,14,36,7,1,21,15000,2,15000,30,40,1.0,1,01,2910.0,30000,34000,1,1,1,Photographers
2022HU0267520,01,06603,48,1117193,15,42,3,3,21,0,2,57000,40,52,1.0,1,01,2751.0,57000,57000,1,2,1,Music Directors and Composers
2022HU0268278,01,02312,48,1117193,14,27,1,5,21,0,2,1400,8,52,1.0,1,01,2634.0,1400,3200,1,2,1,Graphic Designers
2022HU0268332,01,04631,48,1117193,10,48,1,1,21,0,2,59000,40,52,1.0,1,01,2634.0,59000,59000,1,2,1,Graphic Designers
2022HU0268402,01,02511,48,1117193,13,26,1,1,21,0,1,33800,72,52,1.0,2,02,2905.0,33800,33800,2,2,9,"Other Media and Communication Equipment Workers (broadcast/sound/AV/lighting techs, combined - PUMS does not separately identify 'sound engineering technician')"
2022HU0268843,03,06701,48,1117193,13,17,1,5,15,0,1,500,25,6,1.0,1,02,2905.0,500,500,1,2,1,"Other Media and Communication Equipment Workers (broadcast/sound/AV/lighting techs, combined - PUMS does not separately identify 'sound engineering technician')"
2022HU0268954,01,05308,48,1117193,21,43,6,1,21,0,2,0,,,6.0,1,01,2634.0,0,0,1,2,1,Graphic Designers
2022HU0269557,01,04604,48,1117193,7,69,6,2,21,30000,1,30000,30,52,1.0,1,01,2910.0,60000,117000,2,1,1,Photographers
2022HU0270059,01,02900,48,1117193,20,48,4,1,20,0,1,8000,20,52,1.0,1,23,2710.0,8000,17000,1,1,9,Producers and Directors
2022HU0271269,02,01901,48,1117193,15,26,1,5,21,450,1,41000,40,52,1.0,1,01,2850.0,41450,41450,1,2,1,Writers and Authors
2022HU0274534,02,00900,48,1117193,15,65,7,2,10,0,1,0,,,6.0,1,01,2752.0,0,16800,2,1,1,Musicians and Singers
2022HU0276483,02,04803,48,1117193,10,33,6,5,17,20000,1,0,40,52,1.0,1,01,2752.0,20000,20000,2,1,1,Musicians and Singers
2022HU0277147,01,05401,48,1117193,19,41,1,1,22,0,2,63000,40,52,1.0,1,01,2850.0,63000,63000,1,2,1,Writers and Authors
2022HU0277308,01,04620,48,1117193,13,41,1,1,23,0,1,40000,39,52,1.0,1,02,2634.0,40000,40000,2,1,1,Graphic Designers
2022HU0280064,02,04907,48,1117193,52,32,1,1,19,0,2,0,,,6.0,1,02,2634.0,0,11000,1,1,1,Graphic Designers
2022HU0280536,01,06803,48,1117193,11,47,1,1,16,0,2,7700,28,52,2.0,2,02,2910.0,7700,7700,2,2,9,Photographers
2022HU0280536,03,06803,48,1117193,14,22,1,5,20,0,2,0,,,6.0,1,02,2910.0,0,4800,1,2,9,Photographers
2022HU0281833,01,06601,48,1117193,15,36,6,1,21,80000,1,0,90,52,1.0,2,04,2905.0,80000,80000,2,2,1,"Other Media and Communication Equipment Workers (broadcast/sound/AV/lighting techs, combined - PUMS does not separately identify 'sound engineering technician')"
2022HU0282755,01,04615,48,1117193,38,28,1,5,18,0,1,24300,20,52,1.0,2,02,2634.0,24300,24300,2,2,9,Graphic Designers
2022HU0283613,01,02514,48,1117193,22,30,1,1,21,0,2,48000,45,52,1.0,1,01,2710.0,48000,48000,2,1,1,Producers and Directors
2022HU0283855,02,06804,48,1117193,9,30,6,5,18,16000,2,0,40,52,1.0,1,02,2740.0,16000,16000,2,1,1,Dancers and Choreographers
2022HU0284424,02,02508,48,1117193,9,68,1,1,16,0,1,0,,,6.0,1,01,2905.0,0,35800,1,1,1,"Other Media and Communication Equipment Workers (broadcast/sound/AV/lighting techs, combined - PUMS does not separately identify 'sound engineering technician')"
2022HU0284491,01,02311,48,1117193,10,31,1,1,21,0,2,70000,40,52,1.0,1,01,2634.0,70000,70000,1,2,1,Graphic Designers
2022HU0285290,01,02303,48,1117193,13,31,7,5,19,0,2,15000,40,52,1.0,2,04,2740.0,15000,15000,2,2,9,Dancers and Choreographers
2022HU0287923,02,02005,48,1117193,12,28,1,5,21,5000,2,58000,40,52,1.0,1,01,2634.0,63000,63000,1,2,1,Graphic Designers
2022HU0292051,01,05307,48,1117193,18,63,1,1,22,0,1,400,12,3,1.0,1,01,2850.0,400,9600,1,2,1,Writers and Authors
2022HU0293152,01,05100,48,1117193,10,72,1,1,21,0,2,35000,30,52,1.0,1,16,2634.0,35000,54000,2,1,9,Graphic Designers
2022HU0293473,02,05800,48,1117193,29,37,6,1,22,1000,2,0,25,26,1.0,1,01,2634.0,1000,1000,1,2,6,Graphic Designers
2022HU0294574,02,05308,48,1117193,11,53,6,1,21,43000,2,0,40,52,1.0,1,01,2634.0,43000,43000,1,2,1,Graphic Designers
2022HU0294952,01,02309,48,1117193,47,41,1,1,20,-7300,1,95000,40,52,1.0,1,02,2634.0,87700,87850,1,2,1,Graphic Designers
2022HU0296698,02,04610,48,1117193,13,75,2,1,21,0,1,650,2,52,1.0,1,01,2752.0,650,21050,2,1,2,Musicians and Singers
2022HU0302711,01,02507,48,1117193,13,26,2,1,21,0,2,4100,2,52,1.0,1,01,2752.0,4100,4100,1,2,1,Musicians and Singers
2022HU0303891,01,03400,48,1117193,5,48,8,1,20,0,2,9300,45,52,1.0,1,23,2850.0,9300,9300,1,2,9,Writers and Authors
2022HU0306247,01,05909,48,1117193,13,35,4,1,21,0,2,36000,40,52,1.0,1,02,2710.0,36000,36000,1,2,9,Producers and Directors
2022HU0308964,01,05301,48,1117193,12,54,3,1,18,0,2,40000,40,52,1.0,1,01,2905.0,40000,40050,1,2,1,"Other Media and Communication Equipment Workers (broadcast/sound/AV/lighting techs, combined - PUMS does not separately identify 'sound engineering technician')"
2022HU0311799,02,05309,48,1117193,45,52,6,1,21,30000,1,0,40,52,1.0,1,01,2910.0,30000,30000,1,2,1,Photographers
2022HU0312315,02,05910,48,1117193,9,67,6,3,20,30000,1,0,28,52,1.0,1,02,2634.0,30000,47400,2,1,9,Graphic Designers
2022HU0313932,02,03400,48,1117193,10,81,2,1,21,0,2,4800,1,52,1.0,1,01,2752.0,4800,21600,1,1,1,Musicians and Singers
2022HU0314620,01,05303,48,1117193,7,34,1,1,21,0,2,35000,40,52,1.0,1,01,2634.0,35000,35000,1,2,1,Graphic Designers
2022HU0315241,01,00800,48,1117193,55,29,1,1,16,0,2,81000,50,52,1.0,1,01,2910.0,81000,81000,1,2,1,Photographers
2022HU0315308,02,03305,48,1117193,16,69,5,3,20,0,1,0,,,6.0,1,02,2634.0,0,43400,1,1,9,Graphic Designers
2022HU0316822,02,02306,48,1117193,18,66,1,1,21,0,2,0,,,6.0,1,01,2710.0,0,0,2,1,1,Producers and Directors
2022HU0317086,01,02700,48,1117193,10,75,6,5,21,30000,2,0,20,45,1.0,1,01,2850.0,30000,47300,2,1,1,Writers and Authors
2022HU0317726,02,03501,48,1117193,10,30,1,1,21,0,2,11000,40,25,6.0,1,02,2634.0,11000,11000,1,2,3,Graphic Designers
2022HU0317873,03,04000,48,1117193,11,21,1,5,21,0,2,38500,8,40,1.0,1,01,2850.0,38500,38500,1,2,1,Writers and Authors
2022HU0318364,01,02006,48,1117193,22,30,7,1,18,0,1,8400,20,52,1.0,1,01,2910.0,8400,8400,1,2,2,Photographers
2022HU0318587,01,01904,48,1117193,5,59,7,1,20,0,1,250000,70,52,1.0,1,01,2905.0,250000,250000,1,2,9,"Other Media and Communication Equipment Workers (broadcast/sound/AV/lighting techs, combined - PUMS does not separately identify 'sound engineering technician')"
2022HU0318655,01,05309,48,1117193,23,28,4,5,21,0,2,37600,35,52,6.0,1,01,2710.0,37600,37600,1,2,9,Producers and Directors
2022HU0319900,01,01501,48,1117193,8,45,1,1,20,0,1,65000,40,52,1.0,1,02,2634.0,65000,65000,1,2,8,Graphic Designers
2022HU0320675,01,05000,48,1117193,7,67,7,1,24,0,1,16000,40,52,1.0,1,01,2634.0,16000,16000,2,1,1,Graphic Designers
2022HU0321183,08,03600,48,1117193,8,55,6,5,22,0,1,0,,,6.0,2,01,2752.0,0,20000,2,2,1,Musicians and Singers
2022HU0321392,01,04625,48,1117193,33,41,1,1,22,0,2,18000,15,17,1.0,1,01,2710.0,18000,18000,1,2,1,Producers and Directors
2022HU0322279,02,01501,48,1117193,17,62,1,1,18,0,1,25800,38,40,1.0,1,01,2910.0,25800,27600,1,2,1,Photographers
2022HU0322898,02,05910,48,1117193,12,54,7,1,22,9000,1,19000,50,52,1.0,1,02,2910.0,28000,77100,1,2,9,Photographers
2022HU0325047,01,05305,48,1117193,134,50,6,1,21,20000,1,0,30,52,1.0,1,01,2850.0,20000,20000,1,2,1,Writers and Authors
2022HU0325507,02,05302,48,1117193,9,63,1,3,16,0,1,0,,,6.0,1,01,2752.0,0,0,2,1,1,Musicians and Singers
2022HU0327060,02,04603,48,1117193,51,34,6,5,21,40000,1,0,40,52,1.0,1,01,2710.0,40000,40000,1,2,2,Producers and Directors
2022HU0327260,01,05911,48,1117193,18,74,6,2,24,2500,2,0,20,3,6.0,1,01,2850.0,2500,101900,1,1,1,Writers and Authors
2022HU0327351,02,01901,48,1117193,7,42,1,1,22,0,1,64000,40,52,1.0,1,01,2634.0,64000,64000,1,2,6,Graphic Designers
2022HU0328470,02,04702,48,1117193,30,28,1,1,17,0,2,10000,20,30,1.0,1,01,2850.0,10000,10000,1,2,1,Writers and Authors
2022HU0328977,01,02001,48,1117193,9,65,6,1,21,8000,1,0,35,52,1.0,1,01,2850.0,8000,36000,2,1,1,Writers and Authors
2022HU0329928,02,05309,48,1117193,19,62,6,1,21,5000,2,0,30,8,1.0,1,01,2752.0,5000,20000,1,2,1,Musicians and Singers
2022HU0333398,01,05902,48,1117193,23,31,1,5,21,0,1,60000,41,52,1.0,1,02,2634.0,60000,60000,1,2,3,Graphic Designers
2022HU0333823,02,04630,48,1117193,17,34,1,1,21,0,2,52000,40,52,1.0,1,01,2634.0,52000,52000,1,2,1,Graphic Designers
2022HU0334664,02,02900,48,1117193,3,32,6,5,20,100,2,0,15,24,2.0,2,01,2850.0,100,100,2,2,1,Writers and Authors
2022HU0335109,02,04620,48,1117193,15,59,6,1,20,40000,1,0,10,26,6.0,2,01,2710.0,40000,40000,2,2,1,Producers and Directors
2022HU0335322,01,02002,48,1117193,7,69,6,5,23,5000,2,0,40,3,6.0,1,01,2850.0,5000,41300,1,1,1,Writers and Authors
2022HU0336611,01,02005,48,1117193,19,32,6,5,19,10000,2,0,20,52,1.0,2,01,2752.0,10000,10250,2,2,1,Musicians and Singers
2022HU0337695,01,05306,48,1117193,19,40,6,3,22,49000,2,80000,60,52,1.0,1,01,2850.0,129000,130200,1,2,1,Writers and Authors
2022HU0340500,01,04629,48,1117193,12,68,1,1,19,0,2,0,,,6.0,1,01,2850.0,0,123400,2,1,1,Writers and Authors
2022HU0345610,02,05909,48,1117193,11,33,1,5,21,0,2,28800,40,52,1.0,1,01,2850.0,28800,28800,1,2,6,Writers and Authors
2022HU0347223,01,02005,48,1117193,9,30,6,5,21,2000,2,0,40,20,2.0,1,01,2910.0,2000,2000,1,2,1,Photographers
2022HU0347647,01,05307,48,1117193,17,60,1,2,21,0,2,300000,45,52,1.0,1,01,2634.0,300000,300000,1,2,1,Graphic Designers
2022HU0347799,02,02200,48,1117193,18,33,2,1,19,0,1,45000,50,52,1.0,1,01,2710.0,45000,45000,1,2,1,Producers and Directors
2022HU0348341,01,03700,48,1117193,41,76,6,1,21,0,2,0,,,6.0,1,01,2910.0,0,0,1,1,1,Photographers
2022HU0349270,01,02200,48,1117193,8,28,6,1,19,12000,2,15000,10,52,1.0,1,01,2634.0,27000,27000,1,2,1,Graphic Designers
2022HU0349788,02,01902,48,1117193,12,38,6,1,21,60000,2,0,45,52,1.0,2,13,2740.0,60000,60000,2,2,1,Dancers and Choreographers
2022HU0349932,01,07401,48,1117193,10,23,6,5,20,20000,1,0,40,52,1.0,1,01,2752.0,20000,21400,1,2,3,Musicians and Singers
2022HU0350043,01,02102,48,1117193,17,30,1,1,20,0,1,20000,60,52,1.0,2,02,2905.0,20000,20000,2,2,8,"Other Media and Communication Equipment Workers (broadcast/sound/AV/lighting techs, combined - PUMS does not separately identify 'sound engineering technician')"
2022HU0354763,01,04801,48,1117193,3,41,6,1,22,30000,2,0,30,40,1.0,1,01,2910.0,30000,30000,1,2,9,Photographers
2022HU0356823,01,05913,48,1117193,20,41,6,5,18,40000,1,0,40,52,1.0,2,01,2910.0,40000,40000,2,2,1,Photographers
2022HU0358340,01,02513,48,1117193,9,76,4,1,22,0,1,0,,,6.0,1,01,2700.0,0,24000,1,1,1,Actors
2022HU0358477,01,04504,48,1117193,12,48,6,1,21,0,1,0,,,6.0,1,01,2634.0,0,20,1,2,1,Graphic Designers
2022HU0360634,02,05309,48,1117193,5,32,1,1,22,0,2,60000,50,52,1.0,1,01,2634.0,60000,60000,1,2,6,Graphic Designers
2022HU0362348,02,04638,48,1117193,8,45,1,1,21,0,1,40000,38,30,1.0,1,01,2634.0,40000,43500,1,2,6,Graphic Designers
2022HU0362798,01,03100,48,1117193,9,78,1,3,19,0,1,0,,,6.0,1,01,2905.0,0,19000,2,1,1,"Other Media and Communication Equipment Workers (broadcast/sound/AV/lighting techs, combined - PUMS does not separately identify 'sound engineering technician')"
2022HU0363530,01,02006,48,1117193,58,29,1,1,21,11100,2,12000,30,30,1.0,1,02,2910.0,23100,23100,1,2,9,Photographers
2022HU0363839,02,02318,48,1117193,11,48,7,1,19,0,2,150000,60,52,1.0,1,01,2910.0,150000,150000,1,2,2,Photographers
2022HU0364302,02,02600,48,1117193,16,31,6,1,22,-7300,2,5000,20,52,1.0,1,01,2910.0,-2300,-2300,1,2,1,Photographers
2022HU0364990,01,02506,48,1117193,17,38,6,1,21,600,2,0,10,6,6.0,1,01,2910.0,600,600,1,2,1,Photographers
2022HU0365235,02,06701,48,1117193,8,47,1,1,18,0,1,2000,20,10,3.0,1,02,2910.0,2000,2000,1,2,8,Photographers
2022HU0367766,01,02307,48,1117193,27,32,1,1,22,0,1,5000,43,52,1.0,1,01,2905.0,5000,5000,1,2,1,"Other Media and Communication Equipment Workers (broadcast/sound/AV/lighting techs, combined - PUMS does not separately identify 'sound engineering technician')"
2022HU0367959,02,02306,48,1117193,31,36,7,1,21,0,2,50000,25,52,1.0,2,01,2910.0,50000,50000,2,2,1,Photographers
2022HU0368081,01,05308,48,1117193,12,42,6,1,21,25000,2,0,20,52,1.0,1,01,2634.0,25000,40700,1,1,1,Graphic Designers
2022HU0369500,01,00900,48,1117193,42,32,2,3,22,0,1,57000,45,52,1.0,1,01,2850.0,57000,57000,1,2,1,Writers and Authors
2022HU0375045,05,04803,48,1117193,42,27,2,1,16,0,1,100000,10,52,1.0,1,01,2905.0,100000,100000,1,2,1,"Other Media and Communication Equipment Workers (broadcast/sound/AV/lighting techs, combined - PUMS does not separately identify 'sound engineering technician')"
2022HU0376458,01,02308,48,1117193,11,29,2,1,21,10000,1,53000,35,52,1.0,1,01,2710.0,63000,63000,1,2,1,Producers and Directors
2022HU0376545,01,06703,48,1117193,5,67,1,4,19,0,2,0,,,6.0,1,24,2700.0,0,9400,2,1,1,Actors
2022HU0376575,01,01901,48,1117193,9,69,6,3,21,20000,1,0,20,40,1.0,1,01,2850.0,20000,55000,2,1,1,Writers and Authors
2022HU0381193,01,00100,48,1117193,11,30,2,1,19,0,2,600,23,12,6.0,1,01,2910.0,600,600,1,2,1,Photographers
2022HU0382499,01,02101,48,1117193,16,49,1,2,22,0,2,55000,70,52,1.0,1,01,2634.0,55000,105000,1,2,1,Graphic Designers
2022HU0384226,01,04502,48,1117193,13,60,6,3,21,89000,2,0,40,52,1.0,2,01,2850.0,89000,89000,2,2,1,Writers and Authors
2022HU0385015,01,06500,48,1117193,4,70,6,3,19,500,1,0,3,3,6.0,1,01,2752.0,500,11300,2,1,1,Musicians and Singers
2022HU0386586,03,06801,48,1117193,24,23,2,5,21,0,1,600,10,12,6.0,1,02,2850.0,600,600,1,2,1,Writers and Authors
2022HU0386847,02,02312,48,1117193,43,25,1,5,16,0,2,60000,40,52,1.0,2,04,2740.0,60000,60000,2,2,9,Dancers and Choreographers
2022HU0387586,01,05304,48,1117193,25,35,1,5,21,0,1,71000,40,52,1.0,1,19,2634.0,71000,71000,1,2,8,Graphic Designers
2022HU0388489,01,01907,48,1117193,12,48,7,1,21,0,2,250,10,1,6.0,1,01,2910.0,250,250,1,2,1,Photographers
2022HU0388672,01,04614,48,1117193,5,74,6,1,22,10300,1,0,4,26,1.0,1,01,2752.0,10300,106300,1,1,1,Musicians and Singers
2022HU0389405,01,05902,48,1117193,14,37,6,1,19,25000,1,0,60,52,1.0,1,02,2634.0,25000,25000,1,2,1,Graphic Designers
2022HU0390518,01,05700,48,1117193,15,42,6,1,16,52000,2,0,40,52,1.0,2,11,2910.0,52000,52000,2,2,1,Photographers
2022HU0390518,02,05700,48,1117193,15,39,6,1,19,30000,1,0,40,52,1.0,2,01,2910.0,30000,30000,2,2,1,Photographers
2022HU0392239,02,05202,48,1117193,21,37,6,1,21,30000,2,0,50,52,1.0,1,01,2850.0,30000,30000,1,2,9,Writers and Authors
2022HU0392615,01,00300,48,1117193,8,38,5,1,21,0,1,80000,40,52,1.0,1,02,2634.0,80000,80000,1,2,1,Graphic Designers
2022HU0392856,01,00502,48,1117193,15,60,2,2,21,0,2,5000,10,52,1.0,1,01,2751.0,5000,53000,1,2,1,Music Directors and Composers
2022HU0394029,02,04604,48,1117193,7,27,1,1,21,0,2,0,,,6.0,1,02,2850.0,0,0,1,2,9,Writers and Authors
2022HU0394264,01,04624,48,1117193,18,53,1,3,20,0,1,90000,50,52,1.0,1,02,2910.0,90000,90000,1,2,9,Photographers
2022HU0395241,01,04903,48,1117193,29,37,1,1,20,0,1,61000,40,52,1.0,1,01,2634.0,61000,61000,1,2,9,Graphic Designers
2022HU0397052,01,05305,48,1117193,8,58,6,3,24,125000,2,0,50,52,1.0,1,01,2850.0,125000,125000,1,2,1,Writers and Authors
2022HU0398540,02,02006,48,1117193,3,63,1,1,21,0,2,0,,,6.0,1,01,2910.0,0,1000,1,2,1,Photographers
2022HU0403903,02,02311,48,1117193,7,34,7,3,21,0,2,60000,65,52,1.0,1,02,2740.0,60000,60000,1,2,8,Dancers and Choreographers
2022HU0406709,01,05902,48,1117193,9,36,1,1,21,0,1,60000,40,52,1.0,1,01,2850.0,60000,60000,1,2,1,Writers and Authors
2022HU0406932,03,06100,48,1117193,5,25,2,5,17,0,1,20000,8,20,1.0,2,01,2905.0,20000,20000,2,2,1,"Other Media and Communication Equipment Workers (broadcast/sound/AV/lighting techs, combined - PUMS does not separately identify 'sound engineering technician')"
2022HU0407434,03,00502,48,1117193,13,18,2,5,19,0,1,950,15,15,3.0,1,01,2905.0,950,950,1,2,9,"Other Media and Communication Equipment Workers (broadcast/sound/AV/lighting techs, combined - PUMS does not separately identify 'sound engineering technician')"
2022HU0407631,02,05910,48,1117193,28,41,3,1,20,0,2,15000,8,40,1.0,1,21,2751.0,15000,15000,2,1,1,Music Directors and Composers
2022HU0407674,02,05908,48,1117193,21,42,2,1,18,0,2,2300,4,16,1.0,1,02,2752.0,2300,19900,1,2,9,Musicians and Singers
2022HU0412568,02,02307,48,1117193,14,40,6,5,16,0,2,0,,,3.0,1,01,2850.0,0,3320,1,2,2,Writers and Authors
2022HU0412702,01,02005,48,1117193,38,39,1,3,21,15000,1,80000,65,52,1.0,2,01,2905.0,95000,95020,2,2,9,"Other Media and Communication Equipment Workers (broadcast/sound/AV/lighting techs, combined - PUMS does not separately identify 'sound engineering technician')"
2022HU0412735,01,02515,48,1117193,9,78,2,3,22,0,1,7000,3,40,1.0,1,01,2751.0,7000,31100,1,1,1,Music Directors and Composers
2022HU0413050,02,02307,48,1117193,6,50,2,1,21,0,2,140000,40,52,1.0,1,01,2751.0,140000,140000,1,2,1,Music Directors and Composers
2022HU0416327,02,05100,48,1117193,18,55,6,3,20,0,1,0,,,6.0,1,01,2752.0,0,20000,1,2,1,Musicians and Singers
2022HU0417277,02,03400,48,1117193,14,46,6,1,21,35000,1,0,20,52,1.0,2,01,2752.0,35000,35000,2,2,1,Musicians and Singers
2022HU0418108,02,05402,48,1117193,46,25,6,1,16,4000,2,0,2,5,6.0,1,14,2752.0,4000,4000,1,2,8,Musicians and Singers
2022HU0419247,01,01901,48,1117193,31,33,1,3,21,0,1,90000,40,52,1.0,1,01,2634.0,90000,90000,1,2,2,Graphic Designers
2022HU0420054,01,02311,48,1117193,38,35,1,1,21,0,1,130000,40,52,1.0,1,01,2850.0,130000,202200,1,2,1,Writers and Authors
2022HU0420270,02,05306,48,1117193,8,61,6,1,21,0,2,0,,,6.0,1,01,2850.0,0,0,1,2,1,Writers and Authors
2022HU0421420,01,02321,48,1117193,20,22,1,1,21,0,1,42000,40,41,1.0,1,01,2634.0,42000,42050,1,2,1,Graphic Designers
2022HU0421420,02,02321,48,1117193,26,23,1,1,21,0,2,8800,15,32,1.0,1,01,2634.0,8800,8800,1,2,1,Graphic Designers
2022HU0422075,01,01600,48,1117193,17,38,2,3,22,0,1,55000,40,52,1.0,1,01,2751.0,55000,55000,1,2,1,Music Directors and Composers
2022HU0424184,02,01300,48,1117193,7,35,6,1,21,40000,2,0,60,52,1.0,1,01,2850.0,40000,40000,1,2,1,Writers and Authors
2022HU0425551,01,06000,48,1117193,31,68,6,1,23,42200,1,0,8,8,6.0,1,01,2910.0,42200,69800,2,1,1,Photographers
2022HU0425821,01,04604,48,1117193,8,52,2,5,21,3000,2,85000,18,52,1.0,1,01,2752.0,88000,468000,1,2,2,Musicians and Singers
2022HU0427057,04,04623,48,1117193,59,19,2,5,19,0,2,13000,12,50,1.0,1,02,2752.0,13000,13000,1,2,8,Musicians and Singers
2022HU0428281,01,02506,48,1117193,12,58,7,1,21,0,1,300000,45,52,1.0,1,01,2850.0,300000,300000,1,2,1,Writers and Authors
2022HU0429159,02,02312,48,1117193,8,29,3,1,21,10000,1,57000,45,52,1.0,1,01,2710.0,67000,67000,1,2,1,Producers and Directors
2022HU0429966,01,02306,48,1117193,55,60,6,1,21,12000,1,20000,60,52,1.0,2,01,2752.0,32000,32000,2,2,1,Musicians and Singers
2022HU0430602,01,01902,48,1117193,15,70,2,1,19,0,1,50000,40,52,1.0,1,01,2751.0,50000,52000,1,1,9,Music Directors and Composers
2022HU0435401,01,03900,48,1117193,35,42,6,2,22,45000,2,0,30,35,1.0,1,01,2910.0,45000,45000,1,2,9,Photographers
2022HU0437410,08,06807,48,1117193,19,20,2,5,19,0,1,600,10,12,6.0,2,02,2850.0,600,600,2,2,1,Writers and Authors
2022HU0437442,01,04902,48,1117193,8,62,1,1,23,0,1,9000,40,52,1.0,1,13,2634.0,9000,9000,1,2,1,Graphic Designers
2022HU0438610,01,05000,48,1117193,11,31,1,4,17,0,2,18000,60,32,2.0,2,01,2910.0,18000,18000,2,2,1,Photographers
2022HU0440173,04,02001,48,1117193,25,17,3,5,13,0,2,1000,10,4,6.0,1,01,2905.0,1000,1000,1,2,1,"Other Media and Communication Equipment Workers (broadcast/sound/AV/lighting techs, combined - PUMS does not separately identify 'sound engineering technician')"
2022HU0440257,01,07401,48,1117193,11,65,1,2,19,18000,2,66000,40,52,1.0,1,01,2634.0,84000,84000,1,1,1,Graphic Designers
2022HU0440433,03,04801,48,1117193,12,17,6,5,16,2500,1,0,20,15,1.0,1,01,2710.0,2500,2500,1,2,1,Producers and Directors
2022HU0441284,01,02307,48,1117193,10,37,2,1,22,0,2,85000,40,52,1.0,1,01,2850.0,85000,85000,1,2,1,Writers and Authors
2022HU0441424,02,02600,48,1117193,9,46,1,3,21,0,1,62000,40,52,1.0,1,01,2905.0,62000,62000,1,2,3,"Other Media and Communication Equipment Workers (broadcast/sound/AV/lighting techs, combined - PUMS does not separately identify 'sound engineering technician')"
2022HU0445436,04,04702,48,1117193,27,31,1,5,16,0,1,8600,30,40,2.0,1,01,2910.0,8600,8600,1,2,1,Photographers
2022HU0445911,01,01905,48,1117193,8,56,1,5,19,0,2,86000,45,52,1.0,1,01,2850.0,86000,86000,1,2,1,Writers and Authors
2022HU0446412,03,02507,48,1117193,16,30,6,5,16,16000,2,4400,36,40,1.0,1,01,2905.0,20400,20400,2,1,1,"Other Media and Communication Equipment Workers (broadcast/sound/AV/lighting techs, combined - PUMS does not separately identify 'sound engineering technician')"
2022HU0448246,02,04801,48,1117193,42,39,1,1,18,0,1,100000,40,52,1.0,2,01,2905.0,100000,100000,2,2,1,"Other Media and Communication Equipment Workers (broadcast/sound/AV/lighting techs, combined - PUMS does not separately identify 'sound engineering technician')"
2022HU0448528,02,04702,48,1117193,15,72,7,1,22,0,1,77000,40,52,1.0,1,01,2850.0,77000,116400,2,1,1,Writers and Authors
2022HU0448658,01,05305,48,1117193,31,34,1,5,21,2000,2,40000,40,52,1.0,1,16,2710.0,42000,42000,1,2,9,Producers and Directors
2022HU0449431,02,05309,48,1117193,46,59,7,1,19,5000,1,20000,20,52,1.0,1,01,2710.0,25000,25000,1,2,1,Producers and Directors
2022HU0449461,01,05308,48,1117193,16,76,6,1,23,120000,1,0,30,52,1.0,1,01,2850.0,120000,183400,2,1,1,Writers and Authors
2022HU0450341,01,04638,48,1117193,13,41,6,5,19,21600,1,0,36,50,1.0,1,21,2752.0,21600,21600,1,2,9,Musicians and Singers
2022HU0451727,02,06805,48,1117193,22,53,6,1,16,45000,2,0,20,52,1.0,1,01,2850.0,45000,45000,1,2,1,Writers and Authors
2022HU0456550,02,01903,48,1117193,13,51,1,1,21,0,2,2500,6,20,1.0,1,01,2910.0,2500,2500,1,2,2,Photographers
2022HU0456965,02,01904,48,1117193,23,62,2,1,22,0,2,1000,20,1,6.0,1,01,2752.0,1000,1000,1,2,1,Musicians and Singers
2022HU0457166,01,04501,48,1117193,10,55,1,5,20,0,2,68000,40,52,1.0,1,01,2634.0,68000,68000,1,2,1,Graphic Designers
2022HU0458727,02,04606,48,1117193,9,35,2,1,19,9500,1,12000,10,40,1.0,1,02,2752.0,21500,21500,1,2,9,Musicians and Singers
2022HU0459530,01,04621,48,1117193,43,50,1,1,19,0,2,0,,,6.0,2,01,2850.0,0,0,2,2,1,Writers and Authors
2022HU0459653,03,02505,48,1117193,15,22,2,5,21,200,1,2000,6,20,1.0,1,01,2905.0,2200,2200,1,2,1,"Other Media and Communication Equipment Workers (broadcast/sound/AV/lighting techs, combined - PUMS does not separately identify 'sound engineering technician')"
2022HU0459755,01,05906,48,1117193,14,45,6,1,20,25000,1,0,60,52,1.0,1,02,2634.0,25000,25000,2,1,1,Graphic Designers
2022HU0462036,02,05303,48,1117193,8,23,1,5,21,0,2,50000,38,52,1.0,1,01,2634.0,50000,50000,1,2,1,Graphic Designers
2022HU0462128,02,02005,48,1117193,50,39,6,1,22,0,2,0,,,6.0,1,01,2850.0,0,11600,1,2,1,Writers and Authors
2022HU0464583,02,04640,48,1117193,45,45,6,5,18,10000,1,0,30,45,1.0,2,01,2752.0,10000,13500,2,2,1,Musicians and Singers
2022HU0465297,01,05902,48,1117193,8,35,2,1,21,0,1,75000,40,52,1.0,1,01,2710.0,75000,75000,1,2,9,Producers and Directors
2022HU0465641,01,01905,48,1117193,12,52,2,1,22,400,2,17300,9,52,1.0,1,01,2752.0,17700,17700,1,2,1,Musicians and Singers
2022HU0466022,01,02005,48,1117193,16,29,1,5,21,0,2,60000,40,52,1.0,1,01,2634.0,60000,60000,1,2,1,Graphic Designers
2022HU0467804,01,04000,48,1117193,39,84,2,2,22,0,2,2300,1,45,1.0,1,01,2752.0,2300,32300,1,1,1,Musicians and Singers
2022HU0468803,04,04502,48,1117193,64,21,1,5,20,0,2,30000,40,52,1.0,1,02,2634.0,30000,30000,1,2,9,Graphic Designers
2022HU0469637,01,07402,48,1117193,169,50,6,1,21,10000,2,0,20,40,1.0,1,01,2634.0,10000,10000,1,2,1,Graphic Designers
2022HU0471242,03,04702,48,1117193,9,22,4,5,20,0,2,2000,15,23,1.0,1,02,2634.0,2000,2000,1,2,1,Graphic Designers
2022HU0471301,01,05304,48,1117193,16,37,6,1,21,20000,1,40000,30,52,1.0,1,01,2910.0,60000,100000,1,2,1,Photographers
2022HU0472308,04,04606,48,1117193,35,24,1,5,21,0,1,58000,50,52,1.0,1,02,2910.0,58000,58000,1,2,9,Photographers
2022HU0472854,01,05402,48,1117193,28,31,6,5,18,40000,1,0,40,52,1.0,1,01,2710.0,40000,40000,1,2,1,Producers and Directors
2022HU0473430,03,05904,48,1117193,10,51,1,3,19,0,1,10000,20,24,1.0,2,02,2752.0,10000,10000,2,2,1,Musicians and Singers
2022HU0475268,02,03502,48,1117193,23,33,6,1,20,30000,1,0,30,52,1.0,2,01,2905.0,30000,30000,2,2,1,"Other Media and Communication Equipment Workers (broadcast/sound/AV/lighting techs, combined - PUMS does not separately identify 'sound engineering technician')"
2022HU0477358,01,02306,48,1117193,11,45,1,1,24,0,1,120000,40,52,1.0,1,01,2634.0,120000,120000,1,2,1,Graphic Designers
2022HU0479866,03,04000,48,1117193,17,18,1,5,19,0,1,2000,12,16,1.0,1,01,2850.0,2000,2000,1,2,1,Writers and Authors
2022HU0482339,01,04702,48,1117193,31,35,1,3,16,0,1,0,,,6.0,2,01,2905.0,0,17000,2,2,1,"Other Media and Communication Equipment Workers (broadcast/sound/AV/lighting techs, combined - PUMS does not separately identify 'sound engineering technician')"
2022HU0485707,03,05204,48,1117193,23,41,1,5,21,1000,1,13000,25,52,1.0,2,01,2910.0,14000,14000,2,2,1,Photographers
2022HU0487055,02,00502,48,1117193,8,40,1,1,21,0,2,0,,,6.0,1,01,2634.0,0,0,1,2,9,Graphic Designers
2022HU0487339,01,03600,48,1117193,2,55,3,1,16,0,1,65000,42,52,1.0,1,01,2905.0,65000,102600,1,2,1,"Other Media and Communication Equipment Workers (broadcast/sound/AV/lighting techs, combined - PUMS does not separately identify 'sound engineering technician')"
2022HU0487536,03,03310,48,1117193,40,21,7,5,19,0,1,3200,3,42,1.0,1,02,2910.0,3200,3200,1,2,9,Photographers
2022HU0491312,01,02507,48,1117193,12,39,1,5,20,0,1,55000,40,52,1.0,1,02,2634.0,55000,55000,1,2,9,Graphic Designers
2022HU0492966,01,05301,48,1117193,10,37,2,5,21,0,2,24000,20,52,1.0,1,01,2700.0,24000,34000,1,2,1,Actors
2022HU0492968,01,04623,48,1117193,23,53,1,4,20,0,2,83000,45,52,1.0,1,02,2634.0,83000,83000,1,2,9,Graphic Designers
2022HU0493609,01,06000,48,1117193,7,73,1,1,19,0,2,13000,40,25,6.0,2,01,2700.0,13000,21600,2,2,1,Actors
2022HU0495336,02,04702,48,1117193,13,44,6,1,21,2000,2,0,10,52,1.0,1,01,2634.0,2000,2000,1,2,1,Graphic Designers
2022HU0499678,01,06806,48,1117193,14,33,3,5,16,0,1,77000,40,52,1.0,1,02,2905.0,77000,77000,1,2,9,"Other Media and Communication Equipment Workers (broadcast/sound/AV/lighting techs, combined - PUMS does not separately identify 'sound engineering technician')"
2022HU0502681,02,05204,48,1117193,9,67,1,1,21,0,1,139000,40,50,1.0,1,01,2850.0,139000,178400,1,1,1,Writers and Authors
2022HU0503613,01,02504,48,1117193,19,61,6,1,22,367000,2,0,40,52,1.0,1,01,2850.0,367000,367170,1,2,2,Writers and Authors
2022HU0505987,02,07401,48,1117193,11,50,1,3,18,0,1,12000,50,30,1.0,1,01,2910.0,12000,12000,1,2,1,Photographers
2022HU0506527,02,01502,48,1117193,35,59,1,5,16,0,2,0,,,6.0,1,01,2910.0,0,19000,2,1,1,Photographers
2022HU0506694,01,05302,48,1117193,12,27,1,5,21,0,2,40000,40,52,1.0,1,01,2850.0,40000,40000,1,2,1,Writers and Authors
2022HU0507245,01,01902,48,1117193,29,28,6,1,21,48000,1,0,40,52,1.0,1,01,2710.0,48000,48000,1,2,1,Producers and Directors
2022HU0508625,03,05301,48,1117193,10,27,1,5,21,0,2,9000,25,26,3.0,1,01,2710.0,9000,9000,1,2,1,Producers and Directors
2022HU0508988,01,04000,48,1117193,13,25,1,5,21,0,1,5600,10,24,1.0,1,01,2905.0,5600,5600,1,2,1,"Other Media and Communication Equipment Workers (broadcast/sound/AV/lighting techs, combined - PUMS does not separately identify 'sound engineering technician')"
2022HU0509449,02,04603,48,1117193,11,48,6,1,21,13000,1,0,40,52,1.0,1,01,2751.0,13000,13000,1,2,2,Music Directors and Composers
2022HU0509848,01,04635,48,1117193,10,51,4,1,21,12000,2,1800,20,52,1.0,1,01,2850.0,13800,88800,1,2,9,Writers and Authors
2022HU0512679,01,02516,48,1117193,35,26,2,5,21,1500,2,48000,44,52,1.0,1,01,2634.0,49500,49500,1,2,9,Graphic Designers
2022HU0512679,03,02516,48,1117193,55,25,2,5,21,680,2,50000,45,52,1.0,1,01,2850.0,50680,50680,1,2,1,Writers and Authors
2022HU0515120,02,02306,48,1117193,20,46,2,1,21,0,2,260000,50,52,1.0,1,01,2751.0,260000,260000,1,2,1,Music Directors and Composers
2022HU0516335,02,05307,48,1117193,11,27,1,5,21,0,2,60000,40,52,1.0,1,01,2850.0,60000,60000,1,2,1,Writers and Authors
2022HU0516473,02,02002,48,1117193,10,25,6,5,19,5000,1,0,5,20,3.0,1,01,2910.0,5000,5000,2,1,6,Photographers
2022HU0516509,02,03305,48,1117193,14,39,3,1,19,0,2,15000,8,40,1.0,1,02,2751.0,15000,15000,1,2,1,Music Directors and Composers
2022HU0517759,02,03502,48,1117193,39,50,6,1,06,49700,2,0,40,52,1.0,1,03,2910.0,49700,49700,1,2,1,Photographers
2022HU0521182,01,02318,48,1117193,4,70,6,1,20,0,1,0,,,6.0,1,01,2634.0,0,30000,2,1,1,Graphic Designers
2022HU0522757,01,03306,48,1117193,22,45,5,5,22,0,2,85000,40,52,1.0,1,02,2850.0,85000,85000,1,2,9,Writers and Authors
2022HU0523871,01,02200,48,1117193,11,69,2,1,16,0,1,0,,,6.0,1,01,2905.0,0,25500,2,1,1,"Other Media and Communication Equipment Workers (broadcast/sound/AV/lighting techs, combined - PUMS does not separately identify 'sound engineering technician')"
2022HU0524312,01,01400,48,1117193,3,42,2,1,20,0,1,87000,40,52,1.0,1,01,2905.0,87000,87000,1,2,1,"Other Media and Communication Equipment Workers (broadcast/sound/AV/lighting techs, combined - PUMS does not separately identify 'sound engineering technician')"
2022HU0525795,01,02502,48,1117193,10,76,6,1,22,0,2,0,,,6.0,1,01,2850.0,0,4000,2,1,1,Writers and Authors
2022HU0526331,03,01902,48,1117193,19,32,6,5,20,30000,1,0,40,51,1.0,2,01,2910.0,30000,30000,2,2,1,Photographers
2022HU0527037,06,03306,48,1117193,12,38,2,3,18,0,2,40000,40,52,1.0,2,02,2634.0,40000,40000,2,2,9,Graphic Designers
2022HU0527332,02,01904,48,1117193,23,31,1,5,21,0,1,18000,40,52,1.0,1,16,2634.0,18000,18000,1,2,9,Graphic Designers
2022HU0528034,01,04615,48,1117193,19,48,1,5,16,0,2,73000,60,52,1.0,1,01,2740.0,73000,73000,1,2,2,Dancers and Choreographers
2022HU0529768,02,02307,48,1117193,43,27,6,1,22,1800,1,0,1,52,1.0,2,01,2910.0,1800,1800,2,2,2,Photographers
2022HU0531073,02,02102,48,1117193,15,48,6,1,21,15000,1,0,40,25,6.0,1,01,2910.0,15000,15000,1,2,1,Photographers
2022HU0534276,01,04603,48,1117193,8,69,6,1,22,0,2,0,,,6.0,1,01,2850.0,0,0,2,1,1,Writers and Authors
2022HU0535381,01,04607,48,1117193,6,71,1,2,21,0,1,600,5,1,1.0,1,01,2752.0,600,17600,1,1,3,Musicians and Singers
2022HU0536350,02,04502,48,1117193,15,34,2,5,15,0,1,38000,40,52,1.0,1,01,2710.0,38000,38000,1,2,1,Producers and Directors
2022HU0537976,01,05304,48,1117193,29,28,1,5,21,0,2,50000,40,52,1.0,1,02,2850.0,50000,50000,1,2,2,Writers and Authors
2022HU0538269,02,02314,48,1117193,31,48,2,3,20,0,1,0,,,6.0,2,01,2752.0,0,15000,2,2,2,Musicians and Singers
2022HU0539167,02,03700,48,1117193,5,29,6,1,20,-500,2,500,50,52,1.0,2,01,2850.0,1,500,2,2,1,Writers and Authors
2022HU0539171,02,02308,48,1117193,8,33,1,1,20,0,2,52000,40,52,1.0,1,01,2910.0,52000,52000,1,2,1,Photographers
2022HU0539357,01,02002,48,1117193,14,26,1,5,21,70,2,15000,38,27,1.0,1,01,2700.0,15070,12670,1,2,9,Actors
2022HU0541437,02,05912,48,1117193,20,51,7,1,21,9000,1,19000,50,52,1.0,1,02,2910.0,28000,77100,1,2,8,Photographers
2022HU0543732,02,03307,48,1117193,52,51,3,1,21,0,1,48600,40,48,1.0,1,02,2910.0,48600,48600,1,2,9,Photographers
2022HU0544196,02,05914,48,1117193,33,31,6,3,20,16000,2,0,40,52,1.0,2,02,2740.0,16000,16000,2,2,9,Dancers and Choreographers
2022HU0544652,01,04629,48,1117193,10,25,6,1,19,2500,2,0,40,52,1.0,1,01,2850.0,2500,2500,1,2,1,Writers and Authors
2022HU0548184,01,02001,48,1117193,17,23,1,1,21,1000,2,5000,20,20,1.0,1,01,2905.0,6000,6000,1,2,1,"Other Media and Communication Equipment Workers (broadcast/sound/AV/lighting techs, combined - PUMS does not separately identify 'sound engineering technician')"
2022HU0552096,02,04701,48,1117193,26,39,6,5,22,30000,2,0,20,40,1.0,1,01,2752.0,30000,40000,1,1,1,Musicians and Singers
2022HU0552130,01,05401,48,1117193,36,61,1,1,21,0,1,133000,20,52,1.0,1,01,2634.0,133000,133000,1,2,1,Graphic Designers
2022HU0553989,03,02306,48,1117193,6,31,1,5,21,0,2,820,24,3,6.0,1,01,2910.0,820,820,1,2,6,Photographers
2022HU0554768,01,05201,48,1117193,16,69,6,3,19,0,1,0,,,6.0,1,01,2910.0,0,161000,1,1,1,Photographers
2022HU0555808,01,01909,48,1117193,7,44,1,1,19,0,1,65000,50,52,1.0,1,01,2710.0,65000,65000,1,2,1,Producers and Directors
2022HU0557108,01,04631,48,1117193,53,42,6,3,24,80000,1,0,80,52,1.0,1,01,2752.0,80000,80000,1,2,1,Musicians and Singers
2022HU0563543,04,03309,48,1117193,4,16,2,5,14,0,1,2000,12,52,1.0,1,01,2740.0,2000,2000,1,2,3,Dancers and Choreographers
2022HU0563666,01,05304,48,1117193,34,22,1,5,21,0,2,23700,40,30,1.0,1,01,2634.0,23700,23700,1,2,1,Graphic Designers
2022HU0563731,01,01904,48,1117193,46,47,1,1,21,0,1,119000,50,52,1.0,1,01,2710.0,119000,119000,1,2,1,Producers and Directors
2022HU0564014,02,05915,48,1117193,8,27,6,1,21,240,2,96000,40,52,1.0,1,01,2910.0,96240,96440,1,2,9,Photographers
2022HU0564205,01,05305,48,1117193,5,37,6,1,21,0,2,0,,,6.0,1,01,2634.0,0,23000,1,2,9,Graphic Designers
2022HU0565324,01,04613,48,1117193,8,71,2,1,23,0,1,45000,40,6,1.0,1,01,2850.0,45000,136300,2,1,1,Writers and Authors
2022HU0565914,01,02311,48,1117193,6,70,1,1,20,8000,1,45000,10,40,1.0,1,01,2850.0,53000,92400,1,1,1,Writers and Authors
2022HU0566212,01,02200,48,1117193,18,41,1,1,21,0,2,2000,8,25,6.0,1,01,2910.0,2000,2000,2,1,1,Photographers
2022HU0566336,01,01909,48,1117193,21,29,1,5,21,0,2,5000,80,52,1.0,1,01,2850.0,5000,5000,1,2,1,Writers and Authors
2022HU0566731,01,04601,48,1117193,32,34,2,1,21,0,1,60000,40,52,1.0,1,01,2850.0,60000,78000,1,2,1,Writers and Authors
2022HU0567760,02,04631,48,1117193,8,44,6,1,21,-7300,2,0,15,45,2.0,1,01,2850.0,-7300,-6300,1,2,1,Writers and Authors
2022HU0570373,01,06805,48,1117193,26,51,6,3,16,14400,1,0,40,52,1.0,2,02,2752.0,14400,14400,2,2,8,Musicians and Singers
2022HU0573103,01,02700,48,1117193,13,29,7,1,19,0,1,24000,45,52,1.0,1,01,2905.0,24000,24000,1,2,1,"Other Media and Communication Equipment Workers (broadcast/sound/AV/lighting techs, combined - PUMS does not separately identify 'sound engineering technician')"
2022HU0573259,02,02003,48,1117193,11,44,2,1,21,0,1,65000,45,52,1.0,1,01,2751.0,65000,65000,1,2,1,Music Directors and Composers
2022HU0573826,03,05700,48,1117193,13,23,4,5,20,0,2,2000,15,23,1.0,1,02,2634.0,2000,2000,1,2,9,Graphic Designers
2022HU0574625,01,05308,48,1117193,25,55,1,1,21,0,1,196000,45,52,1.0,1,05,2710.0,196000,197000,1,2,9,Producers and Directors
2022HU0574781,02,02320,48,1117193,12,26,6,5,16,15000,2,0,4,9,1.0,2,01,2910.0,15000,15000,2,2,1,Photographers
2022HU0575128,01,02515,48,1117193,23,41,6,1,17,48500,2,0,72,32,3.0,1,02,2910.0,48500,50000,2,1,9,Photographers
2022HU0576627,03,04612,48,1117193,3,25,4,5,21,0,1,31000,40,52,1.0,1,01,2710.0,31000,32000,1,2,1,Producers and Directors
2022HU0576938,02,05401,48,1117193,10,34,6,1,21,100000,1,0,70,52,1.0,1,01,2710.0,100000,100000,1,2,1,Producers and Directors
2022HU0579257,01,05307,48,1117193,46,38,1,5,22,0,1,40000,40,52,1.0,1,02,2634.0,40000,40190,1,2,9,Graphic Designers
2022HU0580381,02,03802,48,1117193,10,34,6,5,17,20000,1,0,40,52,1.0,2,01,2752.0,20000,20000,2,2,1,Musicians and Singers
2022HU0581150,01,05303,48,1117193,10,59,6,2,19,500,2,0,4,52,1.0,1,01,2752.0,500,1800,1,2,2,Musicians and Singers
2022HU0582040,01,03801,48,1117193,9,22,1,5,21,0,2,5000,50,52,1.0,1,01,2710.0,5000,5000,1,2,1,Producers and Directors
2022HU0583748,01,01901,48,1117193,7,43,1,1,18,0,1,110000,40,52,1.0,1,01,2905.0,110000,110000,1,2,1,"Other Media and Communication Equipment Workers (broadcast/sound/AV/lighting techs, combined - PUMS does not separately identify 'sound engineering technician')"
2022HU0584922,02,02510,48,1117193,22,41,1,4,12,0,1,40000,85,52,1.0,2,02,2910.0,40000,40000,2,2,8,Photographers
2022HU0585719,01,02313,48,1117193,18,33,1,1,23,0,2,110000,40,52,1.0,1,01,2850.0,110000,110000,1,2,6,Writers and Authors
2022HU0587589,01,03802,48,1117193,15,39,3,1,21,0,1,100000,40,52,1.0,1,01,2850.0,100000,100000,1,2,1,Writers and Authors
2022HU0588340,02,05304,48,1117193,9,30,1,5,21,2000,1,12000,20,52,1.0,1,01,2700.0,14000,14000,1,2,1,Actors
2022HU0588510,02,01903,48,1117193,29,46,1,1,21,0,1,10000,20,36,1.0,1,01,2700.0,10000,25700,1,1,1,Actors
2022HU0589675,03,05309,48,1117193,32,23,2,5,21,0,2,25000,50,20,1.0,1,01,2850.0,25000,25000,1,2,2,Writers and Authors
2022HU0589950,04,05903,48,1117193,16,49,6,1,18,2500,1,0,5,20,1.0,1,02,2752.0,2500,2500,1,2,9,Musicians and Singers
2022HU0591027,02,04629,48,1117193,11,43,6,1,16,48000,1,60000,50,52,1.0,1,23,2751.0,108000,108000,1,2,1,Music Directors and Composers
2022HU0591432,03,04501,48,1117193,19,24,1,5,18,0,2,13600,30,52,1.0,1,01,2634.0,13600,13600,2,1,1,Graphic Designers
2022HU0598589,01,02305,48,1117193,28,37,7,5,21,0,1,15000,38,47,1.0,2,01,2634.0,15000,15000,2,2,2,Graphic Designers
2022HU0598841,02,02313,48,1117193,11,30,1,5,21,0,2,41000,40,52,1.0,1,01,2634.0,41000,41000,1,2,1,Graphic Designers
2022HU0599335,01,07401,48,1117193,15,26,6,5,21,-1000,1,0,50,45,1.0,2,01,2752.0,-1000,-1000,2,2,1,Musicians and Singers
2022HU0599426,01,05905,48,1117193,44,29,1,5,21,0,1,72000,40,52,1.0,1,24,2710.0,72000,72000,1,2,9,Producers and Directors
2022HU0600121,02,05600,48,1117193,27,42,6,1,20,0,2,0,,,6.0,1,01,2910.0,0,3000,1,2,1,Photographers
2022HU0600986,06,02506,48,1117193,25,35,6,5,16,0,1,0,,,6.0,2,01,2700.0,0,50,2,2,1,Actors
2022HU0601434,02,04604,48,1117193,18,32,6,1,21,23000,2,0,30,52,1.0,1,01,2850.0,23000,23000,1,2,1,Writers and Authors
2022HU0601497,03,06806,48,1117193,11,32,1,5,21,0,2,13700,40,52,1.0,1,02,2634.0,13700,13700,1,2,1,Graphic Designers
2022HU0605781,01,02400,48,1117193,9,35,1,1,21,50000,2,15000,20,30,1.0,1,01,2910.0,65000,65000,1,2,1,Photographers
2022HU0607029,01,02515,48,1117193,11,34,2,5,22,0,1,25000,40,52,1.0,1,01,2752.0,25000,25000,1,2,1,Musicians and Singers
2022HU0607446,03,05904,48,1117193,27,42,1,5,19,0,1,56000,25,52,3.0,2,02,2700.0,56000,56000,2,2,9,Actors
2022HU0608051,01,05307,48,1117193,12,78,6,3,22,0,2,0,,,6.0,1,01,2850.0,0,49800,1,1,1,Writers and Authors
2022HU0609541,01,05307,48,1117193,11,29,1,5,21,0,2,42000,65,52,1.0,1,01,2850.0,42000,42000,1,2,1,Writers and Authors
2022HU0610356,02,05302,48,1117193,10,31,6,5,21,20000,1,0,30,52,1.0,1,01,2752.0,20000,20000,1,2,1,Musicians and Singers
2022HU0611796,01,07402,48,1117193,106,42,1,1,22,0,1,65000,40,52,1.0,1,02,2850.0,65000,65000,1,2,1,Writers and Authors
2022HU0612152,01,02102,48,1117193,21,49,1,1,16,0,1,26100,36,44,1.0,1,01,2634.0,26100,26100,1,2,1,Graphic Designers
2022HU0613082,01,00900,48,1117193,6,47,1,1,21,0,1,250000,40,45,1.0,2,01,2710.0,250000,260000,2,2,1,Producers and Directors
2022HU0615268,02,06000,48,1117193,11,65,6,1,21,500,2,0,3,3,6.0,1,01,2752.0,500,500,1,1,1,Musicians and Singers
2022HU0615741,01,05916,48,1117193,65,37,6,3,22,10000,2,0,35,52,1.0,1,01,2850.0,10000,10000,2,1,1,Writers and Authors
2022HU0615791,01,01700,48,1117193,21,35,6,1,20,3200,2,20000,27,52,1.0,1,01,2634.0,23200,23200,1,2,1,Graphic Designers
2022HU0615923,02,01100,48,1117193,39,69,2,1,16,0,2,4300,12,52,1.0,1,01,2752.0,4300,13400,1,1,1,Musicians and Singers
2022HU0616612,01,05305,48,1117193,18,40,6,1,21,20300,2,0,12,10,6.0,2,01,2910.0,20300,20300,2,2,1,Photographers
2022HU0617510,02,03802,48,1117193,17,63,1,1,21,0,2,65000,40,52,1.0,1,01,2634.0,65000,65000,1,2,1,Graphic Designers
2022HU0617950,02,01700,48,1117193,21,53,2,1,16,0,1,100000,40,52,1.0,1,01,2905.0,100000,100000,1,2,1,"Other Media and Communication Equipment Workers (broadcast/sound/AV/lighting techs, combined - PUMS does not separately identify 'sound engineering technician')"
2022HU0618135,01,04611,48,1117193,11,71,6,1,18,-7300,1,0,12,22,1.0,1,01,2910.0,-7300,36600,1,1,1,Photographers
2022HU0618667,01,04503,48,1117193,9,70,6,1,21,-1000,1,0,49,52,1.0,1,01,2850.0,-1000,63000,2,1,1,Writers and Authors
2022HU0619340,03,02504,48,1117193,9,25,6,5,19,15000,2,0,45,30,6.0,1,01,2634.0,15000,15000,1,1,6,Graphic Designers
2022HU0619418,01,05912,48,1117193,10,37,1,3,20,0,2,38400,40,52,1.0,1,24,2634.0,38400,38400,1,2,5,Graphic Designers
2022HU0619504,02,05907,48,1117193,63,24,1,5,19,0,2,0,,,3.0,2,02,2740.0,0,25000,2,2,9,Dancers and Choreographers
2022HU0620299,02,05305,48,1117193,19,57,6,1,24,1900,2,0,20,52,1.0,1,01,2850.0,1900,1900,1,2,1,Writers and Authors
2022HU0621130,02,02309,48,1117193,14,51,6,5,22,56000,1,0,40,52,1.0,1,01,2850.0,56000,56000,1,2,1,Writers and Authors
2022HU0621445,02,04631,48,1117193,10,45,7,1,20,5000,2,28000,40,16,3.0,1,02,2634.0,33000,48000,1,2,9,Graphic Designers
2022HU0622764,01,04501,48,1117193,13,64,2,1,22,0,2,3800,3,52,1.0,1,01,2752.0,3800,18200,1,2,1,Musicians and Singers
2022HU0623703,01,05303,48,1117193,37,33,4,5,21,0,1,73000,40,52,1.0,1,01,2710.0,73000,73000,1,2,1,Producers and Directors
2022HU0624829,01,04906,48,1117193,51,36,1,5,23,0,2,77000,40,52,1.0,1,01,2850.0,77000,77000,1,2,1,Writers and Authors
2022HU0626603,01,02309,48,1117193,15,82,6,2,23,58000,2,0,45,26,6.0,1,01,2850.0,58000,65700,1,1,1,Writers and Authors
2022HU0626811,01,02306,48,1117193,11,61,2,5,21,0,1,20800,40,20,3.0,2,01,2850.0,20800,20800,2,2,1,Writers and Authors
2022HU0628214,02,05402,48,1117193,62,50,6,3,21,10000,1,0,30,45,1.0,1,01,2752.0,10000,13500,2,1,1,Musicians and Singers
2022HU0629909,01,04601,48,1117193,44,43,2,1,22,0,1,100000,20,52,1.0,1,01,2752.0,100000,130000,1,2,1,Musicians and Singers
2022HU0630432,02,03600,48,1117193,44,31,6,1,19,15000,2,0,10,52,1.0,1,01,2634.0,15000,15000,1,2,1,Graphic Designers
2022HU0633187,03,04628,48,1117193,16,26,1,5,21,0,1,1000,6,52,1.0,2,01,2910.0,1000,1000,2,2,6,Photographers
2022HU0633687,02,02507,48,1117193,16,63,1,1,19,0,1,0,,,6.0,1,02,2634.0,0,0,1,2,9,Graphic Designers
2022HU0635189,01,04901,48,1117193,20,59,1,3,21,0,1,18000,30,52,1.0,1,01,2752.0,18000,18000,1,2,2,Musicians and Singers
2022HU0637069,02,01902,48,1117193,9,66,7,1,24,0,2,0,,,6.0,1,01,2710.0,0,0,2,1,1,Producers and Directors
2022HU0641512,02,04633,48,1117193,9,74,6,1,21,-350,1,130,25,52,1.0,1,01,2850.0,-220,33480,1,1,1,Writers and Authors
2022HU0642579,02,04624,48,1117193,10,63,6,1,21,0,2,0,,,6.0,1,01,2850.0,0,15600,1,2,1,Writers and Authors
2022HU0642635,01,04621,48,1117193,3,76,2,2,21,0,2,68000,1,52,1.0,1,01,2752.0,68000,79000,1,1,1,Musicians and Singers
2022HU0643777,03,03502,48,1117193,34,44,1,5,21,0,1,10000,32,40,1.0,1,01,2634.0,10000,10000,1,2,1,Graphic Designers
2022HU0645789,01,02004,48,1117193,35,39,1,3,19,0,2,54000,40,52,1.0,1,01,2634.0,54000,54000,1,2,1,Graphic Designers
2022HU0646808,02,05301,48,1117193,61,35,1,1,18,0,2,1200,1,52,1.0,1,01,2850.0,1200,1200,1,2,1,Writers and Authors
2022HU0647298,01,01000,48,1117193,6,46,7,1,16,0,1,65000,40,52,1.0,1,01,2850.0,65000,65000,1,2,1,Writers and Authors
2022HU0647298,02,01000,48,1117193,6,42,7,1,21,0,2,537000,40,52,1.0,1,01,2850.0,537000,537000,1,2,1,Writers and Authors
2022HU0649312,01,04906,48,1117193,23,55,7,1,21,0,2,5000,15,44,3.0,1,01,2700.0,5000,5000,1,2,1,Actors
2022HU0650087,01,05306,48,1117193,22,31,6,3,21,100000,2,0,50,52,1.0,1,01,2910.0,100000,100000,1,2,1,Photographers
2022HU0650546,02,04625,48,1117193,25,42,6,1,21,8000,2,0,4,6,1.0,1,23,2700.0,8000,8000,1,2,9,Actors
2022HU0651258,02,03400,48,1117193,6,31,6,1,20,56000,1,0,40,52,1.0,1,02,2910.0,56000,56000,1,2,1,Photographers
2022HU0652636,02,04200,48,1117193,10,65,2,1,18,0,2,20000,30,52,1.0,1,01,2752.0,20000,20000,1,1,8,Musicians and Singers
2022HU0655581,02,01909,48,1117193,6,60,1,1,19,0,1,0,,,6.0,1,01,2634.0,0,0,1,2,1,Graphic Designers
2022HU0656863,01,07401,48,1117193,3,27,1,5,22,0,1,17000,40,16,1.0,1,01,2634.0,17000,17000,1,2,6,Graphic Designers
2022HU0657198,01,03600,48,1117193,15,36,7,1,21,15000,2,15000,30,40,1.0,1,01,2910.0,30000,34000,1,1,1,Photographers
2022HU0659409,01,02513,48,1117193,13,64,6,1,22,70000,1,200000,60,52,1.0,2,01,2910.0,270000,270000,2,2,1,Photographers
2022HU0661118,01,05308,48,1117193,11,30,1,1,22,0,2,130000,40,52,1.0,2,01,2850.0,130000,130000,2,2,1,Writers and Authors
2022HU0661816,02,01000,48,1117193,10,76,2,3,19,0,2,6000,1,52,1.0,1,01,2752.0,6000,16200,2,1,1,Musicians and Singers
2022HU0662711,01,02313,48,1117193,47,24,1,5,19,0,2,36000,40,52,1.0,1,01,2910.0,36000,36000,1,2,2,Photographers
2022HU0662732,01,04604,48,1117193,10,58,6,5,20,70000,2,0,40,52,1.0,1,04,2634.0,70000,70000,1,2,9,Graphic Designers
2022HU0663633,01,02307,48,1117193,22,33,6,1,21,367000,1,0,63,52,1.0,1,01,2752.0,367000,496000,1,2,1,Musicians and Singers
2022HU0665100,03,04628,48,1117193,9,26,1,5,22,0,1,55000,40,52,1.0,1,02,2710.0,55000,55000,1,2,9,Producers and Directors
2022HU0665230,01,02514,48,1117193,39,35,2,4,22,0,1,32000,15,52,1.0,1,01,2752.0,32000,32000,1,2,1,Musicians and Singers
2022HU0666164,01,06301,48,1117193,11,28,2,5,21,0,2,0,,,6.0,1,02,2710.0,0,11300,1,2,1,Producers and Directors
2022HU0671300,02,02510,48,1117193,10,45,2,1,20,0,1,78000,40,52,1.0,1,01,2634.0,78000,78000,1,2,1,Graphic Designers
2022HU0672624,01,02321,48,1117193,11,29,1,5,21,0,2,60000,40,52,1.0,1,01,2634.0,60000,60000,1,2,1,Graphic Designers
2022HU0674203,01,02308,48,1117193,16,39,1,1,20,0,2,31000,40,26,1.0,1,01,2634.0,31000,36100,1,2,6,Graphic Designers
2022HU0674278,02,00800,48,1117193,4,27,1,1,21,0,1,68000,40,52,1.0,1,01,2905.0,68000,68000,1,2,1,"Other Media and Communication Equipment Workers (broadcast/sound/AV/lighting techs, combined - PUMS does not separately identify 'sound engineering technician')"
2022HU0675053,02,02312,48,1117193,14,28,1,5,19,0,1,67000,40,52,1.0,1,01,2905.0,67000,67000,1,2,1,"Other Media and Communication Equipment Workers (broadcast/sound/AV/lighting techs, combined - PUMS does not separately identify 'sound engineering technician')"
2022HU0676868,02,01000,48,1117193,5,33,1,1,19,0,2,30000,40,52,1.0,1,01,2910.0,30000,30000,1,2,1,Photographers
2022HU0676973,01,04901,48,1117193,7,69,1,1,21,0,1,0,,,6.0,1,01,2910.0,0,64600,2,1,1,Photographers
2022HU0677646,02,02309,48,1117193,16,45,6,1,21,30000,1,0,25,35,1.0,1,01,2700.0,30000,30000,1,2,1,Actors
2022HU0677986,01,05306,48,1117193,18,39,6,5,21,100000,2,0,40,40,1.0,1,01,2634.0,100000,100000,1,2,1,Graphic Designers
2022HU0678475,05,04620,48,1117193,12,18,2,5,19,0,1,5200,2,52,1.0,1,23,2752.0,5200,5200,1,2,9,Musicians and Singers
2022HU0678624,01,01903,48,1117193,9,43,6,1,20,30000,2,0,84,52,1.0,1,01,2910.0,30000,30000,1,2,1,Photographers
2022HU0678624,02,01903,48,1117193,13,47,6,1,16,30000,1,0,40,52,1.0,1,24,2910.0,30000,30000,1,2,9,Photographers
2022HU0679808,01,05202,48,1117193,5,74,1,1,19,0,1,60000,20,15,1.0,1,01,2700.0,60000,80000,1,1,1,Actors
2022HU0680446,02,04802,48,1117193,17,51,6,1,16,3000,1,4000,26,52,1.0,1,01,2752.0,7000,7000,1,2,1,Musicians and Singers
2022HU0680557,02,03600,48,1117193,8,69,2,1,22,0,2,7900,4,52,1.0,1,01,2752.0,7900,23800,1,1,1,Musicians and Singers
2022HU0681124,02,02513,48,1117193,15,22,1,5,20,0,2,0,,,6.0,1,01,2740.0,0,0,1,2,1,Dancers and Choreographers
2022HU0681382,01,05911,48,1117193,15,66,1,3,20,18000,2,66000,40,52,1.0,1,01,2634.0,84000,84000,1,1,1,Graphic Designers
2022HU0681501,01,05309,48,1117193,20,46,6,3,21,5000,2,0,50,52,1.0,1,01,2634.0,5000,5000,2,1,1,Graphic Designers
2022HU0682429,01,02515,48,1117193,13,34,6,5,21,13000,2,0,27,25,1.0,1,02,2910.0,13000,14700,1,1,8,Photographers
2022HU0683627,02,04622,48,1117193,14,52,1,1,19,0,2,62000,40,52,1.0,1,01,2850.0,62000,62000,1,2,1,Writers and Authors
2022HU0685112,02,02319,48,1117193,17,29,2,1,16,0,2,0,,,6.0,1,01,2634.0,0,0,1,2,1,Graphic Designers
2022HU0686939,02,04702,48,1117193,27,39,6,1,22,26700,2,0,20,52,1.0,1,01,2850.0,26700,24300,1,2,1,Writers and Authors
2022HU0687359,01,05401,48,1117193,14,80,6,3,21,4000,1,0,40,40,6.0,1,01,2910.0,4000,23200,2,1,1,Photographers
2022HU0688355,02,01904,48,1117193,16,40,6,1,21,1000,2,0,25,26,1.0,1,01,2634.0,1000,1000,1,2,6,Graphic Designers
2022HU0688390,02,04702,48,1117193,17,29,6,1,21,20000,2,0,35,50,1.0,1,01,2634.0,20000,20000,1,2,1,Graphic Designers
2022HU0688597,01,04400,48,1117193,10,53,1,3,18,0,1,150000,55,52,1.0,1,01,2905.0,150000,150010,1,2,1,"Other Media and Communication Equipment Workers (broadcast/sound/AV/lighting techs, combined - PUMS does not separately identify 'sound engineering technician')"
2022HU0689050,01,02309,48,1117193,9,41,6,1,21,30000,2,0,25,40,6.0,1,01,2850.0,30000,30400,1,2,1,Writers and Authors
2022HU0690130,01,05201,48,1117193,18,37,6,1,22,500,2,0,6,26,1.0,1,01,2850.0,500,500,1,2,1,Writers and Authors
2022HU0692050,01,00700,48,1117193,8,38,5,1,20,0,1,49100,40,52,4.0,1,01,2850.0,49100,49100,1,2,1,Writers and Authors
2022HU0695333,02,01907,48,1117193,18,35,6,1,21,36000,1,0,15,52,1.0,1,01,2752.0,36000,36000,1,2,1,Musicians and Singers
2022HU0696068,02,02006,48,1117193,17,31,7,1,21,0,2,150000,60,52,1.0,1,01,2910.0,150000,150000,1,2,1,Photographers
2022HU0696165,02,05401,48,1117193,19,38,6,1,21,78000,1,0,45,52,1.0,1,01,2634.0,78000,78000,1,2,1,Graphic Designers
2022HU0697129,01,05303,48,1117193,27,69,2,1,24,0,2,15400,3,52,1.0,1,01,2752.0,15400,57300,1,1,2,Musicians and Singers
2022HU0697272,02,04200,48,1117193,14,34,1,1,21,0,2,43000,40,52,1.0,1,19,2751.0,43000,43000,1,2,9,Music Directors and Composers
2022HU0698519,02,02005,48,1117193,20,34,6,1,21,96000,2,0,50,52,2.0,1,01,2850.0,96000,96000,1,2,1,Writers and Authors
2022HU0698544,01,04504,48,1117193,9,71,6,1,15,0,1,0,,,6.0,1,01,2910.0,0,12000,2,1,1,Photographers
2022HU0700012,01,02101,48,1117193,15,62,1,1,21,0,1,60000,45,52,1.0,1,01,2710.0,60000,60000,1,2,1,Producers and Directors
2022HU0701825,01,07401,48,1117193,19,33,6,5,21,3600,1,0,10,52,1.0,2,02,2752.0,3600,3600,2,2,9,Musicians and Singers
2022HU0707375,02,02318,48,1117193,7,63,6,1,19,88000,1,0,60,52,1.0,1,01,2905.0,88000,88000,1,2,1,"Other Media and Communication Equipment Workers (broadcast/sound/AV/lighting techs, combined - PUMS does not separately identify 'sound engineering technician')"
2022HU0708591,02,02700,48,1117193,8,53,3,1,20,0,1,36000,40,48,3.0,1,01,2905.0,36000,36000,1,2,1,"Other Media and Communication Equipment Workers (broadcast/sound/AV/lighting techs, combined - PUMS does not separately identify 'sound engineering technician')"
2022HU0711586,06,01903,48,1117193,66,27,1,3,21,0,2,28800,40,52,1.0,1,01,2850.0,28800,28800,1,2,6,Writers and Authors
2022HU0712336,06,02512,48,1117193,12,40,1,3,01,0,1,75000,50,52,1.0,2,02,2910.0,75000,75000,2,2,9,Photographers
2022HU0714764,02,05306,48,1117193,20,71,6,3,21,800,1,0,30,2,6.0,1,01,2700.0,800,15800,2,1,1,Actors
2022HU0715776,01,02005,48,1117193,27,24,4,5,21,0,2,11000,10,45,1.0,1,01,2905.0,11000,11000,1,2,1,"Other Media and Communication Equipment Workers (broadcast/sound/AV/lighting techs, combined - PUMS does not separately identify 'sound engineering technician')"
2022HU0715950,01,02314,48,1117193,13,38,1,1,21,0,1,128000,40,52,1.0,1,01,2710.0,128000,128000,1,2,1,Producers and Directors
2022HU0716671,04,00501,48,1117193,58,21,6,5,16,20000,1,0,12,44,1.0,1,01,2752.0,20000,20000,1,2,1,Musicians and Singers
2022HU0717410,02,06601,48,1117193,2,24,5,1,19,0,2,2000,4,15,1.0,2,01,2910.0,2000,2000,2,2,9,Photographers
2022HU0718165,01,04601,48,1117193,11,32,2,5,22,0,1,90000,40,52,1.0,1,01,2752.0,90000,90000,1,2,6,Musicians and Singers
2022HU0719760,02,02314,48,1117193,11,78,2,1,22,0,1,650,2,52,1.0,1,01,2752.0,650,21050,2,1,2,Musicians and Singers
2022HU0720295,01,04604,48,1117193,14,30,1,1,21,0,1,47500,40,52,1.0,1,01,2634.0,47500,47500,1,2,1,Graphic Designers
2022HU0723037,01,02101,48,1117193,15,73,1,1,22,0,2,0,,,6.0,1,01,2850.0,0,47000,1,1,1,Writers and Authors
2022HU0723109,02,01908,48,1117193,58,43,6,1,21,40000,2,0,40,52,1.0,1,01,2850.0,40000,40000,1,2,1,Writers and Authors
2022HU0723880,02,02600,48,1117193,12,59,1,1,19,0,2,24000,20,52,1.0,1,01,2634.0,24000,24000,1,2,1,Graphic Designers
2022HU0726060,02,02005,48,1117193,11,31,6,1,22,0,2,0,,,6.0,1,01,2910.0,0,0,1,2,1,Photographers
2022HU0726128,02,02101,48,1117193,16,42,1,1,18,0,2,60000,28,52,1.0,1,01,2634.0,60000,60000,1,2,1,Graphic Designers
2022HU0726248,01,04701,48,1117193,7,65,4,3,22,0,1,4000,15,25,1.0,1,01,2700.0,4000,28800,1,1,1,Actors
2022HU0728314,01,04604,48,1117193,46,69,1,2,03,0,2,537000,80,52,1.0,2,01,2751.0,537000,534600,2,2,2,Music Directors and Composers
2022HU0728537,01,06701,48,1117193,30,60,6,1,10,14000,2,0,7,52,1.0,1,02,2910.0,14000,14000,1,2,9,Photographers
2022HU0731190,01,05913,48,1117193,38,57,1,1,21,0,1,18000,30,52,1.0,2,01,2752.0,18000,18000,2,2,2,Musicians and Singers
2022HU0732256,01,06604,48,1117193,16,60,6,1,19,6000,1,0,20,26,1.0,2,02,2634.0,6000,6000,2,2,9,Graphic Designers
2022HU0736476,01,01905,48,1117193,28,67,1,1,21,0,1,87000,40,52,1.0,1,01,2700.0,87000,87000,1,2,1,Actors
2022HU0736476,02,01905,48,1117193,37,57,1,1,21,0,2,113000,40,52,1.0,1,01,2905.0,113000,113000,1,2,1,"Other Media and Communication Equipment Workers (broadcast/sound/AV/lighting techs, combined - PUMS does not separately identify 'sound engineering technician')"
2022HU0737876,05,05201,48,1117193,9,37,1,1,20,0,1,45000,60,52,1.0,1,01,2905.0,45000,45000,1,2,1,"Other Media and Communication Equipment Workers (broadcast/sound/AV/lighting techs, combined - PUMS does not separately identify 'sound engineering technician')"
2022HU0739110,02,05304,48,1117193,35,39,7,1,21,0,2,0,,,6.0,1,01,2910.0,0,0,1,2,1,Photographers
2022HU0739278,01,01700,48,1117193,4,71,6,1,01,0,1,0,,,6.0,1,01,2910.0,0,1500,1,1,1,Photographers
2022HU0740539,01,05600,48,1117193,13,75,6,1,21,-7300,1,0,2,52,1.0,1,01,2910.0,-7300,-4700,1,1,1,Photographers
2022HU0742437,02,02001,48,1117193,10,35,1,1,19,0,2,60000,28,52,1.0,1,01,2634.0,60000,60000,1,2,1,Graphic Designers
2022HU0742946,04,04902,48,1117193,8,16,1,5,14,0,1,0,,,6.0,1,01,2910.0,0,0,1,1,6,Photographers
2022HU0743765,03,02102,48,1117193,3,43,3,5,21,0,2,90000,40,52,1.0,1,01,2850.0,90000,90000,1,2,1,Writers and Authors
2022HU0746058,01,04502,48,1117193,16,50,6,1,16,11400,2,0,30,52,1.0,1,01,2910.0,11400,11400,1,2,1,Photographers
2022HU0746059,02,01903,48,1117193,20,35,6,1,21,146000,2,0,40,52,1.0,1,02,2850.0,146000,146000,1,2,9,Writers and Authors
2022HU0747109,01,02313,48,1117193,18,68,2,5,22,0,1,35000,20,52,1.0,1,01,2752.0,35000,81600,2,1,1,Musicians and Singers
2022HU0747622,01,05304,48,1117193,33,34,1,5,21,0,2,55000,40,52,1.0,1,01,2910.0,55000,55000,1,2,9,Photographers
2022HU0747804,02,07300,48,1117193,19,24,1,5,19,0,2,0,,,6.0,1,02,2740.0,0,0,1,2,1,Dancers and Choreographers
2022HU0750366,02,05304,48,1117193,13,25,1,5,21,0,1,25000,35,40,1.0,2,02,2910.0,25000,25000,2,2,1,Photographers
2022HU0752543,01,02515,48,1117193,11,65,6,1,21,50000,1,0,40,52,1.0,1,01,2850.0,50000,50000,2,1,1,Writers and Authors
2022HU0755122,03,05307,48,1117193,21,33,2,5,21,680,2,50000,45,52,1.0,1,01,2850.0,50680,50680,1,2,1,Writers and Authors
2022HU0757998,01,02314,48,1117193,50,59,6,4,16,20000,1,0,25,52,1.0,1,02,2752.0,20000,20000,1,2,8,Musicians and Singers
2022HU0758067,01,02507,48,1117193,13,27,2,1,21,0,2,55000,40,52,1.0,1,01,2752.0,55000,59500,1,2,1,Musicians and Singers
2022HU0758526,01,01600,48,1117193,13,59,7,1,19,0,1,0,,,3.0,1,01,2850.0,0,9000,1,2,1,Writers and Authors
2022HU0759780,01,02315,48,1117193,10,65,1,5,21,0,1,0,,,6.0,1,01,2710.0,0,0,2,1,1,Producers and Directors
2022HU0762209,02,05401,48,1117193,11,66,1,1,21,0,1,350,15,2,6.0,1,01,2700.0,350,2550,2,1,1,Actors
2022HU0767565,01,04620,48,1117193,23,45,1,5,20,0,2,36200,35,52,1.0,2,01,2634.0,36200,36200,2,2,1,Graphic Designers
2022HU0768930,01,03307,48,1117193,53,44,1,1,22,0,1,0,,,6.0,1,02,2634.0,0,0,2,1,9,Graphic Designers
2022HU0770450,01,06000,48,1117193,19,42,1,3,20,0,2,50000,40,52,1.0,1,01,2634.0,50000,51000,1,2,1,Graphic Designers
2022HU0772094,01,04602,48,1117193,21,30,1,5,21,0,1,54000,40,52,1.0,1,02,2634.0,54000,54200,1,2,9,Graphic Designers
2022HU0772113,02,04604,48,1117193,21,33,2,5,21,0,1,40000,35,52,1.0,1,02,2850.0,40000,40000,1,2,9,Writers and Authors
2022HU0772801,01,04902,48,1117193,9,73,1,1,19,0,1,15000,40,52,1.0,1,01,2850.0,15000,52100,1,1,1,Writers and Authors
2022HU0773319,02,00400,48,1117193,9,25,7,1,21,0,2,40000,45,52,1.0,1,01,2910.0,40000,40000,1,2,1,Photographers
2022HU0774192,04,02509,48,1117193,19,19,3,1,19,0,2,13000,20,36,1.0,1,01,2850.0,13000,13000,1,2,6,Writers and Authors
2022HU0774429,01,07402,48,1117193,19,27,4,5,21,0,2,47000,40,52,1.0,1,02,2634.0,47000,47100,1,2,1,Graphic Designers
2022HU0774940,02,04635,48,1117193,9,42,2,1,21,0,2,2100,3,30,1.0,1,04,2751.0,2100,2100,1,2,9,Music Directors and Composers
2022HU0776083,01,04616,48,1117193,22,42,1,1,21,0,1,29000,40,29,3.0,1,01,2634.0,29000,37200,1,2,1,Graphic Designers
2022HU0778728,01,00200,48,1117193,7,43,6,1,21,6000,2,6000,60,52,1.0,1,01,2634.0,12000,12000,1,2,1,Graphic Designers
2022HU0779630,03,02301,48,1117193,13,30,6,5,21,81000,2,0,42,52,1.0,1,01,2850.0,81000,81000,1,2,1,Writers and Authors
2022HU0779630,04,02301,48,1117193,11,69,6,1,21,28000,1,0,48,52,1.0,1,01,2634.0,28000,38800,2,1,1,Graphic Designers
2022HU0780392,02,02306,48,1117193,19,57,6,1,21,710,1,0,8,1,6.0,1,01,2700.0,710,710,1,2,1,Actors
2022HU0780533,02,03900,48,1117193,3,40,7,1,19,0,2,2500,4,10,1.0,1,01,2910.0,2500,2500,1,1,1,Photographers
2022HU0782256,02,02503,48,1117193,16,29,6,5,22,-1000,2,12000,50,52,1.0,1,01,2850.0,11000,11000,1,2,1,Writers and Authors
2022HU0782894,01,02515,48,1117193,11,26,2,5,19,0,2,18900,30,45,1.0,1,01,2740.0,18900,18900,1,2,1,Dancers and Choreographers
2022HU0783878,01,00100,48,1117193,30,52,3,1,21,0,2,48200,10,52,1.0,1,01,2850.0,48200,48320,1,2,1,Writers and Authors
2022HU0783896,02,00400,48,1117193,7,52,1,1,21,0,1,70000,50,32,1.0,1,01,2850.0,70000,70000,1,2,1,Writers and Authors
2022HU0788593,01,02307,48,1117193,5,65,1,1,21,0,1,0,,,6.0,1,01,2910.0,0,42000,2,1,1,Photographers
2022HU0788986,02,01903,48,1117193,10,56,1,1,21,0,2,100000,40,52,1.0,1,01,2850.0,100000,100000,1,2,1,Writers and Authors
2022HU0790786,03,05204,48,1117193,20,33,8,5,16,0,1,25000,30,25,2.0,2,01,2752.0,25000,25000,2,2,1,Musicians and Singers
2022HU0790811,01,04602,48,1117193,33,28,2,5,22,7500,1,40000,40,38,1.0,2,01,2752.0,47500,47600,2,2,1,Musicians and Singers
2022HU0791006,02,00700,48,1117193,5,32,1,1,19,500,1,45000,40,52,1.0,1,01,2905.0,45500,45500,1,2,1,"Other Media and Communication Equipment Workers (broadcast/sound/AV/lighting techs, combined - PUMS does not separately identify 'sound engineering technician')"
2022HU0791172,01,02311,48,1117193,34,39,6,1,21,150000,2,0,20,46,1.0,1,01,2710.0,150000,150000,1,2,1,Producers and Directors
2022HU0792673,01,02101,48,1117193,14,62,1,1,21,0,2,2300,8,30,1.0,1,01,2910.0,2300,18300,1,2,1,Photographers
2022HU0794163,03,02301,48,1117193,14,21,2,5,19,0,1,9600,10,52,1.0,1,01,2752.0,9600,9600,1,2,9,Musicians and Singers
2022HU0795057,01,04702,48,1117193,32,68,6,2,21,-7300,2,0,40,52,1.0,1,01,2850.0,-7300,44100,1,1,1,Writers and Authors
2022HU0797550,02,07401,48,1117193,8,23,1,5,21,0,2,880,20,10,1.0,1,01,2634.0,880,890,1,2,1,Graphic Designers
2022HU0798599,01,05302,48,1117193,21,38,1,5,21,0,1,35000,40,25,1.0,1,02,2850.0,35000,50000,1,1,3,Writers and Authors
2022HU0799119,02,02307,48,1117193,15,68,1,1,21,0,1,0,,,6.0,1,01,2710.0,0,24600,1,1,1,Producers and Directors
2022HU0803979,01,03700,48,1117193,4,42,6,1,22,22000,1,0,35,52,1.0,1,01,2752.0,22000,22000,1,2,1,Musicians and Singers
2022HU0805200,01,01907,48,1117193,10,65,7,1,16,0,1,15700,50,52,1.0,1,01,2634.0,15700,16200,2,1,1,Graphic Designers
2022HU0808804,01,02102,48,1117193,17,48,1,1,21,0,1,93000,40,52,1.0,1,01,2634.0,93000,93000,1,2,1,Graphic Designers
2022HU0808804,02,02102,48,1117193,21,43,7,1,21,0,2,44000,40,52,1.0,1,02,2910.0,44000,44000,1,2,9,Photographers
2022HU0809458,05,05302,48,1117193,13,47,6,4,19,25000,1,0,25,48,1.0,1,02,2752.0,25000,22600,1,2,8,Musicians and Singers
2022HU0810217,01,02322,48,1117193,12,63,6,1,20,6000,1,0,30,6,6.0,1,01,2634.0,6000,7000,1,2,1,Graphic Designers
2022HU0810255,02,05906,48,1117193,37,29,1,5,21,0,2,12000,30,36,3.0,2,02,2634.0,12000,12000,2,2,9,Graphic Designers
2022HU0810786,01,02507,48,1117193,10,81,4,2,19,0,2,650,24,2,1.0,1,01,2700.0,650,26150,2,1,2,Actors
2022HU0811126,02,01905,48,1117193,7,58,6,1,21,710,1,0,8,1,6.0,1,01,2700.0,710,710,1,2,1,Actors
2022HU0813473,02,05302,48,1117193,26,34,4,5,21,0,2,54000,40,52,1.0,1,01,2850.0,54000,54000,1,2,1,Writers and Authors
2022HU0813587,02,01000,48,1117193,4,66,2,5,12,0,1,0,,,6.0,2,01,2752.0,0,0,2,2,1,Musicians and Singers
2022HU0814942,02,07401,48,1117193,27,40,6,5,21,6000,2,0,30,30,1.0,2,01,2910.0,6000,6000,2,2,1,Photographers
2022HU0815467,02,00900,48,1117193,12,55,6,1,22,4,1,0,25,4,1.0,1,01,2910.0,4,4,1,2,1,Photographers
2022HU0816003,01,01907,48,1117193,20,34,1,1,21,0,1,64000,40,52,1.0,1,02,2634.0,64000,64000,1,2,9,Graphic Designers
2022HU0816901,02,05307,48,1117193,10,28,6,5,19,50000,2,5000,40,52,1.0,2,01,2740.0,55000,55000,2,2,1,Dancers and Choreographers
2022HU0819231,02,02003,48,1117193,10,42,6,1,21,0,2,0,,,6.0,1,01,2910.0,0,0,1,2,1,Photographers
2022HU0820595,02,04501,48,1117193,23,31,2,5,22,0,1,50000,40,52,1.0,2,01,2710.0,50000,50000,2,2,1,Producers and Directors
2022HU0820935,01,02003,48,1117193,13,79,1,2,22,0,2,109000,40,52,1.0,1,01,2850.0,109000,134000,1,1,1,Writers and Authors
2022HU0822634,02,02006,48,1117193,13,43,6,1,21,7700,1,0,15,52,1.0,1,01,2634.0,7700,7700,1,2,1,Graphic Designers
2022HU0824009,01,05911,48,1117193,17,35,1,3,22,0,2,26300,30,52,1.0,1,01,2910.0,26300,26300,1,2,1,Photographers
2022HU0827208,01,03900,48,1117193,5,52,6,2,19,30000,2,0,40,52,1.0,1,01,2634.0,30000,30000,1,2,1,Graphic Designers
2022HU0827285,01,02310,48,1117193,9,36,1,1,21,0,2,70000,40,52,1.0,1,01,2634.0,70000,70000,1,2,1,Graphic Designers
2022HU0827285,02,02310,48,1117193,11,36,1,1,21,0,1,52000,50,52,1.0,1,01,2634.0,52000,52000,1,2,1,Graphic Designers
2022HU0828252,02,03400,48,1117193,8,68,2,1,21,0,2,1200,2,52,1.0,1,01,2752.0,1200,14430,1,1,1,Musicians and Singers
2022HU0828847,02,04610,48,1117193,32,37,2,5,17,0,2,15200,9,36,6.0,2,01,2752.0,15200,15200,2,2,2,Musicians and Singers
2022HU0829846,01,02321,48,1117193,5,61,6,1,21,2800,2,0,35,2,6.0,1,01,2910.0,2800,22800,1,2,1,Photographers
2022HU0830205,02,04501,48,1117193,19,25,1,5,19,0,1,2400,8,5,6.0,2,01,2634.0,2400,2400,2,2,2,Graphic Designers
2022HU0830227,02,04611,48,1117193,19,45,1,1,21,3000,1,52000,40,52,1.0,1,01,2710.0,55000,55000,1,2,9,Producers and Directors
2022HU0831599,03,03802,48,1117193,19,31,1,5,20,0,1,1200,10,2,3.0,2,02,2634.0,1200,1200,2,2,9,Graphic Designers
2022HU0833439,03,03700,48,1117193,19,49,1,1,21,0,1,30000,40,52,1.0,1,01,2710.0,30000,30000,1,2,1,Producers and Directors
2022HU0833515,01,02311,48,1117193,9,85,1,1,18,0,1,53000,10,40,1.0,1,01,2850.0,53000,130000,1,1,1,Writers and Authors
2022HU0840653,01,05204,48,1117193,40,28,2,1,21,0,1,60000,40,52,1.0,1,01,2751.0,60000,60000,1,2,1,Music Directors and Composers
2022HU0842685,02,00600,48,1117193,15,72,2,1,20,0,1,1000,1,2,1.0,1,01,2752.0,1000,111500,1,1,1,Musicians and Singers
2022HU0844084,01,02317,48,1117193,28,66,6,1,19,9000,2,0,8,30,1.0,1,01,2910.0,9000,65600,1,1,2,Photographers
2022HU0844180,01,02306,48,1117193,16,48,1,3,21,0,2,35000,20,52,1.0,1,01,2752.0,35000,62600,1,2,1,Musicians and Singers
2022HU0844714,01,03305,48,1117193,116,25,5,3,20,0,1,32000,40,52,4.0,1,01,2905.0,32000,32000,1,2,2,"Other Media and Communication Equipment Workers (broadcast/sound/AV/lighting techs, combined - PUMS does not separately identify 'sound engineering technician')"
2022HU0845515,02,05308,48,1117193,4,62,1,1,21,8000,2,55000,40,52,1.0,1,01,2634.0,63000,63000,1,2,9,Graphic Designers
2022HU0845909,01,01000,48,1117193,4,57,1,3,19,9500,2,28200,40,52,1.0,1,01,2634.0,37700,37700,1,2,1,Graphic Designers
2022HU0847009,02,05700,48,1117193,20,64,5,1,21,0,2,72000,40,52,1.0,1,02,2850.0,72000,147800,1,1,8,Writers and Authors
2022HU0847628,05,01100,48,1117193,4,29,6,5,01,20000,1,0,40,52,1.0,1,01,2752.0,20000,20000,1,2,1,Musicians and Singers
2022HU0849914,01,05905,48,1117193,23,39,2,5,18,500,2,250,10,1,6.0,1,01,2850.0,750,8850,1,1,9,Writers and Authors
2022HU0853577,02,01904,48,1117193,10,55,1,1,20,0,1,48000,40,52,1.0,1,02,2634.0,48000,48000,1,2,9,Graphic Designers
2022HU0855467,01,06601,48,1117193,8,29,7,1,16,0,2,72000,40,52,1.0,1,01,2910.0,72000,72000,1,2,1,Photographers
2022HU0856593,02,04613,48,1117193,10,49,1,1,19,0,1,11000,20,24,1.0,1,01,2905.0,11000,18000,1,2,1,"Other Media and Communication Equipment Workers (broadcast/sound/AV/lighting techs, combined - PUMS does not separately identify 'sound engineering technician')"
2022HU0857218,01,05303,48,1117193,21,24,6,5,21,2100,1,5000,35,30,1.0,1,01,2905.0,7100,7100,1,2,1,"Other Media and Communication Equipment Workers (broadcast/sound/AV/lighting techs, combined - PUMS does not separately identify 'sound engineering technician')"
2022HU0858364,02,02308,48,1117193,47,28,2,5,16,0,1,40000,50,52,1.0,1,01,2634.0,40000,40000,1,2,1,Graphic Designers
2022HU0859925,01,05306,48,1117193,30,31,6,5,21,75000,2,0,30,48,1.0,1,01,2634.0,75000,75000,1,2,1,Graphic Designers
2022HU0860873,01,02320,48,1117193,15,60,6,2,18,62000,1,0,6,50,1.0,1,01,2751.0,62000,62000,2,1,1,Music Directors and Composers
2022HU0861789,02,04609,48,1117193,5,60,7,3,19,0,1,27000,40,52,1.0,1,01,2905.0,27000,27000,1,2,9,"Other Media and Communication Equipment Workers (broadcast/sound/AV/lighting techs, combined - PUMS does not separately identify 'sound engineering technician')"
2022HU0865055,01,01903,48,1117193,13,29,6,5,21,40000,1,0,40,52,1.0,2,01,2710.0,40000,40000,2,2,1,Producers and Directors
2022HU0865055,02,01903,48,1117193,14,29,6,5,21,40000,1,0,40,52,1.0,2,01,2710.0,40000,40000,2,2,2,Producers and Directors
2022HU0865424,01,01907,48,1117193,4,63,6,1,23,10400,2,0,25,20,3.0,1,01,2850.0,10400,10400,1,2,1,Writers and Authors
2022HU0867281,02,01903,48,1117193,11,40,6,1,22,30000,2,0,4,30,1.0,1,01,2710.0,30000,30000,1,2,6,Producers and Directors
2022HU0876261,01,05800,48,1117193,15,35,2,1,21,0,2,42000,40,52,1.0,1,01,2850.0,42000,42000,1,2,1,Writers and Authors
2022HU0878589,02,02200,48,1117193,18,44,3,1,22,0,1,70000,40,52,1.0,1,01,2850.0,70000,70120,1,2,1,Writers and Authors
2022HU0878959,02,03306,48,1117193,13,29,2,1,22,0,2,8600,18,38,1.0,1,16,2752.0,8600,8600,1,2,9,Musicians and Singers
2022HU0879976,02,02515,48,1117193,2,29,1,1,21,0,2,22000,30,24,3.0,1,01,2850.0,22000,22000,1,2,1,Writers and Authors
2022HU0880859,02,02101,48,1117193,14,60,6,1,16,100000,1,0,30,52,1.0,1,01,2634.0,100000,100000,1,2,1,Graphic Designers
2022HU0884729,03,05903,48,1117193,11,33,6,5,16,9000,1,0,5,52,1.0,2,02,2634.0,9000,9000,2,2,1,Graphic Designers
2022HU0884729,04,05903,48,1117193,9,35,6,5,20,21200,1,0,20,52,1.0,2,01,2634.0,21200,21200,2,2,1,Graphic Designers
2022HU0885314,02,01901,48,1117193,53,59,1,1,19,0,1,35700,40,52,1.0,1,01,2905.0,35700,48200,1,2,1,"Other Media and Communication Equipment Workers (broadcast/sound/AV/lighting techs, combined - PUMS does not separately identify 'sound engineering technician')"
2022HU0886891,02,02301,48,1117193,20,26,2,1,22,0,2,35000,30,48,1.0,1,01,2751.0,35000,35000,1,2,1,Music Directors and Composers
2022HU0889241,01,05305,48,1117193,31,43,7,1,21,0,2,10000,30,26,6.0,1,01,2850.0,10000,10000,1,2,6,Writers and Authors
2022HU0892525,02,05902,48,1117193,13,25,1,1,19,0,2,5000,16,12,1.0,1,01,2740.0,5000,5000,1,2,1,Dancers and Choreographers
2022HU0892594,01,01905,48,1117193,68,31,1,5,19,0,1,60000,40,52,1.0,1,01,2752.0,60000,60000,1,2,2,Musicians and Singers
2022HU0893403,02,02502,48,1117193,9,76,2,1,20,0,2,0,,,6.0,1,01,2751.0,0,3700,1,1,1,Music Directors and Composers
2022HU0894230,01,05901,48,1117193,10,52,1,5,23,25000,1,160000,50,52,1.0,1,01,2850.0,185000,225000,1,2,1,Writers and Authors
2022HU0894541,01,02004,48,1117193,57,36,6,1,22,0,2,0,,,6.0,1,01,2634.0,0,0,1,2,1,Graphic Designers
2022HU0895471,02,05306,48,1117193,75,39,2,5,20,0,2,40000,40,52,1.0,1,02,2634.0,40000,40000,1,2,1,Graphic Designers
2022HU0895984,01,01902,48,1117193,17,61,2,5,22,0,1,60000,45,52,1.0,1,01,2751.0,60000,62400,1,2,1,Music Directors and Composers
2022HU0900041,01,01904,48,1117193,19,79,6,1,22,17000,1,0,25,40,6.0,1,01,2910.0,17000,94800,1,1,1,Photographers
2022HU0901132,01,05202,48,1117193,18,46,1,1,21,0,2,0,,,6.0,1,01,2910.0,0,0,1,2,1,Photographers
2022HU0901891,01,02513,48,1117193,8,69,6,1,22,2100,2,0,4,11,1.0,1,01,2850.0,2100,80900,1,1,1,Writers and Authors
2022HU0902089,01,03305,48,1117193,10,41,4,1,21,0,2,36000,40,52,1.0,1,02,2710.0,36000,36000,1,2,1,Producers and Directors
2022HU0902823,01,01909,48,1117193,21,53,1,5,20,0,2,75000,35,40,1.0,2,01,2634.0,75000,75000,2,2,1,Graphic Designers
2022HU0904287,01,05201,48,1117193,20,83,1,2,21,0,1,0,,,6.0,1,01,2752.0,0,102000,1,1,1,Musicians and Singers
2022HU0905120,02,02700,48,1117193,32,32,6,1,21,30,2,0,20,6,6.0,1,01,2850.0,30,30,1,2,1,Writers and Authors
2022HU0905977,01,02514,48,1117193,12,59,1,5,21,0,1,200000,40,52,2.0,1,01,2910.0,200000,210600,1,2,1,Photographers
2022HU0906372,02,05915,48,1117193,21,26,2,1,21,0,2,8600,18,38,1.0,1,02,2752.0,8600,8600,1,2,8,Musicians and Singers
2022HU0908820,06,06302,48,1117193,69,43,6,1,21,61000,1,0,40,52,1.0,1,01,2634.0,61000,61000,2,1,1,Graphic Designers
2022HU0910801,01,04000,48,1117193,8,69,2,1,18,0,1,2300,1,45,1.0,1,01,2752.0,2300,17500,2,1,1,Musicians and Singers
2022HU0911069,02,05203,48,1117193,9,67,2,1,22,0,2,20000,20,52,1.0,1,01,2751.0,20000,20800,1,1,1,Music Directors and Composers
2022HU0913152,01,02310,48,1117193,21,31,1,5,21,0,1,45000,40,52,1.0,2,01,2910.0,45000,45000,2,2,1,Photographers
2022HU0913427,02,05910,48,1117193,21,32,1,5,22,0,1,1000,40,20,1.0,1,01,2850.0,1000,1000,1,2,1,Writers and Authors
2022HU0917035,01,05204,48,1117193,21,31,6,1,20,23000,1,0,40,46,1.0,2,01,2905.0,23000,23000,2,2,1,"Other Media and Communication Equipment Workers (broadcast/sound/AV/lighting techs, combined - PUMS does not separately identify 'sound engineering technician')"
2022HU0918239,01,02314,48,1117193,17,26,6,5,19,39500,2,0,80,52,1.0,1,01,2634.0,39500,39500,1,2,1,Graphic Designers
2022HU0919374,03,06301,48,1117193,18,18,1,5,16,0,2,20000,40,52,1.0,2,02,2910.0,20000,20000,2,2,9,Photographers
2022HU0921338,02,05306,48,1117193,22,48,1,1,21,0,2,100000,40,52,1.0,1,01,2634.0,100000,100000,1,2,6,Graphic Designers
2022HU0923445,01,05903,48,1117193,9,57,6,3,24,0,2,0,,,6.0,2,01,2850.0,0,2500,2,2,1,Writers and Authors
2022HU0923517,03,04635,48,1117193,6,22,4,5,19,0,1,9400,25,46,1.0,2,01,2905.0,9400,9400,2,2,6,"Other Media and Communication Equipment Workers (broadcast/sound/AV/lighting techs, combined - PUMS does not separately identify 'sound engineering technician')"
2022HU0925622,03,05306,48,1117193,46,21,1,5,19,0,2,0,,,6.0,1,01,2740.0,0,0,1,2,1,Dancers and Choreographers
2022HU0926983,02,02005,48,1117193,41,37,2,5,21,0,1,0,,,3.0,2,01,2905.0,0,0,2,2,1,"Other Media and Communication Equipment Workers (broadcast/sound/AV/lighting techs, combined - PUMS does not separately identify 'sound engineering technician')"
2022HU0927465,02,05307,48,1117193,18,25,1,5,21,0,2,70000,55,52,1.0,1,01,2850.0,70000,70000,1,2,1,Writers and Authors
2022HU0931187,01,04613,48,1117193,15,83,1,1,21,0,1,0,,,3.0,1,01,2752.0,0,386000,2,1,1,Musicians and Singers
2022HU0932230,01,05402,48,1117193,14,57,6,2,16,0,2,0,,,6.0,1,01,2910.0,0,4200,2,1,2,Photographers
2022HU0933257,02,05309,48,1117193,10,78,6,1,22,1100,2,1100,4,50,1.0,1,01,2850.0,2200,52500,1,1,1,Writers and Authors
2022HU0933948,01,07200,48,1117193,8,41,6,1,22,-7300,2,300,3,10,6.0,1,01,2850.0,-7000,-7000,1,2,1,Writers and Authors
2022HU0936879,01,04624,48,1117193,11,41,6,1,21,5600,2,0,20,25,1.0,1,01,2910.0,5600,5600,1,2,1,Photographers
2022HU0937600,03,05500,48,1117193,29,46,6,5,19,1200,1,0,25,52,1.0,2,01,2752.0,1200,1200,2,2,1,Musicians and Singers
2022HU0937645,02,02516,48,1117193,13,52,6,1,19,6300,1,0,40,52,1.0,1,01,2850.0,6300,7000,1,2,1,Writers and Authors
2022HU0938137,02,01100,48,1117193,18,28,6,3,18,3000,2,3000,25,35,3.0,2,01,2634.0,6000,10800,2,2,1,Graphic Designers
2022HU0941064,01,04629,48,1117193,12,61,1,1,20,0,1,80000,40,52,1.0,1,02,2634.0,80000,80000,1,2,1,Graphic Designers
2022HU0942705,03,02308,48,1117193,54,29,1,5,22,0,1,58000,40,52,1.0,1,01,2850.0,58000,58000,1,2,2,Writers and Authors
2022HU0943186,03,04904,48,1117193,19,32,1,5,21,0,1,5000,20,52,1.0,2,01,2910.0,5000,5000,2,2,6,Photographers
2022HU0943977,01,02506,48,1117193,19,69,7,1,19,0,1,13400,50,4,6.0,1,01,2905.0,13400,43300,1,1,1,"Other Media and Communication Equipment Workers (broadcast/sound/AV/lighting techs, combined - PUMS does not separately identify 'sound engineering technician')"
2022HU0944763,01,07401,48,1117193,15,21,4,5,19,1000,1,8000,25,52,1.0,1,01,2634.0,9000,9000,1,2,9,Graphic Designers
2022HU0945005,01,00300,48,1117193,4,41,6,1,20,19900,2,0,40,50,1.0,1,01,2634.0,19900,19900,1,2,9,Graphic Designers
2022HU0945293,02,00501,48,1117193,12,51,1,1,21,12000,2,25000,18,52,1.0,1,01,2910.0,37000,37000,1,2,1,Photographers
2022HU0948266,01,02006,48,1117193,17,38,6,1,20,2000,2,0,30,40,1.0,1,01,2910.0,2000,2000,1,2,1,Photographers
2022HU0948289,03,00900,48,1117193,33,21,6,5,19,0,2,0,,,6.0,1,03,2905.0,0,70,1,2,1,"Other Media and Communication Equipment Workers (broadcast/sound/AV/lighting techs, combined - PUMS does not separately identify 'sound engineering technician')"
2022HU0948310,01,05307,48,1117193,33,34,1,1,21,0,1,24000,30,52,1.0,1,01,2634.0,24000,24000,1,2,1,Graphic Designers
2022HU0950967,02,02200,48,1117193,45,21,1,5,19,0,2,25000,30,35,1.0,2,01,2634.0,25000,25000,2,2,1,Graphic Designers
2022HU0951934,01,00900,48,1117193,2,35,6,3,18,19900,2,0,40,50,1.0,1,01,2634.0,19900,19900,1,2,9,Graphic Designers
2022HU0956186,01,02307,48,1117193,12,32,1,3,21,0,1,5000,43,52,1.0,1,01,2905.0,5000,5000,1,2,1,"Other Media and Communication Equipment Workers (broadcast/sound/AV/lighting techs, combined - PUMS does not separately identify 'sound engineering technician')"
2022HU0956514,02,05700,48,1117193,30,16,1,5,13,0,2,500,2,10,6.0,1,01,2700.0,500,500,1,2,1,Actors
2022HU0956991,01,03502,48,1117193,25,24,1,1,21,0,2,12000,50,52,1.0,2,01,2634.0,12000,12000,2,2,1,Graphic Designers
2022HU0957066,01,03900,48,1117193,6,33,6,1,21,0,1,0,,,6.0,1,01,2710.0,0,1000,1,2,9,Producers and Directors
2022HU0957124,01,02005,48,1117193,19,31,1,1,16,0,2,54000,40,45,1.0,1,01,2634.0,54000,54000,1,2,1,Graphic Designers
2022HU0957214,01,02502,48,1117193,56,51,1,3,22,0,1,51000,40,26,1.0,1,01,2850.0,51000,61000,1,2,9,Writers and Authors
2022HU0958010,02,02311,48,1117193,11,48,2,1,21,0,2,140000,40,52,1.0,1,01,2751.0,140000,140000,1,2,1,Music Directors and Composers
2022HU0958110,02,04701,48,1117193,17,28,1,5,16,0,2,60000,40,52,1.0,1,02,2740.0,60000,60000,1,2,1,Dancers and Choreographers
2022HU0958822,01,05401,48,1117193,11,33,6,1,21,1500,2,0,10,26,6.0,1,01,2850.0,1500,1500,1,2,1,Writers and Authors
2022HU0958882,01,04609,48,1117193,13,73,7,5,22,0,1,10800,30,40,1.0,1,01,2710.0,10800,33200,2,1,1,Producers and Directors
2022HU0961236,01,05307,48,1117193,32,38,1,5,18,0,1,65000,40,52,1.0,1,02,2850.0,65000,65000,1,2,8,Writers and Authors
2022HU0963119,02,01901,48,1117193,10,52,1,1,21,0,1,68000,40,52,1.0,1,01,2634.0,68000,68000,1,2,1,Graphic Designers
2022HU0965877,02,05910,48,1117193,47,68,5,1,21,0,1,0,,,6.0,1,02,2634.0,0,43400,2,1,9,Graphic Designers
2022HU0966495,03,05402,48,1117193,6,21,1,5,16,0,2,0,,,6.0,1,02,2740.0,0,0,1,2,8,Dancers and Choreographers
2022HU0968604,02,04625,48,1117193,34,40,1,1,19,0,2,56000,40,52,1.0,2,02,2850.0,56000,56000,2,2,1,Writers and Authors
2022HU0969044,01,02309,48,1117193,18,59,1,1,22,0,1,140000,45,52,1.0,1,01,2850.0,140000,140000,1,2,1,Writers and Authors
2022HU0970084,02,03400,48,1117193,3,56,1,1,20,0,2,30400,32,52,1.0,1,01,2634.0,30400,30400,1,2,1,Graphic Designers
2022HU0970360,02,05401,48,1117193,13,51,6,1,21,1900,2,0,20,52,1.0,1,01,2850.0,1900,1900,1,2,1,Writers and Authors
2022HU0970785,02,05800,48,1117193,16,44,1,1,21,0,1,29000,40,52,1.0,1,01,2634.0,29000,29000,1,2,1,Graphic Designers
2022HU0971138,01,03802,48,1117193,49,21,1,1,20,0,2,22000,40,52,1.0,1,01,2634.0,22000,22000,1,2,1,Graphic Designers
2022HU0976225,01,04302,48,1117193,6,60,3,1,20,0,1,42000,80,52,1.0,1,01,2910.0,42000,42000,1,1,2,Photographers
2022HU0977615,01,01902,48,1117193,10,55,1,1,16,0,1,30000,40,52,1.0,1,01,2905.0,30000,30000,1,2,6,"Other Media and Communication Equipment Workers (broadcast/sound/AV/lighting techs, combined - PUMS does not separately identify 'sound engineering technician')"
2022HU0978048,01,05303,48,1117193,18,41,7,3,19,40000,1,70000,50,48,1.0,1,01,2710.0,110000,130070,1,2,1,Producers and Directors
2022HU0978406,02,02005,48,1117193,21,34,6,1,19,12000,1,0,40,8,1.0,1,01,2910.0,12000,12000,1,2,1,Photographers
2022HU0978413,01,02313,48,1117193,131,39,1,5,22,1000,2,70000,40,40,1.0,1,01,2850.0,71000,71000,1,2,1,Writers and Authors
2022HU0978487,01,02501,48,1117193,29,26,1,1,21,2100,2,54000,40,52,1.0,1,01,2850.0,56100,56100,1,2,1,Writers and Authors
2022HU0978627,01,00700,48,1117193,8,75,2,3,22,50000,1,36000,20,50,1.0,1,01,2751.0,86000,139600,1,1,1,Music Directors and Composers
2022HU0978894,01,02309,48,1117193,13,71,1,1,21,0,2,7400,3,36,1.0,1,01,2752.0,7400,39800,1,1,1,Musicians and Singers
2022HU0980427,02,04622,48,1117193,15,32,1,1,21,0,1,55000,40,52,1.0,1,02,2710.0,55000,55000,1,2,9,Producers and Directors
2022HU0982474,03,04634,48,1117193,17,27,1,5,21,0,2,40000,40,52,1.0,1,01,2634.0,40000,40000,1,2,1,Graphic Designers
2022HU0983419,02,05401,48,1117193,2,54,1,1,22,0,1,140000,50,52,1.0,1,01,2850.0,140000,140000,1,2,1,Writers and Authors
2022HU0983916,02,01904,48,1117193,34,76,2,3,21,0,2,6000,2,44,6.0,1,01,2752.0,6000,114800,1,1,1,Musicians and Singers
2022HU0984027,02,05902,48,1117193,5,32,5,1,21,0,1,60000,45,52,4.0,1,01,2752.0,60000,60600,1,2,1,Musicians and Singers
2022HU0985961,01,02309,48,1117193,8,31,4,1,21,0,2,18000,20,35,1.0,1,01,2634.0,18000,18000,1,2,1,Graphic Designers
2022HU0986981,01,02005,48,1117193,10,62,5,1,21,0,1,0,,,6.0,1,01,2905.0,0,58000,1,2,2,"Other Media and Communication Equipment Workers (broadcast/sound/AV/lighting techs, combined - PUMS does not separately identify 'sound engineering technician')"
2022HU0988886,01,05910,48,1117193,14,31,1,5,23,0,2,130000,40,52,1.0,1,01,2850.0,130000,130000,1,2,6,Writers and Authors
2022HU0988958,02,05307,48,1117193,16,35,1,1,21,0,2,75000,50,52,1.0,1,01,2634.0,75000,75000,1,2,1,Graphic Designers
2022HU0989411,01,05309,48,1117193,13,53,1,1,22,0,2,100000,65,52,1.0,1,01,2710.0,100000,100000,1,2,1,Producers and Directors
2022HU0989411,02,05309,48,1117193,13,54,1,1,22,0,1,537000,75,52,1.0,1,01,2710.0,537000,537000,1,2,1,Producers and Directors
2022HU0991567,01,05306,48,1117193,14,33,1,5,21,0,1,2500,25,8,1.0,1,01,2710.0,2500,382500,1,2,1,Producers and Directors
2022HU0996016,01,02313,48,1117193,46,25,2,5,20,12000,2,49000,45,52,1.0,1,01,2634.0,61000,61000,1,2,9,Graphic Designers
2022HU0997054,03,04634,48,1117193,17,43,3,5,22,0,2,90000,40,52,1.0,1,01,2850.0,90000,90000,1,2,1,Writers and Authors
2022HU0997197,01,03502,48,1117193,8,37,6,1,21,0,2,0,,,6.0,2,01,2634.0,0,0,2,2,9,Graphic Designers
2022HU0997952,02,04614,48,1117193,7,27,2,5,17,0,1,20000,8,20,1.0,1,01,2905.0,20000,20000,1,2,1,"Other Media and Communication Equipment Workers (broadcast/sound/AV/lighting techs, combined - PUMS does not separately identify 'sound engineering technician')"
2022HU1004873,02,05307,48,1117193,10,48,6,5,19,25000,1,0,25,48,1.0,2,02,2752.0,25000,22600,2,2,8,Musicians and Singers
2022HU1004873,03,05307,48,1117193,8,23,6,5,16,20000,1,0,12,44,1.0,1,01,2752.0,20000,20000,1,2,1,Musicians and Singers
2022HU1006869,01,05903,48,1117193,9,72,1,2,20,0,2,600,8,20,6.0,1,01,2700.0,600,15800,2,1,1,Actors
2022HU1007686,03,04906,48,1117193,24,50,2,3,21,0,2,75000,45,52,1.0,1,01,2850.0,75000,75000,1,2,1,Writers and Authors
2022HU1008577,03,04802,48,1117193,10,21,4,5,16,0,2,2700,9,36,1.0,2,01,2910.0,2700,2700,2,2,1,Photographers
2022HU1010533,02,05309,48,1117193,12,69,2,1,21,0,2,25000,20,52,1.0,1,01,2751.0,25000,25000,1,1,1,Music Directors and Composers
2022HU1011171,02,02503,48,1117193,26,33,6,5,17,20000,1,0,30,52,1.0,2,02,2752.0,20000,20000,2,2,9,Musicians and Singers
2022HU1012093,01,05303,48,1117193,19,45,1,5,20,11000,1,40000,40,52,1.0,1,01,2634.0,51000,51000,1,2,1,Graphic Designers
2022HU1012543,02,05306,48,1117193,22,60,6,1,19,400,1,0,4,8,2.0,1,01,2850.0,400,4400,1,2,1,Writers and Authors
2022HU1014807,03,04618,48,1117193,7,26,1,5,16,0,1,0,,,6.0,2,01,2905.0,0,0,2,2,1,"Other Media and Communication Equipment Workers (broadcast/sound/AV/lighting techs, combined - PUMS does not separately identify 'sound engineering technician')"
2022HU1014852,04,06805,48,1117193,8,18,2,5,18,0,2,13000,12,50,1.0,1,02,2752.0,13000,13000,1,2,9,Musicians and Singers
2022HU1017258,02,05307,48,1117193,10,32,6,5,20,32000,1,0,30,52,1.0,1,02,2752.0,32000,32000,1,2,8,Musicians and Singers
2022HU1018014,01,04903,48,1117193,9,68,1,1,18,0,2,0,,,6.0,1,01,2850.0,0,10200,1,1,1,Writers and Authors
2022HU1020011,02,02310,48,1117193,14,33,6,5,19,50000,1,0,40,52,1.0,1,02,2752.0,50000,50000,1,2,8,Musicians and Singers
2022HU1020689,01,01800,48,1117193,14,85,2,1,22,0,2,0,,,6.0,1,01,2752.0,0,11500,1,1,1,Musicians and Singers
2022HU1023703,02,05204,48,1117193,10,45,1,1,16,0,1,65000,48,52,1.0,1,01,2905.0,65000,65000,1,2,9,"Other Media and Communication Equipment Workers (broadcast/sound/AV/lighting techs, combined - PUMS does not separately identify 'sound engineering technician')"
2022HU1024907,01,04614,48,1117193,37,22,1,5,05,0,2,22500,30,52,1.0,2,08,2740.0,22500,22500,2,2,8,Dancers and Choreographers
2022HU1025232,01,05306,48,1117193,37,26,1,5,19,0,2,19400,32,52,1.0,2,02,2710.0,19400,19400,2,2,9,Producers and Directors
2022HU1026306,01,02502,48,1117193,43,22,6,1,21,12000,2,3000,37,52,1.0,1,01,2752.0,15000,15000,1,2,6,Musicians and Singers
2022HU1026482,01,05303,48,1117193,19,35,7,1,22,0,2,90000,60,52,1.0,1,21,2634.0,90000,90000,1,2,1,Graphic Designers
2022HU1026557,01,06604,48,1117193,6,56,6,5,20,6000,1,0,20,26,1.0,2,02,2634.0,6000,6000,2,2,8,Graphic Designers
2022HU1031583,02,04613,48,1117193,9,48,6,1,21,3000,2,0,1,12,2.0,1,01,2700.0,3000,3000,1,2,1,Actors
2022HU1033090,01,05305,48,1117193,3,35,1,3,21,0,2,60000,40,52,1.0,1,01,2710.0,60000,60000,1,2,9,Producers and Directors
2022HU1033090,02,05305,48,1117193,3,46,6,3,18,3000,2,26800,40,25,3.0,1,01,2700.0,29800,51800,1,2,1,Actors
2022HU1033663,02,01908,48,1117193,19,47,6,1,21,2500,2,0,3,25,6.0,1,01,2634.0,2500,2500,1,2,1,Graphic Designers
2022HU1034992,03,04620,48,1117193,27,20,6,5,18,16200,2,0,40,52,1.0,1,01,2910.0,16200,16200,1,2,1,Photographers
2022HU1035175,03,04904,48,1117193,18,23,1,5,21,0,2,30000,40,52,1.0,1,03,2634.0,30000,30000,1,2,9,Graphic Designers
2022HU1035579,02,04609,48,1117193,8,63,6,1,21,20000,2,0,30,52,1.0,1,01,2634.0,20000,22000,1,2,1,Graphic Designers
2022HU1036494,01,05402,48,1117193,9,55,2,1,20,0,1,52000,40,52,1.0,1,01,2905.0,52000,52080,1,2,1,"Other Media and Communication Equipment Workers (broadcast/sound/AV/lighting techs, combined - PUMS does not separately identify 'sound engineering technician')"
2022HU1037363,01,02501,48,1117193,14,57,1,1,19,0,2,57000,40,52,1.0,1,01,2905.0,57000,57030,1,2,1,"Other Media and Communication Equipment Workers (broadcast/sound/AV/lighting techs, combined - PUMS does not separately identify 'sound engineering technician')"
2022HU1037363,02,02501,48,1117193,13,45,1,1,19,0,1,57000,40,52,1.0,1,01,2905.0,57000,57000,1,2,1,"Other Media and Communication Equipment Workers (broadcast/sound/AV/lighting techs, combined - PUMS does not separately identify 'sound engineering technician')"
2022HU1041645,01,03000,48,1117193,14,49,5,3,20,0,1,82000,40,52,1.0,1,01,2905.0,82000,82000,1,2,1,"Other Media and Communication Equipment Workers (broadcast/sound/AV/lighting techs, combined - PUMS does not separately identify 'sound engineering technician')"
2022HU1041795,02,01907,48,1117193,22,73,2,1,19,0,2,810,5,10,6.0,1,01,2752.0,810,810,1,1,1,Musicians and Singers
2022HU1041833,02,02320,48,1117193,19,44,6,1,21,37000,2,0,60,52,1.0,2,02,2910.0,37000,37000,2,2,9,Photographers
2022HU1043282,01,02507,48,1117193,12,32,7,1,21,0,2,25000,40,52,1.0,1,01,2910.0,25000,25000,1,2,1,Photographers
2022HU1047220,01,02004,48,1117193,16,32,6,1,21,80000,2,70000,25,45,1.0,1,01,2700.0,150000,150000,1,2,1,Actors
2022HU1047305,01,04620,48,1117193,32,50,2,3,24,0,2,90000,40,52,1.0,1,01,2850.0,90000,90000,1,2,1,Writers and Authors
2022HU1049141,03,04802,48,1117193,7,45,1,5,21,-7300,1,42000,40,52,1.0,1,01,2634.0,34700,34700,1,2,1,Graphic Designers
2022HU1049249,02,04621,48,1117193,19,64,2,1,21,0,2,0,,,6.0,1,01,2850.0,0,45000,1,2,1,Writers and Authors
2022HU1050388,02,05202,48,1117193,11,42,2,1,24,0,2,0,,,6.0,1,01,2752.0,0,0,1,2,1,Musicians and Singers
2022HU1050516,01,03700,48,1117193,5,43,6,5,21,22000,1,0,35,52,1.0,2,01,2752.0,22000,22000,2,2,1,Musicians and Singers
2022HU1050809,01,05301,48,1117193,10,47,7,1,18,5000,1,5000,40,30,6.0,1,02,2752.0,10000,10000,1,2,1,Musicians and Singers
2022HU1052909,02,02600,48,1117193,7,54,1,5,18,0,1,30000,12,52,1.0,1,01,2905.0,30000,40000,1,2,1,"Other Media and Communication Equipment Workers (broadcast/sound/AV/lighting techs, combined - PUMS does not separately identify 'sound engineering technician')"
2022HU1052993,02,02506,48,1117193,18,71,2,1,22,0,2,16000,15,52,1.0,1,01,2752.0,16000,27700,2,1,1,Musicians and Singers
2022HU1054176,01,04601,48,1117193,17,64,6,1,22,-300,2,0,3,4,6.0,1,01,2850.0,-300,-300,2,1,1,Writers and Authors
2022HU1054970,01,04615,48,1117193,12,56,2,1,22,0,1,108000,55,52,1.0,1,01,2710.0,108000,108000,1,2,1,Producers and Directors
2022HU1058642,02,02317,48,1117193,12,28,1,1,21,0,2,5500,40,52,1.0,1,01,2910.0,5500,5500,1,2,1,Photographers
2022HU1062714,01,02001,48,1117193,14,32,1,1,23,0,2,49700,40,52,1.0,1,01,2634.0,49700,49700,1,2,9,Graphic Designers
2022HU1062826,01,04627,48,1117193,12,41,6,1,21,4700,1,0,50,52,1.0,1,02,2634.0,4700,4700,1,2,1,Graphic Designers
2022HU1063381,01,04601,48,1117193,17,46,1,1,20,0,2,83000,45,52,1.0,1,02,2634.0,83000,83000,1,2,9,Graphic Designers
2022HU1063381,02,04601,48,1117193,18,38,1,1,17,0,1,80000,40,52,1.0,1,07,2634.0,80000,80000,1,2,9,Graphic Designers
2022HU1064840,01,02400,48,1117193,3,49,1,1,20,0,2,30000,22,52,1.0,1,01,2634.0,30000,130000,1,2,1,Graphic Designers
2022HU1067271,01,02313,48,1117193,8,30,6,1,16,25000,1,0,40,52,1.0,2,01,2751.0,25000,26000,2,2,1,Music Directors and Composers
2022HU1068589,01,05301,48,1117193,60,31,4,5,22,0,1,58000,40,52,1.0,1,01,2850.0,58000,58000,1,2,2,Writers and Authors
2022HU1070078,01,02509,48,1117193,8,46,1,3,21,0,1,51000,40,26,1.0,1,01,2850.0,51000,61000,1,2,1,Writers and Authors
2022HU1070885,02,06000,48,1117193,41,54,6,1,21,15000,1,0,40,25,6.0,2,01,2910.0,15000,15000,2,2,1,Photographers
2022HU1070979,01,02506,48,1117193,11,61,6,5,18,50000,2,0,24,40,1.0,2,01,2910.0,50000,50000,2,2,1,Photographers
2022HU1071789,02,02006,48,1117193,86,32,7,1,21,0,2,60000,40,52,1.0,1,01,2910.0,60000,60000,1,2,9,Photographers
2022HU1072250,01,06000,48,1117193,10,57,1,1,21,0,1,0,,,6.0,1,01,2905.0,0,0,1,2,1,"Other Media and Communication Equipment Workers (broadcast/sound/AV/lighting techs, combined - PUMS does not separately identify 'sound engineering technician')"
2022HU1072535,02,00502,48,1117193,9,73,2,1,21,800,2,34000,10,52,1.0,1,01,2752.0,34800,72300,1,1,1,Musicians and Singers
2022HU1075603,03,02400,48,1117193,13,22,1,5,19,0,2,13600,30,52,1.0,1,01,2634.0,13600,13600,1,2,1,Graphic Designers
2022HU1077364,01,07402,48,1117193,7,29,8,1,21,0,1,4000,40,52,1.0,1,01,2752.0,4000,4000,1,2,9,Musicians and Singers
2022HU1078051,02,05910,48,1117193,32,24,1,5,16,0,1,20000,40,46,1.0,1,01,2905.0,20000,20000,1,2,1,"Other Media and Communication Equipment Workers (broadcast/sound/AV/lighting techs, combined - PUMS does not separately identify 'sound engineering technician')"
2022HU1078092,05,02001,48,1117193,14,48,1,1,21,0,1,75000,40,52,1.0,1,01,2634.0,75000,75000,1,2,6,Graphic Designers
2022HU1078388,02,05307,48,1117193,11,43,1,3,21,0,1,250000,40,52,1.0,1,01,2710.0,250000,250000,1,2,1,Producers and Directors
2022HU1078594,01,02514,48,1117193,11,68,6,2,18,15000,2,0,4,42,1.0,1,01,2752.0,15000,26400,2,1,1,Musicians and Singers
2022HU1078825,01,04100,48,1117193,5,74,2,1,24,0,2,6000,4,52,1.0,1,01,2752.0,6000,69800,1,1,1,Musicians and Singers
2022HU1079966,01,00100,48,1117193,1,82,2,1,20,0,1,4500,1,52,1.0,1,01,2751.0,4500,44100,1,1,1,Music Directors and Composers
2022HU1080652,02,02318,48,1117193,6,33,1,1,21,0,2,80000,40,52,1.0,1,02,2710.0,80000,80000,1,2,9,Producers and Directors
2022HU1081746,02,03600,48,1117193,7,70,6,1,21,12000,1,0,15,26,1.0,1,01,2752.0,12000,23200,2,1,9,Musicians and Singers
2022HU1081784,01,05306,48,1117193,16,44,6,1,21,2900,2,0,20,22,1.0,1,01,2910.0,2900,77900,1,2,1,Photographers
2022HU1083947,01,02400,48,1117193,17,25,6,1,21,63000,2,0,35,15,1.0,1,01,2634.0,63000,63000,1,2,1,Graphic Designers
2022HU1086489,02,04623,48,1117193,13,27,6,1,21,2000,2,30000,40,44,1.0,1,01,2910.0,32000,32000,1,2,9,Photographers
2022HU1088063,01,01903,48,1117193,24,57,1,1,01,0,1,28000,40,52,1.0,1,02,2905.0,28000,28000,1,2,9,"Other Media and Communication Equipment Workers (broadcast/sound/AV/lighting techs, combined - PUMS does not separately identify 'sound engineering technician')"
2022HU1088775,03,04639,48,1117193,18,27,2,5,17,0,1,20000,8,20,1.0,1,01,2905.0,20000,20000,1,2,1,"Other Media and Communication Equipment Workers (broadcast/sound/AV/lighting techs, combined - PUMS does not separately identify 'sound engineering technician')"
2022HU1089870,02,01200,48,1117193,4,51,1,1,19,0,1,130000,40,52,1.0,1,01,2710.0,130000,130000,1,2,2,Producers and Directors
2022HU1092760,02,05202,48,1117193,16,33,1,1,20,0,1,43000,40,52,1.0,2,01,2905.0,43000,43000,2,2,1,"Other Media and Communication Equipment Workers (broadcast/sound/AV/lighting techs, combined - PUMS does not separately identify 'sound engineering technician')"
2022HU1095063,02,05306,48,1117193,14,62,6,3,21,367000,1,0,40,52,1.0,1,01,2710.0,367000,367000,1,2,1,Producers and Directors
2022HU1095480,02,02101,48,1117193,10,50,1,1,20,0,1,35000,40,52,1.0,1,01,2634.0,35000,35000,1,2,1,Graphic Designers
2022HU1095978,01,05307,48,1117193,17,50,6,1,21,367000,1,0,40,52,1.0,1,01,2634.0,367000,367000,1,2,1,Graphic Designers
2022HU1098694,01,05204,48,1117193,26,44,1,3,22,0,2,120000,40,52,1.0,1,01,2850.0,120000,120000,1,2,1,Writers and Authors
2022HU1099125,01,00800,48,1117193,16,33,1,3,21,0,2,45000,45,52,1.0,1,01,2634.0,45000,62000,1,1,1,Graphic Designers
2022HU1101930,02,04904,48,1117193,41,39,2,1,22,0,2,2100,3,30,1.0,1,02,2751.0,2100,2100,1,2,9,Music Directors and Composers
2022HU1102139,01,04612,48,1117193,14,34,2,5,21,0,1,125000,50,52,1.0,2,01,2752.0,125000,125000,2,2,6,Musicians and Singers
2022HU1104767,03,03802,48,1117193,19,16,1,5,13,0,2,500,2,10,6.0,1,01,2700.0,500,500,1,2,1,Actors
2022HU1105496,01,06500,48,1117193,14,26,1,5,16,0,2,48000,24,52,1.0,2,01,2740.0,48000,48000,2,2,1,Dancers and Choreographers
2022HU1106043,01,02004,48,1117193,23,48,1,1,22,0,2,100000,40,46,1.0,1,01,2710.0,100000,100000,1,2,1,Producers and Directors
2022HU1108238,02,05202,48,1117193,68,50,6,5,16,670,1,0,20,52,1.0,1,01,2752.0,670,5290,1,1,1,Musicians and Singers
2022HU1108780,01,04803,48,1117193,18,71,6,2,21,5600,2,0,4,46,6.0,1,01,2752.0,5600,34700,2,1,1,Musicians and Singers
2022HU1109042,02,02315,48,1117193,14,47,1,1,20,0,1,27000,60,51,1.0,2,01,2634.0,27000,27000,2,2,1,Graphic Designers
2022HU1109557,02,04627,48,1117193,11,41,1,1,21,0,2,14000,35,52,1.0,1,01,2910.0,14000,14000,1,2,1,Photographers
2022HU1109780,01,06805,48,1117193,25,26,1,5,21,0,1,49600,45,52,1.0,1,01,2850.0,49600,49600,1,2,1,Writers and Authors
2022HU1109881,01,04626,48,1117193,64,23,6,5,19,22000,1,0,40,52,1.0,1,01,2752.0,22000,22000,1,2,9,Musicians and Singers
2022HU1111737,02,04633,48,1117193,16,43,7,1,19,0,1,0,,,6.0,1,01,2710.0,0,71000,2,1,9,Producers and Directors
2022HU1111824,02,04609,48,1117193,23,67,1,1,19,0,2,3000,8,26,1.0,1,01,2850.0,3000,15000,1,1,1,Writers and Authors
2022HU1112482,02,04601,48,1117193,62,21,1,5,21,0,2,8000,8,20,1.0,1,01,2634.0,8000,8000,1,2,9,Graphic Designers
2022HU1112734,02,01904,48,1117193,13,27,1,5,21,0,1,40000,40,52,1.0,1,01,2710.0,40000,40050,1,2,1,Producers and Directors
2022HU1112754,01,02004,48,1117193,13,49,1,3,19,0,2,92000,40,52,1.0,1,01,2850.0,92000,92000,1,2,1,Writers and Authors
2022HU1113132,02,04603,48,1117193,22,65,2,3,16,0,2,1600,7,52,1.0,1,01,2751.0,1600,1600,2,1,2,Music Directors and Composers
2022HU1114476,01,02200,48,1117193,20,37,1,5,22,0,1,5000,10,26,1.0,1,01,2634.0,5000,5000,1,2,1,Graphic Designers
2022HU1114595,03,04702,48,1117193,20,17,2,5,14,0,1,6300,25,52,1.0,1,01,2905.0,6300,6300,1,2,1,"Other Media and Communication Equipment Workers (broadcast/sound/AV/lighting techs, combined - PUMS does not separately identify 'sound engineering technician')"
2022HU1115613,03,05908,48,1117193,132,29,2,5,16,0,1,3500,5,30,1.0,2,01,2752.0,3500,3500,2,2,1,Musicians and Singers
2022HU1116467,01,00600,48,1117193,14,63,6,3,15,1400,1,0,2,24,6.0,2,01,2752.0,1400,3600,2,2,1,Musicians and Singers
2022HU1118150,01,02515,48,1117193,18,48,2,5,23,4000,1,62000,40,49,1.0,1,01,2752.0,66000,66000,1,2,1,Musicians and Singers
2022HU1118400,02,02509,48,1117193,11,26,1,5,21,0,2,28000,40,40,1.0,1,01,2634.0,28000,28000,1,2,1,Graphic Designers
2022HU1119187,01,02400,48,1117193,35,51,1,1,19,2000,1,52000,45,52,1.0,1,04,2634.0,54000,54000,1,2,9,Graphic Designers
2022HU1119769,01,02200,48,1117193,23,65,2,1,16,0,1,0,,,6.0,1,01,2905.0,0,25500,1,1,1,"Other Media and Communication Equipment Workers (broadcast/sound/AV/lighting techs, combined - PUMS does not separately identify 'sound engineering technician')"
2022HU1121404,02,02516,48,1117193,17,42,6,1,18,0,2,0,,,6.0,1,01,2910.0,0,3000,1,2,1,Photographers
2022HU1122969,01,05304,48,1117193,20,44,4,5,21,0,1,75000,40,52,1.0,1,01,2710.0,75000,90000,1,2,1,Producers and Directors
2022HU1123513,03,03700,48,1117193,1,59,1,3,20,0,2,40000,60,20,6.0,1,01,2634.0,40000,40000,1,1,1,Graphic Designers
2022HU1126645,02,05307,48,1117193,11,29,1,5,21,0,2,78000,30,52,1.0,2,01,2634.0,78000,78000,2,2,1,Graphic Designers
2022HU1126961,03,02311,48,1117193,10,17,6,5,14,5000,2,0,10,20,1.0,1,01,2634.0,5000,5000,1,2,1,Graphic Designers
2022HU1128154,02,03308,48,1117193,18,36,1,5,21,0,1,28400,40,52,1.0,1,02,2634.0,28400,34100,1,2,9,Graphic Designers
2022HU1128964,01,01200,48,1117193,7,59,6,1,22,6000,2,6000,6,20,1.0,1,01,2752.0,12000,24000,1,2,9,Musicians and Singers
2022HU1131065,01,02005,48,1117193,9,50,1,1,21,0,1,165000,40,52,1.0,1,02,2710.0,165000,165000,1,2,9,Producers and Directors
2022HU1131406,03,04637,48,1117193,5,36,1,5,20,0,2,8500,5,48,1.0,1,02,2634.0,8500,21300,2,1,8,Graphic Designers
2022HU1132694,03,04904,48,1117193,27,25,6,5,18,50000,2,5000,40,52,1.0,2,01,2740.0,55000,55000,2,2,1,Dancers and Choreographers
2022HU1133708,01,01909,48,1117193,8,39,6,3,21,70000,2,0,55,52,1.0,2,01,2910.0,70000,70000,2,2,1,Photographers
2022HU1136410,02,02001,48,1117193,31,55,1,1,23,0,1,0,,,3.0,1,01,2710.0,0,0,1,2,1,Producers and Directors
2022HU1137252,01,02507,48,1117193,11,20,6,5,18,8000,2,12000,6,2,1.0,1,01,2850.0,20000,20000,2,1,2,Writers and Authors
2022HU1138050,01,02313,48,1117193,39,29,2,5,23,0,2,110000,90,52,1.0,1,01,2850.0,110000,110000,1,2,6,Writers and Authors
2022HU1142004,02,05903,48,1117193,14,47,6,1,21,5000,1,0,25,52,1.0,1,02,2634.0,5000,5000,1,2,9,Graphic Designers
2022HU1142942,01,05303,48,1117193,7,32,1,5,21,0,2,95000,40,52,1.0,1,01,2850.0,95000,95000,1,2,1,Writers and Authors
2022HU1143974,02,05402,48,1117193,11,21,4,5,20,0,1,9600,8,30,1.0,1,02,2710.0,9600,9600,1,2,8,Producers and Directors
2022HU1145644,01,02501,48,1117193,17,36,2,1,21,0,1,150000,40,52,1.0,1,01,2710.0,150000,150000,1,2,1,Producers and Directors
2022HU1145728,01,04638,48,1117193,9,27,6,5,21,3000,2,3000,25,35,3.0,2,01,2634.0,6000,10800,2,2,6,Graphic Designers
2022HU1147921,02,02315,48,1117193,17,37,7,5,22,0,1,78000,54,52,1.0,1,01,2710.0,78000,78000,1,2,1,Producers and Directors
2022HU1148821,01,05909,48,1117193,10,57,1,1,19,0,1,0,,,6.0,1,01,2710.0,0,161170,1,2,1,Producers and Directors
2022HU1149848,01,02512,48,1117193,17,28,2,1,22,0,2,52000,40,52,1.0,1,02,2710.0,52000,77000,1,2,8,Producers and Directors
2022HU1150437,02,01600,48,1117193,34,24,6,1,21,80000,1,0,20,52,1.0,1,02,2634.0,80000,80000,1,2,9,Graphic Designers
2022HU1150783,01,02004,48,1117193,25,63,1,1,20,0,1,70000,40,52,1.0,1,01,2910.0,70000,70000,1,2,1,Photographers
2022HU1151699,03,01800,48,1117193,13,20,1,5,15,2700,1,15000,40,12,6.0,1,01,2905.0,17700,17760,1,2,2,"Other Media and Communication Equipment Workers (broadcast/sound/AV/lighting techs, combined - PUMS does not separately identify 'sound engineering technician')"
2022HU1151892,01,04604,48,1117193,26,54,1,1,22,0,2,57000,35,52,1.0,1,01,2710.0,57000,57000,1,2,1,Producers and Directors
2022HU1154747,03,05100,48,1117193,20,41,1,5,21,0,1,10000,32,40,1.0,2,01,2634.0,10000,10000,2,2,1,Graphic Designers
2022HU1155153,02,04631,48,1117193,12,45,6,1,21,3000,2,0,1,12,2.0,1,01,2700.0,3000,3000,1,2,1,Actors
2022HU1157208,01,02310,48,1117193,14,70,6,3,19,12000,2,0,9,36,1.0,1,01,2634.0,12000,39600,2,1,1,Graphic Designers
2022HU1162748,01,05303,48,1117193,12,45,1,5,20,0,2,70000,40,52,1.0,1,01,2710.0,70000,70000,1,2,2,Producers and Directors
2022HU1163127,02,02101,48,1117193,16,69,7,1,16,0,1,30000,40,6,1.0,1,01,2752.0,30000,43200,1,1,1,Musicians and Singers
2022HU1163186,02,02322,48,1117193,10,69,2,1,18,2000,1,103000,40,52,1.0,1,01,2905.0,105000,132300,1,1,1,"Other Media and Communication Equipment Workers (broadcast/sound/AV/lighting techs, combined - PUMS does not separately identify 'sound engineering technician')"
2022HU1164003,02,03700,48,1117193,2,67,2,1,21,6000,1,18000,40,52,1.0,1,01,2751.0,24000,25000,2,1,1,Music Directors and Composers
2022HU1164447,04,04625,48,1117193,17,25,6,5,19,5000,1,0,5,20,3.0,1,01,2910.0,5000,5000,1,2,6,Photographers
2022HU1164633,01,06603,48,1117193,50,22,2,5,20,1200,1,20000,40,52,1.0,2,02,2752.0,21200,21230,2,2,1,Musicians and Singers
2022HU1167518,02,01000,48,1117193,8,32,1,5,21,0,1,8600,27,52,1.0,1,01,2710.0,8600,19500,2,1,1,Producers and Directors
2022HU1168040,02,02600,48,1117193,10,66,1,1,18,0,2,0,,,6.0,1,01,2850.0,0,29800,2,1,1,Writers and Authors
2022HU1168298,02,06802,48,1117193,23,27,1,5,21,400,2,16100,40,37,3.0,1,02,2634.0,16500,16500,1,2,1,Graphic Designers
2022HU1169833,01,05307,48,1117193,15,50,6,1,22,5000,1,0,10,8,6.0,1,01,2710.0,5000,5000,1,2,1,Producers and Directors
2022HU1171328,01,07402,48,1117193,23,39,1,5,19,0,1,26000,40,52,1.0,1,01,2634.0,26000,26000,1,2,1,Graphic Designers
2022HU1172821,02,06807,48,1117193,9,33,2,1,24,0,1,40000,40,52,1.0,2,02,2751.0,40000,40000,2,2,8,Music Directors and Composers
2022HU1173030,01,04601,48,1117193,14,29,6,1,21,77000,2,0,30,50,1.0,1,01,2850.0,77000,79000,1,2,1,Writers and Authors
2022HU1176467,01,00502,48,1117193,13,33,6,5,20,3400,2,0,20,48,6.0,2,01,2634.0,3400,3400,2,2,1,Graphic Designers
2022HU1176667,01,02322,48,1117193,9,38,6,1,21,6200,2,0,30,8,6.0,2,01,2634.0,6200,6200,2,2,1,Graphic Designers
2022HU1177060,02,05100,48,1117193,19,35,6,1,21,40000,2,0,40,52,1.0,1,01,2910.0,40000,40000,1,2,1,Photographers
2022HU1178180,01,02508,48,1117193,27,28,7,5,19,0,1,24000,45,52,1.0,1,01,2905.0,24000,24000,1,2,1,"Other Media and Communication Equipment Workers (broadcast/sound/AV/lighting techs, combined - PUMS does not separately identify 'sound engineering technician')"
2022HU1179309,02,02516,48,1117193,226,42,3,1,16,0,1,65000,40,52,1.0,1,01,2905.0,65000,65000,1,2,1,"Other Media and Communication Equipment Workers (broadcast/sound/AV/lighting techs, combined - PUMS does not separately identify 'sound engineering technician')"
2022HU1180280,01,02309,48,1117193,11,39,7,1,19,0,1,150000,60,52,1.0,1,01,2751.0,150000,150000,1,2,1,Music Directors and Composers
2022HU1180909,01,05307,48,1117193,30,38,6,5,21,32000,1,0,20,48,1.0,1,01,2752.0,32000,37060,1,2,1,Musicians and Singers
2022HU1181241,01,05306,48,1117193,16,56,7,1,22,0,1,88000,90,40,1.0,1,01,2710.0,88000,113000,1,2,1,Producers and Directors
2022HU1183285,02,02006,48,1117193,20,43,6,1,19,0,2,0,,,6.0,1,01,2910.0,0,0,1,2,1,Photographers
2022HU1184040,02,05915,48,1117193,25,25,1,5,21,0,1,1000,40,20,1.0,2,01,2850.0,1000,1000,2,2,1,Writers and Authors
2022HU1184226,01,01905,48,1117193,33,36,7,5,22,0,2,15000,30,52,6.0,1,23,2710.0,15000,15000,1,2,9,Producers and Directors
2022HU1186474,11,04200,48,1117193,13,33,2,3,16,0,1,35000,55,52,1.0,1,01,2634.0,35000,35000,2,1,1,Graphic Designers
2022HU1188371,02,02309,48,1117193,10,38,6,1,21,15000,2,0,40,52,1.0,1,01,2634.0,15000,15000,1,2,1,Graphic Designers
2022HU1189187,03,02301,48,1117193,11,31,1,5,19,0,1,25000,45,52,1.0,2,02,2752.0,25000,25000,2,2,9,Musicians and Singers
2022HU1189362,03,03306,48,1117193,17,23,1,5,21,2700,1,15000,40,12,6.0,1,02,2905.0,17700,17760,1,2,9,"Other Media and Communication Equipment Workers (broadcast/sound/AV/lighting techs, combined - PUMS does not separately identify 'sound engineering technician')"
2022HU1189590,01,03600,48,1117193,14,75,1,1,21,0,1,0,,,6.0,1,01,2850.0,0,21100,1,1,1,Writers and Authors
2022HU1190729,01,04611,48,1117193,18,36,1,5,21,0,2,60000,40,52,1.0,1,21,2634.0,60000,60000,1,2,9,Graphic Designers
2022HU1193248,01,01901,48,1117193,14,26,1,5,21,0,1,95000,40,52,1.0,1,01,2850.0,95000,95860,1,2,1,Writers and Authors
2022HU1197915,01,02307,48,1117193,5,78,2,1,22,5500,1,12800,30,32,6.0,1,01,2752.0,18300,61230,1,1,1,Musicians and Singers
2022HU1202312,02,02306,48,1117193,11,53,1,5,19,0,1,70000,40,52,1.0,1,01,2910.0,70000,70000,1,2,1,Photographers
2022HU1203132,03,00700,48,1117193,4,32,1,5,21,0,2,55000,40,52,1.0,2,01,2634.0,55000,55000,2,2,3,Graphic Designers
2022HU1203185,01,02321,48,1117193,8,75,2,3,19,0,2,0,,,6.0,1,01,2752.0,0,23000,2,1,1,Musicians and Singers
2022HU1205210,01,05308,48,1117193,27,47,4,3,24,0,1,50000,40,52,1.0,1,23,2752.0,50000,50000,1,2,9,Musicians and Singers
2022HU1206724,01,00800,48,1117193,5,37,3,1,22,0,1,63000,45,52,1.0,1,01,2751.0,63000,63000,1,2,9,Music Directors and Composers
2022HU1207429,02,02003,48,1117193,93,25,2,1,22,0,1,7200,40,10,1.0,1,01,2752.0,7200,8200,1,2,1,Musicians and Singers
2022HU1207964,01,04604,48,1117193,17,47,2,1,21,7000,1,85000,40,52,1.0,1,01,2752.0,92000,92000,1,2,1,Musicians and Singers
2022HU1210331,02,00900,48,1117193,3,45,7,1,17,0,1,50000,60,52,1.0,1,01,2910.0,50000,50000,1,2,1,Photographers
2022HU1211938,01,04604,48,1117193,9,54,4,1,22,12000,2,1800,20,52,1.0,1,01,2850.0,13800,88800,1,2,1,Writers and Authors
2022HU1212704,01,02504,48,1117193,16,59,1,1,19,0,1,43600,46,52,1.0,1,01,2905.0,43600,43600,1,2,9,"Other Media and Communication Equipment Workers (broadcast/sound/AV/lighting techs, combined - PUMS does not separately identify 'sound engineering technician')"
2022HU1213421,01,02501,48,1117193,9,72,6,1,22,10000,1,0,10,48,1.0,1,01,2850.0,10000,89800,2,1,1,Writers and Authors
2022HU1213880,01,02001,48,1117193,10,54,6,1,22,9000,2,0,15,50,1.0,2,01,2634.0,9000,9000,2,2,1,Graphic Designers
2022HU1215294,02,01300,48,1117193,4,75,6,1,21,0,2,0,,,6.0,1,01,2850.0,0,14900,1,1,1,Writers and Authors
2022HU1216085,01,05308,48,1117193,11,59,3,3,19,0,2,50000,40,52,1.0,1,01,2905.0,50000,50000,1,2,1,"Other Media and Communication Equipment Workers (broadcast/sound/AV/lighting techs, combined - PUMS does not separately identify 'sound engineering technician')"
2022HU1216115,01,03400,48,1117193,32,59,1,5,19,0,2,31000,40,49,1.0,2,01,2910.0,31000,31030,2,2,1,Photographers
2022HU1216464,01,01901,48,1117193,6,79,6,5,21,200,1,0,4,1,6.0,1,01,2752.0,200,21200,1,1,1,Musicians and Singers
2022HU1217169,01,05303,48,1117193,21,28,1,5,21,0,2,50000,40,52,1.0,1,03,2850.0,50000,50000,1,2,2,Writers and Authors
2022HU1217576,01,00100,48,1117193,8,54,7,3,18,0,2,19500,40,26,3.0,2,02,2634.0,19500,19500,2,2,9,Graphic Designers
2022HU1218068,01,02312,48,1117193,9,29,6,5,21,49000,2,16300,40,52,1.0,1,01,2710.0,65300,65300,1,2,9,Producers and Directors
2022HU1220803,02,04635,48,1117193,39,40,1,1,21,0,1,80000,40,48,1.0,1,01,2634.0,80000,80000,1,2,1,Graphic Designers
2022HU1220867,01,05913,48,1117193,69,26,2,1,22,0,1,40000,40,52,1.0,1,02,2850.0,40000,40000,1,2,9,Writers and Authors
2022HU1221123,01,07402,48,1117193,40,46,6,5,21,15400,1,0,30,52,1.0,1,01,2634.0,15400,15400,1,2,9,Graphic Designers
2022HU1222281,02,07401,48,1117193,8,56,2,1,21,67000,1,9800,25,50,1.0,1,01,2752.0,76800,77020,1,2,1,Musicians and Singers
2022HU1222377,01,05306,48,1117193,36,56,7,4,19,0,1,250000,40,52,1.0,1,01,2751.0,250000,300000,1,2,1,Music Directors and Composers
2022HU1224160,01,05904,48,1117193,26,23,1,5,19,0,1,10100,40,52,1.0,1,02,2910.0,10100,12100,1,2,1,Photographers
2022HU1224540,01,04906,48,1117193,34,35,6,1,20,25000,1,0,30,52,1.0,1,01,2910.0,25000,25000,1,2,1,Photographers
2022HU1224540,02,04906,48,1117193,21,32,6,1,20,30000,2,0,40,52,1.0,1,01,2910.0,30000,30000,1,2,1,Photographers
2022HU1224798,01,03801,48,1117193,11,31,1,5,21,0,1,29000,30,52,1.0,1,02,2634.0,29000,29000,2,1,8,Graphic Designers
2022HU1225816,03,04901,48,1117193,13,32,2,5,20,0,2,4000,10,52,1.0,1,01,2752.0,4000,4000,1,2,2,Musicians and Singers
2022HU1227632,01,04601,48,1117193,17,40,1,1,22,0,2,18000,15,17,1.0,1,01,2710.0,18000,18000,1,2,1,Producers and Directors
2022HU1228462,01,04612,48,1117193,22,33,6,1,20,6000,1,92000,45,52,1.0,1,21,2634.0,98000,98000,1,2,9,Graphic Designers
2022HU1228592,01,02311,48,1117193,17,65,6,3,21,0,2,0,,,6.0,1,01,2850.0,0,44000,2,1,1,Writers and Authors
2022HU1229013,04,06802,48,1117193,36,21,1,5,16,0,1,3000,6,52,2.0,2,02,2752.0,3000,3000,2,2,9,Musicians and Singers
2022HU1229912,01,02509,48,1117193,15,59,6,1,19,500,1,0,10,10,1.0,1,01,2850.0,500,500,1,2,1,Writers and Authors
2022HU1231634,01,07401,48,1117193,13,35,3,5,21,0,2,49800,45,52,1.0,1,01,2751.0,49800,49800,1,2,1,Music Directors and Composers
2022HU1233005,02,02101,48,1117193,16,67,7,1,16,0,1,30000,40,6,1.0,1,01,2752.0,30000,43200,2,1,1,Musicians and Singers
2022HU1234683,01,02301,48,1117193,23,31,1,1,21,0,2,45000,40,52,1.0,1,01,2634.0,45000,45000,1,2,1,Graphic Designers
2022HU1236324,03,06805,48,1117193,8,21,4,5,18,0,2,21000,30,40,1.0,1,01,2905.0,21000,21000,1,2,1,"Other Media and Communication Equipment Workers (broadcast/sound/AV/lighting techs, combined - PUMS does not separately identify 'sound engineering technician')"
2022HU1237445,02,02301,48,1117193,9,38,6,1,22,1500,2,0,40,8,1.0,1,01,2634.0,1500,1500,1,2,6,Graphic Designers
2022HU1240396,01,04503,48,1117193,13,25,6,5,21,0,1,0,,,6.0,1,01,2850.0,0,0,1,2,1,Writers and Authors
2022HU1240716,01,04604,48,1117193,29,61,1,5,21,0,1,0,,,6.0,1,01,2634.0,0,71000,1,2,1,Graphic Designers
2022HU1244217,02,04630,48,1117193,16,54,7,1,20,0,2,0,,,6.0,1,02,2700.0,0,0,1,2,9,Actors
2022HU1244451,01,03900,48,1117193,15,30,1,1,19,0,2,20000,35,52,1.0,2,01,2634.0,20000,20000,2,2,1,Graphic Designers
2022HU1244598,01,04615,48,1117193,14,23,1,5,08,0,2,6300,25,52,1.0,2,08,2740.0,6300,6300,2,2,9,Dancers and Choreographers
2022HU1244598,03,04615,48,1117193,13,20,1,5,09,0,2,33300,25,52,1.0,2,16,2740.0,33300,33300,2,2,9,Dancers and Choreographers
2022HU1248631,02,02303,48,1117193,15,25,1,5,20,0,1,25000,45,52,1.0,1,02,2752.0,25000,25000,1,2,1,Musicians and Singers
2022HU1250275,01,02504,48,1117193,29,23,1,1,18,18000,1,20000,40,52,1.0,1,01,2905.0,38000,38000,1,1,9,"Other Media and Communication Equipment Workers (broadcast/sound/AV/lighting techs, combined - PUMS does not separately identify 'sound engineering technician')"
2022HU1250407,01,05302,48,1117193,12,45,6,1,21,80000,2,40000,40,52,1.0,1,01,2850.0,120000,128000,1,2,1,Writers and Authors
2022HU1250720,01,00900,48,1117193,20,42,1,1,19,0,1,130000,40,52,1.0,1,01,2751.0,130000,130000,1,2,1,Music Directors and Composers
2022HU1251785,03,05916,48,1117193,25,24,6,5,21,20000,1,0,40,42,1.0,1,01,2850.0,20000,20000,1,2,1,Writers and Authors
2022HU1256087,02,02515,48,1117193,16,79,6,1,22,7000,2,0,20,50,1.0,1,01,2752.0,7000,21400,1,1,1,Musicians and Singers
2022HU1257362,02,02307,48,1117193,30,39,1,1,21,0,2,51000,40,49,6.0,1,01,2910.0,51000,51000,1,2,1,Photographers
2022HU1258536,02,05905,48,1117193,24,49,6,1,22,5000,1,0,25,52,1.0,2,02,2634.0,5000,5000,2,2,9,Graphic Designers
2022HU1258753,01,05309,48,1117193,15,39,6,1,21,0,2,0,,,6.0,1,01,2634.0,0,0,1,2,1,Graphic Designers
2022HU1259476,01,02315,48,1117193,11,51,1,5,19,0,1,3000,30,30,1.0,1,01,2710.0,3000,3000,1,2,1,Producers and Directors
2022HU1259725,02,05402,48,1117193,19,52,3,1,22,0,1,60000,50,52,1.0,1,02,2751.0,60000,60000,1,2,9,Music Directors and Composers
2022HU1260213,01,05203,48,1117193,16,63,6,1,19,100,2,200,32,2,1.0,1,01,2700.0,300,25300,1,2,1,Actors
2022HU1260570,01,04631,48,1117193,12,74,1,2,18,0,2,0,,,6.0,1,01,2850.0,0,46000,2,1,1,Writers and Authors
2022HU1262897,01,06803,48,1117193,62,36,1,1,19,0,1,40000,50,52,1.0,1,02,2751.0,40000,40000,1,2,9,Music Directors and Composers
2022HU1262897,02,06803,48,1117193,48,33,1,1,21,0,2,5600,40,16,1.0,1,02,2910.0,5600,5600,1,2,9,Photographers
2022HU1263171,03,02312,48,1117193,17,17,6,5,14,0,2,0,,,6.0,1,01,2634.0,0,2000,1,2,2,Graphic Designers
2022HU1263293,02,02101,48,1117193,2,67,2,1,22,0,2,26300,30,52,1.0,1,01,2751.0,26300,43900,2,1,1,Music Directors and Composers
2022HU1263949,01,03801,48,1117193,12,32,6,1,21,30000,2,0,10,52,1.0,1,01,2634.0,30000,30000,1,2,1,Graphic Designers
2022HU1264067,01,04604,48,1117193,10,31,6,5,21,48600,2,0,55,52,1.0,1,01,2910.0,48600,48680,1,1,9,Photographers
2022HU1265391,02,02003,48,1117193,11,55,6,1,21,2000,1,0,10,10,1.0,1,01,2850.0,2000,2000,1,2,1,Writers and Authors
2022HU1266058,01,06000,48,1117193,4,65,2,1,22,3500,2,7200,20,32,1.0,1,01,2752.0,10700,24100,1,1,1,Musicians and Singers
2022HU1267987,02,04801,48,1117193,7,62,6,1,21,6000,2,6000,40,48,1.0,1,01,2752.0,12000,14000,2,1,1,Musicians and Singers
2022HU1268368,01,04612,48,1117193,50,52,1,3,19,2000,1,52000,45,52,1.0,1,24,2634.0,54000,54000,1,2,9,Graphic Designers
2022HU1269744,01,02313,48,1117193,14,69,1,1,21,0,1,92000,40,52,1.0,1,01,2634.0,92000,92000,1,2,1,Graphic Designers
2022HU1270364,01,06805,48,1117193,7,75,3,5,22,0,1,48000,50,52,1.0,1,02,2752.0,48000,99000,2,1,1,Musicians and Singers
2022HU1272504,01,04613,48,1117193,12,74,3,3,22,0,2,149000,8,52,1.0,1,01,2850.0,149000,181900,1,1,1,Writers and Authors
2022HU1276455,01,00501,48,1117193,36,33,1,1,19,0,2,1000,10,14,1.0,2,01,2910.0,1000,10600,2,2,1,Photographers
2022HU1277113,01,01904,48,1117193,11,54,7,1,21,0,1,75000,35,35,1.0,2,01,2710.0,75000,75100,2,2,1,Producers and Directors
2022HU1277495,01,02313,48,1117193,18,51,1,1,21,0,1,107000,40,52,1.0,1,01,2905.0,107000,107100,1,2,1,"Other Media and Communication Equipment Workers (broadcast/sound/AV/lighting techs, combined - PUMS does not separately identify 'sound engineering technician')"
2022HU1277875,01,02511,48,1117193,13,48,1,1,22,0,2,200000,50,52,1.0,1,02,2710.0,200000,200000,1,2,9,Producers and Directors
2022HU1278031,01,04604,48,1117193,27,47,2,5,22,300,2,5800,32,52,1.0,1,01,2634.0,6100,6100,1,2,2,Graphic Designers
2022HU1278519,01,04613,48,1117193,28,23,1,5,19,0,2,3000,24,20,1.0,1,04,2740.0,3000,3000,2,1,8,Dancers and Choreographers
2022HU1278566,02,04611,48,1117193,9,52,1,4,22,0,1,40000,38,30,1.0,2,01,2634.0,40000,43500,2,2,6,Graphic Designers
2022HU1282357,01,02306,48,1117193,9,31,1,1,21,0,1,88000,40,52,1.0,1,01,2634.0,88000,88000,1,2,1,Graphic Designers
2022HU1283331,02,02507,48,1117193,11,65,6,1,21,6000,1,0,8,52,1.0,1,01,2910.0,6000,6000,2,1,1,Photographers
2022HU1284785,01,04601,48,1117193,9,72,7,5,23,0,1,10800,30,40,1.0,1,01,2710.0,10800,33200,2,1,1,Producers and Directors
2022HU1286349,03,01905,48,1117193,15,32,1,5,21,0,2,45000,40,48,1.0,1,01,2905.0,45000,45300,1,2,1,"Other Media and Communication Equipment Workers (broadcast/sound/AV/lighting techs, combined - PUMS does not separately identify 'sound engineering technician')"
2022HU1287178,02,02003,48,1117193,7,38,2,1,22,0,1,65000,45,52,1.0,1,01,2751.0,65000,65000,1,2,1,Music Directors and Composers
2022HU1287606,01,02502,48,1117193,17,61,2,5,21,0,2,13800,21,27,3.0,1,01,2751.0,13800,22300,1,2,1,Music Directors and Composers
2022HU1287775,02,04619,48,1117193,42,27,2,5,19,0,2,4000,10,52,1.0,1,01,2752.0,4000,4000,1,2,2,Musicians and Singers
2022HU1291336,01,01904,48,1117193,23,61,7,1,19,0,1,60000,40,52,1.0,2,01,2850.0,60000,60000,2,2,9,Writers and Authors
2022HU1292222,01,02312,48,1117193,13,25,3,5,22,0,2,15100,40,15,1.0,2,01,2850.0,15100,24100,2,2,1,Writers and Authors
2022HU1294038,02,03802,48,1117193,11,25,7,5,21,0,2,150000,20,52,1.0,1,01,2910.0,150000,150000,1,2,1,Photographers
2022HU1294141,02,05401,48,1117193,7,67,7,1,19,0,2,35000,40,52,1.0,1,01,2634.0,35000,52300,2,1,1,Graphic Designers
2022HU1295891,01,06803,48,1117193,10,50,2,1,22,0,2,48000,40,52,1.0,1,02,2710.0,48000,48000,1,2,3,Producers and Directors
2022HU1295939,02,04613,48,1117193,17,36,4,5,21,0,2,96000,45,52,1.0,1,01,2850.0,96000,96000,1,2,1,Writers and Authors
2022HU1296572,01,02004,48,1117193,8,60,2,1,21,0,2,115000,40,52,1.0,1,01,2710.0,115000,115000,1,2,1,Producers and Directors
2022HU1296572,02,02004,48,1117193,9,61,7,1,21,0,1,125000,40,52,1.0,1,01,2710.0,125000,125000,1,2,1,Producers and Directors
2022HU1297446,01,01901,48,1117193,23,46,7,5,24,28000,1,74000,35,52,1.0,1,01,2752.0,102000,102000,1,2,1,Musicians and Singers
2022HU1297610,02,04301,48,1117193,67,31,1,1,21,0,2,15000,20,40,6.0,1,02,2910.0,15000,15000,1,2,9,Photographers
2022HU1300537,02,04601,48,1117193,14,32,6,1,21,23000,2,0,30,52,1.0,1,01,2850.0,23000,23000,1,2,1,Writers and Authors
2022HU1301262,03,03306,48,1117193,6,19,2,5,16,0,2,3900,16,12,6.0,1,01,2752.0,3900,3900,1,2,1,Musicians and Singers
2022HU1302432,01,04624,48,1117193,22,68,1,1,23,0,1,0,,,6.0,1,01,2850.0,0,27600,2,1,1,Writers and Authors
2022HU1302464,03,02006,48,1117193,9,38,1,3,21,0,2,75000,45,52,1.0,1,01,2634.0,75000,75000,1,2,1,Graphic Designers
2022HU1302842,02,01600,48,1117193,11,58,7,1,16,0,1,45000,50,52,1.0,1,02,2710.0,45000,50000,1,2,8,Producers and Directors
2022HU1303745,01,04639,48,1117193,18,54,1,1,21,0,1,204000,44,46,1.0,1,01,2634.0,204000,204000,1,2,1,Graphic Designers
2022HU1303795,03,05700,48,1117193,11,16,1,5,13,0,2,500,2,10,6.0,1,01,2700.0,500,26600,1,1,1,Actors
2022HU1304187,02,04628,48,1117193,12,41,2,1,20,0,1,45800,40,48,1.0,1,01,2751.0,45800,45800,1,2,1,Music Directors and Composers
2022HU1304902,01,03100,48,1117193,81,76,2,5,19,0,1,44000,30,52,1.0,1,01,2634.0,44000,68000,2,1,1,Graphic Designers
2022HU1305083,04,03400,48,1117193,6,45,6,4,16,4,1,0,24,12,1.0,1,01,2752.0,4,4,1,2,1,Musicians and Singers
2022HU1305121,02,01501,48,1117193,13,42,7,1,20,0,2,2500,4,10,1.0,1,01,2910.0,2500,2500,1,2,1,Photographers
2022HU1310377,02,05303,48,1117193,15,40,6,5,21,4000,2,0,20,48,1.0,1,01,2850.0,4000,8800,1,2,1,Writers and Authors
2022HU1311358,02,07402,48,1117193,14,24,1,1,21,0,2,4000,8,48,6.0,1,01,2710.0,4000,4000,1,2,1,Producers and Directors
2022HU1314021,01,02303,48,1117193,43,34,7,1,16,0,1,78000,55,52,1.0,1,01,2752.0,78000,78000,1,2,2,Musicians and Singers
2022HU1314238,02,03310,48,1117193,53,23,1,1,21,0,2,15000,40,32,1.0,1,02,2634.0,15000,15000,1,2,9,Graphic Designers
2022HU1314402,02,04620,48,1117193,24,39,6,1,17,40000,1,0,8,50,1.0,1,01,2905.0,40000,40000,1,2,1,"Other Media and Communication Equipment Workers (broadcast/sound/AV/lighting techs, combined - PUMS does not separately identify 'sound engineering technician')"
2022HU1315282,01,02315,48,1117193,7,24,1,5,21,0,1,40000,40,46,1.0,1,01,2634.0,40000,40000,1,2,1,Graphic Designers
2022HU1316488,04,02309,48,1117193,9,26,6,5,19,30000,1,0,40,51,1.0,1,01,2910.0,30000,30000,1,2,1,Photographers
2022HU1323950,01,02004,48,1117193,8,37,7,1,21,0,1,24000,50,52,1.0,1,01,2634.0,24000,24000,1,2,9,Graphic Designers
2022HU1324027,01,02515,48,1117193,16,35,1,4,21,0,1,430,20,8,1.0,1,02,2700.0,430,25130,1,2,9,Actors
2022HU1324028,02,07401,48,1117193,11,44,4,1,22,0,2,3100,20,25,1.0,1,01,2634.0,3100,3100,1,2,6,Graphic Designers
2022HU1324101,02,02301,48,1117193,21,27,1,5,18,0,2,20000,40,30,1.0,1,01,2634.0,20000,20000,1,2,6,Graphic Designers
2022HU1326001,01,00800,48,1117193,20,30,1,3,17,0,2,40000,40,52,1.0,1,01,2634.0,40000,40000,1,2,1,Graphic Designers
2022HU1326263,04,04603,48,1117193,15,43,6,4,18,4000,2,0,8,52,1.0,1,01,2634.0,4000,4000,1,2,8,Graphic Designers
2022HU1326350,01,05202,48,1117193,9,64,2,1,21,0,2,400,2,6,6.0,1,01,2752.0,400,400,1,2,1,Musicians and Singers
2022HU1330715,02,05306,48,1117193,8,59,6,1,21,0,2,0,,,6.0,1,01,2850.0,0,0,1,2,1,Writers and Authors
2022HU1330840,01,04610,48,1117193,13,36,1,5,19,0,1,55000,40,52,1.0,2,02,2634.0,55000,55000,2,2,3,Graphic Designers
2022HU1330935,01,05307,48,1117193,13,48,7,1,23,0,2,90000,35,52,1.0,1,01,2634.0,90000,90000,1,2,1,Graphic Designers
2022HU1332642,01,02313,48,1117193,16,45,6,5,21,48000,1,0,40,52,1.0,2,01,2634.0,48000,48000,2,2,1,Graphic Designers
2022HU1335845,02,02303,48,1117193,11,62,2,1,20,0,2,14000,6,52,1.0,1,01,2752.0,14000,14000,1,2,1,Musicians and Singers
2022HU1336706,02,02319,48,1117193,12,58,4,1,18,0,1,20000,20,30,1.0,1,02,2910.0,20000,63000,1,2,9,Photographers
2022HU1336724,01,05204,48,1117193,31,52,7,1,19,0,1,150000,40,52,1.0,1,01,2634.0,150000,150000,1,2,1,Graphic Designers
2022HU1337667,01,02313,48,1117193,14,25,1,5,22,4000,2,45000,40,52,1.0,1,01,2634.0,49000,49000,1,2,1,Graphic Designers
2022HU1337725,02,06301,48,1117193,19,38,6,5,19,10000,2,0,10,24,6.0,2,02,2910.0,10000,10000,2,2,9,Photographers
2022HU1338349,02,02006,48,1117193,13,55,6,1,16,11400,1,0,32,48,1.0,1,01,2752.0,11400,11900,1,2,1,Musicians and Singers
2022HU1341231,01,03502,48,1117193,13,57,4,5,22,0,2,68000,47,52,1.0,1,02,2850.0,68000,68000,1,2,9,Writers and Authors
2022HU1341376,01,04904,48,1117193,20,34,3,5,21,0,1,78000,45,52,1.0,1,01,2710.0,78000,78000,1,2,1,Producers and Directors
2022HU1341919,01,01903,48,1117193,7,71,6,1,22,3200,1,0,30,11,6.0,1,01,2700.0,3200,3200,2,1,6,Actors
2022HU1343105,03,05700,48,1117193,19,37,3,4,21,0,2,2500,15,20,3.0,1,01,2910.0,2500,2530,1,2,1,Photographers
2022HU1343789,01,05307,48,1117193,42,46,6,3,19,95000,1,0,10,52,6.0,1,01,2910.0,95000,95000,1,2,1,Photographers
2022HU1343849,02,05500,48,1117193,3,68,2,1,19,4000,2,3100,3,48,1.0,1,01,2752.0,7100,43100,1,1,1,Musicians and Singers
2022HU1344610,02,02501,48,1117193,16,23,6,3,21,5000,2,0,30,52,1.0,1,24,2850.0,5000,5000,1,2,9,Writers and Authors
2022HU1344923,02,04640,48,1117193,59,33,6,1,16,1500,2,0,12,2,1.0,2,04,2850.0,1500,1500,2,2,9,Writers and Authors
2022HU1347407,01,04630,48,1117193,36,47,1,1,21,0,2,0,,,6.0,1,01,2700.0,0,0,1,2,1,Actors
2022HU1347972,02,01700,48,1117193,14,51,1,1,21,0,1,70000,50,32,1.0,1,01,2850.0,70000,70000,1,2,1,Writers and Authors
2022HU1349605,02,02310,48,1117193,52,39,7,1,21,0,1,20000,30,52,1.0,2,02,2910.0,20000,20000,2,2,8,Photographers
2022HU1349665,03,02400,48,1117193,24,23,1,5,21,0,2,30000,40,52,1.0,2,02,2634.0,30000,30000,2,2,1,Graphic Designers
2022HU1349925,02,02001,48,1117193,10,64,3,1,21,0,2,0,,,6.0,1,01,2634.0,0,35600,1,2,1,Graphic Designers
2022HU1351314,01,05401,48,1117193,6,57,6,1,21,58000,1,0,60,52,1.0,1,01,2910.0,58000,58000,1,2,1,Photographers
2022HU1353166,01,03305,48,1117193,10,92,1,2,18,0,1,0,,,6.0,1,01,2905.0,0,19000,1,1,1,"Other Media and Communication Equipment Workers (broadcast/sound/AV/lighting techs, combined - PUMS does not separately identify 'sound engineering technician')"
2022HU1353804,01,05303,48,1117193,15,60,1,3,22,0,1,0,,,6.0,1,01,2710.0,0,9000,1,2,1,Producers and Directors
2022HU1353834,02,04640,48,1117193,14,44,1,1,21,0,2,960,12,4,6.0,1,01,2700.0,960,960,1,2,6,Actors
2022HU1353930,01,02005,48,1117193,18,49,1,1,20,0,1,65000,45,52,1.0,1,01,2634.0,65000,65000,1,2,1,Graphic Designers
2022HU1354502,01,04604,48,1117193,9,35,2,5,24,2000,1,45000,36,52,1.0,1,01,2752.0,47000,44600,1,2,1,Musicians and Singers
2022HU1354668,02,05307,48,1117193,38,25,2,5,19,0,1,80000,8,52,6.0,2,24,2910.0,80000,80000,2,2,1,Photographers
2022HU1354809,02,01100,48,1117193,11,71,1,1,22,0,2,3000,25,6,1.0,1,01,2752.0,3000,10800,1,1,1,Musicians and Singers
2022HU1355058,01,04604,48,1117193,21,69,6,1,22,30000,1,0,12,28,6.0,1,01,2850.0,30000,80020,1,1,1,Writers and Authors
2022HU1355575,02,06000,48,1117193,5,63,6,1,22,0,2,0,,,6.0,1,01,2850.0,0,20000,1,2,1,Writers and Authors
2022HU1355854,01,02302,48,1117193,33,42,1,1,19,0,2,54000,40,52,1.0,1,01,2634.0,54000,54000,1,2,1,Graphic Designers
2022HU1356090,01,02320,48,1117193,8,31,1,1,21,135000,2,120000,35,52,1.0,1,01,2634.0,255000,255000,1,2,1,Graphic Designers
2022HU1356575,01,05902,48,1117193,9,50,2,1,22,10000,2,10000,6,48,1.0,1,01,2752.0,20000,20050,1,2,1,Musicians and Singers
2022HU1358611,01,04504,48,1117193,22,27,1,5,19,0,2,36000,40,52,1.0,1,01,2634.0,36000,36000,1,2,1,Graphic Designers
2022HU1359640,01,02005,48,1117193,8,66,2,1,21,200,2,3000,15,24,6.0,1,01,2751.0,3200,3200,2,1,1,Music Directors and Composers
2022HU1359640,02,02005,48,1117193,10,65,1,1,21,0,1,10000,16,20,1.0,1,01,2751.0,10000,405000,2,1,1,Music Directors and Composers
2022HU1360712,02,03600,48,1117193,38,29,1,1,08,0,2,10000,20,30,1.0,1,01,2850.0,10000,10000,1,2,9,Writers and Authors
2022HU1360731,02,05304,48,1117193,19,51,1,5,20,0,2,24000,40,52,1.0,1,02,2850.0,24000,24000,1,2,8,Writers and Authors
2022HU1363746,02,02501,48,1117193,10,34,2,1,21,0,2,150,2,1,1.0,1,01,2700.0,150,150,1,2,1,Actors
2022HU1364757,01,05308,48,1117193,20,63,2,1,22,0,2,2500,12,10,6.0,1,01,2752.0,2500,3900,1,2,1,Musicians and Singers
2022HU1365015,02,01907,48,1117193,11,42,6,1,21,36000,1,0,15,52,1.0,1,01,2752.0,36000,36000,1,2,1,Musicians and Singers
2022HU1365897,01,04601,48,1117193,24,48,1,1,19,0,2,83000,40,52,1.0,1,02,2634.0,83000,83000,2,1,9,Graphic Designers
2022HU1366802,02,03310,48,1117193,18,46,6,1,20,60000,1,0,30,52,1.0,1,02,2634.0,60000,60000,1,2,1,Graphic Designers
2022HU1367447,02,02504,48,1117193,32,48,1,1,17,0,1,43200,45,48,1.0,1,01,2905.0,43200,43200,1,2,1,"Other Media and Communication Equipment Workers (broadcast/sound/AV/lighting techs, combined - PUMS does not separately identify 'sound engineering technician')"
2022HU1367877,01,05700,48,1117193,33,48,6,1,18,500,1,1700,20,30,1.0,1,02,2905.0,2200,2200,2,1,8,"Other Media and Communication Equipment Workers (broadcast/sound/AV/lighting techs, combined - PUMS does not separately identify 'sound engineering technician')"
2022HU1367901,01,04604,48,1117193,32,31,1,5,21,11900,1,34500,8,36,1.0,1,02,2634.0,46400,46400,1,2,9,Graphic Designers
2022HU1368536,01,01000,48,1117193,11,55,3,1,22,0,2,95000,40,52,1.0,1,01,2850.0,95000,95000,1,2,1,Writers and Authors
2022HU1369200,01,02400,48,1117193,9,67,6,1,21,0,2,0,,,6.0,1,01,2850.0,0,11600,1,1,1,Writers and Authors
2022HU1370230,01,02508,48,1117193,10,25,1,1,19,0,1,20000,60,52,1.0,1,17,2905.0,20000,20000,1,2,8,"Other Media and Communication Equipment Workers (broadcast/sound/AV/lighting techs, combined - PUMS does not separately identify 'sound engineering technician')"
2022HU1371311,02,05308,48,1117193,30,38,1,5,21,0,1,80000,50,52,1.0,1,01,2905.0,80000,80000,1,2,1,"Other Media and Communication Equipment Workers (broadcast/sound/AV/lighting techs, combined - PUMS does not separately identify 'sound engineering technician')"
2022HU1375764,01,05303,48,1117193,37,52,6,3,19,2200,2,0,4,48,1.0,2,01,2850.0,2200,2200,2,2,2,Writers and Authors
2022HU1376537,02,01300,48,1117193,23,42,7,1,22,0,1,20000,30,52,1.0,1,02,2910.0,20000,20000,2,1,8,Photographers
2022HU1377197,01,02303,48,1117193,9,69,1,3,18,0,2,280,30,2,6.0,1,01,2700.0,280,14280,2,1,1,Actors
2022HU1377321,03,02310,48,1117193,8,32,6,5,21,35000,1,0,45,45,1.0,1,01,2905.0,35000,35000,1,2,1,"Other Media and Communication Equipment Workers (broadcast/sound/AV/lighting techs, combined - PUMS does not separately identify 'sound engineering technician')"
2022HU1378339,02,02506,48,1117193,26,34,2,1,21,0,1,40000,40,52,1.0,1,21,2751.0,40000,40000,1,2,9,Music Directors and Composers
2022HU1379893,01,02312,48,1117193,12,41,1,5,22,4500,1,60000,40,52,1.0,1,01,2850.0,64500,64500,1,2,1,Writers and Authors
2022HU1379906,02,02006,48,1117193,5,39,1,1,20,0,2,0,,,6.0,1,01,2700.0,0,0,1,2,1,Actors
2022HU1380421,01,00501,48,1117193,22,29,4,5,22,0,2,45000,40,52,1.0,1,01,2850.0,45000,45000,1,2,1,Writers and Authors
2022HU1381893,02,04504,48,1117193,10,38,1,1,18,0,1,100000,40,52,1.0,1,01,2634.0,100000,100000,1,2,6,Graphic Designers
2022HU1382812,01,06703,48,1117193,6,67,1,2,19,0,2,0,,,6.0,1,02,2700.0,0,14000,2,1,1,Actors
2022HU1382932,01,05204,48,1117193,14,31,1,1,21,0,2,100000,40,52,1.0,1,01,2710.0,100000,100000,1,2,1,Producers and Directors
2022HU1384341,02,06000,48,1117193,15,65,1,1,22,0,1,5000,10,48,1.0,1,01,2850.0,5000,31200,1,1,1,Writers and Authors
2022HU1386413,01,04603,48,1117193,9,67,1,3,20,0,1,0,,,6.0,1,02,2634.0,0,42000,2,1,1,Graphic Designers
2022HU1386951,02,05305,48,1117193,14,55,1,1,22,0,1,150000,60,52,1.0,1,01,2710.0,150000,150000,1,2,1,Producers and Directors
2022HU1388882,01,05306,48,1117193,14,35,6,1,21,10000,2,0,8,30,2.0,1,01,2850.0,10000,10000,1,2,6,Writers and Authors
2022HU1389001,02,02322,48,1117193,13,36,1,1,21,15000,2,35000,25,52,1.0,1,01,2634.0,50000,50000,1,2,1,Graphic Designers
2022HU1390758,01,02310,48,1117193,18,69,1,1,19,0,1,38000,45,52,1.0,1,01,2634.0,38000,38000,2,1,1,Graphic Designers
2022HU1391045,01,05306,48,1117193,15,92,6,2,22,41800,2,0,13,36,6.0,1,01,2850.0,41800,59800,1,1,1,Writers and Authors
2022HU1398071,02,05911,48,1117193,18,35,1,1,17,0,1,80000,40,52,1.0,1,02,2634.0,80000,80000,1,2,9,Graphic Designers
2022HU1398219,03,04904,48,1117193,4,38,6,5,22,30000,2,0,20,40,1.0,2,01,2752.0,30000,40000,2,2,1,Musicians and Singers
2022HU1400140,02,05201,48,1117193,13,37,7,1,19,0,1,95000,40,46,1.0,1,01,2710.0,95000,95000,1,2,9,Producers and Directors
2022HU1400361,05,04904,48,1117193,35,24,2,1,19,0,1,9600,10,52,1.0,2,01,2752.0,9600,9600,2,2,6,Musicians and Singers
2022HU1401520,02,06804,48,1117193,12,43,6,1,20,28000,1,0,40,49,1.0,1,02,2910.0,28000,28000,1,2,9,Photographers
2022HU1406682,03,05309,48,1117193,11,59,7,3,21,20000,1,30000,50,52,1.0,1,01,2710.0,50000,50000,1,2,1,Producers and Directors
2022HU1408817,01,02311,48,1117193,20,78,6,3,19,18000,2,0,40,52,1.0,1,01,2910.0,18000,46000,1,1,1,Photographers
2022HU1409037,01,02502,48,1117193,25,28,1,5,21,0,1,113000,40,52,1.0,2,01,2910.0,113000,113020,2,2,2,Photographers
2022HU1409079,01,02322,48,1117193,10,59,2,1,21,0,1,170000,45,52,1.0,1,01,2710.0,170000,170000,1,2,1,Producers and Directors
2022HU1410022,02,04639,48,1117193,27,43,1,1,21,0,1,166000,40,52,1.0,1,01,2710.0,166000,166000,1,2,1,Producers and Directors
2022HU1410189,01,07700,48,1117193,27,71,3,5,22,0,2,55000,40,52,1.0,1,01,2850.0,55000,98200,1,1,1,Writers and Authors
2022HU1411489,01,04602,48,1117193,12,39,2,5,21,0,2,50000,60,52,1.0,1,02,2710.0,50000,50000,1,2,9,Producers and Directors
2022HU1411625,01,06803,48,1117193,9,68,1,1,18,0,1,0,,,6.0,1,02,2634.0,0,71900,1,1,9,Graphic Designers
2022HU1413271,01,03802,48,1117193,13,22,1,5,19,0,2,20000,40,52,1.0,1,01,2634.0,20000,20000,1,2,1,Graphic Designers
2022HU1414096,01,02700,48,1117193,5,48,1,5,16,0,1,33000,36,52,1.0,2,01,2850.0,33000,33000,2,2,1,Writers and Authors
2022HU1414479,01,05402,48,1117193,24,31,6,5,20,8000,1,36000,40,52,1.0,1,01,2710.0,44000,44000,1,2,9,Producers and Directors
2022HU1418199,01,04628,48,1117193,10,74,6,3,19,160,2,0,8,2,6.0,1,01,2910.0,160,12560,1,1,1,Photographers
2022HU1418477,01,02311,48,1117193,12,37,6,1,21,900,1,0,36,52,1.0,2,01,2905.0,900,1010,2,2,1,"Other Media and Communication Equipment Workers (broadcast/sound/AV/lighting techs, combined - PUMS does not separately identify 'sound engineering technician')"
2022HU1422192,02,01903,48,1117193,10,70,6,1,21,900,2,0,20,20,6.0,1,01,2850.0,900,29700,2,1,1,Writers and Authors
2022HU1423938,02,04906,48,1117193,21,63,1,1,20,0,1,20000,40,52,1.0,1,01,2710.0,20000,21300,1,2,1,Producers and Directors
2022HU1424596,02,05307,48,1117193,21,39,6,1,16,20000,1,0,20,45,1.0,1,01,2752.0,20000,20000,1,2,1,Musicians and Singers
2022HU1425355,01,04615,48,1117193,19,32,1,5,01,0,2,14400,30,52,1.0,2,21,2740.0,14400,14400,2,2,9,Dancers and Choreographers
2022HU1425366,02,02302,48,1117193,10,29,6,5,21,20000,1,0,15,36,1.0,1,01,2910.0,20000,20000,1,2,1,Photographers
2022HU1426130,01,05202,48,1117193,26,37,7,3,20,27000,2,61000,40,52,1.0,2,01,2634.0,88000,88000,2,2,1,Graphic Designers
2022HU1426663,03,05304,48,1117193,32,32,1,5,22,0,2,200000,40,52,1.0,1,02,2910.0,200000,200000,1,2,9,Photographers
2022HU1427209,01,00100,48,1117193,8,46,1,1,19,0,2,32000,40,52,1.0,1,01,2634.0,32000,32000,1,2,1,Graphic Designers
2022HU1429294,01,02006,48,1117193,30,37,1,3,21,0,1,75000,50,52,1.0,2,24,2910.0,75000,75000,2,2,1,Photographers
2022HU1431534,02,02318,48,1117193,6,51,1,1,21,0,1,120000,45,52,1.0,1,23,2700.0,120000,120000,1,2,9,Actors
2022HU1431750,02,04614,48,1117193,39,24,1,5,17,0,2,20000,30,52,1.0,2,02,2740.0,20000,20000,2,2,8,Dancers and Choreographers
2022HU1432394,05,06500,48,1117193,5,31,1,4,16,0,2,12000,30,36,3.0,2,02,2634.0,12000,12000,2,2,8,Graphic Designers
2022HU1432857,02,05401,48,1117193,12,54,1,5,22,40000,1,90000,50,52,1.0,1,01,2710.0,130000,130000,1,2,1,Producers and Directors
2022HU1433630,01,02003,48,1117193,9,25,1,5,22,0,2,63000,40,52,1.0,1,01,2850.0,63000,63000,1,2,1,Writers and Authors
2022HU1433739,02,00900,48,1117193,4,61,6,1,18,14000,1,0,45,45,1.0,1,01,2850.0,14000,14000,1,2,1,Writers and Authors
2022HU1433981,02,04604,48,1117193,20,28,1,5,21,0,2,45000,40,52,1.0,1,01,2634.0,45000,45000,1,2,6,Graphic Designers
2022HU1434174,03,05907,48,1117193,55,42,6,3,16,12000,2,200,6,12,6.0,1,01,2910.0,12200,19400,1,2,1,Photographers
2022HU1434212,03,01904,48,1117193,36,49,1,5,21,-7300,1,42000,40,52,1.0,2,01,2634.0,34700,34700,2,2,1,Graphic Designers
2022HU1434338,01,05909,48,1117193,54,60,1,1,18,0,1,39000,40,52,1.0,1,02,2634.0,39000,39000,1,2,9,Graphic Designers
2022HU1435100,01,02322,48,1117193,12,54,1,3,21,0,1,140000,40,52,1.0,1,01,2700.0,140000,145000,1,2,1,Actors
2022HU1442383,02,04614,48,1117193,10,48,6,1,22,12000,1,0,10,2,3.0,1,01,2905.0,12000,12000,1,2,6,"Other Media and Communication Equipment Workers (broadcast/sound/AV/lighting techs, combined - PUMS does not separately identify 'sound engineering technician')"
2022HU1443336,02,06604,48,1117193,9,68,2,1,21,0,1,50000,40,52,1.0,1,02,2850.0,50000,68000,2,1,9,Writers and Authors
2022HU1443804,02,01901,48,1117193,23,29,1,5,22,0,2,3500,40,4,1.0,1,01,2634.0,3500,3500,1,2,6,Graphic Designers
2022HU1444045,02,02005,48,1117193,11,33,2,1,22,0,2,20000,4,52,1.0,1,01,2752.0,20000,20000,1,2,1,Musicians and Singers
2022HU1445124,01,00502,48,1117193,38,49,6,2,18,14000,1,0,90,52,2.0,2,02,2905.0,14000,14000,2,2,8,"Other Media and Communication Equipment Workers (broadcast/sound/AV/lighting techs, combined - PUMS does not separately identify 'sound engineering technician')"
2022HU1445693,01,01907,48,1117193,7,59,1,3,21,0,1,14400,20,26,6.0,1,01,2634.0,14400,14400,1,2,1,Graphic Designers
2023GQ0001361,01,03900,48,1049470,14,54,1,1,20,0,1,0,,,6.0,2,01,2905.0,0,7000,2,2,1,"Other Media and Communication Equipment Workers (broadcast/sound/AV/lighting techs, combined - PUMS does not separately identify 'sound engineering technician')"
2023GQ0003777,01,05902,48,1049470,1,19,1,5,18,0,2,1400,20,6,6.0,1,24,2850.0,1400,1400,1,2,8,Writers and Authors
2023GQ0006936,01,05309,48,1049470,14,44,1,1,01,0,2,0,,,6.0,2,02,2752.0,0,0,2,2,8,Musicians and Singers
2023GQ0007012,01,05902,48,1049470,1,19,2,5,18,0,1,750,1,10,1.0,1,01,2752.0,750,750,1,2,1,Musicians and Singers
2023GQ0011191,01,05201,48,1049470,1,21,2,5,19,0,1,1400,9,22,1.0,1,01,2850.0,1400,1400,1,2,1,Writers and Authors
2023GQ0012636,01,02314,48,1049470,6,53,1,2,21,0,2,20000,60,10,6.0,2,01,2710.0,20000,20000,2,2,1,Producers and Directors
2023GQ0019106,01,03502,48,1049470,5,53,1,2,21,0,2,20000,60,10,6.0,2,01,2710.0,20000,20000,2,2,1,Producers and Directors
2023GQ0020357,01,05402,48,1049470,13,18,2,5,17,0,2,1100,3,50,1.0,1,02,2752.0,1100,1100,1,2,9,Musicians and Singers
2023GQ0020429,01,05302,48,1049470,2,49,1,2,14,0,2,20000,60,10,6.0,1,01,2710.0,20000,20000,2,1,1,Producers and Directors
2023GQ0025220,01,02005,48,1049470,13,19,1,5,18,0,2,1400,20,6,6.0,1,01,2850.0,1400,1400,1,2,1,Writers and Authors
2023GQ0032549,01,07401,48,1049470,7,18,1,5,18,0,2,3000,13,16,6.0,1,01,2910.0,3000,3000,1,2,1,Photographers
2023GQ0032746,01,05201,48,1049470,12,22,2,5,19,0,1,94000,12,52,1.0,1,01,2905.0,94000,94000,1,2,6,"Other Media and Communication Equipment Workers (broadcast/sound/AV/lighting techs, combined - PUMS does not separately identify 'sound engineering technician')"
2023GQ0036223,01,02005,48,1049470,10,18,2,5,16,0,2,14500,40,52,1.0,2,02,2752.0,14500,14500,2,2,1,Musicians and Singers
2023GQ0036424,01,03600,48,1049470,11,54,1,1,20,0,1,0,,,6.0,2,01,2905.0,0,7000,2,2,1,"Other Media and Communication Equipment Workers (broadcast/sound/AV/lighting techs, combined - PUMS does not separately identify 'sound engineering technician')"
2023GQ0038284,01,02101,48,1049470,12,20,1,5,16,0,1,2000,10,16,1.0,1,01,2910.0,2000,2000,1,2,1,Photographers
2023GQ0040361,01,02005,48,1049470,10,22,2,5,16,0,1,124000,12,52,1.0,1,01,2905.0,124000,124000,1,2,6,"Other Media and Communication Equipment Workers (broadcast/sound/AV/lighting techs, combined - PUMS does not separately identify 'sound engineering technician')"
2023GQ0040918,01,03502,48,1049470,3,53,1,2,21,0,2,20000,60,10,6.0,2,01,2710.0,20000,20000,2,2,1,Producers and Directors
2023GQ0043105,01,02507,48,1049470,13,73,2,5,17,0,1,0,,,6.0,1,01,2752.0,0,12200,2,1,2,Musicians and Singers
2023GQ0049301,01,01600,48,1049470,10,20,1,5,19,0,1,2000,10,16,1.0,1,01,2910.0,2000,2000,1,2,1,Photographers
2023GQ0055160,01,01502,48,1049470,8,21,4,5,19,0,1,1400,13,52,1.0,1,01,2905.0,1400,1400,1,2,1,"Other Media and Communication Equipment Workers (broadcast/sound/AV/lighting techs, combined - PUMS does not separately identify 'sound engineering technician')"
2023GQ0060305,01,07401,48,1049470,14,18,1,5,18,0,2,3000,13,16,6.0,1,01,2910.0,3000,3000,1,2,1,Photographers
2023GQ0068317,01,01100,48,1049470,12,21,4,5,16,0,1,1200,13,52,1.0,1,01,2905.0,1200,1200,1,2,1,"Other Media and Communication Equipment Workers (broadcast/sound/AV/lighting techs, combined - PUMS does not separately identify 'sound engineering technician')"
2023GQ0069433,01,05309,48,1049470,17,35,1,1,12,0,2,0,,,6.0,1,02,2752.0,0,0,2,1,9,Musicians and Singers
2023GQ0077793,01,05201,48,1049470,1,22,2,5,20,0,1,72000,12,52,1.0,1,01,2905.0,72000,72000,1,2,6,"Other Media and Communication Equipment Workers (broadcast/sound/AV/lighting techs, combined - PUMS does not separately identify 'sound engineering technician')"
2023GQ0081428,01,05902,48,1049470,9,19,2,5,18,0,1,750,1,10,1.0,1,01,2752.0,750,750,1,2,1,Musicians and Singers
2023GQ0088548,01,01600,48,1049470,3,21,2,5,19,0,1,1100,9,22,1.0,1,01,2850.0,1100,1100,1,2,1,Writers and Authors
2023GQ0089736,01,00400,48,1049470,2,42,1,3,16,0,1,16000,14,20,6.0,2,24,2905.0,16000,16000,2,2,9,"Other Media and Communication Equipment Workers (broadcast/sound/AV/lighting techs, combined - PUMS does not separately identify 'sound engineering technician')"
2023GQ0090309,01,07401,48,1049470,13,18,1,5,18,0,2,3000,13,16,6.0,1,01,2910.0,3000,3000,1,2,1,Photographers
2023GQ0097329,01,02318,48,1049470,1,49,1,2,14,0,2,20000,60,10,6.0,1,01,2710.0,20000,20000,2,1,1,Producers and Directors
2023GQ0100774,01,02501,48,1049470,14,69,2,4,16,0,1,0,,,6.0,1,01,2752.0,0,10800,1,1,1,Musicians and Singers
2023GQ0103518,01,07300,48,1049470,8,19,2,5,19,0,2,14700,40,52,1.0,2,02,2752.0,14700,14700,2,2,1,Musicians and Singers
2023GQ0109186,01,02515,48,1049470,9,73,2,5,17,0,1,0,,,6.0,1,01,2752.0,0,12200,2,1,2,Musicians and Singers
2023GQ0110891,01,01501,48,1049470,4,21,4,5,19,0,1,1400,13,52,1.0,1,01,2905.0,1400,1400,1,2,1,"Other Media and Communication Equipment Workers (broadcast/sound/AV/lighting techs, combined - PUMS does not separately identify 'sound engineering technician')"
2023GQ0118482,01,05000,48,1049470,12,22,2,5,19,0,1,156000,12,52,1.0,1,01,2905.0,156000,156000,1,2,6,"Other Media and Communication Equipment Workers (broadcast/sound/AV/lighting techs, combined - PUMS does not separately identify 'sound engineering technician')"
2023GQ0121998,01,02319,48,1049470,2,49,1,2,14,0,2,20000,60,10,6.0,1,01,2710.0,20000,20000,2,1,1,Producers and Directors
2023GQ0129967,01,05306,48,1049470,3,49,1,2,14,0,2,20000,60,10,6.0,1,01,2710.0,20000,20000,2,1,1,Producers and Directors
2023GQ0132809,01,01502,48,1049470,18,21,4,5,19,0,1,1400,13,52,1.0,1,01,2905.0,1400,1400,1,2,1,"Other Media and Communication Equipment Workers (broadcast/sound/AV/lighting techs, combined - PUMS does not separately identify 'sound engineering technician')"
2023GQ0137048,01,00300,48,1049470,1,49,1,2,14,0,2,20000,60,10,6.0,1,01,2710.0,20000,20000,2,1,1,Producers and Directors
2023GQ0138578,01,07401,48,1049470,10,18,2,5,19,0,2,830,3,50,1.0,1,02,2752.0,830,830,1,2,9,Musicians and Singers
2023GQ0145581,01,05402,48,1049470,13,18,2,5,16,0,2,14500,40,52,1.0,2,02,2752.0,14500,14500,2,2,1,Musicians and Singers
2023GQ0156770,01,02101,48,1049470,11,20,1,5,16,0,1,2000,10,16,1.0,1,01,2910.0,2000,2000,1,2,1,Photographers
2023GQ0156881,01,02101,48,1049470,5,20,1,5,16,0,1,2000,10,16,1.0,1,01,2910.0,2000,2000,1,2,1,Photographers
2023GQ0161401,01,05901,48,1049470,11,19,1,5,18,0,2,1400,20,6,6.0,1,24,2850.0,1400,1400,1,2,8,Writers and Authors
2023GQ0163144,01,05303,48,1049470,5,53,1,2,21,0,2,20000,60,10,6.0,2,01,2710.0,20000,20000,2,2,1,Producers and Directors
2023GQ0163561,01,05902,48,1049470,2,19,1,5,18,0,2,1400,20,6,6.0,1,01,2850.0,1400,1400,1,2,1,Writers and Authors
2023GQ0164203,01,05910,48,1049470,6,49,1,2,14,0,2,20000,60,10,6.0,1,01,2710.0,20000,20000,2,1,1,Producers and Directors
2023GQ0164935,01,02515,48,1049470,13,69,2,4,16,0,1,0,,,6.0,1,01,2752.0,0,10800,1,1,1,Musicians and Singers
2023GQ0171204,01,02900,48,1049470,7,52,1,2,21,0,2,20000,60,10,6.0,2,01,2710.0,20000,20000,2,2,1,Producers and Directors
2023GQ0171302,01,02305,48,1049470,7,49,1,2,14,0,2,20000,60,10,6.0,1,01,2710.0,20000,20000,2,1,1,Producers and Directors
2023GQ0171624,01,05304,48,1049470,3,49,1,2,14,0,2,20000,60,10,6.0,1,01,2710.0,20000,20000,2,1,1,Producers and Directors
2023GQ0173144,01,02506,48,1049470,3,69,2,4,16,0,1,0,,,6.0,1,01,2752.0,0,10800,1,1,1,Musicians and Singers
2023GQ0174383,01,01905,48,1049470,15,49,1,2,13,0,2,20000,60,10,6.0,1,01,2710.0,20000,20000,2,1,1,Producers and Directors
2023GQ0174740,01,06807,48,1049470,16,33,1,5,14,0,1,20000,15,28,6.0,2,02,2752.0,20000,20000,2,2,9,Musicians and Singers
2023HU0001030,01,03308,48,1049470,24,38,8,5,23,0,2,0,,,6.0,2,02,2634.0,0,0,2,2,8,Graphic Designers
2023HU0005874,02,05202,48,1049470,14,51,1,1,21,12000,1,75000,50,52,1.0,1,01,2910.0,87000,87000,1,2,1,Photographers
2023HU0006404,01,05203,48,1049470,80,37,7,3,21,0,2,75000,35,40,1.0,1,01,2752.0,75000,75000,1,2,1,Musicians and Singers
2023HU0008482,02,01907,48,1049470,17,43,1,1,21,40600,1,53000,50,52,1.0,1,01,2634.0,93600,93600,1,2,2,Graphic Designers
2023HU0008540,01,01907,48,1049470,9,24,6,1,21,10000,2,0,3,30,1.0,1,01,2752.0,10000,10000,1,2,1,Musicians and Singers
2023HU0010270,01,05202,48,1049470,18,52,6,1,16,0,1,0,,,3.0,1,01,2634.0,0,0,1,2,1,Graphic Designers
2023HU0010463,05,04503,48,1049470,8,77,6,1,21,40000,1,0,22,30,1.0,1,01,2905.0,40000,65000,2,1,1,"Other Media and Communication Equipment Workers (broadcast/sound/AV/lighting techs, combined - PUMS does not separately identify 'sound engineering technician')"
2023HU0010839,02,04603,48,1049470,12,40,7,1,21,-7900,2,25000,30,52,1.0,1,01,2850.0,17100,17100,1,2,1,Writers and Authors
2023HU0015264,01,00501,48,1049470,33,35,7,1,22,0,1,40000,40,52,1.0,1,23,2634.0,40000,40000,1,2,1,Graphic Designers
2023HU0015448,01,04629,48,1049470,13,30,6,1,22,16000,2,0,37,30,1.0,1,01,2700.0,16000,16000,1,2,1,Actors
2023HU0015448,02,04629,48,1049470,14,29,2,1,21,10000,1,65000,40,50,1.0,1,01,2710.0,75000,75000,1,2,1,Producers and Directors
2023HU0016159,01,05910,48,1049470,17,32,6,1,21,8000,2,43000,35,52,1.0,1,01,2634.0,51000,51000,1,2,1,Graphic Designers
2023HU0018833,01,03310,48,1049470,19,49,1,5,18,0,1,38000,48,52,1.0,2,02,2905.0,38000,38000,2,2,9,"Other Media and Communication Equipment Workers (broadcast/sound/AV/lighting techs, combined - PUMS does not separately identify 'sound engineering technician')"
2023HU0019269,03,01901,48,1049470,21,31,1,1,19,0,1,5000,12,25,2.0,2,02,2905.0,5000,5000,2,2,9,"Other Media and Communication Equipment Workers (broadcast/sound/AV/lighting techs, combined - PUMS does not separately identify 'sound engineering technician')"
2023HU0021630,02,02508,48,1049470,14,59,1,1,17,0,2,26000,40,52,1.0,1,01,2850.0,26000,26000,1,2,1,Writers and Authors
2023HU0022263,02,02308,48,1049470,9,72,2,1,22,0,2,1300,4,2,6.0,1,01,2752.0,1300,26600,1,1,1,Musicians and Singers
2023HU0022672,01,04502,48,1049470,14,54,1,1,19,0,1,70000,40,52,1.0,1,01,2905.0,70000,70000,1,2,1,"Other Media and Communication Equipment Workers (broadcast/sound/AV/lighting techs, combined - PUMS does not separately identify 'sound engineering technician')"
2023HU0023134,01,04502,48,1049470,34,50,6,1,18,40000,2,0,13,10,1.0,1,01,2910.0,40000,40000,1,2,1,Photographers
2023HU0023396,02,01501,48,1049470,11,40,2,1,22,0,2,52000,38,52,1.0,1,01,2850.0,52000,56800,1,2,1,Writers and Authors
2023HU0023409,04,05914,48,1049470,3,19,1,5,19,0,1,0,,,6.0,1,01,2910.0,0,0,1,2,1,Photographers
2023HU0024676,01,04620,48,1049470,19,30,1,1,21,0,2,0,,,6.0,1,01,2710.0,0,0,1,2,1,Producers and Directors
2023HU0026216,01,05202,48,1049470,12,41,6,3,21,20000,2,0,40,52,1.0,1,01,2850.0,20000,20000,1,2,1,Writers and Authors
2023HU0030495,02,01400,48,1049470,15,68,2,1,19,0,2,15000,2,52,1.0,1,01,2751.0,15000,88000,1,1,1,Music Directors and Composers
2023HU0031891,01,04502,48,1049470,96,29,6,1,21,32000,1,0,20,40,1.0,2,01,2752.0,32000,52000,2,2,1,Musicians and Singers
2023HU0033251,02,04701,48,1049470,19,46,6,5,21,900,1,0,6,12,3.0,1,01,2752.0,900,900,2,1,1,Musicians and Singers
2023HU0035503,01,05904,48,1049470,12,58,1,1,20,0,1,60000,40,52,1.0,1,01,2905.0,60000,140000,1,2,1,"Other Media and Communication Equipment Workers (broadcast/sound/AV/lighting techs, combined - PUMS does not separately identify 'sound engineering technician')"
2023HU0035930,03,02004,48,1049470,20,28,1,5,21,0,1,60000,50,52,1.0,2,01,2710.0,60000,60000,2,2,9,Producers and Directors
2023HU0036891,01,01905,48,1049470,35,29,1,5,18,0,1,0,,,3.0,1,01,2634.0,0,0,1,2,2,Graphic Designers
2023HU0037354,02,06702,48,1049470,13,33,3,1,22,0,2,60000,40,52,1.0,1,02,2850.0,60000,60000,1,2,9,Writers and Authors
2023HU0038041,01,03305,48,1049470,9,54,7,1,21,0,2,30000,50,52,1.0,1,01,2634.0,30000,30000,1,2,1,Graphic Designers
2023HU0040605,01,05301,48,1049470,34,53,6,3,21,85000,2,0,70,52,1.0,1,01,2700.0,85000,85000,1,2,1,Actors
2023HU0040732,01,07402,48,1049470,37,22,4,5,19,0,2,4000,20,45,1.0,1,21,2850.0,4000,4000,1,2,8,Writers and Authors
2023HU0040732,02,07402,48,1049470,54,20,4,5,19,0,1,1800,11,24,1.0,1,01,2850.0,1800,1800,1,2,1,Writers and Authors
2023HU0043946,01,00700,48,1049470,11,40,6,1,21,23800,1,1100,40,52,1.0,1,01,2634.0,24900,24900,1,2,1,Graphic Designers
2023HU0046854,01,01200,48,1049470,27,65,1,1,20,0,2,6000,20,52,1.0,1,01,2634.0,6000,9000,2,1,1,Graphic Designers
2023HU0048603,02,05307,48,1049470,15,38,1,5,21,0,2,87000,45,52,1.0,1,01,2850.0,87000,87000,1,2,1,Writers and Authors
2023HU0048611,01,05100,48,1049470,17,74,1,3,19,0,1,0,,,6.0,1,01,2700.0,0,0,2,1,1,Actors
2023HU0049292,01,06601,48,1049470,22,48,6,3,16,0,1,0,,,3.0,1,01,2634.0,0,0,2,1,1,Graphic Designers
2023HU0049773,01,05305,48,1049470,27,32,1,3,21,0,1,2000,30,4,1.0,2,01,2700.0,2000,2000,2,2,1,Actors
2023HU0052565,02,04613,48,1049470,13,24,6,5,18,400,1,1200,2,30,1.0,1,01,2751.0,1600,1600,1,2,1,Music Directors and Composers
2023HU0054157,01,05304,48,1049470,8,35,1,5,21,0,1,40000,45,52,1.0,1,01,2752.0,40000,40000,1,2,1,Musicians and Singers
2023HU0054578,02,05903,48,1049470,8,56,6,3,21,1500,2,0,15,52,1.0,1,01,2850.0,1500,1500,1,2,1,Writers and Authors
2023HU0055318,02,04631,48,1049470,18,53,6,1,18,200,1,0,20,12,3.0,1,24,2700.0,200,200,1,1,9,Actors
2023HU0055700,01,03700,48,1049470,13,62,1,1,20,0,2,60000,40,52,1.0,1,01,2710.0,60000,60000,1,2,1,Producers and Directors
2023HU0057464,01,04613,48,1049470,14,53,1,5,21,3500,2,83000,40,52,1.0,1,01,2634.0,86500,86500,1,2,1,Graphic Designers
2023HU0057595,01,05308,48,1049470,19,44,1,1,16,0,1,200000,9,52,1.0,1,01,2710.0,200000,200000,1,2,1,Producers and Directors
2023HU0057886,01,05305,48,1049470,13,35,7,1,21,0,1,250000,50,52,1.0,1,01,2751.0,250000,250000,1,2,1,Music Directors and Composers
2023HU0058435,02,02306,48,1049470,11,31,7,1,16,0,2,60000,25,30,2.0,1,01,2910.0,60000,60000,1,2,1,Photographers
2023HU0059490,04,02308,48,1049470,12,31,1,5,21,0,2,4800,40,17,1.0,2,01,2634.0,4800,4800,2,2,6,Graphic Designers
2023HU0063641,01,03502,48,1049470,23,30,3,5,21,0,2,60000,40,52,1.0,1,01,2634.0,60000,60000,1,2,1,Graphic Designers
2023HU0064204,01,05306,48,1049470,16,66,1,1,22,0,1,0,,,6.0,1,01,2850.0,0,250000,1,1,1,Writers and Authors
2023HU0064431,02,05201,48,1049470,14,19,2,5,19,0,1,100,10,2,1.0,1,01,2905.0,100,100,1,2,1,"Other Media and Communication Equipment Workers (broadcast/sound/AV/lighting techs, combined - PUMS does not separately identify 'sound engineering technician')"
2023HU0068792,02,07401,48,1049470,13,22,2,5,21,0,1,5600,4,35,1.0,1,01,2752.0,5600,17500,1,2,6,Musicians and Singers
2023HU0068979,04,04503,48,1049470,23,32,1,1,19,0,2,0,,,6.0,2,01,2910.0,0,0,2,2,1,Photographers
2023HU0072384,02,01902,48,1049470,19,46,1,1,20,0,1,80000,40,52,1.0,1,01,2905.0,80000,80000,1,2,1,"Other Media and Communication Equipment Workers (broadcast/sound/AV/lighting techs, combined - PUMS does not separately identify 'sound engineering technician')"
2023HU0072831,03,04627,48,1049470,16,36,1,3,21,0,2,44000,40,52,1.0,2,02,2710.0,44000,44000,2,2,8,Producers and Directors
2023HU0074561,01,05306,48,1049470,11,63,2,1,21,0,2,2500,30,6,6.0,1,01,2752.0,2500,9000,1,2,1,Musicians and Singers
2023HU0074701,02,05907,48,1049470,29,43,6,5,16,40000,1,50000,40,30,6.0,1,02,2910.0,90000,90000,1,2,1,Photographers
2023HU0074736,02,05903,48,1049470,7,32,1,5,21,0,1,42000,40,52,1.0,1,02,2850.0,42000,42000,1,2,9,Writers and Authors
2023HU0077435,01,01901,48,1049470,18,51,6,1,21,24000,1,58000,40,52,1.0,1,01,2700.0,82000,82000,1,2,1,Actors
2023HU0079640,02,02501,48,1049470,13,59,1,5,21,0,2,60000,30,52,1.0,1,01,2850.0,60000,60000,1,2,1,Writers and Authors
2023HU0080195,02,07200,48,1049470,12,24,7,1,01,0,2,5000,20,15,1.0,1,01,2850.0,5000,5000,1,2,1,Writers and Authors
2023HU0080259,02,02005,48,1049470,19,32,1,5,21,0,1,8000,15,52,1.0,2,01,2850.0,8000,10000,2,2,1,Writers and Authors
2023HU0081133,01,02002,48,1049470,11,36,6,1,21,18000,2,2000,40,52,1.0,2,01,2850.0,20000,20000,2,2,6,Writers and Authors
2023HU0082266,02,01903,48,1049470,10,50,1,1,20,0,1,80000,40,52,1.0,1,01,2905.0,80000,80000,1,2,1,"Other Media and Communication Equipment Workers (broadcast/sound/AV/lighting techs, combined - PUMS does not separately identify 'sound engineering technician')"
2023HU0083303,01,04603,48,1049470,13,49,6,1,21,65000,2,0,30,52,1.0,1,01,2850.0,65000,65000,1,2,1,Writers and Authors
2023HU0083797,02,05911,48,1049470,9,46,6,1,18,2000,2,0,5,2,6.0,1,02,2910.0,2000,2000,1,2,9,Photographers
2023HU0084844,02,02511,48,1049470,10,34,6,1,19,120000,2,0,60,52,1.0,1,01,2850.0,120000,120000,1,2,1,Writers and Authors
2023HU0086383,03,02301,48,1049470,21,29,1,5,21,0,1,35000,40,52,1.0,1,01,2910.0,35000,35000,1,2,6,Photographers
2023HU0087654,01,00700,48,1049470,27,33,6,3,17,0,2,0,,,6.0,1,01,2910.0,0,1000,2,1,1,Photographers
2023HU0089710,02,02308,48,1049470,13,47,6,1,21,5000,2,0,30,20,1.0,1,01,2910.0,5000,5000,1,2,1,Photographers
2023HU0091131,01,05306,48,1049470,25,27,1,5,21,0,1,85000,40,52,1.0,1,01,2910.0,85000,165000,1,2,1,Photographers
2023HU0091395,02,02400,48,1049470,24,42,2,3,21,0,1,63000,35,50,1.0,2,01,2905.0,63000,63000,2,2,1,"Other Media and Communication Equipment Workers (broadcast/sound/AV/lighting techs, combined - PUMS does not separately identify 'sound engineering technician')"
2023HU0092314,01,02516,48,1049470,1,30,1,5,21,0,2,51000,40,52,1.0,1,01,2634.0,51000,51000,1,2,9,Graphic Designers
2023HU0092990,01,02400,48,1049470,23,28,2,1,21,0,1,44000,42,52,1.0,1,01,2710.0,44000,44000,1,2,1,Producers and Directors
2023HU0094419,02,00700,48,1049470,9,41,1,1,21,0,1,70000,45,52,1.0,1,01,2850.0,70000,70000,1,2,1,Writers and Authors
2023HU0096382,01,01905,48,1049470,19,35,1,1,20,0,2,50000,40,52,1.0,1,01,2634.0,50000,50000,1,2,1,Graphic Designers
2023HU0097003,02,02513,48,1049470,14,62,2,1,21,900,1,77000,40,52,1.0,1,01,2634.0,77900,77900,1,2,1,Graphic Designers
2023HU0098296,01,02003,48,1049470,4,43,6,1,21,41000,2,0,8,30,1.0,1,01,2850.0,41000,61400,1,2,1,Writers and Authors
2023HU0099939,01,05915,48,1049470,18,39,1,1,17,1500,2,65000,60,52,1.0,1,01,2634.0,66500,66530,1,2,1,Graphic Designers
2023HU0100569,01,05914,48,1049470,2,65,1,1,21,0,1,0,,,6.0,1,01,2710.0,0,8400,2,1,1,Producers and Directors
2023HU0100692,02,04612,48,1049470,24,56,1,1,16,0,1,60000,40,52,1.0,1,02,2752.0,60000,60000,1,2,9,Musicians and Singers
2023HU0100954,02,02514,48,1049470,110,30,7,5,20,0,1,106000,40,52,1.0,2,01,2634.0,106000,106000,2,2,2,Graphic Designers
2023HU0101554,01,01904,48,1049470,66,39,2,1,16,0,1,7000,20,52,1.0,2,01,2752.0,7000,7000,2,2,2,Musicians and Singers
2023HU0102846,02,05309,48,1049470,12,59,7,1,21,0,1,75000,40,30,1.0,1,01,2910.0,75000,75000,1,2,1,Photographers
2023HU0104854,01,05303,48,1049470,11,42,1,5,21,0,2,125000,50,52,1.0,1,01,2710.0,125000,125000,1,2,1,Producers and Directors
2023HU0105380,01,01902,48,1049470,12,77,1,1,23,0,1,9000,5,40,1.0,1,01,2700.0,9000,184600,1,1,1,Actors
2023HU0107869,02,05202,48,1049470,44,48,7,1,18,0,2,9000,40,52,1.0,1,01,2634.0,9000,9000,1,2,1,Graphic Designers
2023HU0108387,01,02310,48,1049470,11,80,6,3,21,-7900,2,0,10,30,6.0,1,01,2850.0,-7900,408500,2,1,1,Writers and Authors
2023HU0111275,01,04801,48,1049470,11,65,7,1,21,0,1,30000,40,52,1.0,1,02,2910.0,30000,50200,2,1,9,Photographers
2023HU0112170,04,05306,48,1049470,11,16,2,5,12,0,2,1500,5,4,6.0,1,01,2752.0,1500,1500,1,2,1,Musicians and Singers
2023HU0112893,02,04601,48,1049470,16,37,4,1,21,0,2,100000,40,52,1.0,1,02,2634.0,100000,100000,1,2,9,Graphic Designers
2023HU0113121,01,02005,48,1049470,26,30,1,5,21,100,1,3000,72,11,3.0,1,01,2710.0,3100,3100,2,1,1,Producers and Directors
2023HU0113152,01,02315,48,1049470,7,71,6,3,21,8000,2,2000,10,35,6.0,1,01,2710.0,10000,53500,2,1,2,Producers and Directors
2023HU0113992,01,02309,48,1049470,10,48,2,4,24,0,2,65000,40,52,1.0,1,01,2752.0,65000,65000,1,2,6,Musicians and Singers
2023HU0114875,02,05401,48,1049470,6,26,1,1,20,11700,1,59000,40,52,1.0,1,01,2634.0,70700,70700,1,2,9,Graphic Designers
2023HU0114971,02,02510,48,1049470,20,38,1,1,18,0,1,58000,40,52,1.0,1,01,2634.0,58000,58000,1,2,1,Graphic Designers
2023HU0114999,02,02301,48,1049470,14,47,1,1,18,40000,1,10000,15,8,1.0,1,01,2634.0,50000,50000,1,2,1,Graphic Designers
2023HU0115287,02,05204,48,1049470,19,24,1,1,21,0,2,50000,40,8,1.0,1,01,2850.0,50000,50000,1,2,1,Writers and Authors
2023HU0115404,02,05203,48,1049470,18,29,7,5,18,0,1,50000,50,52,1.0,1,01,2850.0,50000,50000,1,2,1,Writers and Authors
2023HU0116364,02,06603,48,1049470,16,43,6,1,22,1500,2,0,3,6,1.0,1,01,2910.0,1500,15500,1,2,1,Photographers
2023HU0116730,01,04633,48,1049470,89,30,1,5,20,0,1,0,,,3.0,2,01,2634.0,0,0,2,2,2,Graphic Designers
2023HU0121648,02,00600,48,1049470,83,29,1,1,19,0,1,37000,40,52,1.0,1,01,2634.0,37000,37000,1,1,1,Graphic Designers
2023HU0122589,01,02005,48,1049470,11,62,1,3,19,0,1,35100,27,52,1.0,2,01,2634.0,35100,35100,2,2,1,Graphic Designers
2023HU0123473,01,05201,48,1049470,14,47,6,1,19,28000,2,0,20,40,1.0,1,01,2910.0,28000,28000,1,2,1,Photographers
2023HU0124700,04,05307,48,1049470,5,19,1,5,16,0,2,12000,35,40,1.0,2,01,2910.0,12000,12000,2,2,6,Photographers
2023HU0124731,01,03700,48,1049470,4,31,2,1,21,0,2,6000,8,32,1.0,1,01,2752.0,6000,6000,1,2,1,Musicians and Singers
2023HU0126381,03,05402,48,1049470,19,22,1,5,16,0,1,8000,40,17,1.0,1,01,2910.0,8000,8000,1,2,1,Photographers
2023HU0129863,02,05800,48,1049470,19,53,6,1,19,-7900,1,0,30,40,1.0,1,01,2752.0,-7900,-7900,1,2,1,Musicians and Singers
2023HU0133752,02,02501,48,1049470,13,42,1,1,21,0,1,50000,40,52,1.0,1,01,2710.0,50000,50000,1,2,1,Producers and Directors
2023HU0135333,01,05305,48,1049470,69,28,1,5,21,0,1,5000,40,52,1.0,1,01,2710.0,5000,5000,1,2,2,Producers and Directors
2023HU0136581,01,05308,48,1049470,12,25,1,1,22,0,2,30000,50,52,1.0,1,01,2634.0,30000,33000,1,2,1,Graphic Designers
2023HU0137506,02,02700,48,1049470,36,41,1,1,16,0,2,0,,,6.0,1,01,2910.0,0,0,1,2,1,Photographers
2023HU0139365,02,06000,48,1049470,12,49,6,1,21,10000,2,0,3,1,6.0,2,01,2910.0,10000,10000,2,2,1,Photographers
2023HU0140875,01,04802,48,1049470,1,57,1,1,19,0,2,93000,40,52,1.0,1,01,2634.0,93000,93000,1,2,1,Graphic Designers
2023HU0142296,01,04502,48,1049470,13,30,1,1,21,0,2,81000,40,52,1.0,1,01,2634.0,81000,81100,1,2,1,Graphic Designers
2023HU0145182,02,07402,48,1049470,17,30,3,1,22,0,1,50000,40,52,1.0,1,02,2751.0,50000,50000,1,2,1,Music Directors and Composers
2023HU0145497,03,04702,48,1049470,8,24,1,5,21,0,2,2000,20,12,6.0,1,01,2910.0,2000,2000,1,2,1,Photographers
2023HU0150884,01,04501,48,1049470,12,42,1,5,21,5000,1,45000,40,52,1.0,2,01,2850.0,50000,50000,2,2,1,Writers and Authors
2023HU0150988,01,05306,48,1049470,15,34,1,3,19,0,1,135000,50,45,1.0,2,01,2850.0,135000,135000,2,2,1,Writers and Authors
2023HU0151357,01,02005,48,1049470,9,57,6,3,16,13000,1,18900,15,52,1.0,1,01,2752.0,31900,31900,1,1,1,Musicians and Singers
2023HU0154460,01,00400,48,1049470,1,57,1,3,21,0,1,200000,30,52,6.0,2,01,2752.0,200000,200000,2,2,1,Musicians and Singers
2023HU0155076,01,05307,48,1049470,20,31,7,5,21,0,2,20000,50,48,1.0,1,01,2634.0,20000,20000,1,2,1,Graphic Designers
2023HU0155076,02,05307,48,1049470,20,34,6,5,21,100000,1,0,40,45,1.0,1,01,2905.0,100000,100000,1,2,1,"Other Media and Communication Equipment Workers (broadcast/sound/AV/lighting techs, combined - PUMS does not separately identify 'sound engineering technician')"
2023HU0156321,02,05306,48,1049470,19,68,6,1,22,15000,2,2000,20,48,1.0,1,01,2850.0,17000,70200,1,1,1,Writers and Authors
2023HU0157114,02,04801,48,1049470,16,29,6,1,22,10000,2,0,50,20,6.0,1,01,2634.0,10000,10000,1,2,6,Graphic Designers
2023HU0157144,02,05306,48,1049470,58,28,1,5,21,0,1,25000,55,50,1.0,2,01,2700.0,25000,25000,2,2,1,Actors
2023HU0157499,01,04635,48,1049470,23,50,6,3,21,40000,2,0,40,52,1.0,2,01,2850.0,40000,40000,2,2,1,Writers and Authors
2023HU0158489,01,01905,48,1049470,13,46,8,1,21,0,2,11300,10,30,1.0,1,24,2634.0,11300,11300,1,2,1,Graphic Designers
2023HU0158489,02,01905,48,1049470,14,48,1,1,21,0,1,100000,8,52,1.0,1,01,2850.0,100000,100000,1,2,1,Writers and Authors
2023HU0159511,01,01901,48,1049470,15,46,1,3,21,6000,2,70000,40,52,1.0,1,01,2634.0,76000,76000,1,2,1,Graphic Designers
2023HU0161430,02,02512,48,1049470,48,35,6,1,21,3000,1,60000,40,52,1.0,1,01,2634.0,63000,63000,1,2,9,Graphic Designers
2023HU0164243,01,04601,48,1049470,10,66,6,3,19,411000,2,0,40,52,1.0,1,01,2850.0,411000,411000,1,1,1,Writers and Authors
2023HU0164468,01,05401,48,1049470,12,63,5,1,17,0,1,64000,40,52,1.0,1,01,2905.0,64000,88000,1,2,1,"Other Media and Communication Equipment Workers (broadcast/sound/AV/lighting techs, combined - PUMS does not separately identify 'sound engineering technician')"
2023HU0164762,01,02311,48,1049470,6,52,6,1,21,100000,2,0,20,52,1.0,1,01,2910.0,100000,100000,1,2,1,Photographers
2023HU0165247,03,05301,48,1049470,13,37,1,5,21,0,1,45000,45,52,1.0,1,01,2910.0,45000,45000,1,2,1,Photographers
2023HU0166604,01,05500,48,1049470,7,45,1,1,21,0,1,85000,50,52,1.0,1,01,2634.0,85000,85000,1,1,1,Graphic Designers
2023HU0167540,01,02400,48,1049470,13,65,1,1,20,0,1,60000,40,52,1.0,1,01,2634.0,60000,110000,1,2,1,Graphic Designers
2023HU0167726,01,05902,48,1049470,28,41,1,1,22,0,1,205000,45,52,1.0,1,01,2710.0,205000,205000,1,2,1,Producers and Directors
2023HU0167770,01,01700,48,1049470,10,76,2,5,21,0,1,8400,15,52,1.0,1,01,2752.0,8400,26400,1,1,1,Musicians and Singers
2023HU0168959,01,02322,48,1049470,10,36,2,1,19,10000,1,120000,50,52,1.0,1,01,2850.0,130000,130000,1,2,1,Writers and Authors
2023HU0169389,01,05302,48,1049470,10,26,6,5,21,95000,2,0,45,52,1.0,2,01,2850.0,95000,95000,2,2,9,Writers and Authors
2023HU0170868,02,04609,48,1049470,12,34,7,1,18,0,1,50000,35,50,1.0,1,02,2752.0,50000,50000,1,2,9,Musicians and Singers
2023HU0170983,01,06500,48,1049470,37,55,1,3,21,0,1,12000,40,49,1.0,1,01,2850.0,12000,12000,1,2,1,Writers and Authors
2023HU0171667,02,01300,48,1049470,94,29,6,5,19,50000,1,0,60,52,1.0,2,01,2752.0,50000,50000,2,2,1,Musicians and Singers
2023HU0172067,05,02511,48,1049470,15,24,1,5,21,0,1,24000,40,30,3.0,1,01,2634.0,24000,24000,1,2,9,Graphic Designers
2023HU0172531,02,04907,48,1049470,6,76,3,1,15,0,1,0,,,6.0,1,01,2752.0,0,15000,2,1,2,Musicians and Singers
2023HU0172683,01,05306,48,1049470,25,38,6,1,21,1000,2,0,7,20,1.0,1,01,2850.0,1000,1000,1,2,1,Writers and Authors
2023HU0173492,01,04612,48,1049470,16,61,1,5,21,200,1,2700,5,27,1.0,1,01,2752.0,2900,449300,1,2,1,Musicians and Singers
2023HU0175028,03,02004,48,1049470,26,19,1,5,19,0,1,40000,20,52,1.0,1,01,2700.0,40000,40000,1,2,1,Actors
2023HU0175199,01,04503,48,1049470,29,70,1,2,19,0,2,0,,,6.0,1,01,2634.0,0,31000,2,1,1,Graphic Designers
2023HU0175360,01,03305,48,1049470,12,59,5,1,18,0,1,100000,40,52,1.0,1,02,2910.0,100000,100000,1,1,1,Photographers
2023HU0175874,01,01000,48,1049470,85,41,7,3,21,40300,1,21400,35,52,1.0,1,01,2752.0,61700,81700,1,2,2,Musicians and Singers
2023HU0176389,01,07401,48,1049470,9,53,4,5,22,0,2,81000,40,52,1.0,1,01,2710.0,81000,81000,1,2,2,Producers and Directors
2023HU0176704,03,02304,48,1049470,15,37,2,5,16,6000,1,36000,45,52,1.0,1,01,2710.0,42000,42000,1,2,1,Producers and Directors
2023HU0178267,04,04903,48,1049470,38,42,1,1,21,0,1,31100,40,52,1.0,1,01,2634.0,31100,31100,1,2,1,Graphic Designers
2023HU0178274,02,01903,48,1049470,13,63,1,1,22,0,2,24000,16,20,1.0,1,01,2850.0,24000,24000,1,2,2,Writers and Authors
2023HU0180165,02,01100,48,1049470,2,41,1,1,21,3000,1,45000,50,49,1.0,1,01,2634.0,48000,48000,1,2,9,Graphic Designers
2023HU0180548,01,05308,48,1049470,19,62,6,3,22,10000,2,0,40,52,1.0,1,01,2850.0,10000,10000,1,2,1,Writers and Authors
2023HU0182310,01,03310,48,1049470,22,25,1,1,17,0,2,0,,,6.0,1,01,2910.0,0,200,1,2,1,Photographers
2023HU0185008,01,05306,48,1049470,80,53,3,1,19,60000,1,225000,45,52,1.0,1,01,2752.0,285000,303000,1,2,1,Musicians and Singers
2023HU0185885,07,03700,48,1049470,5,66,2,1,23,0,1,80000,40,52,1.0,1,01,2850.0,80000,80000,1,2,1,Writers and Authors
2023HU0187485,01,04100,48,1049470,14,67,2,1,16,0,2,1300,1,52,1.0,1,01,2752.0,1300,9300,2,1,1,Musicians and Singers
2023HU0187620,02,06000,48,1049470,3,66,2,1,24,7700,2,26000,6,52,1.0,1,01,2752.0,33700,33700,1,1,1,Musicians and Singers
2023HU0188589,01,06805,48,1049470,7,79,6,1,18,19400,1,0,20,52,1.0,1,01,2905.0,19400,48200,1,1,1,"Other Media and Communication Equipment Workers (broadcast/sound/AV/lighting techs, combined - PUMS does not separately identify 'sound engineering technician')"
2023HU0189583,01,00300,48,1049470,15,68,6,2,21,50000,2,0,35,52,1.0,1,01,2850.0,50000,53500,2,1,1,Writers and Authors
2023HU0191152,01,04903,48,1049470,14,63,5,5,15,0,1,0,,,6.0,1,01,2905.0,0,171000,1,2,6,"Other Media and Communication Equipment Workers (broadcast/sound/AV/lighting techs, combined - PUMS does not separately identify 'sound engineering technician')"
2023HU0193071,03,05301,48,1049470,23,28,1,5,16,0,1,48000,40,52,1.0,2,01,2905.0,48000,48000,2,2,1,"Other Media and Communication Equipment Workers (broadcast/sound/AV/lighting techs, combined - PUMS does not separately identify 'sound engineering technician')"
2023HU0194794,03,06802,48,1049470,19,68,6,1,19,31300,1,0,25,52,1.0,1,02,2910.0,31300,43300,2,1,9,Photographers
2023HU0195906,02,04625,48,1049470,26,41,4,5,16,0,2,14400,20,52,1.0,2,01,2634.0,14400,14400,2,2,2,Graphic Designers
2023HU0196559,03,02600,48,1049470,9,24,1,5,19,0,2,24000,45,52,1.0,1,01,2910.0,24000,24000,1,2,9,Photographers
2023HU0197168,02,02510,48,1049470,9,31,1,5,21,0,2,100000,40,52,1.0,1,01,2634.0,100000,100000,1,2,6,Graphic Designers
2023HU0197786,02,02308,48,1049470,16,69,7,1,21,3400,1,3400,10,15,1.0,1,01,2910.0,6800,36000,1,1,1,Photographers
2023HU0198957,02,02700,48,1049470,10,25,1,5,18,0,1,0,,,6.0,2,02,2752.0,0,2000,2,2,2,Musicians and Singers
2023HU0205191,02,01901,48,1049470,18,68,1,1,16,0,1,55000,60,52,1.0,1,01,2910.0,55000,55000,1,2,1,Photographers
2023HU0208634,01,04622,48,1049470,29,47,4,1,21,5000,1,100000,45,52,1.0,1,01,2710.0,105000,105000,1,2,1,Producers and Directors
2023HU0211037,02,04621,48,1049470,17,25,1,5,20,0,2,45000,39,52,1.0,1,02,2634.0,45000,45000,1,2,9,Graphic Designers
2023HU0211117,02,03501,48,1049470,27,39,6,1,21,80000,1,0,40,52,1.0,1,02,2634.0,80000,80000,1,2,1,Graphic Designers
2023HU0211119,02,05912,48,1049470,82,35,1,1,19,0,2,10000,5,24,1.0,1,23,2752.0,10000,10000,1,1,1,Musicians and Singers
2023HU0213914,02,04904,48,1049470,9,38,1,3,21,0,2,44000,40,52,1.0,1,16,2710.0,44000,44000,1,2,8,Producers and Directors
2023HU0214713,02,06703,48,1049470,8,32,6,1,21,20000,2,0,6,20,1.0,2,02,2910.0,20000,20000,2,2,9,Photographers
2023HU0214713,04,06703,48,1049470,9,38,7,1,16,20000,1,20000,20,52,1.0,2,02,2910.0,40000,40000,2,2,9,Photographers
2023HU0215988,03,00200,48,1049470,3,67,1,3,15,0,1,18000,10,40,6.0,1,01,2850.0,18000,19500,2,1,2,Writers and Authors
2023HU0219311,02,05303,48,1049470,34,29,1,5,21,6000,2,71000,40,52,1.0,1,01,2634.0,77000,77000,1,2,1,Graphic Designers
2023HU0219444,03,03501,48,1049470,19,41,7,3,20,0,1,0,,,6.0,1,01,2910.0,0,72800,1,1,2,Photographers
2023HU0220553,01,07401,48,1049470,15,26,2,5,21,0,2,10000,35,20,1.0,2,01,2751.0,10000,10010,2,2,9,Music Directors and Composers
2023HU0224857,01,02501,48,1049470,11,59,1,1,21,0,1,110000,40,52,1.0,1,01,2710.0,110000,116000,1,2,1,Producers and Directors
2023HU0226226,03,00501,48,1049470,11,43,6,3,16,25000,1,0,12,52,1.0,1,02,2752.0,25000,25000,1,2,9,Musicians and Singers
2023HU0227637,01,02507,48,1049470,16,35,2,5,21,0,1,121000,80,52,1.0,1,01,2752.0,121000,121000,1,2,1,Musicians and Singers
2023HU0229420,02,04612,48,1049470,18,28,6,1,21,73000,1,0,40,40,6.0,2,01,2850.0,73000,73000,2,2,6,Writers and Authors
2023HU0230515,02,05309,48,1049470,41,35,1,5,20,0,1,92000,40,52,1.0,1,02,2634.0,92000,92000,1,2,8,Graphic Designers
2023HU0230787,01,06000,48,1049470,18,61,1,1,20,0,1,15000,40,52,1.0,1,01,2710.0,15000,39000,1,2,1,Producers and Directors
2023HU0233032,01,00501,48,1049470,31,24,2,5,21,0,1,7000,20,52,1.0,1,01,2710.0,7000,7000,1,2,1,Producers and Directors
2023HU0234404,01,02200,48,1049470,14,37,6,5,21,10000,1,20000,20,52,1.0,1,01,2850.0,30000,30300,1,2,1,Writers and Authors
2023HU0237374,02,03308,48,1049470,11,45,1,1,21,0,1,32000,40,52,1.0,1,02,2634.0,32000,32000,1,2,9,Graphic Designers
2023HU0239527,02,02502,48,1049470,11,36,1,1,21,0,2,78000,40,52,1.0,1,01,2634.0,78000,78000,1,2,6,Graphic Designers
2023HU0241995,01,05309,48,1049470,19,57,1,1,21,0,2,35000,20,14,6.0,1,01,2905.0,35000,40000,1,2,1,"Other Media and Communication Equipment Workers (broadcast/sound/AV/lighting techs, combined - PUMS does not separately identify 'sound engineering technician')"
2023HU0242131,02,02006,48,1049470,21,50,1,3,20,0,1,12000,12,26,3.0,1,01,2700.0,12000,12000,1,2,2,Actors
2023HU0244672,01,02312,48,1049470,15,67,6,5,21,0,2,0,,,6.0,1,01,2710.0,0,75600,2,1,1,Producers and Directors
2023HU0245627,01,05303,48,1049470,28,34,1,3,21,10000,1,75000,45,52,1.0,1,01,2710.0,85000,85000,1,2,1,Producers and Directors
2023HU0247730,03,02511,48,1049470,9,39,1,5,19,0,1,10000,15,40,1.0,2,01,2905.0,10000,10000,2,2,9,"Other Media and Communication Equipment Workers (broadcast/sound/AV/lighting techs, combined - PUMS does not separately identify 'sound engineering technician')"
2023HU0248184,02,02302,48,1049470,11,70,2,1,22,15000,1,20000,3,52,1.0,1,01,2751.0,35000,75400,1,1,1,Music Directors and Composers
2023HU0249365,02,04625,48,1049470,26,42,2,5,16,0,2,2000,3,9,6.0,1,01,2850.0,2000,2000,2,1,2,Writers and Authors
2023HU0251677,02,05309,48,1049470,30,32,6,5,18,20000,1,0,32,50,1.0,1,01,2752.0,20000,20000,1,2,1,Musicians and Singers
2023HU0252612,02,04701,48,1049470,17,78,7,1,22,0,1,0,,,6.0,1,01,2850.0,0,51000,2,1,1,Writers and Authors
2023HU0252882,02,03802,48,1049470,15,66,2,1,21,0,2,17400,10,52,1.0,1,01,2710.0,17400,70700,1,1,9,Producers and Directors
2023HU0255265,02,06805,48,1049470,43,37,6,1,19,15000,2,0,6,30,1.0,1,02,2752.0,15000,15250,1,2,9,Musicians and Singers
2023HU0256404,01,06702,48,1049470,14,69,2,2,19,0,1,25000,6,45,1.0,1,01,2752.0,25000,49000,2,1,1,Musicians and Singers
2023HU0256778,01,04902,48,1049470,7,72,1,1,21,0,1,0,,,6.0,1,01,2700.0,0,43600,2,1,1,Actors
2023HU0258331,01,02513,48,1049470,10,58,6,1,21,0,2,0,,,3.0,1,01,2700.0,0,584300,1,2,1,Actors
2023HU0259911,04,05907,48,1049470,11,21,2,5,21,0,1,35000,40,52,1.0,1,02,2751.0,35000,35000,2,1,1,Music Directors and Composers
2023HU0259912,04,02511,48,1049470,18,35,1,5,18,0,1,30000,40,52,1.0,1,09,2634.0,30000,30290,1,2,1,Graphic Designers
2023HU0261027,01,06604,48,1049470,14,34,2,5,21,0,1,55000,40,52,1.0,1,01,2710.0,55000,55000,1,2,1,Producers and Directors
2023HU0261120,03,05100,48,1049470,26,41,4,5,16,0,2,14400,20,52,1.0,1,01,2634.0,14400,14400,1,2,2,Graphic Designers
2023HU0262372,04,00800,48,1049470,3,22,1,5,16,0,2,2000,15,13,1.0,1,01,2910.0,2000,2000,1,2,1,Photographers
2023HU0265462,01,03900,48,1049470,9,53,4,1,20,0,2,93000,52,52,1.0,1,01,2710.0,93000,93000,1,2,1,Producers and Directors
2023HU0265660,02,02511,48,1049470,16,47,2,1,24,7000,2,17000,4,52,1.0,1,01,2752.0,24000,24000,1,2,6,Musicians and Singers
2023HU0267282,02,03700,48,1049470,57,49,1,1,14,0,1,3200,21,28,1.0,2,02,2752.0,3200,3200,2,2,8,Musicians and Singers
2023HU0269439,01,01901,48,1049470,55,24,1,5,21,0,1,84000,40,52,1.0,1,01,2634.0,84000,84000,1,2,1,Graphic Designers
2023HU0274042,02,05908,48,1049470,37,30,2,1,20,0,1,48000,40,52,1.0,1,02,2710.0,48000,48000,1,2,8,Producers and Directors
2023HU0274458,02,03502,48,1049470,13,44,1,1,21,0,2,103000,40,52,1.0,1,01,2850.0,103000,103000,1,2,1,Writers and Authors
2023HU0274874,02,05304,48,1049470,28,27,1,1,21,0,2,0,,,6.0,1,01,2910.0,0,0,1,2,1,Photographers
2023HU0275876,03,04902,48,1049470,8,26,2,5,18,0,1,0,,,6.0,1,02,2752.0,0,0,1,2,9,Musicians and Singers
2023HU0277780,02,05309,48,1049470,13,50,1,1,22,0,2,0,,,6.0,1,06,2700.0,0,2000,1,2,1,Actors
2023HU0279022,01,02001,48,1049470,17,37,1,1,21,0,2,85000,55,52,1.0,1,01,2910.0,85000,85000,1,2,6,Photographers
2023HU0280348,02,04601,48,1049470,23,33,1,5,17,0,2,1000,30,2,1.0,1,02,2910.0,1000,8700,1,1,8,Photographers
2023HU0280591,01,05306,48,1049470,22,72,1,1,21,0,1,0,,,6.0,1,01,2850.0,0,12000,1,1,1,Writers and Authors
2023HU0280830,02,05304,48,1049470,21,25,7,5,21,0,2,46000,40,52,1.0,1,09,2634.0,46000,46000,1,2,1,Graphic Designers
2023HU0281632,01,05308,48,1049470,17,47,1,1,21,3000,1,10000,40,4,3.0,1,01,2710.0,13000,35500,1,2,1,Producers and Directors
2023HU0284243,01,05309,48,1049470,5,28,7,5,21,50000,2,60000,40,52,1.0,2,01,2850.0,110000,110000,2,2,1,Writers and Authors
2023HU0284395,01,04503,48,1049470,28,32,1,1,21,30000,1,50000,45,52,1.0,1,01,2710.0,80000,80000,1,2,1,Producers and Directors
2023HU0284452,02,06703,48,1049470,9,53,1,1,21,0,2,12000,30,52,1.0,1,02,2634.0,12000,12000,1,2,9,Graphic Designers
2023HU0285280,01,01600,48,1049470,42,85,2,3,19,0,2,2000,1,52,1.0,1,01,2752.0,2000,33900,1,1,1,Musicians and Singers
2023HU0285511,01,05500,48,1049470,5,52,7,4,19,0,1,100000,48,52,1.0,1,01,2850.0,100000,100000,1,2,1,Writers and Authors
2023HU0286058,02,02315,48,1049470,15,37,6,1,21,0,2,0,,,6.0,1,01,2634.0,0,0,1,2,1,Graphic Designers
2023HU0289249,02,03100,48,1049470,19,54,7,1,19,18000,1,35000,25,48,1.0,1,01,2905.0,53000,56200,1,2,1,"Other Media and Communication Equipment Workers (broadcast/sound/AV/lighting techs, combined - PUMS does not separately identify 'sound engineering technician')"
2023HU0289377,02,04637,48,1049470,44,25,7,5,20,0,2,490,3,12,6.0,1,16,2634.0,490,490,1,2,8,Graphic Designers
2023HU0290491,01,04801,48,1049470,9,28,1,1,21,0,1,30000,40,40,1.0,2,01,2634.0,30000,30000,2,2,1,Graphic Designers
2023HU0291228,04,04701,48,1049470,15,25,6,5,20,60000,1,0,65,52,1.0,1,01,2751.0,60000,60000,1,2,2,Music Directors and Composers
2023HU0292294,02,02501,48,1049470,13,47,1,1,19,0,2,15000,20,20,6.0,1,01,2634.0,15000,15000,1,2,1,Graphic Designers
2023HU0293038,01,05303,48,1049470,21,32,1,5,21,10000,1,80000,40,52,1.0,1,01,2850.0,90000,90000,1,2,1,Writers and Authors
2023HU0293122,01,04501,48,1049470,60,31,1,5,21,0,1,125000,40,52,1.0,1,01,2905.0,125000,125000,1,2,2,"Other Media and Communication Equipment Workers (broadcast/sound/AV/lighting techs, combined - PUMS does not separately identify 'sound engineering technician')"
2023HU0293803,03,02005,48,1049470,14,25,1,5,21,0,2,45000,40,52,1.0,1,01,2634.0,45000,45000,1,2,1,Graphic Designers
2023HU0294591,02,05909,48,1049470,17,64,6,5,20,0,1,0,,,6.0,1,02,2850.0,0,18300,1,2,1,Writers and Authors
2023HU0298746,01,04604,48,1049470,23,29,7,5,22,100000,2,250000,50,52,1.0,1,01,2751.0,350000,350000,1,2,1,Music Directors and Composers
2023HU0300210,01,02002,48,1049470,66,37,6,1,19,27000,2,0,40,52,1.0,1,01,2910.0,27000,27000,1,2,1,Photographers
2023HU0300544,02,03900,48,1049470,11,34,7,1,20,0,2,9000,70,52,1.0,1,01,2910.0,9000,9000,1,2,1,Photographers
2023HU0305424,02,05905,48,1049470,33,36,7,1,16,0,1,50000,40,52,1.0,2,02,2634.0,50000,50000,2,2,9,Graphic Designers
2023HU0307243,04,03502,48,1049470,11,21,6,5,16,5000,1,0,8,3,3.0,1,01,2910.0,5000,5000,1,2,1,Photographers
2023HU0308385,02,07402,48,1049470,11,36,4,1,24,0,1,49000,20,52,1.0,1,01,2710.0,49000,49000,1,2,1,Producers and Directors
2023HU0308970,01,02307,48,1049470,14,59,6,1,20,7800,1,6000,40,52,1.0,1,01,2634.0,13800,13800,1,2,1,Graphic Designers
2023HU0310800,03,04618,48,1049470,12,22,1,5,16,0,1,5100,20,32,3.0,1,02,2634.0,5100,5100,1,2,8,Graphic Designers
2023HU0311733,01,04503,48,1049470,34,63,6,3,19,40000,1,48000,40,48,1.0,2,01,2910.0,88000,88000,2,2,1,Photographers
2023HU0313751,02,05201,48,1049470,17,48,7,1,19,0,2,9000,40,52,1.0,1,01,2634.0,9000,52000,1,2,1,Graphic Designers
2023HU0314004,01,05303,48,1049470,25,35,8,1,21,0,2,400,15,48,1.0,1,02,2850.0,400,400,1,2,1,Writers and Authors
2023HU0315482,03,04630,48,1049470,22,37,1,5,19,0,1,2500,25,5,3.0,2,01,2710.0,2500,2500,2,2,1,Producers and Directors
2023HU0317090,01,02510,48,1049470,9,53,7,1,19,33300,1,119000,50,52,1.0,1,01,2710.0,152300,152300,1,2,1,Producers and Directors
2023HU0320007,01,03310,48,1049470,36,25,2,5,21,0,2,52000,40,52,1.0,1,02,2850.0,52000,52000,1,2,8,Writers and Authors
2023HU0323212,01,07700,48,1049470,34,71,1,1,24,80,2,100,20,8,1.0,1,01,2752.0,180,81380,1,1,2,Musicians and Singers
2023HU0324245,02,04702,48,1049470,10,54,1,1,21,0,1,87000,40,52,1.0,1,01,2710.0,87000,87000,1,2,1,Producers and Directors
2023HU0329293,01,03308,48,1049470,17,78,1,1,21,0,1,0,,,6.0,1,01,2700.0,0,61050,2,1,1,Actors
2023HU0329293,02,03308,48,1049470,13,77,1,1,19,0,2,4200,15,6,1.0,1,01,2700.0,4200,31700,2,1,1,Actors
2023HU0330325,02,00600,48,1049470,27,29,6,1,17,0,2,0,,,6.0,2,01,2910.0,0,5000,2,2,9,Photographers
2023HU0330900,02,02311,48,1049470,13,48,1,1,21,0,1,120000,40,52,1.0,1,01,2910.0,120000,120000,1,2,1,Photographers
2023HU0330911,01,07300,48,1049470,3,70,6,3,22,11000,1,2000,3,50,1.0,1,01,2752.0,13000,58500,2,1,1,Musicians and Singers
2023HU0333376,03,02005,48,1049470,35,22,2,5,21,0,1,5600,4,35,1.0,1,01,2752.0,5600,17500,1,1,6,Musicians and Singers
2023HU0333642,01,02511,48,1049470,35,51,1,1,17,0,1,120000,40,52,1.0,1,03,2752.0,120000,120000,1,2,9,Musicians and Singers
2023HU0336741,01,04635,48,1049470,7,36,6,1,21,32000,2,0,18,46,1.0,1,01,2634.0,32000,32000,1,2,9,Graphic Designers
2023HU0337345,02,02303,48,1049470,11,32,1,1,18,0,1,60000,40,52,1.0,1,02,2905.0,60000,60000,1,2,9,"Other Media and Communication Equipment Workers (broadcast/sound/AV/lighting techs, combined - PUMS does not separately identify 'sound engineering technician')"
2023HU0338211,04,05500,48,1049470,29,42,6,5,16,40000,1,50000,40,30,6.0,2,02,2910.0,90000,90000,2,2,9,Photographers
2023HU0338368,01,02301,48,1049470,54,36,6,2,21,45000,1,0,1,52,1.0,1,01,2910.0,45000,45000,1,2,2,Photographers
2023HU0340879,02,02317,48,1049470,28,43,1,1,22,40600,1,53000,50,52,1.0,1,01,2634.0,93600,93600,1,2,2,Graphic Designers
2023HU0342557,01,02319,48,1049470,7,44,1,5,21,0,2,60000,40,52,1.0,1,01,2710.0,60000,60000,1,2,1,Producers and Directors
2023HU0343499,01,01200,48,1049470,28,38,1,1,19,0,1,33000,40,52,1.0,1,01,2710.0,33000,60900,1,2,1,Producers and Directors
2023HU0344990,02,04803,48,1049470,12,33,2,1,18,0,1,83000,45,46,1.0,1,01,2710.0,83000,83500,1,2,1,Producers and Directors
2023HU0345624,02,02200,48,1049470,30,38,4,1,24,0,1,110000,45,52,1.0,1,01,2710.0,110000,110000,1,2,1,Producers and Directors
2023HU0352782,01,03502,48,1049470,10,66,6,1,21,0,1,0,,,6.0,1,01,2752.0,0,35000,1,1,1,Musicians and Singers
2023HU0355302,01,05911,48,1049470,72,40,1,5,21,0,1,120000,40,52,1.0,1,02,2905.0,120000,120000,1,2,1,"Other Media and Communication Equipment Workers (broadcast/sound/AV/lighting techs, combined - PUMS does not separately identify 'sound engineering technician')"
2023HU0355716,03,07401,48,1049470,8,22,1,5,16,0,1,6000,25,40,1.0,1,24,2910.0,6000,6000,1,2,9,Photographers
2023HU0357943,01,02900,48,1049470,7,76,6,1,18,14400,1,0,8,15,6.0,1,01,2905.0,14400,16500,2,1,1,"Other Media and Communication Equipment Workers (broadcast/sound/AV/lighting techs, combined - PUMS does not separately identify 'sound engineering technician')"
2023HU0358895,01,02514,48,1049470,9,76,8,1,22,1000,2,2400,25,52,1.0,1,01,2850.0,3400,24700,1,1,1,Writers and Authors
2023HU0359134,02,03100,48,1049470,11,41,2,5,21,0,1,31000,25,52,1.0,1,01,2752.0,31000,31000,1,2,1,Musicians and Singers
2023HU0359149,02,05306,48,1049470,12,46,7,1,22,20000,2,80000,40,52,1.0,1,01,2850.0,100000,102500,1,2,1,Writers and Authors
2023HU0359305,01,04602,48,1049470,14,52,2,3,18,3000,1,12000,8,48,1.0,1,01,2752.0,15000,23000,1,2,1,Musicians and Singers
2023HU0360547,02,05916,48,1049470,25,32,1,1,17,0,1,95000,40,52,1.0,2,24,2710.0,95000,95000,2,2,8,Producers and Directors
2023HU0360595,02,00800,48,1049470,3,59,6,1,20,5500,2,6000,20,52,1.0,1,01,2752.0,11500,17000,1,2,1,Musicians and Singers
2023HU0361112,01,06805,48,1049470,8,23,6,5,01,45000,2,0,40,52,1.0,2,02,2740.0,45000,45000,2,2,3,Dancers and Choreographers
2023HU0361249,01,05309,48,1049470,26,44,7,1,22,0,2,574000,65,52,1.0,1,01,2850.0,574000,574000,1,2,1,Writers and Authors
2023HU0361281,01,04636,48,1049470,17,45,4,1,21,0,2,60000,40,52,1.0,1,11,2710.0,60000,78000,1,2,9,Producers and Directors
2023HU0362502,01,01905,48,1049470,11,32,1,1,22,35000,1,114000,40,52,1.0,1,01,2710.0,149000,149000,1,2,9,Producers and Directors
2023HU0365266,01,03400,48,1049470,1,75,2,2,18,0,2,0,,,6.0,1,01,2752.0,0,30500,1,1,1,Musicians and Singers
2023HU0365281,01,04635,48,1049470,20,48,1,1,21,0,2,110000,40,52,1.0,1,01,2850.0,110000,110000,1,2,1,Writers and Authors
2023HU0367683,01,05100,48,1049470,27,40,1,5,19,0,1,30000,20,52,1.0,2,01,2710.0,30000,30000,2,2,1,Producers and Directors
2023HU0369237,01,06000,48,1049470,11,73,6,1,19,17500,1,0,6,22,1.0,1,01,2752.0,17500,42600,1,1,1,Musicians and Singers
2023HU0369274,02,04611,48,1049470,10,30,6,1,21,125000,2,0,40,52,1.0,1,01,2910.0,125000,125000,1,2,1,Photographers
2023HU0369866,04,00900,48,1049470,58,43,2,3,15,0,1,11200,32,52,1.0,2,01,2752.0,11200,11200,2,2,2,Musicians and Singers
2023HU0372777,03,02503,48,1049470,20,20,5,5,15,0,2,6000,30,52,1.0,1,02,2634.0,6000,6000,1,2,8,Graphic Designers
2023HU0374986,01,02309,48,1049470,10,56,1,1,21,0,2,170000,40,52,1.0,1,01,2710.0,170000,170000,1,2,1,Producers and Directors
2023HU0376056,04,05904,48,1049470,12,62,1,3,16,0,1,0,,,6.0,2,01,2752.0,0,0,2,2,1,Musicians and Singers
2023HU0376737,01,05303,48,1049470,23,73,6,3,22,0,1,0,,,6.0,1,01,2850.0,0,70700,2,1,1,Writers and Authors
2023HU0377863,01,04903,48,1049470,6,58,1,1,21,0,2,30000,40,52,2.0,1,01,2850.0,30000,36000,1,2,1,Writers and Authors
2023HU0377863,02,04903,48,1049470,8,53,1,1,21,0,1,89000,68,52,1.0,1,01,2710.0,89000,89000,1,2,1,Producers and Directors
2023HU0378512,02,04634,48,1049470,15,24,1,5,21,0,2,16900,32,52,1.0,2,01,2634.0,16900,16900,2,2,1,Graphic Designers
2023HU0378749,01,06805,48,1049470,41,31,6,5,16,25000,1,0,12,52,1.0,2,02,2752.0,25000,25000,2,2,8,Musicians and Singers
2023HU0378749,02,06805,48,1049470,35,35,6,5,16,25000,1,0,12,52,1.0,2,02,2752.0,25000,25000,2,2,8,Musicians and Singers
2023HU0378749,03,06805,48,1049470,36,27,6,5,21,25000,1,0,12,52,1.0,2,02,2752.0,25000,25000,2,2,8,Musicians and Singers
2023HU0378749,04,06805,48,1049470,35,25,6,5,21,25000,1,0,12,52,1.0,2,02,2752.0,25000,25000,2,2,8,Musicians and Singers
2023HU0378790,01,02302,48,1049470,9,71,6,1,16,30000,1,0,24,52,1.0,1,01,2752.0,30000,31400,2,1,6,Musicians and Singers
2023HU0379006,01,02200,48,1049470,116,28,1,5,19,0,1,54000,40,12,1.0,1,01,2910.0,54000,54100,1,2,1,Photographers
2023HU0380118,02,04609,48,1049470,12,38,6,1,11,20000,2,0,30,52,1.0,2,01,2752.0,20000,20000,2,2,1,Musicians and Singers
2023HU0380540,01,04501,48,1049470,38,45,1,5,20,0,1,79000,42,52,1.0,1,02,2634.0,79000,79000,1,2,9,Graphic Designers
2023HU0381596,02,02316,48,1049470,10,37,2,1,21,0,1,68000,40,52,1.0,2,01,2634.0,68000,68000,2,2,1,Graphic Designers
2023HU0382866,01,01905,48,1049470,11,29,6,1,21,75000,2,31300,40,52,1.0,1,01,2910.0,106300,106300,1,2,1,Photographers
2023HU0384113,01,05903,48,1049470,33,23,5,5,16,0,1,12700,17,52,1.0,2,23,2752.0,12700,12700,2,2,9,Musicians and Singers
2023HU0384679,02,02502,48,1049470,7,40,1,1,18,0,1,58000,40,52,1.0,1,01,2634.0,58000,58000,1,2,1,Graphic Designers
2023HU0385829,01,02516,48,1049470,62,41,7,1,15,0,1,58000,40,52,1.0,1,02,2710.0,58000,58000,1,2,1,Producers and Directors
2023HU0386167,01,05100,48,1049470,6,48,6,1,21,20000,1,20000,40,52,1.0,1,01,2752.0,40000,156000,2,1,9,Musicians and Singers
2023HU0386213,03,01908,48,1049470,20,17,2,5,14,0,2,4000,12,52,1.0,1,01,2910.0,4000,4000,1,2,6,Photographers
2023HU0394134,02,02511,48,1049470,25,40,1,2,21,0,2,37500,8,26,6.0,1,01,2700.0,37500,37500,2,1,1,Actors
2023HU0394372,02,02515,48,1049470,9,73,6,1,22,16000,2,0,6,35,1.0,1,01,2850.0,16000,28000,1,1,1,Writers and Authors
2023HU0394598,01,03000,48,1049470,12,66,2,1,21,4000,1,17000,20,52,1.0,1,01,2752.0,21000,137500,2,1,1,Musicians and Singers
2023HU0394757,01,04604,48,1049470,11,34,7,1,19,0,1,145000,30,52,1.0,1,01,2910.0,145000,145000,1,2,1,Photographers
2023HU0394757,02,04604,48,1049470,10,33,7,1,21,0,2,45000,30,52,1.0,1,23,2910.0,45000,45000,1,2,9,Photographers
2023HU0395732,02,05914,48,1049470,42,22,5,1,16,0,1,23200,40,52,1.0,1,23,2905.0,23200,23200,1,2,1,"Other Media and Communication Equipment Workers (broadcast/sound/AV/lighting techs, combined - PUMS does not separately identify 'sound engineering technician')"
2023HU0396168,02,02308,48,1049470,20,32,1,1,20,0,1,60000,60,52,1.0,1,01,2905.0,60000,60000,1,2,1,"Other Media and Communication Equipment Workers (broadcast/sound/AV/lighting techs, combined - PUMS does not separately identify 'sound engineering technician')"
2023HU0401546,02,04607,48,1049470,70,58,4,1,19,56000,2,82000,46,52,1.0,1,01,2850.0,138000,138000,1,2,2,Writers and Authors
2023HU0402058,01,05600,48,1049470,12,74,2,1,21,0,2,50000,40,52,1.0,1,01,2751.0,50000,62000,1,1,1,Music Directors and Composers
2023HU0405203,02,00502,48,1049470,5,37,6,1,19,30000,2,0,15,40,1.0,1,01,2910.0,30000,30000,1,2,1,Photographers
2023HU0405419,02,01903,48,1049470,41,48,6,1,22,0,2,0,,,6.0,1,01,2910.0,0,0,1,2,9,Photographers
2023HU0407936,01,04637,48,1049470,18,56,1,5,21,0,1,0,,,3.0,1,01,2634.0,0,1100,1,2,1,Graphic Designers
2023HU0410962,02,05500,48,1049470,12,62,2,1,20,0,2,14400,3,52,1.0,1,01,2752.0,14400,36100,1,2,1,Musicians and Singers
2023HU0411013,01,03400,48,1049470,3,65,1,1,18,0,2,0,,,6.0,1,01,2710.0,0,20000,2,1,1,Producers and Directors
2023HU0413490,01,05304,48,1049470,19,73,6,5,19,350,2,0,4,52,1.0,1,02,2752.0,350,3950,2,1,9,Musicians and Singers
2023HU0416100,02,04503,48,1049470,14,50,2,1,20,0,2,50000,50,49,1.0,1,02,2634.0,50000,50000,1,2,9,Graphic Designers
2023HU0417807,01,05308,48,1049470,23,34,1,1,21,0,1,35000,50,35,3.0,1,02,2710.0,35000,55000,1,2,9,Producers and Directors
2023HU0421354,02,05911,48,1049470,2,69,2,1,21,0,2,2400,25,5,6.0,1,01,2751.0,2400,19200,2,1,1,Music Directors and Composers
2023HU0421367,01,04627,48,1049470,26,26,1,5,21,2000,2,40000,40,52,1.0,1,02,2634.0,42000,42300,1,2,8,Graphic Designers
2023HU0422149,01,02322,48,1049470,14,45,1,1,20,0,1,85000,40,52,1.0,1,01,2634.0,85000,85000,1,2,1,Graphic Designers
2023HU0422677,02,05306,48,1049470,15,41,1,1,21,0,2,75000,50,52,1.0,1,01,2850.0,75000,75000,1,2,1,Writers and Authors
2023HU0425691,02,02900,48,1049470,9,65,5,1,21,0,2,34000,40,52,1.0,1,01,2634.0,34000,46000,1,1,1,Graphic Designers
2023HU0426275,03,04615,48,1049470,10,66,6,2,20,10200,2,0,20,48,3.0,2,01,2850.0,10200,10200,2,2,1,Writers and Authors
2023HU0427211,01,01905,48,1049470,71,32,3,5,21,0,2,60000,55,52,1.0,1,01,2751.0,60000,60000,1,2,1,Music Directors and Composers
2023HU0427332,01,01907,48,1049470,2,53,1,1,20,0,1,195000,50,52,1.0,1,01,2710.0,195000,195000,1,2,1,Producers and Directors
2023HU0427411,01,06000,48,1049470,6,63,2,3,19,0,1,35000,32,52,1.0,1,02,2905.0,35000,35000,1,2,9,"Other Media and Communication Equipment Workers (broadcast/sound/AV/lighting techs, combined - PUMS does not separately identify 'sound engineering technician')"
2023HU0427525,01,02315,48,1049470,166,30,1,5,20,44000,1,66000,40,52,1.0,2,01,2910.0,110000,110000,2,2,2,Photographers
2023HU0427641,01,05913,48,1049470,20,74,2,1,22,0,1,0,,,6.0,1,01,2752.0,0,60000,1,1,1,Musicians and Singers
2023HU0429121,02,05401,48,1049470,28,40,6,1,21,10000,2,0,4,30,1.0,1,02,2634.0,10000,10000,1,2,9,Graphic Designers
2023HU0431360,03,04619,48,1049470,11,57,1,5,17,0,2,50000,45,52,1.0,1,02,2850.0,50000,50000,1,2,8,Writers and Authors
2023HU0431701,01,01904,48,1049470,6,41,4,3,21,0,1,91000,40,52,1.0,1,01,2710.0,91000,91000,1,2,1,Producers and Directors
2023HU0432175,01,02101,48,1049470,12,34,6,1,21,30000,2,60000,40,52,1.0,1,02,2910.0,90000,90000,1,2,9,Photographers
2023HU0433476,01,03802,48,1049470,16,41,4,1,22,0,2,68000,40,52,1.0,1,01,2710.0,68000,70500,1,2,9,Producers and Directors
2023HU0434711,02,04633,48,1049470,16,49,6,1,22,0,2,0,,,6.0,1,01,2634.0,0,0,1,2,1,Graphic Designers
2023HU0441282,03,01903,48,1049470,31,25,1,5,20,10000,1,60000,40,52,1.0,2,02,2910.0,70000,70000,2,2,8,Photographers
2023HU0441492,02,04200,48,1049470,4,34,1,5,21,0,1,52000,40,52,1.0,1,01,2634.0,52000,52000,1,2,9,Graphic Designers
2023HU0441549,02,00700,48,1049470,41,53,6,5,21,50000,2,0,30,52,1.0,1,01,2850.0,50000,50000,1,2,1,Writers and Authors
2023HU0443812,01,01800,48,1049470,13,20,4,5,16,0,1,10000,30,36,3.0,1,01,2910.0,10000,10000,1,2,2,Photographers
2023HU0444555,02,05911,48,1049470,6,56,6,1,19,6000,1,20000,20,52,1.0,1,02,2752.0,26000,26000,1,2,8,Musicians and Singers
2023HU0445499,01,02309,48,1049470,7,76,6,1,21,91000,1,0,30,36,1.0,1,01,2850.0,91000,156000,2,1,1,Writers and Authors
2023HU0445902,01,03700,48,1049470,2,56,2,1,22,0,1,15000,10,52,1.0,1,01,2751.0,15000,69000,1,2,1,Music Directors and Composers
2023HU0446772,02,00900,48,1049470,10,20,1,5,18,0,1,10000,15,52,1.0,2,01,2752.0,10000,10000,2,2,1,Musicians and Singers
2023HU0447898,03,04616,48,1049470,7,24,1,5,21,0,2,46000,40,52,1.0,1,02,2850.0,46000,46000,1,2,9,Writers and Authors
2023HU0448380,03,04907,48,1049470,15,26,2,5,22,0,1,33000,40,32,1.0,1,02,2850.0,33000,33000,1,2,9,Writers and Authors
2023HU0449453,01,02310,48,1049470,8,63,1,3,19,4000,2,111000,30,52,1.0,1,01,2850.0,115000,115000,1,2,1,Writers and Authors
2023HU0449638,01,04603,48,1049470,75,36,1,5,21,0,2,175000,45,52,1.0,1,01,2710.0,175000,175000,1,2,2,Producers and Directors
2023HU0450465,01,02509,48,1049470,18,57,6,1,22,12000,2,16000,12,36,1.0,1,01,2752.0,28000,28000,1,2,1,Musicians and Singers
2023HU0451317,01,03600,48,1049470,12,35,4,1,21,0,1,60000,40,52,1.0,1,01,2634.0,60000,60000,1,2,1,Graphic Designers
2023HU0452603,01,05201,48,1049470,10,52,1,3,21,0,1,48000,40,52,1.0,2,01,2910.0,48000,54500,2,2,1,Photographers
2023HU0453730,01,01800,48,1049470,7,73,6,1,22,36600,1,0,70,52,1.0,1,01,2850.0,36600,70400,2,1,1,Writers and Authors
2023HU0454214,01,05303,48,1049470,25,29,1,5,16,0,1,40000,40,52,1.0,2,01,2910.0,40000,40000,2,2,9,Photographers
2023HU0456801,01,02005,48,1049470,13,62,6,2,22,1000,2,1000,4,2,6.0,1,01,2850.0,2000,19600,1,2,1,Writers and Authors
2023HU0458092,01,04604,48,1049470,28,23,6,5,21,50000,2,0,40,52,1.0,1,02,2752.0,50000,50000,1,2,9,Musicians and Singers
2023HU0459079,01,05306,48,1049470,31,31,1,5,16,0,2,4500,40,52,1.0,1,01,2850.0,4500,4500,1,2,1,Writers and Authors
2023HU0459936,02,06603,48,1049470,15,70,2,1,22,0,2,1200,1,3,6.0,1,01,2752.0,1200,14100,1,1,1,Musicians and Singers
2023HU0460148,02,04637,48,1049470,11,34,6,1,21,12000,2,0,30,52,1.0,1,01,2752.0,12000,12000,1,2,1,Musicians and Singers
2023HU0461786,02,05308,48,1049470,19,39,6,1,21,20000,1,0,40,52,1.0,1,01,2752.0,20000,22000,2,1,1,Musicians and Singers
2023HU0461828,01,01908,48,1049470,22,42,1,1,19,0,2,120000,45,52,1.0,1,01,2634.0,120000,120000,1,2,1,Graphic Designers
2023HU0464431,01,04618,48,1049470,26,41,1,1,16,0,1,130000,40,52,1.0,2,02,2752.0,130000,130000,2,2,9,Musicians and Singers
2023HU0465737,02,04616,48,1049470,11,70,6,3,21,40000,1,0,22,30,1.0,1,01,2905.0,40000,65000,1,1,1,"Other Media and Communication Equipment Workers (broadcast/sound/AV/lighting techs, combined - PUMS does not separately identify 'sound engineering technician')"
2023HU0470539,01,04629,48,1049470,9,75,6,1,22,0,2,0,,,6.0,1,01,2850.0,0,57600,1,1,1,Writers and Authors
2023HU0471554,01,02502,48,1049470,6,68,1,3,19,0,1,100,2,10,6.0,1,01,2700.0,100,10100,2,1,1,Actors
2023HU0472387,02,04629,48,1049470,11,63,6,5,21,12000,2,0,50,52,1.0,1,01,2634.0,12000,12000,1,2,1,Graphic Designers
2023HU0472985,02,04616,48,1049470,13,49,1,1,21,600,1,49000,50,52,1.0,1,01,2634.0,49600,49600,1,2,1,Graphic Designers
2023HU0475744,04,04625,48,1049470,31,25,6,5,20,45000,1,0,80,52,1.0,2,01,2752.0,45000,45000,2,2,2,Musicians and Singers
2023HU0475751,04,05201,48,1049470,6,16,1,5,14,0,2,450,20,4,6.0,1,02,2910.0,450,450,1,2,1,Photographers
2023HU0475969,01,02306,48,1049470,10,67,2,5,21,0,1,85000,40,52,1.0,1,01,2910.0,85000,85000,1,1,1,Photographers
2023HU0476852,01,03309,48,1049470,10,68,6,2,21,9600,1,0,48,2,6.0,1,02,2752.0,9600,31300,1,1,9,Musicians and Singers
2023HU0477199,01,02700,48,1049470,4,23,2,1,20,0,1,3600,15,52,2.0,1,01,2910.0,3600,3600,1,2,1,Photographers
2023HU0478487,02,05910,48,1049470,23,53,1,3,17,0,1,7500,12,28,6.0,1,01,2905.0,7500,19200,1,1,1,"Other Media and Communication Equipment Workers (broadcast/sound/AV/lighting techs, combined - PUMS does not separately identify 'sound engineering technician')"
2023HU0479337,01,02313,48,1049470,9,27,1,1,21,0,1,105000,40,52,1.0,1,01,2905.0,105000,105000,1,2,9,"Other Media and Communication Equipment Workers (broadcast/sound/AV/lighting techs, combined - PUMS does not separately identify 'sound engineering technician')"
2023HU0480412,01,05914,48,1049470,39,75,2,1,24,0,1,100000,20,52,1.0,1,01,2850.0,100000,156300,1,1,1,Writers and Authors
2023HU0480977,01,04502,48,1049470,16,58,5,3,16,0,1,0,,,6.0,2,01,2905.0,0,0,2,2,6,"Other Media and Communication Equipment Workers (broadcast/sound/AV/lighting techs, combined - PUMS does not separately identify 'sound engineering technician')"
2023HU0481315,04,06803,48,1049470,6,38,1,5,19,0,1,26400,40,52,1.0,1,02,2634.0,26400,26400,1,2,1,Graphic Designers
2023HU0483921,01,03502,48,1049470,5,66,1,3,21,0,2,0,,,6.0,1,01,2850.0,0,25210,2,1,1,Writers and Authors
2023HU0484858,02,05902,48,1049470,42,28,1,5,21,0,2,50000,40,52,1.0,1,02,2710.0,50000,50000,1,2,9,Producers and Directors
2023HU0485373,01,05305,48,1049470,12,42,2,1,21,0,2,4000,45,12,6.0,1,01,2850.0,4000,406000,1,2,1,Writers and Authors
2023HU0488632,01,05302,48,1049470,27,37,7,5,19,20000,1,60000,30,52,1.0,1,01,2850.0,80000,80000,1,2,6,Writers and Authors
2023HU0490872,01,02313,48,1049470,41,31,7,5,21,0,2,80000,50,52,1.0,1,01,2850.0,80000,81000,1,2,1,Writers and Authors
2023HU0491173,02,01902,48,1049470,6,41,1,1,21,0,2,220000,40,52,1.0,1,13,2710.0,220000,220000,1,2,1,Producers and Directors
2023HU0493186,01,04702,48,1049470,11,78,2,2,21,2200,2,3000,3,52,1.0,1,01,2752.0,5200,49400,1,1,1,Musicians and Singers
2023HU0493468,02,04631,48,1049470,13,54,7,3,18,0,1,50000,40,52,1.0,1,01,2700.0,50000,50000,1,2,1,Actors
2023HU0494523,01,05306,48,1049470,129,63,2,3,22,0,1,3600,2,52,1.0,1,01,2752.0,3600,22800,2,1,1,Musicians and Singers
2023HU0498754,01,07401,48,1049470,19,19,1,5,19,0,1,5000,40,5,6.0,1,01,2910.0,5000,5000,2,1,6,Photographers
2023HU0501054,04,05401,48,1049470,34,39,1,3,18,0,1,25000,40,52,1.0,1,01,2634.0,25000,25000,1,2,1,Graphic Designers
2023HU0501333,01,02509,48,1049470,17,74,6,1,19,500,1,500,3,36,6.0,1,01,2752.0,1000,20700,2,1,1,Musicians and Singers
2023HU0506056,01,03700,48,1049470,9,79,6,2,21,0,1,0,,,6.0,1,01,2910.0,0,63600,1,1,1,Photographers
2023HU0508041,01,05600,48,1049470,6,64,1,5,20,0,1,4000,5,14,1.0,1,02,2850.0,4000,20000,1,1,1,Writers and Authors
2023HU0508445,03,04602,48,1049470,27,22,1,5,19,0,1,35000,40,52,1.0,1,02,2910.0,35000,35000,1,2,9,Photographers
2023HU0509173,02,05305,48,1049470,13,50,6,1,21,76000,2,0,25,39,1.0,1,01,2910.0,76000,76000,1,2,1,Photographers
2023HU0510007,03,04620,48,1049470,17,32,1,5,21,0,1,73000,40,52,1.0,1,01,2634.0,73000,73000,1,2,6,Graphic Designers
2023HU0513436,02,05303,48,1049470,14,27,1,5,21,6000,2,71000,40,52,1.0,1,01,2634.0,77000,77000,1,2,1,Graphic Designers
2023HU0515957,01,03900,48,1049470,7,64,2,3,21,0,2,11800,2,52,1.0,1,01,2752.0,11800,54800,1,2,1,Musicians and Singers
2023HU0515984,01,06000,48,1049470,17,71,1,1,16,0,2,750,10,10,6.0,1,01,2700.0,750,18150,2,1,1,Actors
2023HU0519636,01,01700,48,1049470,10,70,2,5,22,0,2,6800,2,50,1.0,1,01,2752.0,6800,93300,1,1,9,Musicians and Singers
2023HU0519861,01,02316,48,1049470,7,45,1,1,21,1500,1,68000,40,52,1.0,1,01,2850.0,69500,69500,1,2,1,Writers and Authors
2023HU0520111,02,01903,48,1049470,6,30,4,1,21,0,1,71000,42,52,1.0,1,01,2850.0,71000,71000,1,2,1,Writers and Authors
2023HU0520718,02,00900,48,1049470,31,37,6,1,18,1700,2,0,8,1,6.0,1,02,2700.0,1700,1700,1,2,1,Actors
2023HU0520780,01,02101,48,1049470,4,68,1,1,19,0,1,25000,24,52,1.0,1,01,2634.0,25000,25120,1,1,9,Graphic Designers
2023HU0521601,01,04605,48,1049470,31,41,2,4,19,0,1,69000,40,30,1.0,2,01,2752.0,69000,69000,2,2,1,Musicians and Singers
2023HU0522134,01,02313,48,1049470,12,45,2,5,22,0,1,77000,36,52,1.0,1,01,2752.0,77000,83200,1,2,1,Musicians and Singers
2023HU0522855,01,00600,48,1049470,17,41,7,1,14,0,1,35000,40,52,1.0,1,01,2634.0,35000,35000,1,1,1,Graphic Designers
2023HU0523007,04,04634,48,1049470,9,31,1,5,17,0,2,40000,2,2,3.0,1,02,2634.0,40000,40000,2,1,9,Graphic Designers
2023HU0524064,01,02515,48,1049470,10,32,1,5,21,0,1,92000,40,52,1.0,1,01,2850.0,92000,92000,1,2,1,Writers and Authors
2023HU0524505,03,04624,48,1049470,12,21,6,5,16,5000,1,0,8,3,3.0,2,01,2910.0,5000,5000,2,2,1,Photographers
2023HU0527010,01,04636,48,1049470,11,56,6,1,22,11000,2,0,20,52,2.0,1,01,2850.0,11000,14710,1,2,6,Writers and Authors
2023HU0527489,02,04609,48,1049470,16,29,2,1,21,0,2,45000,40,44,6.0,1,01,2634.0,45000,45000,1,2,1,Graphic Designers
2023HU0527660,04,04801,48,1049470,15,23,4,5,21,0,2,0,,,3.0,1,01,2634.0,0,0,1,2,6,Graphic Designers
2023HU0529599,01,04604,48,1049470,23,71,1,1,22,0,1,2000,20,12,1.0,1,01,2700.0,2000,88000,1,1,1,Actors
2023HU0530886,02,03700,48,1049470,4,37,1,1,21,0,2,0,,,6.0,1,01,2634.0,0,0,1,2,1,Graphic Designers
2023HU0531875,01,01901,48,1049470,12,29,1,1,21,0,2,100000,50,52,1.0,1,01,2850.0,100000,100000,1,2,1,Writers and Authors
2023HU0532011,03,03801,48,1049470,14,28,6,5,20,2000,1,15000,8,32,1.0,2,02,2910.0,17000,17000,2,2,9,Photographers
2023HU0532510,02,04609,48,1049470,42,31,1,5,21,0,2,85000,40,52,1.0,1,01,2850.0,85000,85000,1,2,2,Writers and Authors
2023HU0533556,02,01200,48,1049470,7,79,2,1,19,0,2,0,,,6.0,1,01,2752.0,0,13600,2,1,1,Musicians and Singers
2023HU0534758,01,02302,48,1049470,11,59,6,1,22,30000,1,33000,35,52,1.0,1,01,2752.0,63000,63000,1,2,1,Musicians and Singers
2023HU0534829,02,05912,48,1049470,11,65,6,1,21,800,1,800,12,52,1.0,1,01,2850.0,1600,16600,1,1,1,Writers and Authors
2023HU0538321,01,05911,48,1049470,57,25,1,5,21,0,1,40000,40,52,1.0,1,02,2710.0,40000,40000,1,2,1,Producers and Directors
2023HU0538972,02,05901,48,1049470,29,26,2,5,19,0,1,1600,4,20,6.0,1,07,2752.0,1600,1600,1,2,9,Musicians and Singers
2023HU0540348,04,02309,48,1049470,9,37,2,1,16,6000,1,36000,45,52,1.0,1,01,2710.0,42000,42000,1,2,1,Producers and Directors
2023HU0542022,02,05204,48,1049470,12,45,6,1,21,40000,2,0,30,52,1.0,1,02,2905.0,40000,41500,1,2,9,"Other Media and Communication Equipment Workers (broadcast/sound/AV/lighting techs, combined - PUMS does not separately identify 'sound engineering technician')"
2023HU0543109,01,05306,48,1049470,70,52,1,3,22,0,2,200000,60,52,1.0,1,01,2850.0,200000,200000,1,2,1,Writers and Authors
2023HU0543255,03,02302,48,1049470,12,60,1,3,22,0,1,65000,45,52,1.0,1,01,2634.0,65000,65000,1,2,2,Graphic Designers
2023HU0545343,01,03900,48,1049470,6,38,6,1,22,0,2,0,,,6.0,1,02,2910.0,0,0,1,2,1,Photographers
2023HU0547200,01,01901,48,1049470,5,54,2,1,21,0,2,0,,,6.0,1,01,2850.0,0,0,1,2,1,Writers and Authors
2023HU0547354,01,02322,48,1049470,11,30,2,1,22,0,2,0,,,6.0,1,02,2634.0,0,0,1,2,1,Graphic Designers
2023HU0549604,01,01903,48,1049470,11,54,1,1,22,6000,2,70000,40,52,1.0,1,01,2634.0,76000,76000,1,2,1,Graphic Designers
2023HU0551132,02,03310,48,1049470,9,25,4,5,20,0,1,8700,20,52,1.0,1,02,2710.0,8700,8700,1,2,9,Producers and Directors
2023HU0551172,02,02508,48,1049470,7,46,6,1,19,17300,2,0,40,16,3.0,2,01,2905.0,17300,17300,2,2,1,"Other Media and Communication Equipment Workers (broadcast/sound/AV/lighting techs, combined - PUMS does not separately identify 'sound engineering technician')"
2023HU0552568,01,04613,48,1049470,12,52,2,1,22,0,2,30000,40,52,1.0,2,01,2850.0,30000,30000,2,2,6,Writers and Authors
2023HU0553017,02,01300,48,1049470,11,58,7,1,19,0,1,1300,1,52,1.0,1,01,2634.0,1300,12600,2,1,1,Graphic Designers
2023HU0553820,03,04627,48,1049470,23,41,1,5,17,0,1,96000,44,52,1.0,1,01,2910.0,96000,96000,1,2,1,Photographers
2023HU0554382,04,06804,48,1049470,11,18,6,5,16,1400,1,0,5,4,3.0,1,02,2752.0,1400,1400,2,1,9,Musicians and Singers
2023HU0554764,01,05306,48,1049470,12,50,6,1,16,411000,1,0,40,52,1.0,1,01,2850.0,411000,411000,1,2,1,Writers and Authors
2023HU0554764,02,05306,48,1049470,14,44,1,1,21,600,2,600,20,38,1.0,1,01,2850.0,1200,1200,1,2,1,Writers and Authors
2023HU0555775,01,06701,48,1049470,12,46,1,1,20,0,1,49000,29,36,1.0,1,02,2905.0,49000,49000,1,2,3,"Other Media and Communication Equipment Workers (broadcast/sound/AV/lighting techs, combined - PUMS does not separately identify 'sound engineering technician')"
2023HU0557376,02,04613,48,1049470,11,36,6,1,21,95000,2,0,50,52,1.0,2,01,2752.0,95000,95000,2,2,1,Musicians and Singers
2023HU0559307,02,05906,48,1049470,12,57,6,3,21,0,1,0,,,6.0,2,02,2850.0,0,0,2,2,1,Writers and Authors
2023HU0559408,02,07500,48,1049470,4,39,1,5,19,0,1,26400,40,52,1.0,1,24,2634.0,26400,26400,1,2,1,Graphic Designers
2023HU0564505,01,04604,48,1049470,42,28,6,5,16,12000,1,0,40,40,3.0,2,01,2910.0,12000,12000,2,2,2,Photographers
2023HU0564882,02,06604,48,1049470,11,65,2,1,19,0,1,45000,40,52,1.0,1,02,2710.0,45000,45000,1,2,9,Producers and Directors
2023HU0567656,01,05301,48,1049470,25,56,1,3,21,0,1,65000,45,52,1.0,1,01,2850.0,65000,67000,1,2,1,Writers and Authors
2023HU0569417,01,04504,48,1049470,42,26,3,5,20,0,2,42500,40,52,1.0,1,01,2634.0,42500,42500,1,2,1,Graphic Designers
2023HU0569459,01,04637,48,1049470,17,41,2,1,21,0,1,45000,56,52,1.0,2,23,2634.0,45000,45000,2,2,1,Graphic Designers
2023HU0569663,02,02307,48,1049470,10,26,2,5,21,0,2,1000,30,30,6.0,2,01,2752.0,1000,1000,2,2,1,Musicians and Singers
2023HU0570637,01,05700,48,1049470,14,68,4,1,24,0,1,0,,,6.0,1,01,2752.0,0,36000,1,1,1,Musicians and Singers
2023HU0571246,01,04601,48,1049470,12,45,1,1,21,0,1,22400,55,52,1.0,1,02,2634.0,22400,22400,2,1,8,Graphic Designers
2023HU0572458,01,01903,48,1049470,20,47,1,1,22,0,1,46000,40,52,1.0,1,01,2850.0,46000,46000,1,2,1,Writers and Authors
2023HU0574357,02,05301,48,1049470,41,57,1,1,21,0,1,75000,35,40,6.0,1,01,2850.0,75000,75000,1,2,9,Writers and Authors
2023HU0574819,02,02510,48,1049470,11,51,7,1,21,0,1,574000,70,52,1.0,1,01,2850.0,574000,674000,1,2,1,Writers and Authors
2023HU0579333,02,04400,48,1049470,12,68,2,1,20,0,2,15000,2,52,1.0,1,01,2751.0,15000,88000,2,1,1,Music Directors and Composers
2023HU0582514,01,05908,48,1049470,8,47,6,3,22,12000,2,0,20,30,1.0,2,01,2850.0,12000,21500,2,2,9,Writers and Authors
2023HU0582647,01,02310,48,1049470,13,63,2,1,21,1200,1,61000,35,51,1.0,1,01,2752.0,62200,62200,1,2,1,Musicians and Singers
2023HU0583843,01,04612,48,1049470,14,86,1,3,21,-7900,1,8400,2,12,1.0,1,01,2850.0,500,50600,1,1,1,Writers and Authors
2023HU0583947,01,05902,48,1049470,8,59,6,1,21,0,2,0,,,6.0,1,01,2850.0,0,1500,1,2,1,Writers and Authors
2023HU0584940,01,04603,48,1049470,8,61,4,3,18,0,1,63000,40,52,1.0,1,04,2905.0,63000,63000,1,2,1,"Other Media and Communication Equipment Workers (broadcast/sound/AV/lighting techs, combined - PUMS does not separately identify 'sound engineering technician')"
2023HU0585618,02,06603,48,1049470,12,38,6,1,16,0,2,0,,,6.0,1,01,2910.0,0,0,1,2,1,Photographers
2023HU0585682,01,02314,48,1049470,56,31,7,5,21,79000,1,79000,12,52,1.0,2,01,2751.0,158000,178000,2,2,1,Music Directors and Composers
2023HU0589632,01,04610,48,1049470,44,23,6,5,19,40500,2,0,36,52,1.0,2,01,2740.0,40500,40500,2,2,2,Dancers and Choreographers
2023HU0590132,01,00300,48,1049470,15,24,1,5,21,0,1,23900,40,52,1.0,1,02,2710.0,23900,23900,1,2,1,Producers and Directors
2023HU0592315,01,00502,48,1049470,48,70,6,3,21,0,2,0,,,6.0,1,01,2850.0,0,24000,1,1,1,Writers and Authors
2023HU0593229,03,03308,48,1049470,23,20,1,5,19,0,2,2300,12,30,1.0,1,02,2700.0,2300,2300,2,1,9,Actors
2023HU0593901,01,03802,48,1049470,21,49,6,2,19,25000,1,0,35,52,1.0,1,02,2905.0,25000,25000,1,2,9,"Other Media and Communication Equipment Workers (broadcast/sound/AV/lighting techs, combined - PUMS does not separately identify 'sound engineering technician')"
2023HU0593901,02,03802,48,1049470,55,28,6,5,20,25000,1,0,25,52,1.0,1,02,2905.0,25000,25000,1,2,9,"Other Media and Communication Equipment Workers (broadcast/sound/AV/lighting techs, combined - PUMS does not separately identify 'sound engineering technician')"
2023HU0598032,01,04621,48,1049470,37,37,4,1,18,0,1,90000,40,52,1.0,1,02,2850.0,90000,90000,1,2,9,Writers and Authors
2023HU0598331,01,02307,48,1049470,12,39,2,1,19,10000,1,120000,50,52,1.0,2,01,2850.0,130000,130000,2,2,1,Writers and Authors
2023HU0598561,03,06803,48,1049470,10,31,3,5,22,150,2,43400,40,52,1.0,1,02,2634.0,43550,43550,1,2,8,Graphic Designers
2023HU0598970,01,00200,48,1049470,14,32,6,1,21,0,1,0,,,6.0,1,01,2910.0,0,10900,2,1,9,Photographers
2023HU0603186,02,03308,48,1049470,17,40,6,5,20,-7900,1,20000,60,48,1.0,2,02,2905.0,12100,12100,2,2,9,"Other Media and Communication Equipment Workers (broadcast/sound/AV/lighting techs, combined - PUMS does not separately identify 'sound engineering technician')"
2023HU0603256,01,05910,48,1049470,38,31,6,3,16,30000,2,0,25,30,1.0,2,01,2740.0,30000,30000,2,2,2,Dancers and Choreographers
2023HU0605057,01,03502,48,1049470,42,60,6,3,21,35000,1,0,50,52,1.0,1,01,2634.0,35000,35000,1,2,1,Graphic Designers
2023HU0606863,02,05301,48,1049470,15,48,1,5,20,0,1,60000,46,52,1.0,1,19,2634.0,60000,60000,1,2,9,Graphic Designers
2023HU0609173,01,03308,48,1049470,7,60,1,1,15,0,1,49000,32,50,1.0,2,02,2634.0,49000,49000,2,2,1,Graphic Designers
2023HU0609829,02,02307,48,1049470,16,32,6,1,21,11900,1,72000,60,52,1.0,1,01,2710.0,83900,83900,1,2,1,Producers and Directors
2023HU0610762,02,02315,48,1049470,22,28,2,5,21,5000,1,80000,40,52,1.0,1,01,2710.0,85000,85000,1,2,1,Producers and Directors
2023HU0610961,02,02504,48,1049470,19,35,1,1,21,0,2,78000,40,52,1.0,1,01,2634.0,78000,78000,1,2,6,Graphic Designers
2023HU0611190,01,05303,48,1049470,10,31,3,5,21,0,2,30000,20,52,1.0,1,01,2752.0,30000,40000,2,1,1,Musicians and Singers
2023HU0616138,01,02005,48,1049470,27,29,6,1,24,45000,1,0,30,48,1.0,1,01,2752.0,45000,45000,1,2,1,Musicians and Singers
2023HU0616230,01,02516,48,1049470,32,23,6,5,16,14100,2,0,15,40,6.0,1,01,2710.0,14100,14100,1,2,1,Producers and Directors
2023HU0618362,01,02309,48,1049470,18,64,7,1,21,0,2,15000,3,26,6.0,1,01,2700.0,15000,15000,1,2,1,Actors
2023HU0618362,02,02309,48,1049470,17,71,7,1,16,0,1,130000,10,52,1.0,1,01,2700.0,130000,130000,1,1,1,Actors
2023HU0618487,02,04701,48,1049470,6,17,2,5,14,0,2,4000,12,52,1.0,1,02,2910.0,4000,4000,1,2,6,Photographers
2023HU0618667,01,04637,48,1049470,26,49,6,5,17,9600,1,0,8,17,1.0,2,16,2752.0,9600,9600,2,2,9,Musicians and Singers
2023HU0620747,01,06805,48,1049470,27,70,1,3,01,0,2,32000,40,52,1.0,1,02,2634.0,32000,50000,2,1,9,Graphic Designers
2023HU0622431,02,01902,48,1049470,10,53,6,1,22,100000,2,0,50,52,1.0,1,01,2752.0,100000,100000,1,2,1,Musicians and Singers
2023HU0623285,02,05308,48,1049470,17,40,1,1,21,0,2,7500,10,21,3.0,1,01,2850.0,7500,7500,1,2,1,Writers and Authors
2023HU0623536,01,04614,48,1049470,31,45,1,5,16,0,2,42300,40,52,1.0,1,01,2910.0,42300,42300,1,2,1,Photographers
2023HU0626715,01,04616,48,1049470,12,87,1,1,21,0,1,6000,8,8,6.0,1,01,2700.0,6000,36000,2,1,1,Actors
2023HU0628721,03,05305,48,1049470,9,29,1,5,21,300,2,69000,50,52,1.0,1,01,2634.0,69300,69400,1,2,1,Graphic Designers
2023HU0629961,01,05308,48,1049470,4,40,1,1,21,0,2,0,,,6.0,1,01,2710.0,0,5000,1,2,1,Producers and Directors
2023HU0630200,02,05912,48,1049470,13,58,1,1,21,0,2,123000,45,52,1.0,1,01,2710.0,123000,123000,1,2,1,Producers and Directors
2023HU0632644,01,04702,48,1049470,14,62,1,3,19,0,1,5900,32,52,1.0,1,01,2634.0,5900,5900,1,2,1,Graphic Designers
2023HU0633943,01,02001,48,1049470,16,35,1,1,21,10000,1,78000,40,52,1.0,1,01,2634.0,88000,85300,1,2,1,Graphic Designers
2023HU0634203,03,06805,48,1049470,6,22,6,5,21,300,2,0,1,2,1.0,1,01,2634.0,300,300,1,2,6,Graphic Designers
2023HU0635181,02,05309,48,1049470,12,76,2,1,21,0,1,18000,10,40,1.0,1,01,2905.0,18000,500000,1,1,1,"Other Media and Communication Equipment Workers (broadcast/sound/AV/lighting techs, combined - PUMS does not separately identify 'sound engineering technician')"
2023HU0638501,01,05203,48,1049470,29,61,2,5,21,0,1,15000,10,52,1.0,1,01,2751.0,15000,69000,1,2,1,Music Directors and Composers
2023HU0639386,06,04000,48,1049470,6,74,1,1,22,0,1,7200,20,52,1.0,1,01,2850.0,7200,17200,2,1,1,Writers and Authors
2023HU0639916,01,05911,48,1049470,36,27,4,5,21,3000,2,30000,45,52,1.0,1,01,2905.0,33000,33000,1,2,1,"Other Media and Communication Equipment Workers (broadcast/sound/AV/lighting techs, combined - PUMS does not separately identify 'sound engineering technician')"
2023HU0639942,02,05307,48,1049470,11,32,1,5,21,0,2,85000,40,52,1.0,1,01,2710.0,85000,85000,1,2,1,Producers and Directors
2023HU0641416,01,04801,48,1049470,8,66,1,5,19,2000,1,14400,40,52,1.0,1,01,2634.0,16400,16400,2,1,1,Graphic Designers
2023HU0641950,02,07401,48,1049470,12,29,6,1,16,100,1,0,20,12,6.0,1,01,2710.0,100,100,1,2,1,Producers and Directors
2023HU0642246,02,04612,48,1049470,11,42,1,1,21,0,2,65000,40,52,1.0,1,23,2634.0,65000,65000,1,2,8,Graphic Designers
2023HU0642876,01,05301,48,1049470,79,29,1,1,21,0,1,0,,,6.0,2,04,2634.0,0,0,2,2,9,Graphic Designers
2023HU0644534,01,06701,48,1049470,32,44,4,1,21,0,1,41000,40,52,1.0,1,02,2710.0,41000,41000,1,2,9,Producers and Directors
2023HU0644725,02,01902,48,1049470,15,27,7,1,21,-7900,2,30000,40,52,1.0,1,01,2910.0,22100,22100,1,2,9,Photographers
2023HU0645435,02,06703,48,1049470,30,60,1,1,18,0,1,48000,41,52,1.0,1,01,2700.0,48000,48000,2,1,1,Actors
2023HU0645455,02,05402,48,1049470,11,25,6,5,21,12000,1,0,32,52,1.0,1,01,2850.0,12000,22000,1,2,1,Writers and Authors
2023HU0645551,01,02309,48,1049470,13,36,1,5,21,0,2,0,,,3.0,1,01,2850.0,0,10000,1,2,1,Writers and Authors
2023HU0645694,01,00900,48,1049470,11,64,2,1,19,-750,1,85000,50,52,1.0,1,01,2710.0,84250,84280,1,2,2,Producers and Directors
2023HU0646166,03,05700,48,1049470,22,21,1,5,16,0,1,5000,2,4,6.0,1,01,2710.0,5000,5000,1,2,1,Producers and Directors
2023HU0648867,01,04612,48,1049470,9,29,1,5,19,0,1,2000,20,20,3.0,2,08,2751.0,2000,2000,2,2,3,Music Directors and Composers
2023HU0648867,02,04612,48,1049470,10,29,2,5,19,0,1,5700,20,20,3.0,2,08,2751.0,5700,5700,2,2,3,Music Directors and Composers
2023HU0649375,01,03600,48,1049470,12,25,1,1,21,0,2,0,,,6.0,1,16,2634.0,0,0,2,1,9,Graphic Designers
2023HU0650418,02,05204,48,1049470,37,28,7,1,14,0,2,60000,25,30,2.0,1,01,2910.0,60000,60000,1,2,1,Photographers
2023HU0652277,02,02006,48,1049470,3,60,1,1,22,0,1,40000,30,26,6.0,2,01,2905.0,40000,40300,2,2,1,"Other Media and Communication Equipment Workers (broadcast/sound/AV/lighting techs, combined - PUMS does not separately identify 'sound engineering technician')"
2023HU0652852,01,00502,48,1049470,8,67,6,1,21,0,2,0,,,6.0,1,01,2850.0,0,45000,1,1,1,Writers and Authors
2023HU0653768,02,02516,48,1049470,18,42,6,1,19,800,2,0,8,4,6.0,1,01,2710.0,800,800,1,2,1,Producers and Directors
2023HU0655242,02,04627,48,1049470,10,45,6,1,20,70000,1,0,50,52,6.0,1,01,2905.0,70000,70000,1,2,1,"Other Media and Communication Equipment Workers (broadcast/sound/AV/lighting techs, combined - PUMS does not separately identify 'sound engineering technician')"
2023HU0656493,01,03400,48,1049470,1,62,1,3,18,0,2,42400,40,52,1.0,1,01,2634.0,42400,42400,2,1,1,Graphic Designers
2023HU0657618,01,02501,48,1049470,11,28,2,1,21,1000,1,50000,40,52,1.0,1,01,2710.0,51000,51000,1,2,1,Producers and Directors
2023HU0658211,02,05306,48,1049470,17,67,6,1,21,6500,1,6500,15,52,1.0,1,01,2752.0,13000,103000,2,1,1,Musicians and Singers
2023HU0659967,01,07300,48,1049470,3,72,2,1,19,0,1,0,,,6.0,1,01,2751.0,0,76500,1,1,1,Music Directors and Composers
2023HU0660037,01,04627,48,1049470,12,31,7,1,21,0,2,30000,30,52,1.0,1,01,2850.0,30000,30000,1,2,1,Writers and Authors
2023HU0666474,02,05302,48,1049470,16,61,1,3,22,0,1,30000,40,52,1.0,1,01,2752.0,30000,30000,1,2,1,Musicians and Singers
2023HU0667958,01,05204,48,1049470,34,36,1,1,21,0,1,100000,45,52,1.0,1,01,2634.0,100000,100000,1,2,1,Graphic Designers
2023HU0672097,02,00300,48,1049470,20,34,6,1,18,-1000,1,0,24,52,1.0,1,01,2850.0,-1000,-1000,1,2,1,Writers and Authors
2023HU0677062,02,05904,48,1049470,21,60,6,1,19,6000,1,20000,20,52,1.0,1,02,2752.0,26000,26000,1,2,9,Musicians and Singers
2023HU0678409,03,04627,48,1049470,48,31,1,5,21,0,2,0,,,3.0,2,02,2850.0,0,0,2,2,9,Writers and Authors
2023HU0679347,01,02305,48,1049470,7,87,1,3,22,0,1,0,,,6.0,1,01,2634.0,0,26860,1,1,1,Graphic Designers
2023HU0680191,02,04802,48,1049470,22,52,1,1,21,0,2,73000,40,52,1.0,1,01,2850.0,73000,73000,1,2,1,Writers and Authors
2023HU0683722,01,05309,48,1049470,27,30,2,1,21,0,2,80000,40,52,1.0,1,01,2634.0,80000,80000,1,2,1,Graphic Designers
2023HU0684643,02,02307,48,1049470,8,48,1,1,22,0,1,120000,40,52,1.0,1,01,2910.0,120000,120000,1,2,1,Photographers
2023HU0686100,01,04603,48,1049470,8,29,7,5,21,0,2,85000,40,52,1.0,1,01,2634.0,85000,85000,1,2,6,Graphic Designers
2023HU0686382,01,02006,48,1049470,8,34,6,1,21,40000,1,0,25,39,1.0,2,01,2905.0,40000,40000,2,2,1,"Other Media and Communication Equipment Workers (broadcast/sound/AV/lighting techs, combined - PUMS does not separately identify 'sound engineering technician')"
2023HU0686784,02,02303,48,1049470,9,70,2,1,19,0,2,5800,2,52,1.0,1,01,2752.0,5800,30700,2,1,1,Musicians and Singers
2023HU0687116,02,04636,48,1049470,10,40,1,1,21,0,2,3000,30,3,1.0,1,01,2710.0,3000,3000,1,2,1,Producers and Directors
2023HU0687336,01,02900,48,1049470,21,28,2,5,21,600,2,20000,30,52,1.0,2,01,2634.0,20600,20600,2,2,1,Graphic Designers
2023HU0687665,01,04622,48,1049470,22,50,1,1,19,0,1,44700,40,52,1.0,1,01,2634.0,44700,44700,1,2,2,Graphic Designers
2023HU0688167,02,05305,48,1049470,17,49,1,5,21,0,1,108000,40,45,3.0,2,15,2710.0,108000,108000,2,2,1,Producers and Directors
2023HU0688444,01,03801,48,1049470,12,69,6,1,19,10000,1,10000,20,40,1.0,1,01,2905.0,20000,43200,2,1,8,"Other Media and Communication Equipment Workers (broadcast/sound/AV/lighting techs, combined - PUMS does not separately identify 'sound engineering technician')"
2023HU0688607,01,07402,48,1049470,9,45,1,5,17,0,1,14000,40,45,3.0,1,01,2910.0,14000,14000,1,2,2,Photographers
2023HU0689559,02,01904,48,1049470,16,40,8,1,21,0,2,0,,,6.0,1,01,2634.0,0,0,1,2,9,Graphic Designers
2023HU0693210,01,02600,48,1049470,13,52,6,1,19,24000,1,0,35,40,1.0,2,01,2634.0,24000,24000,2,2,1,Graphic Designers
2023HU0695992,01,02002,48,1049470,10,43,1,5,21,0,2,30000,40,50,1.0,1,01,2710.0,30000,30000,1,2,1,Producers and Directors
2023HU0697362,02,01907,48,1049470,3,36,1,1,21,0,2,100000,40,52,1.0,1,01,2634.0,100000,100000,1,2,1,Graphic Designers
2023HU0697438,02,04636,48,1049470,46,68,1,1,19,0,2,42000,45,52,1.0,1,01,2850.0,42000,56000,2,1,1,Writers and Authors
2023HU0697553,02,05910,48,1049470,51,28,1,5,21,0,2,50000,40,52,1.0,1,02,2710.0,50000,50000,1,2,9,Producers and Directors
2023HU0697751,02,05909,48,1049470,54,31,1,5,18,0,1,1200,30,6,1.0,2,02,2634.0,1200,1200,2,2,9,Graphic Designers
2023HU0699166,02,04501,48,1049470,25,45,7,1,09,0,1,70000,40,52,1.0,2,02,2751.0,70000,70000,2,2,8,Music Directors and Composers
2023HU0699728,03,01903,48,1049470,23,27,1,5,21,0,2,45000,40,52,1.0,1,01,2634.0,45000,45000,1,2,1,Graphic Designers
2023HU0703204,01,02317,48,1049470,26,68,1,5,16,0,1,40000,50,52,1.0,1,01,2710.0,40000,52000,2,1,1,Producers and Directors
2023HU0703758,02,03400,48,1049470,2,75,2,1,20,0,2,5800,2,52,1.0,1,01,2752.0,5800,30700,1,1,1,Musicians and Singers
2023HU0703869,01,05305,48,1049470,8,61,6,1,22,70000,2,0,45,52,1.0,1,01,2850.0,70000,77900,1,2,1,Writers and Authors
2023HU0705336,02,04702,48,1049470,18,58,1,1,16,0,2,200,3,1,6.0,1,02,2910.0,200,200,1,2,9,Photographers
2023HU0706215,02,05308,48,1049470,3,50,2,5,19,0,1,103000,55,52,2.0,1,01,2905.0,103000,103000,1,2,3,"Other Media and Communication Equipment Workers (broadcast/sound/AV/lighting techs, combined - PUMS does not separately identify 'sound engineering technician')"
2023HU0707193,02,02311,48,1049470,38,26,1,5,20,0,1,39000,43,52,1.0,1,02,2634.0,39000,39000,1,2,1,Graphic Designers
2023HU0707276,02,02001,48,1049470,17,30,2,5,21,1600,1,48000,35,52,1.0,1,01,2710.0,49600,49600,1,2,1,Producers and Directors
2023HU0708349,02,04902,48,1049470,15,43,6,1,22,500,1,1000,30,2,2.0,1,01,2910.0,1500,1500,1,2,6,Photographers
2023HU0708970,02,04904,48,1049470,104,25,6,5,19,45000,1,0,80,52,1.0,1,01,2752.0,45000,45000,1,2,2,Musicians and Singers
2023HU0709191,01,02511,48,1049470,19,35,1,5,20,0,1,80000,40,52,1.0,1,01,2634.0,80000,80000,1,2,9,Graphic Designers
2023HU0711082,01,04702,48,1049470,12,34,4,5,22,0,2,80000,40,50,1.0,1,01,2710.0,80000,80000,1,2,1,Producers and Directors
2023HU0711282,01,04604,48,1049470,22,64,6,5,21,10000,2,0,35,20,1.0,2,01,2634.0,10000,10000,2,2,1,Graphic Designers
2023HU0711465,01,04902,48,1049470,56,59,2,1,19,0,1,72000,9,52,1.0,1,01,2634.0,72000,102000,1,2,1,Graphic Designers
2023HU0711857,02,06500,48,1049470,6,60,1,2,17,0,1,6000,40,17,3.0,2,01,2752.0,6000,6000,2,2,1,Musicians and Singers
2023HU0712511,03,03307,48,1049470,6,26,1,5,20,0,1,1200,6,52,1.0,2,02,2752.0,1200,1200,2,2,8,Musicians and Singers
2023HU0712601,02,02511,48,1049470,10,65,2,1,21,0,1,100000,40,52,1.0,1,01,2710.0,100000,100000,1,1,1,Producers and Directors
2023HU0712873,04,04903,48,1049470,18,16,1,5,13,0,1,7000,20,52,1.0,1,01,2740.0,7000,7000,1,2,1,Dancers and Choreographers
2023HU0715501,03,04502,48,1049470,29,36,1,5,19,0,1,125000,30,52,6.0,1,01,2910.0,125000,125000,1,2,1,Photographers
2023HU0716217,01,02512,48,1049470,64,21,1,1,16,0,2,1000,40,2,1.0,1,04,2740.0,1000,1000,2,1,1,Dancers and Choreographers
2023HU0716810,02,05308,48,1049470,20,47,6,1,21,0,2,0,,,6.0,1,01,2910.0,0,0,1,2,1,Photographers
2023HU0717018,01,02003,48,1049470,16,47,1,1,21,0,2,0,,,6.0,1,01,2634.0,0,0,1,2,1,Graphic Designers
2023HU0718489,02,04000,48,1049470,6,53,6,3,18,300,2,0,5,40,1.0,2,01,2910.0,300,8100,2,2,9,Photographers
2023HU0721499,02,03308,48,1049470,13,45,1,1,21,0,1,32000,40,52,1.0,2,02,2634.0,32000,32000,2,2,8,Graphic Designers
2023HU0722791,02,01502,48,1049470,10,61,2,1,21,0,2,3300,20,7,6.0,1,01,2710.0,3300,3300,1,2,1,Producers and Directors
2023HU0723697,01,07401,48,1049470,27,57,4,3,22,0,2,76000,40,52,1.0,1,02,2710.0,76000,76000,1,2,9,Producers and Directors
2023HU0723791,02,02003,48,1049470,13,42,6,1,21,30000,2,0,20,36,1.0,1,01,2910.0,30000,30000,1,2,1,Photographers
2023HU0727415,01,04400,48,1049470,10,24,1,5,19,0,2,30000,50,40,1.0,2,01,2910.0,30000,30000,2,2,1,Photographers
2023HU0729783,02,05306,48,1049470,45,59,1,5,16,0,1,0,,,3.0,2,01,2634.0,0,10000,2,2,1,Graphic Designers
2023HU0731375,02,04701,48,1049470,73,29,1,1,20,0,1,50000,50,52,1.0,1,01,2910.0,50000,50000,1,2,1,Photographers
2023HU0732006,02,02321,48,1049470,59,26,1,5,21,0,2,70000,40,52,1.0,1,01,2634.0,70000,70000,1,2,1,Graphic Designers
2023HU0732080,02,02314,48,1049470,51,38,1,1,19,0,2,120000,40,52,1.0,2,02,2850.0,120000,120000,2,2,2,Writers and Authors
2023HU0732866,01,05913,48,1049470,69,39,6,5,20,0,1,0,,,6.0,1,01,2850.0,0,19000,2,1,1,Writers and Authors
2023HU0733611,01,04612,48,1049470,10,52,6,3,15,200,1,0,20,12,3.0,1,24,2700.0,200,200,1,2,1,Actors
2023HU0736254,01,02513,48,1049470,7,37,2,1,22,0,1,7200,15,36,1.0,2,01,2905.0,7200,7200,2,2,6,"Other Media and Communication Equipment Workers (broadcast/sound/AV/lighting techs, combined - PUMS does not separately identify 'sound engineering technician')"
2023HU0736774,01,02310,48,1049470,11,74,6,1,16,30000,1,0,24,52,1.0,1,01,2752.0,30000,31400,2,1,6,Musicians and Singers
2023HU0736774,02,02310,48,1049470,9,68,6,5,20,8000,2,0,50,30,6.0,1,01,2634.0,8000,8000,2,1,6,Graphic Designers
2023HU0737117,02,03502,48,1049470,19,39,1,1,22,0,2,62000,40,52,1.0,1,01,2850.0,62000,62000,1,2,1,Writers and Authors
2023HU0738317,01,00502,48,1049470,26,36,6,1,22,19000,2,0,4,6,1.0,1,01,2910.0,19000,19000,1,2,1,Photographers
2023HU0739626,01,04604,48,1049470,5,39,1,1,21,0,2,115000,40,52,1.0,1,01,2634.0,115000,115000,1,2,1,Graphic Designers
2023HU0739739,01,04616,48,1049470,6,73,6,3,21,0,1,0,,,6.0,1,01,2850.0,0,10100,2,1,1,Writers and Authors
2023HU0740597,01,05307,48,1049470,14,45,2,3,21,200,1,75000,40,52,1.0,1,01,2710.0,75200,75200,1,2,1,Producers and Directors
2023HU0740698,01,04625,48,1049470,14,46,1,1,16,0,2,0,,,6.0,2,02,2740.0,0,0,2,2,9,Dancers and Choreographers
2023HU0743140,01,05401,48,1049470,16,61,7,3,21,0,1,26000,40,25,1.0,1,01,2910.0,26000,26000,1,2,1,Photographers
2023HU0743508,01,04501,48,1049470,7,72,1,1,19,0,1,10000,50,10,1.0,1,01,2905.0,10000,58000,1,1,1,"Other Media and Communication Equipment Workers (broadcast/sound/AV/lighting techs, combined - PUMS does not separately identify 'sound engineering technician')"
2023HU0743843,01,04621,48,1049470,10,54,1,1,21,0,1,120000,40,52,1.0,1,01,2905.0,120000,120000,1,2,1,"Other Media and Communication Equipment Workers (broadcast/sound/AV/lighting techs, combined - PUMS does not separately identify 'sound engineering technician')"
2023HU0745852,02,00900,48,1049470,3,49,1,1,21,0,2,60000,40,52,1.0,1,01,2850.0,60000,60000,1,2,1,Writers and Authors
2023HU0746394,01,02006,48,1049470,2,41,6,1,22,56000,2,0,40,52,1.0,1,01,2910.0,56000,56000,1,2,1,Photographers
2023HU0748200,01,02506,48,1049470,12,60,6,1,21,12000,2,16000,12,36,1.0,1,01,2752.0,28000,28000,1,1,1,Musicians and Singers
2023HU0748753,02,01905,48,1049470,133,37,7,5,20,0,1,0,,,6.0,2,01,2910.0,0,0,2,2,2,Photographers
2023HU0752727,01,05306,48,1049470,18,44,1,1,21,18000,2,84000,40,52,1.0,1,01,2634.0,102000,102000,1,2,1,Graphic Designers
2023HU0753564,02,02320,48,1049470,9,41,7,1,16,-7900,2,15000,50,52,1.0,2,02,2634.0,7100,7100,2,2,9,Graphic Designers
2023HU0754675,01,04907,48,1049470,11,38,1,5,19,0,1,90000,47,52,1.0,1,02,2710.0,90000,90000,1,2,1,Producers and Directors
2023HU0755128,01,04635,48,1049470,62,38,1,5,20,0,2,57000,60,52,1.0,1,01,2740.0,57000,57980,1,2,2,Dancers and Choreographers
2023HU0756959,02,06000,48,1049470,5,48,6,1,21,38400,2,0,40,52,1.0,1,01,2710.0,38400,114400,1,2,1,Producers and Directors
2023HU0758846,01,05304,48,1049470,80,59,3,3,19,0,1,90000,40,52,1.0,1,01,2710.0,90000,90000,1,2,2,Producers and Directors
2023HU0760545,01,05307,48,1049470,26,52,6,3,07,12000,1,12000,20,50,1.0,1,01,2752.0,24000,24000,1,2,1,Musicians and Singers
2023HU0761399,03,02511,48,1049470,11,27,1,1,21,0,1,20000,40,44,6.0,2,02,2634.0,20000,20000,2,2,8,Graphic Designers
2023HU0762021,02,05304,48,1049470,12,59,4,1,19,0,2,22100,20,52,1.0,1,01,2850.0,22100,22100,1,2,2,Writers and Authors
2023HU0762517,03,02001,48,1049470,14,31,1,5,21,0,1,5000,25,14,1.0,2,02,2910.0,5000,5000,2,2,9,Photographers
2023HU0762726,02,05307,48,1049470,18,49,4,5,21,0,1,54000,40,52,1.0,1,01,2634.0,54000,54000,1,2,1,Graphic Designers
2023HU0765423,01,04801,48,1049470,16,30,2,1,21,0,2,0,,,6.0,1,02,2634.0,0,0,1,2,9,Graphic Designers
2023HU0766004,02,02200,48,1049470,8,31,6,1,22,7200,2,0,20,35,1.0,1,01,2910.0,7200,7200,1,2,1,Photographers
2023HU0772246,01,01100,48,1049470,10,41,6,5,20,750,1,0,30,52,1.0,2,01,2850.0,750,750,2,2,2,Writers and Authors
2023HU0772689,01,05700,48,1049470,5,76,6,1,22,41800,1,0,5,52,1.0,1,01,2910.0,41800,65800,1,1,1,Photographers
2023HU0773537,01,05303,48,1049470,16,65,3,3,21,0,1,0,,,6.0,1,02,2850.0,0,15600,1,1,9,Writers and Authors
2023HU0775229,01,03700,48,1049470,4,36,1,4,20,0,1,37400,40,52,1.0,1,01,2710.0,37400,37400,1,2,1,Producers and Directors
2023HU0775997,01,02316,48,1049470,23,37,2,1,20,0,1,45000,44,52,1.0,1,01,2751.0,45000,45000,1,2,9,Music Directors and Composers
2023HU0776048,01,00800,48,1049470,4,64,1,1,21,0,2,137000,32,52,1.0,1,01,2700.0,137000,137000,1,2,1,Actors
2023HU0776177,02,02200,48,1049470,18,51,4,1,21,0,2,43000,40,52,1.0,1,01,2634.0,43000,43000,1,2,1,Graphic Designers
2023HU0776878,03,04640,48,1049470,17,25,6,5,21,15000,1,0,2,52,1.0,2,01,2752.0,15000,15000,2,2,1,Musicians and Singers
2023HU0777145,01,02502,48,1049470,10,31,1,1,16,0,2,32000,40,50,1.0,2,02,2910.0,32000,32000,2,2,8,Photographers
2023HU0779733,01,06000,48,1049470,18,32,2,1,21,0,1,36000,50,52,1.0,1,01,2751.0,36000,36000,1,2,1,Music Directors and Composers
2023HU0780041,01,06500,48,1049470,12,38,6,5,19,37000,2,0,20,45,1.0,2,01,2850.0,37000,37010,2,2,1,Writers and Authors
2023HU0780341,02,05304,48,1049470,26,31,6,1,21,0,2,0,,,6.0,1,02,2910.0,0,0,1,2,8,Photographers
2023HU0784223,01,05916,48,1049470,19,42,1,3,21,0,2,56000,40,52,1.0,1,01,2634.0,56000,56000,1,2,1,Graphic Designers
2023HU0785591,03,05203,48,1049470,19,28,1,5,18,0,2,0,,,6.0,1,01,2910.0,0,0,1,2,1,Photographers
2023HU0788984,01,04611,48,1049470,119,30,1,5,21,0,1,50000,40,52,1.0,1,01,2740.0,50000,50000,1,2,1,Dancers and Choreographers
2023HU0789973,01,00600,48,1049470,4,24,2,5,21,13000,2,27000,20,52,1.0,1,01,2752.0,40000,40000,1,2,1,Musicians and Singers
2023HU0790056,01,04400,48,1049470,19,67,6,1,19,27000,1,0,50,52,1.0,1,01,2910.0,27000,27000,1,1,2,Photographers
2023HU0791846,02,02511,48,1049470,11,52,1,1,19,0,2,15000,20,20,6.0,1,01,2634.0,15000,15000,1,2,1,Graphic Designers
2023HU0792049,02,04603,48,1049470,10,70,6,1,21,25000,1,0,10,4,6.0,1,01,2634.0,25000,46500,2,1,1,Graphic Designers
2023HU0793925,01,02102,48,1049470,20,39,2,1,21,0,2,2000,3,9,6.0,1,01,2850.0,2000,2000,2,1,2,Writers and Authors
2023HU0795746,02,02507,48,1049470,36,42,6,1,21,0,2,0,,,6.0,1,01,2850.0,0,0,1,2,1,Writers and Authors
2023HU0800378,02,05304,48,1049470,23,33,6,1,22,45000,1,0,40,52,1.0,1,02,2634.0,45000,45000,1,2,1,Graphic Designers
2023HU0801114,02,02511,48,1049470,12,33,1,1,21,0,2,51000,40,52,1.0,1,01,2634.0,51000,51000,1,2,6,Graphic Designers
2023HU0801745,03,02400,48,1049470,18,20,1,5,19,0,1,12000,20,52,1.0,1,01,2634.0,12000,12000,1,2,1,Graphic Designers
2023HU0803201,01,01400,48,1049470,55,33,1,3,01,0,2,80000,20,52,1.0,1,01,2910.0,80000,80000,1,2,1,Photographers
2023HU0803601,01,02006,48,1049470,21,88,2,2,19,0,2,0,,,6.0,1,01,2752.0,0,47420,1,1,1,Musicians and Singers
2023HU0805454,01,04601,48,1049470,23,32,6,5,21,78000,2,0,40,52,1.0,1,01,2910.0,78000,78000,1,2,1,Photographers
2023HU0805614,01,04638,48,1049470,24,44,1,3,21,0,1,48000,45,52,1.0,1,01,2634.0,48000,48000,1,2,2,Graphic Designers
2023HU0806116,02,04605,48,1049470,26,34,1,1,16,0,1,55000,50,52,1.0,1,24,2752.0,55000,55000,2,1,9,Musicians and Singers
2023HU0806159,03,02700,48,1049470,18,23,6,5,16,5000,1,0,8,3,3.0,2,01,2910.0,5000,5000,2,2,1,Photographers
2023HU0806760,03,05905,48,1049470,58,19,6,5,16,0,1,0,,,6.0,2,02,2752.0,0,0,2,2,9,Musicians and Singers
2023HU0806919,01,04907,48,1049470,15,42,1,5,22,0,1,200000,40,52,1.0,1,01,2910.0,200000,200000,1,2,2,Photographers
2023HU0806962,01,04629,48,1049470,63,59,1,1,23,0,1,87000,40,52,1.0,1,01,2634.0,87000,87000,1,2,1,Graphic Designers
2023HU0808826,02,07401,48,1049470,18,21,6,5,16,1000,1,0,5,2,6.0,1,01,2910.0,1000,1000,1,2,1,Photographers
2023HU0809219,01,05309,48,1049470,27,53,7,5,19,0,1,100000,60,6,6.0,1,01,2700.0,100000,100000,1,2,1,Actors
2023HU0809416,01,05912,48,1049470,15,74,6,3,24,-210,2,0,10,52,1.0,1,01,2850.0,-210,21340,1,1,1,Writers and Authors
2023HU0810369,01,02514,48,1049470,8,88,1,1,23,0,1,19400,10,43,1.0,1,01,2700.0,19400,154800,1,1,1,Actors
2023HU0811462,02,02101,48,1049470,10,63,4,1,16,0,1,54000,50,52,1.0,1,01,2905.0,54000,54000,1,2,1,"Other Media and Communication Equipment Workers (broadcast/sound/AV/lighting techs, combined - PUMS does not separately identify 'sound engineering technician')"
2023HU0811592,01,07401,48,1049470,9,74,5,3,20,0,2,15800,23,52,1.0,1,01,2910.0,15800,23000,1,1,2,Photographers
2023HU0814688,17,01501,48,1049470,17,23,2,5,16,0,1,0,,,6.0,2,01,2710.0,0,0,2,2,8,Producers and Directors
2023HU0814865,02,00900,48,1049470,13,53,6,1,21,170000,1,0,40,48,1.0,2,01,2634.0,170000,170000,2,2,1,Graphic Designers
2023HU0815608,02,04640,48,1049470,20,38,2,1,22,0,2,140000,70,52,1.0,1,01,2710.0,140000,140000,1,2,9,Producers and Directors
2023HU0817905,01,02101,48,1049470,1,50,6,3,21,40000,2,0,25,45,1.0,2,01,2910.0,40000,62800,2,2,9,Photographers
2023HU0818387,01,02515,48,1049470,19,30,2,5,24,0,1,37000,40,40,1.0,1,01,2751.0,37000,37000,1,2,6,Music Directors and Composers
2023HU0819718,02,02005,48,1049470,13,28,1,1,21,0,2,16000,20,42,6.0,1,01,2850.0,16000,16000,2,1,1,Writers and Authors
2023HU0821657,01,04604,48,1049470,9,36,1,5,21,0,2,26600,40,32,1.0,2,02,2850.0,26600,26690,2,2,1,Writers and Authors
2023HU0823003,02,02303,48,1049470,11,32,1,5,16,3000,1,9000,60,52,1.0,2,01,2910.0,12000,12000,2,2,1,Photographers
2023HU0828015,01,04604,48,1049470,20,66,2,5,21,0,1,23000,25,52,1.0,1,01,2752.0,23000,23000,1,2,1,Musicians and Singers
2023HU0828604,02,02322,48,1049470,21,35,1,1,21,600,2,56000,40,52,1.0,1,01,2634.0,56600,56600,1,2,9,Graphic Designers
2023HU0829140,01,04628,48,1049470,11,36,6,5,16,40000,1,0,30,52,1.0,2,02,2710.0,40000,40000,2,2,3,Producers and Directors
2023HU0830032,02,04502,48,1049470,13,39,6,1,21,5000,2,0,40,52,1.0,1,01,2850.0,5000,5000,1,2,1,Writers and Authors
2023HU0830259,01,02101,48,1049470,7,71,1,3,19,0,1,0,,,6.0,1,01,2634.0,0,35400,2,1,1,Graphic Designers
2023HU0830988,01,05100,48,1049470,10,29,1,1,21,0,2,26800,25,52,1.0,1,01,2850.0,26800,26800,1,2,9,Writers and Authors
2023HU0832814,02,05202,48,1049470,12,56,2,1,24,12500,2,20000,15,25,1.0,1,01,2752.0,32500,32500,1,2,1,Musicians and Singers
2023HU0832818,02,05913,48,1049470,10,31,1,1,21,0,1,60000,50,52,1.0,1,01,2710.0,60000,60000,1,2,1,Producers and Directors
2023HU0832919,01,02504,48,1049470,27,61,1,1,19,0,1,0,,,3.0,1,01,2634.0,0,0,1,2,1,Graphic Designers
2023HU0835562,01,04616,48,1049470,28,70,6,1,21,800,1,0,2,20,6.0,1,01,2752.0,800,18800,2,1,2,Musicians and Singers
2023HU0836027,02,05902,48,1049470,12,64,6,3,21,0,1,0,,,6.0,1,02,2850.0,0,18300,2,1,1,Writers and Authors
2023HU0837824,01,06000,48,1049470,21,63,2,1,20,0,1,103000,40,52,1.0,1,01,2710.0,103000,105200,1,2,1,Producers and Directors
2023HU0845567,02,02309,48,1049470,9,40,2,1,21,0,2,0,,,6.0,1,01,2850.0,0,0,1,2,1,Writers and Authors
2023HU0845773,02,04616,48,1049470,31,42,6,1,22,20000,2,40000,30,52,1.0,1,01,2752.0,60000,60000,1,2,1,Musicians and Singers
2023HU0846746,03,04634,48,1049470,8,23,1,5,21,0,2,22000,28,52,1.0,1,01,2634.0,22000,22000,1,2,9,Graphic Designers
2023HU0847070,02,01908,48,1049470,19,31,6,1,21,10000,2,0,50,20,6.0,1,01,2634.0,10000,10000,1,2,6,Graphic Designers
2023HU0847316,01,07500,48,1049470,13,78,3,1,21,0,1,0,,,6.0,1,02,2850.0,0,38400,2,1,9,Writers and Authors
2023HU0848652,01,05306,48,1049470,15,27,6,1,21,80000,2,0,50,52,1.0,1,01,2850.0,80000,80000,1,2,1,Writers and Authors
2023HU0849488,02,05204,48,1049470,12,60,4,1,20,0,2,75000,40,52,1.0,1,01,2850.0,75000,75000,1,2,1,Writers and Authors
2023HU0853226,01,04802,48,1049470,15,44,1,5,22,0,1,34300,40,52,1.0,1,01,2634.0,34300,36200,1,2,1,Graphic Designers
2023HU0858390,02,05302,48,1049470,17,30,1,1,18,0,2,36000,24,52,1.0,1,04,2740.0,36000,36000,1,2,9,Dancers and Choreographers
2023HU0859466,01,00700,48,1049470,40,56,2,5,21,0,2,3000,2,52,1.0,1,01,2752.0,3000,22200,2,1,1,Musicians and Singers
2023HU0860620,02,02322,48,1049470,19,23,1,5,19,0,1,10000,15,52,1.0,1,01,2752.0,10000,10000,1,2,1,Musicians and Singers
2023HU0860701,04,05914,48,1049470,62,23,1,5,16,0,1,28000,75,52,1.0,1,02,2905.0,28000,28000,1,2,9,"Other Media and Communication Equipment Workers (broadcast/sound/AV/lighting techs, combined - PUMS does not separately identify 'sound engineering technician')"
2023HU0863349,01,02309,48,1049470,20,68,2,5,21,0,2,105000,50,52,1.0,1,01,2751.0,105000,105370,1,1,1,Music Directors and Composers
2023HU0863776,04,02317,48,1049470,33,18,2,5,14,0,1,9000,5,52,1.0,1,01,2752.0,9000,9000,1,2,2,Musicians and Singers
2023HU0864302,01,02321,48,1049470,11,44,1,1,21,0,1,70000,45,52,1.0,1,01,2710.0,70000,70000,1,2,1,Producers and Directors
2023HU0864359,01,04613,48,1049470,23,54,1,5,21,0,1,55000,40,52,1.0,1,01,2850.0,55000,71000,1,2,2,Writers and Authors
2023HU0864989,01,05203,48,1049470,13,40,1,1,21,5000,1,94000,40,52,1.0,1,01,2634.0,99000,99000,1,2,1,Graphic Designers
2023HU0866031,02,05308,48,1049470,6,76,6,1,19,0,1,0,,,6.0,1,01,2752.0,0,7200,1,1,9,Musicians and Singers
2023HU0866526,03,02005,48,1049470,36,26,1,5,21,0,1,60000,50,52,1.0,1,01,2710.0,60000,60000,1,2,1,Producers and Directors
2023HU0867272,03,04637,48,1049470,16,60,1,5,22,0,1,30000,40,52,1.0,1,01,2752.0,30000,30000,1,2,1,Musicians and Singers
2023HU0867428,05,02322,48,1049470,48,47,1,5,13,0,1,40000,40,52,1.0,2,02,2910.0,40000,40000,2,2,9,Photographers
2023HU0869642,01,04701,48,1049470,9,54,2,1,14,0,1,10000,40,26,6.0,1,01,2905.0,10000,10000,1,2,2,"Other Media and Communication Equipment Workers (broadcast/sound/AV/lighting techs, combined - PUMS does not separately identify 'sound engineering technician')"
2023HU0869730,01,06805,48,1049470,12,55,4,1,21,0,1,73000,45,52,1.0,1,02,2710.0,73000,73000,1,2,1,Producers and Directors
2023HU0869842,02,04504,48,1049470,24,29,2,1,16,0,1,6000,4,40,1.0,1,01,2905.0,6000,6000,1,2,1,"Other Media and Communication Equipment Workers (broadcast/sound/AV/lighting techs, combined - PUMS does not separately identify 'sound engineering technician')"
2023HU0871794,02,06000,48,1049470,5,72,2,1,22,0,1,7800,4,45,1.0,1,01,2905.0,7800,25800,2,1,1,"Other Media and Communication Equipment Workers (broadcast/sound/AV/lighting techs, combined - PUMS does not separately identify 'sound engineering technician')"
2023HU0873794,02,02200,48,1049470,27,44,7,1,22,0,1,275000,90,52,1.0,2,01,2752.0,275000,677000,2,2,1,Musicians and Singers
2023HU0874490,02,02320,48,1049470,10,40,7,1,18,0,2,35000,40,40,1.0,1,02,2634.0,35000,35000,1,2,8,Graphic Designers
2023HU0875322,01,04702,48,1049470,54,30,1,1,20,0,2,6000,10,52,1.0,1,01,2634.0,6000,6000,1,2,1,Graphic Designers
2023HU0876689,01,05911,48,1049470,14,64,2,3,19,0,1,50000,40,52,1.0,1,02,2710.0,50000,50000,1,2,9,Producers and Directors
2023HU0877416,05,07500,48,1049470,10,32,6,1,19,25000,1,0,25,52,1.0,1,02,2905.0,25000,25000,1,2,9,"Other Media and Communication Equipment Workers (broadcast/sound/AV/lighting techs, combined - PUMS does not separately identify 'sound engineering technician')"
2023HU0878238,01,05911,48,1049470,22,40,7,5,21,2000,1,16000,60,40,1.0,1,01,2910.0,18000,26000,1,2,1,Photographers
2023HU0879723,03,04628,48,1049470,26,19,6,5,16,1400,1,0,5,4,6.0,1,02,2752.0,1400,1400,1,2,1,Musicians and Singers
2023HU0880136,01,02400,48,1049470,19,25,1,1,21,0,2,4400,30,16,3.0,1,01,2634.0,4400,4400,1,2,1,Graphic Designers
2023HU0880414,02,02003,48,1049470,11,22,1,5,21,0,1,5000,10,52,1.0,1,01,2850.0,5000,5000,1,2,1,Writers and Authors
2023HU0885188,02,00400,48,1049470,12,41,4,1,22,0,2,49900,40,52,1.0,1,01,2850.0,49900,49900,1,2,1,Writers and Authors
2023HU0887414,01,06805,48,1049470,13,46,6,1,21,65000,1,0,20,52,2.0,1,02,2910.0,65000,66000,1,2,9,Photographers
2023HU0887985,01,05306,48,1049470,22,31,1,5,21,0,1,0,,,3.0,2,02,2634.0,0,1100,2,2,9,Graphic Designers
2023HU0888954,02,02005,48,1049470,13,52,7,1,19,18000,1,35000,25,48,1.0,1,01,2905.0,53000,56200,1,2,1,"Other Media and Communication Equipment Workers (broadcast/sound/AV/lighting techs, combined - PUMS does not separately identify 'sound engineering technician')"
2023HU0889992,02,00100,48,1049470,11,23,2,1,21,10000,2,24000,50,52,1.0,1,01,2850.0,34000,34000,1,2,1,Writers and Authors
2023HU0895182,01,04502,48,1049470,7,30,2,5,21,0,2,10000,20,30,1.0,1,01,2751.0,10000,22000,1,2,1,Music Directors and Composers
2023HU0896334,02,04613,48,1049470,23,41,1,3,21,4000,2,40000,40,52,1.0,2,01,2850.0,44000,44000,2,2,1,Writers and Authors
2023HU0897148,02,07200,48,1049470,3,50,1,1,21,0,1,80000,40,52,1.0,1,01,2710.0,80000,80000,1,2,1,Producers and Directors
2023HU0897678,02,05304,48,1049470,6,26,6,5,21,50000,1,0,40,52,1.0,1,02,2905.0,50000,50000,2,1,9,"Other Media and Communication Equipment Workers (broadcast/sound/AV/lighting techs, combined - PUMS does not separately identify 'sound engineering technician')"
2023HU0897828,01,02006,48,1049470,20,35,1,1,22,0,1,100000,40,45,1.0,1,01,2850.0,100000,100000,1,2,1,Writers and Authors
2023HU0899569,01,04616,48,1049470,15,51,4,1,22,0,2,69000,40,52,1.0,1,01,2710.0,69000,69000,1,2,1,Producers and Directors
2023HU0901662,02,05916,48,1049470,19,39,1,1,21,0,2,60000,45,52,1.0,1,02,2710.0,60000,60000,1,2,9,Producers and Directors
2023HU0902668,02,00700,48,1049470,13,87,2,1,19,0,1,2700,3,14,6.0,1,01,2905.0,2700,24300,1,1,1,"Other Media and Communication Equipment Workers (broadcast/sound/AV/lighting techs, combined - PUMS does not separately identify 'sound engineering technician')"
2023HU0902784,01,02510,48,1049470,3,61,1,1,21,0,1,8000,20,32,1.0,1,01,2634.0,8000,47600,1,2,1,Graphic Designers
2023HU0904410,01,02515,48,1049470,17,26,2,5,21,500,1,41000,60,52,1.0,1,01,2634.0,41500,41500,1,2,1,Graphic Designers
2023HU0905460,03,01501,48,1049470,34,21,6,5,19,1000,2,0,4,52,2.0,1,01,2850.0,1000,1030,2,1,9,Writers and Authors
2023HU0905868,02,02006,48,1049470,4,47,2,1,19,0,1,56000,50,52,1.0,2,01,2751.0,56000,56000,2,2,1,Music Directors and Composers
2023HU0906139,01,05303,48,1049470,24,25,6,5,21,-7900,1,0,15,24,1.0,2,01,2710.0,-7900,-7900,2,2,6,Producers and Directors
2023HU0907611,03,06703,48,1049470,31,25,6,5,16,4000,1,0,3,20,3.0,1,02,2752.0,4000,4000,1,2,9,Musicians and Singers
2023HU0908269,02,01700,48,1049470,8,56,2,1,21,0,1,0,,,6.0,1,01,2751.0,0,16800,2,1,1,Music Directors and Composers
2023HU0908978,02,05303,48,1049470,16,34,6,1,21,8000,2,0,5,10,1.0,1,04,2910.0,8000,8000,1,2,9,Photographers
2023HU0910535,02,04904,48,1049470,11,50,7,1,21,0,2,3000,40,4,2.0,1,01,2910.0,3000,3000,1,2,6,Photographers
2023HU0914112,03,01905,48,1049470,30,25,1,5,16,0,2,10800,20,45,1.0,1,01,2850.0,10800,10800,1,2,1,Writers and Authors
2023HU0915194,02,04611,48,1049470,9,45,1,1,20,0,2,5000,30,52,1.0,1,01,2850.0,5000,5000,1,2,1,Writers and Authors
2023HU0917779,01,02312,48,1049470,58,49,6,1,21,175000,1,0,40,52,1.0,1,01,2910.0,175000,175000,1,2,1,Photographers
2023HU0920385,02,02005,48,1049470,9,61,1,1,20,0,1,157000,50,52,1.0,1,01,2710.0,157000,157000,1,2,1,Producers and Directors
2023HU0924184,01,03306,48,1049470,9,23,5,5,21,0,2,6000,30,52,1.0,1,02,2634.0,6000,6000,1,2,9,Graphic Designers
2023HU0927853,04,04630,48,1049470,9,28,2,5,21,0,1,57000,40,52,1.0,1,01,2905.0,57000,57000,1,2,1,"Other Media and Communication Equipment Workers (broadcast/sound/AV/lighting techs, combined - PUMS does not separately identify 'sound engineering technician')"
2023HU0929174,02,04613,48,1049470,46,44,1,1,21,0,2,65000,40,52,1.0,1,02,2634.0,65000,65000,1,2,8,Graphic Designers
2023HU0929718,01,02503,48,1049470,32,28,1,1,16,0,2,0,,,6.0,2,04,2740.0,0,0,2,2,9,Dancers and Choreographers
2023HU0934654,01,03306,48,1049470,9,80,1,1,21,0,1,0,,,6.0,1,02,2710.0,0,27600,1,1,1,Producers and Directors
2023HU0934735,02,05308,48,1049470,69,34,7,3,19,0,1,250000,65,52,1.0,1,01,2905.0,250000,250000,1,2,1,"Other Media and Communication Equipment Workers (broadcast/sound/AV/lighting techs, combined - PUMS does not separately identify 'sound engineering technician')"
2023HU0935154,01,06702,48,1049470,28,38,1,5,20,0,2,40100,40,52,1.0,1,02,2634.0,40100,40100,1,2,1,Graphic Designers
2023HU0935580,02,04640,48,1049470,20,43,6,1,20,15000,2,0,20,52,1.0,1,01,2910.0,15000,15000,1,2,1,Photographers
2023HU0936075,03,01904,48,1049470,12,17,2,5,14,0,2,4000,12,52,1.0,1,01,2910.0,4000,4000,1,2,6,Photographers
2023HU0939937,02,05911,48,1049470,16,50,6,1,23,85000,2,0,30,52,1.0,1,01,2850.0,85000,85000,1,2,1,Writers and Authors
2023HU0940468,01,05308,48,1049470,9,60,1,1,21,0,1,574000,40,52,1.0,1,01,2850.0,574000,976100,1,2,1,Writers and Authors
2023HU0940468,03,05308,48,1049470,6,25,6,5,16,15000,1,70000,30,52,1.0,1,01,2850.0,85000,85000,1,2,1,Writers and Authors
2023HU0943662,01,02313,48,1049470,10,28,6,1,21,22000,2,25000,32,41,1.0,1,01,2740.0,47000,47000,1,2,6,Dancers and Choreographers
2023HU0947680,02,02200,48,1049470,16,33,1,1,21,1500,2,25000,25,52,1.0,1,01,2634.0,26500,26500,1,2,1,Graphic Designers
2023HU0947880,01,02511,48,1049470,11,46,6,1,22,1000,1,0,80,52,1.0,1,01,2700.0,1000,1000,1,2,2,Actors
2023HU0948027,01,02101,48,1049470,57,30,6,1,19,70000,2,0,60,52,1.0,2,01,2910.0,70000,70000,2,2,1,Photographers
2023HU0948174,01,05306,48,1049470,18,72,6,3,21,0,2,0,,,6.0,1,01,2850.0,0,54200,1,1,1,Writers and Authors
2023HU0949579,02,05302,48,1049470,6,34,1,1,22,0,1,70000,40,52,1.0,1,01,2850.0,70000,70000,1,2,1,Writers and Authors
2023HU0955439,01,02507,48,1049470,11,51,6,5,20,45000,1,0,50,52,1.0,1,01,2905.0,45000,45000,1,2,1,"Other Media and Communication Equipment Workers (broadcast/sound/AV/lighting techs, combined - PUMS does not separately identify 'sound engineering technician')"
2023HU0955624,01,02306,48,1049470,25,46,1,1,21,5000,1,61000,40,52,1.0,1,01,2634.0,66000,66000,1,2,1,Graphic Designers
2023HU0959284,02,06701,48,1049470,11,40,6,1,16,32900,2,0,25,52,1.0,1,07,2910.0,32900,32900,2,1,8,Photographers
2023HU0963340,01,05915,48,1049470,10,75,6,1,22,2000,2,0,20,7,3.0,1,01,2700.0,2000,29100,1,1,8,Actors
2023HU0963542,01,05402,48,1049470,19,41,6,1,21,57000,2,0,16,52,1.0,1,01,2634.0,57000,62600,1,2,1,Graphic Designers
2023HU0965354,01,04635,48,1049470,7,40,1,1,21,0,2,10000,6,20,1.0,1,01,2710.0,10000,10000,1,2,1,Producers and Directors
2023HU0965617,01,05303,48,1049470,17,43,1,1,21,0,2,191000,50,52,1.0,1,01,2710.0,191000,191000,1,2,1,Producers and Directors
2023HU0966926,01,07200,48,1049470,53,65,1,2,21,0,1,18000,10,40,6.0,1,01,2850.0,18000,19500,2,1,2,Writers and Authors
2023HU0967031,01,05302,48,1049470,20,40,7,1,21,0,2,0,,,6.0,1,01,2910.0,0,0,1,2,1,Photographers
2023HU0968162,01,02101,48,1049470,17,65,1,1,15,0,1,38600,30,40,1.0,1,02,2752.0,38600,38600,1,2,9,Musicians and Singers
2023HU0972294,01,05909,48,1049470,41,56,1,1,21,500,1,10000,40,52,1.0,1,02,2905.0,10500,32100,1,1,1,"Other Media and Communication Equipment Workers (broadcast/sound/AV/lighting techs, combined - PUMS does not separately identify 'sound engineering technician')"
2023HU0972372,02,01901,48,1049470,16,29,1,5,19,0,1,50000,50,52,1.0,1,01,2850.0,50000,50000,1,2,6,Writers and Authors
2023HU0973492,02,02313,48,1049470,30,24,1,5,21,0,1,60000,40,52,1.0,1,02,2850.0,60000,60000,1,2,9,Writers and Authors
2023HU0973994,02,02312,48,1049470,21,25,1,5,21,0,1,55000,50,52,1.0,1,01,2700.0,55000,55000,1,2,1,Actors
2023HU0974388,02,02313,48,1049470,10,51,7,1,22,0,2,12000,40,52,1.0,1,01,2910.0,12000,12000,1,2,1,Photographers
2023HU0974788,02,01901,48,1049470,15,57,1,5,21,0,1,65000,45,52,1.0,1,01,2634.0,65000,65000,1,2,2,Graphic Designers
2023HU0975133,02,04801,48,1049470,18,38,1,1,21,3000,1,45000,50,49,1.0,1,01,2634.0,48000,48000,1,2,1,Graphic Designers
2023HU0976119,05,06703,48,1049470,30,31,1,5,01,0,1,32000,40,52,1.0,1,02,2910.0,32000,32000,1,2,1,Photographers
2023HU0979129,01,02502,48,1049470,12,37,2,5,21,0,1,118000,40,52,1.0,1,01,2905.0,118000,118000,1,2,1,"Other Media and Communication Equipment Workers (broadcast/sound/AV/lighting techs, combined - PUMS does not separately identify 'sound engineering technician')"
2023HU0980252,01,05309,48,1049470,18,39,2,1,16,0,2,12000,15,52,1.0,1,01,2751.0,12000,12000,1,2,1,Music Directors and Composers
2023HU0980640,01,02311,48,1049470,11,39,6,1,20,80000,1,0,60,30,1.0,1,01,2910.0,80000,80000,1,2,1,Photographers
2023HU0981923,02,04612,48,1049470,27,38,6,1,18,40000,2,0,40,52,1.0,1,01,2910.0,40000,40000,1,2,1,Photographers
2023HU0982009,03,05309,48,1049470,27,32,6,1,19,10000,2,0,20,10,6.0,1,23,2710.0,10000,10000,1,2,9,Producers and Directors
2023HU0982307,01,05907,48,1049470,26,60,5,1,01,0,1,0,,,6.0,2,01,2905.0,0,0,2,2,6,"Other Media and Communication Equipment Workers (broadcast/sound/AV/lighting techs, combined - PUMS does not separately identify 'sound engineering technician')"
2023HU0983787,02,05915,48,1049470,9,72,2,1,22,0,2,5000,15,40,1.0,1,02,2752.0,5000,48200,1,1,9,Musicians and Singers
2023HU0984240,01,02316,48,1049470,10,42,6,1,19,80000,1,0,60,30,1.0,1,01,2910.0,80000,80000,1,2,1,Photographers
2023HU0988415,02,02301,48,1049470,13,30,1,5,16,3000,1,9000,60,52,1.0,2,01,2910.0,12000,12000,2,2,1,Photographers
2023HU0991389,01,05901,48,1049470,10,44,6,5,22,500,1,1000,30,2,2.0,1,01,2910.0,1500,1500,1,1,6,Photographers
2023HU0992251,01,02501,48,1049470,19,60,1,1,21,0,1,110000,40,52,1.0,1,01,2710.0,110000,116000,1,2,1,Producers and Directors
2023HU0993729,01,04602,48,1049470,15,39,2,5,21,0,2,68000,40,52,1.0,1,01,2710.0,68000,68000,1,2,1,Producers and Directors
2023HU0994026,02,04801,48,1049470,26,58,1,1,17,0,2,32000,40,52,1.0,1,01,2634.0,32000,32000,1,2,6,Graphic Designers
2023HU0994278,02,06803,48,1049470,30,49,1,1,20,0,1,41000,40,52,1.0,1,02,2710.0,41000,41000,1,2,9,Producers and Directors
2023HU0995606,03,03308,48,1049470,52,23,1,5,19,0,2,10000,25,52,1.0,1,02,2700.0,10000,10000,2,1,8,Actors
2023HU0996717,01,01901,48,1049470,18,53,1,1,23,0,1,70000,50,52,1.0,1,01,2905.0,70000,70000,1,2,6,"Other Media and Communication Equipment Workers (broadcast/sound/AV/lighting techs, combined - PUMS does not separately identify 'sound engineering technician')"
2023HU0997735,02,02311,48,1049470,10,62,6,1,19,12000,2,0,45,12,3.0,1,01,2634.0,12000,13900,1,2,1,Graphic Designers
2023HU0998236,03,05402,48,1049470,20,28,1,5,18,8000,1,10000,50,52,1.0,1,01,2905.0,18000,18000,1,2,1,"Other Media and Communication Equipment Workers (broadcast/sound/AV/lighting techs, combined - PUMS does not separately identify 'sound engineering technician')"
2023HU0998589,02,03900,48,1049470,3,62,6,1,14,10000,2,0,30,30,6.0,1,01,2910.0,10000,16000,2,1,1,Photographers
2023HU0999209,04,07500,48,1049470,3,57,1,5,06,0,2,50000,45,52,1.0,1,02,2850.0,50000,50000,1,2,9,Writers and Authors
2023HU0999216,02,05307,48,1049470,11,32,7,1,21,0,2,80000,40,52,1.0,1,01,2634.0,80000,80000,1,2,1,Graphic Designers
2023HU0999784,01,01907,48,1049470,3,45,1,1,19,0,1,195000,50,52,1.0,1,01,2710.0,195000,195000,1,2,1,Producers and Directors
2023HU1002615,03,05905,48,1049470,12,19,6,5,16,1300,1,0,6,15,1.0,1,02,2752.0,1300,1300,2,1,9,Musicians and Singers
2023HU1002809,02,05202,48,1049470,46,22,1,5,16,0,1,28000,40,52,1.0,1,01,2905.0,28000,28500,1,2,1,"Other Media and Communication Equipment Workers (broadcast/sound/AV/lighting techs, combined - PUMS does not separately identify 'sound engineering technician')"
2023HU1005512,01,05308,48,1049470,26,55,6,1,21,24000,1,0,33,52,1.0,1,01,2710.0,24000,24000,1,2,1,Producers and Directors
2023HU1006360,01,02314,48,1049470,42,62,6,5,01,26000,1,0,20,52,1.0,2,02,2752.0,26000,26000,2,2,9,Musicians and Singers
2023HU1008601,01,05302,48,1049470,28,59,6,1,19,10000,1,0,40,52,1.0,1,02,2634.0,10000,10000,1,2,9,Graphic Designers
2023HU1010225,01,01000,48,1049470,7,36,1,3,20,0,1,150000,40,52,1.0,1,01,2710.0,150000,150000,1,2,1,Producers and Directors
2023HU1011409,02,05907,48,1049470,75,21,1,5,21,0,2,0,,,6.0,1,01,2634.0,0,0,1,2,6,Graphic Designers
2023HU1012040,01,04701,48,1049470,19,28,1,5,21,0,1,62000,40,52,1.0,1,01,2850.0,62000,62000,1,2,1,Writers and Authors
2023HU1012532,01,04613,48,1049470,41,51,1,1,21,3500,2,83000,40,52,1.0,1,01,2634.0,86500,86500,1,2,1,Graphic Designers
2023HU1013189,03,04620,48,1049470,18,27,1,5,21,0,1,90000,40,52,1.0,1,01,2634.0,90000,90000,1,2,6,Graphic Designers
2023HU1014116,01,06000,48,1049470,9,63,4,1,19,0,1,0,,,6.0,1,01,2910.0,0,28800,1,2,1,Photographers
2023HU1016237,01,02102,48,1049470,18,46,7,1,16,0,1,44400,40,52,1.0,2,02,2752.0,44400,44400,2,2,9,Musicians and Singers
2023HU1018111,02,04000,48,1049470,31,30,1,1,20,0,1,20000,30,52,1.0,2,02,2634.0,20000,20000,2,2,1,Graphic Designers
2023HU1019913,03,02005,48,1049470,10,20,2,5,18,0,1,10800,25,50,1.0,1,01,2905.0,10800,10800,1,2,1,"Other Media and Communication Equipment Workers (broadcast/sound/AV/lighting techs, combined - PUMS does not separately identify 'sound engineering technician')"
2023HU1022188,01,04000,48,1049470,8,71,6,5,21,26000,1,0,25,52,1.0,1,01,2850.0,26000,56800,1,1,1,Writers and Authors
2023HU1022632,03,01903,48,1049470,22,25,1,5,16,0,2,3500,20,21,1.0,1,01,2910.0,3500,3500,1,2,1,Photographers
2023HU1024283,03,04606,48,1049470,13,22,4,5,21,0,1,10000,30,36,3.0,2,02,2910.0,10000,10000,2,2,8,Photographers
2023HU1024311,01,05904,48,1049470,20,63,7,1,21,30000,2,5000,30,52,1.0,2,01,2910.0,35000,35000,2,2,1,Photographers
2023HU1024954,01,05307,48,1049470,12,60,1,5,21,0,1,3000,20,1,1.0,1,01,2850.0,3000,85000,1,2,1,Writers and Authors
2023HU1024989,02,03308,48,1049470,24,41,5,4,20,0,2,43700,40,52,1.0,1,02,2905.0,43700,89700,1,2,1,"Other Media and Communication Equipment Workers (broadcast/sound/AV/lighting techs, combined - PUMS does not separately identify 'sound engineering technician')"
2023HU1025324,02,06805,48,1049470,17,50,6,1,09,19000,1,0,35,52,1.0,2,02,2905.0,19000,19000,2,2,9,"Other Media and Communication Equipment Workers (broadcast/sound/AV/lighting techs, combined - PUMS does not separately identify 'sound engineering technician')"
2023HU1025694,01,02306,48,1049470,21,73,6,1,21,2500,1,3000,6,12,1.0,1,01,2752.0,5500,42000,1,1,1,Musicians and Singers
2023HU1027609,02,05402,48,1049470,20,33,6,1,22,10000,1,0,40,52,1.0,1,01,2752.0,10000,10000,1,2,9,Musicians and Singers
2023HU1028129,01,02005,48,1049470,13,21,1,5,19,0,1,1000,19,30,1.0,1,02,2905.0,1000,11000,1,2,9,"Other Media and Communication Equipment Workers (broadcast/sound/AV/lighting techs, combined - PUMS does not separately identify 'sound engineering technician')"
2023HU1028523,02,01901,48,1049470,46,19,1,5,18,0,2,12000,35,40,1.0,1,01,2910.0,12000,12000,1,2,1,Photographers
2023HU1029444,02,05203,48,1049470,20,31,6,1,21,58000,2,1100,40,52,1.0,1,24,2752.0,59100,59100,1,2,9,Musicians and Singers
2023HU1036237,01,02001,48,1049470,15,51,1,1,19,0,2,142000,40,52,1.0,1,01,2710.0,142000,142000,1,2,6,Producers and Directors
2023HU1039743,01,06806,48,1049470,23,49,6,1,21,65000,1,0,20,52,2.0,1,02,2910.0,65000,66000,1,2,9,Photographers
2023HU1041735,02,04622,48,1049470,35,39,1,1,22,0,1,100000,48,52,1.0,1,01,2905.0,100000,100000,1,2,1,"Other Media and Communication Equipment Workers (broadcast/sound/AV/lighting techs, combined - PUMS does not separately identify 'sound engineering technician')"
2023HU1042534,01,01901,48,1049470,22,22,1,5,21,500,2,30000,40,44,1.0,1,01,2634.0,30500,30500,1,2,1,Graphic Designers
2023HU1042945,03,06801,48,1049470,14,25,1,5,21,0,1,32000,40,52,1.0,1,02,2910.0,32000,32000,1,2,9,Photographers
2023HU1046182,02,05308,48,1049470,29,36,6,1,21,20000,1,0,40,52,1.0,1,01,2752.0,20000,22000,1,2,1,Musicians and Singers
2023HU1046405,03,02501,48,1049470,10,22,1,5,20,0,1,3000,20,13,1.0,1,01,2905.0,3000,3000,1,2,1,"Other Media and Communication Equipment Workers (broadcast/sound/AV/lighting techs, combined - PUMS does not separately identify 'sound engineering technician')"
2023HU1048833,01,02311,48,1049470,7,56,6,1,19,7000,2,0,3,9,3.0,1,01,2700.0,7000,7000,1,2,1,Actors
2023HU1053011,01,03600,48,1049470,11,73,6,1,20,0,1,0,,,6.0,1,01,2751.0,0,9500,1,1,1,Music Directors and Composers
2023HU1056264,01,02312,48,1049470,13,51,1,3,23,0,2,35000,50,24,1.0,1,01,2850.0,35000,35500,1,2,1,Writers and Authors
2023HU1056996,02,02002,48,1049470,6,62,1,1,21,0,2,95000,40,46,1.0,2,02,2634.0,95000,95000,2,2,1,Graphic Designers
2023HU1058898,02,03100,48,1049470,27,26,1,1,20,0,1,60000,60,52,1.0,1,01,2905.0,60000,60000,1,2,1,"Other Media and Communication Equipment Workers (broadcast/sound/AV/lighting techs, combined - PUMS does not separately identify 'sound engineering technician')"
2023HU1059830,04,01905,48,1049470,26,19,1,5,16,0,1,28800,40,52,6.0,1,01,2850.0,28800,28800,1,2,6,Writers and Authors
2023HU1061125,02,01502,48,1049470,11,85,2,1,22,0,2,500,1,3,6.0,1,01,2752.0,500,72580,1,1,1,Musicians and Singers
2023HU1062394,01,02503,48,1049470,12,68,6,1,18,2500,1,0,3,4,6.0,1,01,2905.0,2500,13300,2,1,1,"Other Media and Communication Equipment Workers (broadcast/sound/AV/lighting techs, combined - PUMS does not separately identify 'sound engineering technician')"
2023HU1066377,03,02308,48,1049470,16,27,2,5,18,0,1,11300,6,45,1.0,2,01,2752.0,11300,11300,2,2,2,Musicians and Singers
2023HU1066556,01,02308,48,1049470,21,63,6,1,22,50000,1,0,20,52,1.0,1,01,2752.0,50000,70000,1,2,1,Musicians and Singers
2023HU1067329,04,05100,48,1049470,13,18,1,5,14,0,2,1100,5,8,6.0,2,01,2700.0,1100,1100,2,2,1,Actors
2023HU1067388,02,04904,48,1049470,11,50,7,1,21,0,2,3000,40,4,2.0,1,01,2910.0,3000,3000,1,2,6,Photographers
2023HU1070329,02,02508,48,1049470,49,22,1,5,19,0,2,60000,45,52,1.0,2,01,2740.0,60000,60000,2,2,2,Dancers and Choreographers
2023HU1080982,01,05306,48,1049470,31,47,1,5,21,0,2,90000,40,52,1.0,1,01,2710.0,90000,90000,1,2,1,Producers and Directors
2023HU1081840,02,02507,48,1049470,11,43,6,1,21,0,2,0,,,6.0,1,01,2850.0,0,0,1,2,1,Writers and Authors
2023HU1083533,02,04906,48,1049470,29,37,2,5,21,1600,2,64000,40,52,1.0,1,01,2710.0,65600,69900,1,2,1,Producers and Directors
2023HU1083598,01,04629,48,1049470,29,48,6,1,16,-7900,1,0,45,52,1.0,1,02,2634.0,-7900,-7900,1,2,1,Graphic Designers
2023HU1083999,01,04615,48,1049470,40,36,1,5,19,0,2,57000,60,52,1.0,1,01,2740.0,57000,57980,1,2,2,Dancers and Choreographers
2023HU1084391,01,02513,48,1049470,68,34,6,5,19,12000,2,0,30,52,1.0,2,01,2752.0,12000,12000,2,2,1,Musicians and Singers
2023HU1084508,02,03802,48,1049470,16,38,1,1,21,0,1,40000,40,52,1.0,1,01,2634.0,40000,40000,1,2,1,Graphic Designers
2023HU1088273,03,02322,48,1049470,11,24,1,5,21,0,2,50000,40,40,1.0,2,01,2634.0,50000,50000,2,2,1,Graphic Designers
2023HU1089954,01,02515,48,1049470,35,34,7,1,21,0,1,78000,35,50,1.0,2,01,2710.0,78000,78000,2,2,2,Producers and Directors
2023HU1090226,01,02516,48,1049470,3,70,6,2,18,0,2,0,,,6.0,1,01,2910.0,0,19200,2,1,1,Photographers
2023HU1092278,02,01300,48,1049470,31,30,1,1,17,0,2,4400,30,16,3.0,1,01,2634.0,4400,4400,2,1,1,Graphic Designers
2023HU1092933,02,03600,48,1049470,24,35,7,1,22,0,1,275000,90,52,1.0,1,01,2752.0,275000,677000,1,2,1,Musicians and Singers
2023HU1093192,02,02003,48,1049470,11,22,6,5,21,25000,2,5000,32,40,1.0,1,01,2910.0,30000,30000,1,2,1,Photographers
2023HU1093518,01,02312,48,1049470,9,66,2,3,24,0,2,0,,,6.0,1,01,2850.0,0,33000,2,1,1,Writers and Authors
2023HU1096660,01,05204,48,1049470,18,75,6,2,21,0,1,0,,,3.0,1,01,2850.0,0,55220,1,1,9,Writers and Authors
2023HU1098154,02,02322,48,1049470,6,41,1,1,20,0,1,1000,40,4,3.0,1,01,2634.0,1000,1000,1,2,1,Graphic Designers
2023HU1099174,01,06804,48,1049470,15,77,2,5,21,0,2,0,,,6.0,1,01,2850.0,0,10800,1,1,1,Writers and Authors
2023HU1102173,01,02006,48,1049470,21,38,2,1,22,0,2,52000,20,52,1.0,1,01,2850.0,52000,52350,1,2,9,Writers and Authors
2023HU1102892,03,02200,48,1049470,2,18,7,5,18,34000,1,54000,50,52,1.0,1,01,2752.0,88000,88000,1,2,1,Musicians and Singers
2023HU1103626,01,02303,48,1049470,10,71,1,2,21,0,1,0,,,6.0,1,01,2634.0,0,70900,2,1,1,Graphic Designers
2023HU1107357,01,05401,48,1049470,27,76,6,3,22,10200,2,0,20,48,1.0,1,02,2850.0,10200,73400,1,1,9,Writers and Authors
2023HU1107441,01,05301,48,1049470,15,32,1,5,21,0,1,14200,20,48,1.0,1,01,2910.0,14200,14200,1,2,9,Photographers
2023HU1107871,01,03502,48,1049470,17,35,6,5,19,19000,1,0,30,52,1.0,2,01,2752.0,19000,19000,2,2,1,Musicians and Singers
2023HU1109609,02,03307,48,1049470,128,22,1,5,20,0,2,2300,12,30,1.0,2,02,2700.0,2300,2300,2,2,8,Actors
2023HU1109838,01,05401,48,1049470,22,56,7,1,21,0,2,40000,30,38,6.0,1,01,2710.0,40000,40000,1,2,1,Producers and Directors
2023HU1110123,01,05308,48,1049470,30,46,1,5,21,0,1,55000,38,52,1.0,1,01,2634.0,55000,55000,1,2,1,Graphic Designers
2023HU1111343,01,02317,48,1049470,21,37,2,1,16,0,1,7000,20,52,1.0,1,01,2752.0,7000,7000,1,2,2,Musicians and Singers
2023HU1112121,02,00502,48,1049470,14,53,1,1,21,0,2,75000,50,52,1.0,1,01,2850.0,75000,75000,1,2,1,Writers and Authors
2023HU1112493,01,04631,48,1049470,22,50,6,1,18,4,1,0,70,52,1.0,1,21,2700.0,4,4,1,2,1,Actors
2023HU1113795,01,05303,48,1049470,173,26,1,5,21,0,1,5000,55,52,1.0,1,01,2710.0,5000,5000,1,2,2,Producers and Directors
2023HU1114028,01,02317,48,1049470,14,52,1,1,21,0,1,100000,40,52,1.0,1,19,2710.0,100000,100000,1,2,9,Producers and Directors
2023HU1114028,03,02317,48,1049470,10,23,2,5,21,0,1,35000,40,52,1.0,1,19,2751.0,35000,35000,1,2,9,Music Directors and Composers
2023HU1114915,01,05000,48,1049470,4,27,1,1,19,0,1,58000,42,52,1.0,1,01,2905.0,58000,58000,1,2,9,"Other Media and Communication Equipment Workers (broadcast/sound/AV/lighting techs, combined - PUMS does not separately identify 'sound engineering technician')"
2023HU1118825,02,02507,48,1049470,11,56,1,1,21,0,1,40000,40,52,1.0,1,01,2905.0,40000,40000,1,2,1,"Other Media and Communication Equipment Workers (broadcast/sound/AV/lighting techs, combined - PUMS does not separately identify 'sound engineering technician')"
2023HU1118880,01,02512,48,1049470,9,67,6,1,16,25000,1,25000,18,52,1.0,1,01,2910.0,50000,59000,1,1,1,Photographers
2023HU1119925,01,05309,48,1049470,17,67,6,1,21,120,2,0,25,26,1.0,1,01,2710.0,120,38120,2,1,1,Producers and Directors
2023HU1119925,02,05309,48,1049470,21,67,6,1,19,47300,1,0,30,26,1.0,1,02,2710.0,47300,76000,2,1,9,Producers and Directors
2023HU1120000,01,05306,48,1049470,34,35,1,5,21,0,2,75000,40,52,1.0,1,01,2634.0,75000,75000,1,2,1,Graphic Designers
2023HU1121174,02,04635,48,1049470,6,62,6,1,21,19000,2,0,10,52,1.0,1,01,2850.0,19000,23000,1,2,1,Writers and Authors
2023HU1122130,01,02318,48,1049470,13,40,7,3,19,-7900,1,60000,40,52,1.0,1,01,2910.0,52100,52100,1,2,1,Photographers
2023HU1122289,01,02200,48,1049470,16,60,7,1,19,0,1,60000,30,52,1.0,1,01,2752.0,60000,60000,1,2,1,Musicians and Singers
2023HU1122289,02,02200,48,1049470,17,62,7,1,21,0,2,52000,20,30,2.0,1,01,2752.0,52000,52000,1,2,1,Musicians and Singers
2023HU1122669,01,02322,48,1049470,21,32,1,1,21,3000,1,71000,40,52,1.0,1,24,2634.0,74000,74000,1,2,9,Graphic Designers
2023HU1123231,01,05306,48,1049470,6,53,7,5,21,0,1,50000,30,45,1.0,1,01,2710.0,50000,50000,1,2,1,Producers and Directors
2023HU1123997,03,02314,48,1049470,21,28,1,5,19,10000,1,60000,40,52,1.0,1,02,2910.0,70000,70000,1,2,8,Photographers
2023HU1124279,01,05902,48,1049470,16,53,3,5,21,0,2,60000,40,52,1.0,1,01,2634.0,60000,60000,1,2,1,Graphic Designers
2023HU1124434,01,02308,48,1049470,13,46,1,1,21,0,2,2000,15,8,2.0,1,01,2910.0,2000,2000,1,2,1,Photographers
2023HU1126557,01,04606,48,1049470,35,47,2,1,17,0,1,10000,40,26,6.0,2,01,2905.0,10000,10000,2,2,2,"Other Media and Communication Equipment Workers (broadcast/sound/AV/lighting techs, combined - PUMS does not separately identify 'sound engineering technician')"
2023HU1128173,02,02006,48,1049470,6,29,1,1,21,0,2,43900,40,52,1.0,1,01,2634.0,43900,44660,1,2,1,Graphic Designers
2023HU1128722,02,05908,48,1049470,32,18,1,5,16,0,2,2400,10,32,6.0,1,02,2910.0,2400,2400,1,1,9,Photographers
2023HU1130209,02,04613,48,1049470,5,28,2,5,21,0,1,31900,35,52,1.0,2,24,2905.0,31900,31900,2,2,9,"Other Media and Communication Equipment Workers (broadcast/sound/AV/lighting techs, combined - PUMS does not separately identify 'sound engineering technician')"
2023HU1130347,04,04627,48,1049470,17,42,6,5,01,15400,2,0,40,52,1.0,1,02,2910.0,15400,17800,2,1,8,Photographers
2023HU1133042,01,05304,48,1049470,23,39,6,5,21,36000,1,0,30,40,1.0,1,01,2710.0,36000,36000,1,2,1,Producers and Directors
2023HU1133073,02,05202,48,1049470,14,51,1,1,24,12000,1,75000,50,52,1.0,1,01,2910.0,87000,87000,1,2,1,Photographers
2023HU1134995,02,03306,48,1049470,9,45,1,1,22,9000,1,40000,40,52,1.0,1,02,2634.0,49000,49000,1,2,3,Graphic Designers
2023HU1136534,03,04620,48,1049470,12,21,1,5,20,0,1,21000,40,52,1.0,1,02,2905.0,21000,21000,1,2,3,"Other Media and Communication Equipment Workers (broadcast/sound/AV/lighting techs, combined - PUMS does not separately identify 'sound engineering technician')"
2023HU1137247,01,07500,48,1049470,22,56,7,1,22,12000,1,120000,45,45,1.0,1,01,2910.0,132000,132000,1,2,9,Photographers
2023HU1137382,04,04609,48,1049470,41,35,6,5,20,-7900,1,20000,60,48,1.0,1,02,2905.0,12100,12100,1,2,9,"Other Media and Communication Equipment Workers (broadcast/sound/AV/lighting techs, combined - PUMS does not separately identify 'sound engineering technician')"
2023HU1138169,01,04601,48,1049470,18,29,2,5,21,5000,2,15000,20,52,1.0,1,01,2740.0,20000,20000,1,2,9,Dancers and Choreographers
2023HU1139902,02,04608,48,1049470,6,70,1,1,19,0,2,69000,20,30,1.0,1,01,2850.0,69000,69000,1,2,2,Writers and Authors
2023HU1141478,01,00600,48,1049470,10,38,7,1,15,0,1,35000,40,52,1.0,2,01,2634.0,35000,35000,2,2,1,Graphic Designers
2023HU1142862,02,02313,48,1049470,12,32,1,5,21,0,1,55000,55,52,1.0,1,01,2910.0,55000,55000,1,2,2,Photographers
2023HU1143739,02,04502,48,1049470,11,68,1,1,21,0,2,7000,35,12,6.0,1,01,2850.0,7000,27800,2,1,1,Writers and Authors
2023HU1143962,01,02509,48,1049470,17,66,6,1,16,60000,1,0,40,52,1.0,1,01,2752.0,60000,60000,2,1,1,Musicians and Singers
2023HU1144550,01,02600,48,1049470,14,65,6,3,18,0,2,0,,,6.0,1,01,2752.0,0,2000,2,1,1,Musicians and Singers
2023HU1144833,01,05100,48,1049470,24,42,5,5,19,0,1,80000,50,52,1.0,1,01,2710.0,80000,80000,1,2,1,Producers and Directors
2023HU1145849,01,05306,48,1049470,22,27,6,5,21,35000,2,100000,40,52,1.0,1,01,2850.0,135000,135000,1,2,1,Writers and Authors
2023HU1146642,02,04625,48,1049470,18,43,7,3,21,0,1,0,,,6.0,2,01,2910.0,0,0,2,2,2,Photographers
2023HU1147070,02,03306,48,1049470,12,27,1,5,20,0,1,12000,50,52,1.0,1,24,2752.0,12000,12000,1,2,9,Musicians and Singers
2023HU1147736,02,04621,48,1049470,11,48,1,5,13,0,1,6500,20,12,6.0,2,02,2910.0,6500,6500,2,2,1,Photographers
2023HU1147925,01,06702,48,1049470,7,41,2,3,21,0,2,53000,40,52,1.0,1,02,2710.0,53000,53000,1,2,1,Producers and Directors
2023HU1148392,01,05401,48,1049470,19,39,6,3,21,57000,2,0,16,52,1.0,2,01,2634.0,57000,62600,2,2,1,Graphic Designers
2023HU1149292,01,05800,48,1049470,8,42,1,3,20,0,1,75000,40,52,1.0,1,01,2634.0,75000,75000,1,2,1,Graphic Designers
2023HU1149430,01,02307,48,1049470,24,43,6,5,18,31400,2,0,50,52,1.0,1,11,2910.0,31400,31400,1,2,9,Photographers
2023HU1149729,01,05303,48,1049470,26,46,1,1,21,0,2,40000,35,40,3.0,1,01,2634.0,40000,40000,1,2,1,Graphic Designers
2023HU1152068,02,06500,48,1049470,1,46,1,1,19,0,1,59000,45,52,1.0,1,01,2905.0,59000,59000,1,2,9,"Other Media and Communication Equipment Workers (broadcast/sound/AV/lighting techs, combined - PUMS does not separately identify 'sound engineering technician')"
2023HU1153183,01,04624,48,1049470,34,63,1,1,22,0,1,98000,40,52,1.0,1,01,2850.0,98000,141010,1,1,1,Writers and Authors
2023HU1153730,03,04604,48,1049470,16,23,1,5,21,0,2,16200,40,11,1.0,1,01,2634.0,16200,16200,1,2,8,Graphic Designers
2023HU1153745,02,05908,48,1049470,12,41,7,1,16,0,1,50000,40,52,1.0,1,24,2634.0,50000,50000,1,2,1,Graphic Designers
2023HU1154251,01,05914,48,1049470,21,33,1,1,21,35000,1,114000,40,52,1.0,1,01,2710.0,149000,149000,1,2,8,Producers and Directors
2023HU1154493,03,01400,48,1049470,23,25,1,5,21,0,1,10000,15,20,1.0,2,01,2752.0,10000,10000,2,2,1,Musicians and Singers
2023HU1155101,01,01907,48,1049470,16,65,1,1,21,0,2,142000,40,52,1.0,1,01,2850.0,142000,170400,1,2,1,Writers and Authors
2023HU1157188,02,05401,48,1049470,23,50,6,1,21,40000,1,0,40,52,1.0,1,01,2910.0,40000,40000,1,2,1,Photographers
2023HU1159562,01,02313,48,1049470,27,30,1,5,21,0,2,60000,40,52,1.0,1,02,2850.0,60000,60000,1,2,1,Writers and Authors
2023HU1159627,02,05304,48,1049470,45,28,7,5,21,0,2,46000,40,52,1.0,1,02,2634.0,46000,46000,1,2,9,Graphic Designers
2023HU1161515,01,01901,48,1049470,8,49,6,1,21,411000,2,0,35,52,1.0,1,01,2910.0,411000,413500,1,2,6,Photographers
2023HU1161515,03,01901,48,1049470,7,16,1,5,12,0,2,10000,10,12,6.0,1,01,2910.0,10000,10000,1,2,9,Photographers
2023HU1165359,01,02310,48,1049470,28,49,1,1,20,0,1,98000,40,52,1.0,1,01,2905.0,98000,98000,1,2,1,"Other Media and Communication Equipment Workers (broadcast/sound/AV/lighting techs, combined - PUMS does not separately identify 'sound engineering technician')"
2023HU1166801,01,02311,48,1049470,6,67,6,1,21,70000,2,0,20,26,1.0,1,01,2850.0,70000,72000,1,1,1,Writers and Authors
2023HU1168859,02,01502,48,1049470,15,39,2,5,21,0,2,50000,40,52,1.0,1,01,2850.0,50000,50000,1,2,1,Writers and Authors
2023HU1171462,02,00501,48,1049470,39,21,1,5,16,0,1,4600,25,52,1.0,1,24,2634.0,4600,4600,1,2,8,Graphic Designers
2023HU1172809,02,02001,48,1049470,41,29,1,1,20,0,2,60000,40,52,1.0,1,01,2634.0,60000,60000,1,2,8,Graphic Designers
2023HU1173546,01,01904,48,1049470,15,61,7,1,20,0,1,0,,,3.0,1,02,2710.0,0,75000,1,2,9,Producers and Directors
2023HU1173685,02,03900,48,1049470,17,32,1,1,19,0,1,20000,30,52,1.0,1,02,2634.0,20000,20000,1,1,1,Graphic Designers
2023HU1174694,02,02400,48,1049470,1,52,1,1,17,0,1,16100,8,8,6.0,2,01,2752.0,16100,16100,2,2,9,Musicians and Singers
2023HU1175141,02,02515,48,1049470,10,35,1,1,18,0,1,45000,40,40,1.0,1,01,2905.0,45000,45000,1,2,1,"Other Media and Communication Equipment Workers (broadcast/sound/AV/lighting techs, combined - PUMS does not separately identify 'sound engineering technician')"
2023HU1176015,01,02312,48,1049470,36,60,1,5,18,0,1,0,,,3.0,1,01,2850.0,0,60,1,2,2,Writers and Authors
2023HU1176618,02,04624,48,1049470,11,30,1,1,21,0,2,48000,40,52,1.0,1,01,2910.0,48000,48000,1,2,1,Photographers
2023HU1177037,01,05303,48,1049470,22,43,6,1,22,50000,1,0,60,52,1.0,2,01,2752.0,50000,50000,2,2,8,Musicians and Singers
2023HU1177037,02,05303,48,1049470,20,32,1,1,21,0,2,11000,40,52,1.0,2,02,2752.0,11000,11000,2,2,8,Musicians and Singers
2023HU1177789,06,02507,48,1049470,9,25,6,1,22,14000,2,0,25,52,1.0,1,11,2910.0,14000,14000,1,2,1,Photographers
2023HU1178318,02,02504,48,1049470,29,28,6,1,21,150000,2,0,40,52,1.0,1,01,2850.0,150000,150000,1,2,2,Writers and Authors
2023HU1179983,01,02511,48,1049470,11,44,7,1,19,120000,1,170000,45,43,1.0,1,02,2905.0,290000,290000,1,2,1,"Other Media and Communication Equipment Workers (broadcast/sound/AV/lighting techs, combined - PUMS does not separately identify 'sound engineering technician')"
2023HU1180153,01,04635,48,1049470,18,60,1,1,18,0,1,176000,40,52,1.0,1,01,2634.0,176000,176000,1,2,1,Graphic Designers
2023HU1186468,02,02102,48,1049470,16,27,6,1,21,125000,2,0,40,52,1.0,1,01,2910.0,125000,125000,1,2,1,Photographers
2023HU1187768,02,02313,48,1049470,6,33,7,1,19,0,1,36000,40,8,3.0,1,01,2710.0,36000,36000,1,2,1,Producers and Directors
2023HU1190750,02,02302,48,1049470,84,29,6,1,21,0,2,0,,,6.0,2,21,2634.0,0,0,2,2,1,Graphic Designers
2023HU1191151,04,00600,48,1049470,8,17,1,5,14,0,2,130,5,1,6.0,2,01,2700.0,130,130,2,2,1,Actors
2023HU1192718,03,05907,48,1049470,21,62,6,1,21,1500,2,0,15,52,1.0,1,01,2850.0,1500,2500,1,2,1,Writers and Authors
2023HU1193829,01,06100,48,1049470,4,76,2,2,01,0,2,14000,30,52,1.0,1,02,2850.0,14000,14000,2,1,1,Writers and Authors
2023HU1194285,01,04701,48,1049470,4,58,1,3,19,0,1,150000,50,52,1.0,1,01,2905.0,150000,150000,1,2,1,"Other Media and Communication Equipment Workers (broadcast/sound/AV/lighting techs, combined - PUMS does not separately identify 'sound engineering technician')"
2023HU1194650,01,02516,48,1049470,59,45,2,3,01,0,1,10000,40,26,6.0,1,01,2905.0,10000,10000,1,2,2,"Other Media and Communication Equipment Workers (broadcast/sound/AV/lighting techs, combined - PUMS does not separately identify 'sound engineering technician')"
2023HU1195177,01,04630,48,1049470,77,20,1,5,16,0,2,34000,40,52,1.0,1,03,2850.0,34000,34000,1,2,1,Writers and Authors
2023HU1196675,01,05902,48,1049470,14,39,6,5,19,0,1,0,,,3.0,2,01,2850.0,0,0,2,2,1,Writers and Authors
2023HU1197505,04,04603,48,1049470,14,29,1,5,21,0,2,70000,40,52,1.0,2,01,2634.0,70000,70000,2,2,1,Graphic Designers
2023HU1199747,01,04604,48,1049470,21,29,2,5,22,0,2,110000,30,52,1.0,1,01,2752.0,110000,110000,1,2,1,Musicians and Singers
2023HU1199987,01,06807,48,1049470,16,51,1,3,16,25000,1,25000,40,52,1.0,1,02,2752.0,50000,50000,1,2,9,Musicians and Singers
2023HU1201253,02,02005,48,1049470,27,61,1,2,17,0,1,6000,40,17,3.0,2,01,2752.0,6000,6000,2,2,9,Musicians and Singers
2023HU1202371,01,05800,48,1049470,76,31,3,5,21,0,2,40000,40,52,1.0,1,01,2751.0,40000,40000,1,2,1,Music Directors and Composers
2023HU1203766,01,04802,48,1049470,18,65,6,1,18,1900,2,0,12,25,1.0,1,01,2634.0,1900,13800,2,1,1,Graphic Designers
2023HU1204506,01,05201,48,1049470,39,35,7,1,19,40300,1,21400,35,52,1.0,1,01,2752.0,61700,81700,1,1,2,Musicians and Singers
2023HU1207615,02,02900,48,1049470,26,21,2,5,19,0,1,6000,12,52,1.0,1,01,2905.0,6000,6000,1,2,1,"Other Media and Communication Equipment Workers (broadcast/sound/AV/lighting techs, combined - PUMS does not separately identify 'sound engineering technician')"
2023HU1207615,03,02900,48,1049470,25,19,2,5,19,0,1,100,10,2,1.0,1,01,2905.0,100,100,1,2,1,"Other Media and Communication Equipment Workers (broadcast/sound/AV/lighting techs, combined - PUMS does not separately identify 'sound engineering technician')"
2023HU1208065,01,05916,48,1049470,16,49,2,1,22,30000,1,62000,40,52,1.0,1,01,2751.0,92000,92000,1,2,1,Music Directors and Composers
2023HU1209405,01,02508,48,1049470,16,47,1,1,17,0,1,65000,50,52,1.0,1,03,2905.0,65000,65000,1,2,9,"Other Media and Communication Equipment Workers (broadcast/sound/AV/lighting techs, combined - PUMS does not separately identify 'sound engineering technician')"
2023HU1209679,02,05307,48,1049470,12,30,1,1,21,0,2,85000,40,52,1.0,1,04,2634.0,85000,85000,1,2,9,Graphic Designers
2023HU1211707,01,02317,48,1049470,13,64,7,3,21,0,1,4,1,1,1.0,1,01,2752.0,4,13104,2,1,2,Musicians and Singers
2023HU1214899,01,04701,48,1049470,12,57,1,1,18,0,1,150000,50,52,1.0,1,01,2905.0,150000,150000,1,2,1,"Other Media and Communication Equipment Workers (broadcast/sound/AV/lighting techs, combined - PUMS does not separately identify 'sound engineering technician')"
2023HU1217201,02,02313,48,1049470,13,28,1,1,21,0,2,100000,40,52,1.0,1,01,2634.0,100000,100000,1,2,9,Graphic Designers
2023HU1218860,02,04636,48,1049470,13,64,1,1,21,0,2,95000,40,46,1.0,1,02,2634.0,95000,95000,1,2,9,Graphic Designers
2023HU1222590,01,02501,48,1049470,13,71,6,1,21,13300,1,0,4,42,1.0,1,01,2752.0,13300,38900,1,1,1,Musicians and Singers
2023HU1222661,01,04631,48,1049470,12,34,1,5,21,0,2,66000,40,52,1.0,1,01,2910.0,66000,66000,1,2,1,Photographers
2023HU1223090,01,02505,48,1049470,17,59,1,3,20,0,1,80000,40,52,1.0,1,01,2910.0,80000,80000,1,2,1,Photographers
2023HU1225269,02,05307,48,1049470,9,71,8,1,21,0,1,0,2,2,6.0,1,01,2752.0,0,10000,2,1,1,Musicians and Singers
2023HU1226595,01,02309,48,1049470,13,45,1,5,21,0,2,0,,,3.0,1,01,2710.0,0,0,1,2,1,Producers and Directors
2023HU1226714,02,05911,48,1049470,18,35,6,1,21,80000,2,0,40,52,1.0,1,01,2910.0,80000,80000,1,2,1,Photographers
2023HU1227926,01,05204,48,1049470,34,34,6,5,21,40000,1,40000,60,44,2.0,2,01,2910.0,80000,80000,2,2,1,Photographers
2023HU1227926,02,05204,48,1049470,43,36,6,3,22,19000,2,19000,60,32,3.0,1,02,2910.0,38000,38000,1,2,8,Photographers
2023HU1228188,03,02305,48,1049470,14,39,6,5,16,40000,1,50000,40,30,6.0,2,02,2910.0,90000,90000,2,2,9,Photographers
2023HU1232702,02,04607,48,1049470,14,37,6,1,20,53000,1,0,30,52,1.0,1,01,2850.0,53000,53000,1,2,1,Writers and Authors
2023HU1232817,01,05201,48,1049470,12,68,1,3,24,0,2,0,,,6.0,1,01,2905.0,0,32000,1,1,1,"Other Media and Communication Equipment Workers (broadcast/sound/AV/lighting techs, combined - PUMS does not separately identify 'sound engineering technician')"
2023HU1233337,02,05905,48,1049470,8,60,6,1,18,6000,1,20000,20,52,1.0,1,02,2752.0,26000,26000,1,2,8,Musicians and Singers
2023HU1236720,01,04627,48,1049470,41,26,5,5,16,0,2,13000,27,32,1.0,1,01,2740.0,13000,13000,2,1,2,Dancers and Choreographers
2023HU1237462,01,04100,48,1049470,10,71,6,1,18,0,1,0,,,6.0,1,01,2710.0,0,13800,2,1,1,Producers and Directors
2023HU1240549,01,04803,48,1049470,14,67,6,1,21,-200,2,2000,5,3,6.0,1,01,2634.0,1800,52200,2,1,1,Graphic Designers
2023HU1240618,02,04624,48,1049470,12,40,1,5,21,0,2,1000,10,8,6.0,1,01,2700.0,1000,1000,1,2,1,Actors
2023HU1240854,01,05912,48,1049470,25,84,2,1,22,0,1,21000,20,52,6.0,1,01,2850.0,21000,74800,2,1,1,Writers and Authors
2023HU1245605,02,01909,48,1049470,22,30,6,1,21,23000,2,0,30,45,1.0,1,02,2910.0,23000,23000,1,2,1,Photographers
2023HU1246702,02,03801,48,1049470,10,50,7,1,01,0,1,70000,40,52,1.0,2,02,2751.0,70000,70000,2,2,8,Music Directors and Composers
2023HU1248583,02,02003,48,1049470,4,38,6,1,21,2700,2,0,10,4,6.0,1,01,2910.0,2700,2700,1,2,1,Photographers
2023HU1249740,01,05303,48,1049470,9,50,6,5,20,17000,1,0,40,45,2.0,1,01,2752.0,17000,21000,2,1,1,Musicians and Singers
2023HU1249861,01,05100,48,1049470,2,68,6,5,21,26000,2,0,30,40,3.0,1,01,2850.0,26000,26000,2,1,1,Writers and Authors
2023HU1250209,02,00900,48,1049470,8,28,1,5,21,0,2,30000,45,52,1.0,1,08,2710.0,30000,30000,1,2,1,Producers and Directors
2023HU1252480,01,05204,48,1049470,16,43,6,1,21,30000,2,0,30,30,1.0,1,02,2634.0,30000,30000,1,2,1,Graphic Designers
2023HU1254732,01,04901,48,1049470,14,57,5,1,14,0,1,0,,,6.0,1,01,2905.0,0,0,1,2,6,"Other Media and Communication Equipment Workers (broadcast/sound/AV/lighting techs, combined - PUMS does not separately identify 'sound engineering technician')"
2023HU1255848,03,02004,48,1049470,13,39,1,5,21,0,1,31100,40,52,1.0,1,01,2634.0,31100,31100,1,2,1,Graphic Designers
2023HU1257342,02,04601,48,1049470,10,68,1,2,14,0,1,18000,10,40,6.0,1,01,2850.0,18000,19500,2,1,2,Writers and Authors
2023HU1259064,01,00200,48,1049470,20,25,6,1,19,79000,2,1000,29,52,1.0,1,01,2910.0,80000,80000,1,2,1,Photographers
2023HU1260297,01,00200,48,1049470,20,48,1,4,18,0,1,38000,40,52,1.0,2,01,2634.0,38000,38000,2,2,1,Graphic Designers
2023HU1261008,03,01000,48,1049470,6,40,6,5,21,51000,1,0,12,32,1.0,1,01,2752.0,51000,51000,1,2,1,Musicians and Singers
2023HU1262000,02,02502,48,1049470,18,40,1,1,21,0,1,55000,40,52,1.0,1,01,2634.0,55000,55000,1,2,1,Graphic Designers
2023HU1262314,02,02900,48,1049470,39,34,6,5,21,14000,2,0,25,52,1.0,2,02,2910.0,14000,14000,2,2,9,Photographers
2023HU1262589,01,04613,48,1049470,63,61,6,3,21,85000,1,145000,30,50,1.0,1,01,2850.0,230000,250000,1,2,1,Writers and Authors
2023HU1263337,01,04000,48,1049470,5,74,6,5,21,3000,1,0,50,52,1.0,1,01,2634.0,3000,79200,1,1,1,Graphic Designers
2023HU1264135,01,05302,48,1049470,21,64,7,1,21,0,1,41600,40,52,1.0,1,01,2910.0,41600,50800,2,1,1,Photographers
2023HU1264135,02,05302,48,1049470,24,61,7,1,19,0,2,41600,40,52,1.0,1,01,2910.0,41600,41600,1,2,1,Photographers
2023HU1264228,01,02006,48,1049470,14,65,1,1,09,0,1,38600,30,40,1.0,2,02,2752.0,38600,38600,2,2,8,Musicians and Singers
2023HU1265425,02,02511,48,1049470,9,40,6,1,18,800,2,0,8,4,6.0,1,01,2710.0,800,800,1,2,1,Producers and Directors
2023HU1268727,02,02309,48,1049470,11,41,2,1,22,0,2,0,,,6.0,1,01,2850.0,0,0,1,2,1,Writers and Authors
2023HU1269844,01,02322,48,1049470,12,49,1,1,22,0,2,50000,50,52,1.0,1,01,2850.0,50000,50000,1,2,1,Writers and Authors
2023HU1271501,01,05304,48,1049470,14,34,1,5,21,0,2,166000,40,52,1.0,1,02,2710.0,166000,166000,1,2,9,Producers and Directors
2023HU1273155,02,04801,48,1049470,27,34,2,1,19,0,1,83000,45,46,1.0,1,01,2710.0,83000,83500,1,2,1,Producers and Directors
2023HU1273825,01,02315,48,1049470,12,28,1,5,21,0,2,40000,38,52,1.0,2,19,2634.0,40000,40000,2,2,9,Graphic Designers
2023HU1276113,01,04631,48,1049470,112,22,1,5,21,0,2,30000,40,52,1.0,1,01,2850.0,30000,30000,1,2,1,Writers and Authors
2023HU1276640,01,02320,48,1049470,10,37,6,4,19,31400,2,0,50,52,1.0,1,02,2910.0,31400,31400,2,1,9,Photographers
2023HU1276885,02,03900,48,1049470,37,46,6,1,21,0,1,0,,,3.0,1,01,2634.0,0,0,1,2,1,Graphic Designers
2023HU1278995,01,04501,48,1049470,7,35,1,1,18,0,2,20000,20,52,1.0,1,01,2910.0,20000,20000,1,2,1,Photographers
2023HU1279600,01,02302,48,1049470,8,62,1,5,19,0,2,42400,40,52,1.0,1,01,2634.0,42400,42400,1,2,1,Graphic Designers
2023HU1280631,02,04609,48,1049470,32,74,1,1,18,0,2,1000,1,1,6.0,1,01,2910.0,1000,19500,2,1,1,Photographers
2023HU1281159,01,00700,48,1049470,3,63,2,1,21,0,1,12500,10,50,1.0,1,01,2752.0,12500,20000,1,2,9,Musicians and Singers
2023HU1281677,02,01905,48,1049470,22,49,1,1,19,0,1,133000,40,52,1.0,1,01,2634.0,133000,133000,1,2,1,Graphic Designers
2023HU1281861,03,02505,48,1049470,18,40,1,5,20,0,1,55000,40,52,1.0,1,02,2905.0,55000,55000,1,2,1,"Other Media and Communication Equipment Workers (broadcast/sound/AV/lighting techs, combined - PUMS does not separately identify 'sound engineering technician')"
2023HU1283289,02,02513,48,1049470,10,68,6,1,19,360,2,0,50,1,1.0,1,01,2752.0,360,14360,2,1,1,Musicians and Singers
2023HU1284882,01,04637,48,1049470,8,72,6,3,22,0,2,0,,,6.0,1,01,2850.0,0,101200,1,1,1,Writers and Authors
2023HU1285161,01,05303,48,1049470,17,36,1,5,22,0,1,74000,40,52,1.0,1,01,2634.0,74000,74800,1,2,1,Graphic Designers
2023HU1285180,03,07500,48,1049470,10,26,1,5,19,0,1,26900,40,52,1.0,2,02,2634.0,26900,26900,2,2,9,Graphic Designers
2023HU1285245,01,02307,48,1049470,31,40,1,5,20,0,1,30000,64,52,1.0,2,01,2634.0,30000,30000,2,2,2,Graphic Designers
2023HU1285552,02,00900,48,1049470,12,51,7,1,21,0,1,262000,40,45,1.0,1,01,2710.0,262000,262000,1,2,1,Producers and Directors
2023HU1286202,01,04802,48,1049470,11,60,1,5,20,0,2,93000,40,52,1.0,1,01,2634.0,93000,93000,1,2,1,Graphic Designers
2023HU1286457,01,04627,48,1049470,21,25,1,5,21,4000,2,59000,44,52,1.0,1,01,2634.0,63000,63000,1,2,1,Graphic Designers
2023HU1286751,02,06802,48,1049470,14,31,1,5,21,0,1,300,15,3,1.0,1,02,2910.0,300,300,1,2,8,Photographers
2023HU1290264,04,02308,48,1049470,18,20,1,5,19,0,1,4000,15,26,2.0,1,01,2905.0,4000,9000,1,1,1,"Other Media and Communication Equipment Workers (broadcast/sound/AV/lighting techs, combined - PUMS does not separately identify 'sound engineering technician')"
2023HU1290278,01,01901,48,1049470,8,25,1,5,22,0,2,53000,40,52,1.0,1,01,2850.0,53000,53000,1,2,1,Writers and Authors
2023HU1291755,01,03802,48,1049470,6,83,2,1,16,0,2,10500,2,52,1.0,1,01,2752.0,10500,36600,2,1,1,Musicians and Singers
2023HU1293125,02,02319,48,1049470,7,44,2,1,22,5000,1,12500,40,52,1.0,2,01,2752.0,17500,17500,2,2,1,Musicians and Singers
2023HU1293218,01,05307,48,1049470,18,36,7,1,22,0,1,250000,40,52,1.0,1,01,2710.0,250000,253000,1,2,1,Producers and Directors
2023HU1294691,02,04603,48,1049470,14,29,1,1,21,0,2,0,,,6.0,1,01,2850.0,0,0,1,2,6,Writers and Authors
2023HU1295400,01,04802,48,1049470,1,43,6,1,21,411000,2,0,40,52,1.0,2,01,2910.0,411000,411000,2,2,1,Photographers
2023HU1295400,02,04802,48,1049470,1,45,6,1,18,16200,1,0,10,48,1.0,2,01,2910.0,16200,16200,2,2,1,Photographers
2023HU1296621,01,05904,48,1049470,12,43,2,1,22,0,2,88000,40,52,1.0,1,01,2850.0,88000,89000,1,2,1,Writers and Authors
2023HU1297964,01,04601,48,1049470,26,51,6,3,17,9600,1,0,8,17,1.0,1,02,2752.0,9600,9600,1,2,1,Musicians and Singers
2023HU1298274,02,02006,48,1049470,6,33,1,1,18,0,1,60000,40,52,1.0,1,24,2905.0,60000,60000,1,2,8,"Other Media and Communication Equipment Workers (broadcast/sound/AV/lighting techs, combined - PUMS does not separately identify 'sound engineering technician')"
2023HU1298561,01,03700,48,1049470,1,26,1,5,21,0,2,31000,80,52,1.0,1,01,2634.0,31000,31000,2,1,1,Graphic Designers
2023HU1302516,01,03306,48,1049470,10,46,7,1,22,0,1,8300,6,40,6.0,1,03,2752.0,8300,50500,1,1,8,Musicians and Singers
2023HU1303801,01,06805,48,1049470,10,42,6,3,21,7000,2,0,16,52,1.0,1,01,2910.0,7000,5800,1,2,1,Photographers
2023HU1305190,01,00400,48,1049470,5,43,4,5,21,0,1,50000,40,52,1.0,1,01,2710.0,50000,50000,1,2,1,Producers and Directors
2023HU1307677,01,05905,48,1049470,5,32,5,1,21,0,1,70000,40,52,4.0,1,01,2752.0,70000,70000,1,2,1,Musicians and Singers
2023HU1307677,02,05905,48,1049470,5,33,5,1,24,0,2,48000,40,52,4.0,1,01,2752.0,48000,48000,1,2,1,Musicians and Singers
2023HU1308086,02,05308,48,1049470,10,65,1,1,22,0,2,15000,40,15,6.0,1,01,2752.0,15000,15000,1,1,1,Musicians and Singers
2023HU1308086,03,05308,48,1049470,8,34,1,5,21,0,1,12000,8,12,1.0,1,01,2850.0,12000,12000,1,2,1,Writers and Authors
2023HU1309399,01,03100,48,1049470,24,65,6,1,16,127000,1,0,40,52,1.0,1,02,2752.0,127000,127780,1,1,9,Musicians and Singers
2023HU1309667,01,04609,48,1049470,10,29,1,1,21,7000,2,20000,20,52,1.0,1,11,2910.0,27000,27000,1,2,9,Photographers
2023HU1310296,04,02303,48,1049470,116,19,2,5,14,0,1,9000,5,52,1.0,2,01,2752.0,9000,9000,2,2,2,Musicians and Singers
2023HU1312494,03,04640,48,1049470,22,40,1,5,21,0,2,100000,38,52,1.0,1,01,2850.0,100000,100000,1,2,6,Writers and Authors
2023HU1313917,01,05000,48,1049470,32,24,7,5,21,-7900,1,25000,40,52,1.0,1,01,2910.0,17100,17100,1,2,2,Photographers
2023HU1314084,03,02102,48,1049470,29,31,1,5,22,0,2,59000,40,52,1.0,1,21,2634.0,59000,59010,1,2,9,Graphic Designers
2023HU1314372,01,04702,48,1049470,25,34,1,1,16,0,2,5000,35,14,2.0,2,02,2910.0,5000,5000,2,2,1,Photographers
2023HU1314372,03,04702,48,1049470,26,18,1,5,16,0,1,6400,14,52,1.0,1,02,2910.0,6400,6400,2,1,1,Photographers
2023HU1315612,01,06804,48,1049470,12,41,6,1,21,112000,1,0,40,52,1.0,2,02,2905.0,112000,112000,2,2,1,"Other Media and Communication Equipment Workers (broadcast/sound/AV/lighting techs, combined - PUMS does not separately identify 'sound engineering technician')"
2023HU1316469,02,04501,48,1049470,12,31,2,1,16,0,2,250,4,2,2.0,1,02,2740.0,250,250,1,2,8,Dancers and Choreographers
2023HU1317382,01,02600,48,1049470,2,53,6,1,18,24000,1,0,35,40,1.0,2,01,2634.0,24000,24000,2,2,1,Graphic Designers
2023HU1318107,01,05307,48,1049470,37,37,4,1,19,0,1,50000,40,52,1.0,1,02,2634.0,50000,50000,1,2,8,Graphic Designers
2023HU1318625,01,02003,48,1049470,14,37,7,3,21,5000,2,60000,50,52,1.0,1,01,2910.0,65000,74000,1,2,1,Photographers
2023HU1323281,03,04624,48,1049470,14,17,1,5,14,0,2,800,16,2,6.0,1,01,2910.0,800,800,1,2,1,Photographers
2023HU1323458,02,05906,48,1049470,15,18,3,5,16,0,1,8800,40,8,6.0,1,02,2905.0,8800,8800,2,1,1,"Other Media and Communication Equipment Workers (broadcast/sound/AV/lighting techs, combined - PUMS does not separately identify 'sound engineering technician')"
2023HU1324834,01,05306,48,1049470,13,78,6,1,22,0,2,0,,,6.0,1,01,2850.0,0,86800,1,1,1,Writers and Authors
2023HU1326987,02,02319,48,1049470,31,27,6,5,21,40000,1,0,40,52,2.0,2,02,2910.0,40000,40000,2,2,8,Photographers
2023HU1327315,02,04502,48,1049470,12,57,6,1,17,3500,2,0,40,10,6.0,1,01,2910.0,3500,3500,1,2,1,Photographers
2023HU1328219,01,05912,48,1049470,14,55,1,1,20,0,1,40000,40,52,1.0,1,02,2634.0,40000,40000,1,2,1,Graphic Designers
2023HU1329956,01,04603,48,1049470,34,31,1,5,17,0,2,0,,,6.0,2,01,2910.0,0,0,2,2,1,Photographers
2023HU1330582,05,04602,48,1049470,20,39,7,5,16,20000,1,20000,20,52,1.0,2,02,2910.0,40000,40000,2,2,8,Photographers
2023HU1331365,01,02900,48,1049470,15,56,2,3,21,0,2,11000,20,52,1.0,1,01,2634.0,11000,11000,1,2,1,Graphic Designers
2023HU1331928,01,04627,48,1049470,21,33,1,1,18,0,1,90000,47,52,1.0,1,02,2710.0,90000,90000,1,2,1,Producers and Directors
2023HU1333009,01,01400,48,1049470,15,56,6,1,21,20000,2,0,60,52,1.0,1,01,2850.0,20000,20000,1,2,1,Writers and Authors
2023HU1333921,01,03502,48,1049470,18,37,6,1,18,28800,1,0,40,52,1.0,1,01,2752.0,28800,28800,1,2,1,Musicians and Singers
2023HU1334121,01,02322,48,1049470,21,76,6,3,18,500,2,2700,10,30,1.0,1,01,2850.0,3200,12150,2,1,1,Writers and Authors
2023HU1335974,02,02509,48,1049470,7,29,3,1,21,0,1,58000,45,40,1.0,1,02,2751.0,58000,58000,1,2,9,Music Directors and Composers
2023HU1337633,01,05307,48,1049470,16,39,7,5,22,68000,1,82000,25,36,1.0,1,01,2710.0,150000,150000,1,2,1,Producers and Directors
2023HU1337740,02,01800,48,1049470,8,26,1,5,21,0,2,12500,21,34,1.0,1,16,2740.0,12500,12500,1,2,8,Dancers and Choreographers
2023HU1338150,02,04602,48,1049470,9,36,1,1,21,0,2,60000,40,52,1.0,1,01,2634.0,60000,60000,1,2,1,Graphic Designers
2023HU1338792,01,04603,48,1049470,20,39,1,1,22,0,2,175000,45,52,1.0,1,01,2710.0,175000,175000,1,2,2,Producers and Directors
2023HU1340182,01,05306,48,1049470,14,39,1,1,22,0,2,75000,40,52,1.0,1,01,2634.0,75000,75000,1,2,1,Graphic Designers
2023HU1340335,02,05904,48,1049470,10,61,6,1,21,0,1,0,,,6.0,1,01,2752.0,0,402000,1,2,1,Musicians and Singers
2023HU1340795,01,05202,48,1049470,19,33,6,1,21,0,2,0,,,6.0,1,01,2850.0,0,0,1,2,1,Writers and Authors
2023HU1340823,01,05305,48,1049470,5,45,1,1,20,40000,1,80000,50,20,1.0,1,24,2910.0,120000,140000,1,2,9,Photographers
2023HU1341297,01,02507,48,1049470,39,56,6,1,19,14000,1,0,30,12,1.0,1,01,2710.0,14000,14000,1,2,1,Producers and Directors
2023HU1342114,01,04501,48,1049470,7,64,1,1,21,0,1,100000,45,52,1.0,1,01,2710.0,100000,100000,1,2,1,Producers and Directors
2023HU1345038,01,02506,48,1049470,32,32,1,1,21,0,2,40000,2,2,3.0,1,02,2634.0,40000,40000,1,2,9,Graphic Designers
2023HU1345045,01,01000,48,1049470,13,29,2,1,21,0,1,36000,50,52,1.0,1,01,2751.0,36000,36000,1,2,1,Music Directors and Composers
2023HU1346763,02,04901,48,1049470,57,62,1,1,18,0,1,0,,,6.0,1,01,2634.0,0,0,1,2,6,Graphic Designers
2023HU1347726,01,05304,48,1049470,29,31,1,5,21,0,2,90000,40,52,1.0,1,01,2634.0,90000,90000,1,2,1,Graphic Designers
2023HU1347880,01,03700,48,1049470,6,59,6,2,19,17700,2,0,12,35,1.0,1,01,2910.0,17700,17700,2,1,1,Photographers
2023HU1351169,01,04100,48,1049470,7,83,2,2,16,0,2,1300,1,52,1.0,1,01,2752.0,1300,13300,2,1,1,Musicians and Singers
2023HU1351383,01,02307,48,1049470,47,33,1,5,21,0,2,80000,40,52,1.0,1,01,2850.0,80000,80000,1,2,1,Writers and Authors
2023HU1352269,02,04616,48,1049470,12,50,3,1,24,0,1,74000,50,52,1.0,1,01,2751.0,74000,74000,1,2,1,Music Directors and Composers
2023HU1355354,02,05800,48,1049470,21,62,1,1,18,0,2,0,,,3.0,1,01,2634.0,0,6880,1,2,1,Graphic Designers
2023HU1359189,01,05306,48,1049470,16,25,6,5,21,35000,2,100000,40,52,1.0,1,01,2850.0,135000,135000,1,2,1,Writers and Authors
2023HU1361231,01,06806,48,1049470,8,74,6,1,19,1500,1,1500,4,10,1.0,1,02,2910.0,3000,13400,2,1,3,Photographers
2023HU1362014,01,00502,48,1049470,11,30,1,5,20,0,2,38200,40,52,1.0,1,01,2634.0,38200,38200,1,2,1,Graphic Designers
2023HU1364183,01,01904,48,1049470,11,50,7,1,22,0,2,8500,32,52,1.0,1,01,2850.0,8500,8500,1,2,1,Writers and Authors
2023HU1364455,06,06806,48,1049470,19,19,2,5,16,0,1,10000,25,52,1.0,1,05,2634.0,10000,10000,1,2,8,Graphic Designers
2023HU1364900,04,05203,48,1049470,20,70,2,2,11,0,2,14000,30,52,1.0,1,01,2850.0,14000,14000,1,2,6,Writers and Authors
2023HU1366756,02,05306,48,1049470,20,47,1,1,21,0,2,20000,20,52,1.0,1,01,2634.0,20000,25000,1,2,1,Graphic Designers
2023HU1366758,02,01901,48,1049470,9,71,2,1,22,1000,1,111000,40,52,1.0,1,01,2752.0,112000,179900,1,1,1,Musicians and Singers
2023HU1370714,02,00800,48,1049470,3,66,1,1,19,0,2,5000,12,52,1.0,1,01,2910.0,5000,17000,1,2,1,Photographers
2023HU1370770,01,04701,48,1049470,7,61,4,3,22,-7900,2,36000,50,52,1.0,1,17,2910.0,28100,64100,1,2,9,Photographers
2023HU1372968,03,04200,48,1049470,5,21,1,5,19,0,1,50000,40,52,1.0,1,01,2905.0,50000,50000,1,2,1,"Other Media and Communication Equipment Workers (broadcast/sound/AV/lighting techs, combined - PUMS does not separately identify 'sound engineering technician')"
2023HU1373443,01,04612,48,1049470,11,59,4,3,21,0,2,63000,60,52,1.0,1,02,2710.0,63000,63800,1,2,1,Producers and Directors
2023HU1373502,03,05401,48,1049470,20,20,1,5,16,0,1,8000,40,17,1.0,1,01,2910.0,8000,8000,1,2,1,Photographers
2023HU1375835,02,04200,48,1049470,12,31,1,1,19,0,1,50000,50,52,1.0,1,01,2910.0,50000,50000,1,2,1,Photographers
2023HU1375961,05,00700,48,1049470,19,26,6,5,19,60000,1,0,65,52,1.0,2,01,2751.0,60000,60000,2,2,2,Music Directors and Composers
2023HU1377232,02,03502,48,1049470,8,57,2,1,22,0,2,13000,6,52,1.0,1,01,2752.0,13000,38200,1,2,1,Musicians and Singers
2023HU1381534,02,02005,48,1049470,15,28,2,5,16,0,2,15000,40,30,1.0,2,01,2710.0,15000,15000,2,2,1,Producers and Directors
2023HU1382748,01,05307,48,1049470,15,30,6,3,18,75000,1,0,1,1,6.0,1,01,2752.0,75000,143000,1,2,1,Musicians and Singers
2023HU1383974,01,05309,48,1049470,15,32,1,1,21,0,2,150000,40,52,1.0,1,01,2850.0,150000,190000,1,2,1,Writers and Authors
2023HU1384821,01,02313,48,1049470,9,74,7,4,19,0,1,0,,,6.0,1,01,2850.0,0,126200,1,1,1,Writers and Authors
2023HU1385007,01,04601,48,1049470,19,58,6,1,21,3000,2,0,3,24,6.0,1,01,2850.0,3000,3000,1,2,1,Writers and Authors
2023HU1385543,01,02600,48,1049470,12,50,1,3,18,0,2,48000,45,52,1.0,1,01,2710.0,48000,48000,1,2,1,Producers and Directors
2023HU1386241,02,02508,48,1049470,11,24,2,1,21,0,2,50000,40,52,1.0,1,01,2634.0,50000,50000,1,2,1,Graphic Designers
2023HU1387650,02,01905,48,1049470,5,41,1,1,21,0,1,60000,40,34,3.0,1,01,2850.0,60000,80000,1,2,1,Writers and Authors
2023HU1387891,01,05902,48,1049470,25,39,1,1,21,0,1,205000,45,52,1.0,1,01,2710.0,205000,205000,1,2,1,Producers and Directors
2023HU1388352,02,05911,48,1049470,6,52,1,1,22,1800,1,115000,40,52,1.0,2,01,2710.0,116800,116800,2,2,1,Producers and Directors
2023HU1392508,01,00900,48,1049470,20,76,2,3,22,0,1,10400,4,52,1.0,1,01,2752.0,10400,43000,1,1,1,Musicians and Singers
2023HU1393681,02,00502,48,1049470,16,26,6,1,22,0,2,0,,,6.0,1,01,2850.0,0,250,2,1,2,Writers and Authors
2023HU1396160,01,00800,48,1049470,6,78,6,1,20,550,1,0,40,52,1.0,1,01,2910.0,550,26350,2,1,1,Photographers
2023HU1396922,01,02312,48,1049470,19,25,1,5,18,0,1,25000,40,52,1.0,1,02,2910.0,25000,25000,1,2,1,Photographers
2023HU1397635,02,05301,48,1049470,29,17,6,5,13,2000,1,2000,30,13,1.0,1,01,2634.0,4000,4000,2,1,1,Graphic Designers
2023HU1397763,01,04616,48,1049470,11,34,1,1,21,16000,1,95000,40,52,1.0,1,01,2634.0,111000,111000,1,2,1,Graphic Designers
2023HU1398183,02,02513,48,1049470,13,32,7,1,21,0,2,85000,40,52,1.0,1,01,2634.0,85000,85000,1,2,1,Graphic Designers
2023HU1398663,01,02311,48,1049470,7,61,1,5,21,0,2,96000,40,52,1.0,1,01,2850.0,96000,96000,1,2,1,Writers and Authors
2023HU1399760,01,02508,48,1049470,8,40,5,1,21,0,1,60000,40,52,1.0,1,01,2634.0,60000,60000,1,2,6,Graphic Designers
2023HU1400407,02,01907,48,1049470,2,44,6,1,21,430,2,0,3,20,1.0,1,01,2850.0,430,710,1,2,1,Writers and Authors
2023HU1400669,02,04606,48,1049470,17,59,1,1,16,0,1,15600,12,52,1.0,1,02,2752.0,15600,15600,2,1,9,Musicians and Singers
2023HU1400921,01,05303,48,1049470,11,38,6,5,21,30000,1,36000,40,49,1.0,1,01,2752.0,66000,67000,1,2,1,Musicians and Singers
2023HU1401216,02,04639,48,1049470,36,38,6,1,22,20000,2,0,25,50,1.0,1,02,2910.0,20000,20000,1,2,9,Photographers
2023HU1403134,01,05307,48,1049470,22,32,1,1,21,60000,2,120000,60,50,2.0,1,01,2710.0,180000,180000,1,2,1,Producers and Directors
2023HU1405338,02,02003,48,1049470,12,57,6,1,21,15000,2,0,30,25,1.0,1,01,2710.0,15000,15000,1,2,1,Producers and Directors
2023HU1407008,02,04604,48,1049470,12,39,6,1,22,30000,2,0,40,52,1.0,1,01,2910.0,30000,30000,1,2,6,Photographers
2023HU1408560,01,04625,48,1049470,13,39,2,1,21,2000,2,49000,50,52,1.0,1,01,2710.0,51000,51000,1,2,1,Producers and Directors
2023HU1408719,01,02310,48,1049470,7,31,1,5,19,0,1,8000,50,52,1.0,1,02,2905.0,8000,8000,1,2,1,"Other Media and Communication Equipment Workers (broadcast/sound/AV/lighting techs, combined - PUMS does not separately identify 'sound engineering technician')"
2023HU1412781,01,02318,48,1049470,7,61,6,1,21,-7900,1,0,35,52,1.0,1,01,2905.0,-7900,4100,1,2,2,"Other Media and Communication Equipment Workers (broadcast/sound/AV/lighting techs, combined - PUMS does not separately identify 'sound engineering technician')"
2023HU1415118,02,00502,48,1049470,22,41,1,1,21,0,1,40000,40,52,1.0,1,01,2634.0,40000,40000,1,1,1,Graphic Designers
2023HU1415130,01,02302,48,1049470,8,43,6,1,21,55000,1,0,30,40,1.0,2,01,2850.0,55000,55000,2,2,1,Writers and Authors
2023HU1418546,03,02004,48,1049470,10,59,1,5,20,0,2,90000,40,52,1.0,1,01,2634.0,90000,90000,1,2,1,Graphic Designers
2023HU1419170,03,04702,48,1049470,37,35,1,3,21,0,2,44000,40,52,1.0,2,02,2710.0,44000,44000,2,2,9,Producers and Directors
2023HU1420329,02,01904,48,1049470,11,57,6,1,16,0,2,0,,,6.0,1,01,2910.0,0,0,1,2,8,Photographers
2023HU1422327,02,02510,48,1049470,18,47,2,1,22,0,2,13800,20,12,6.0,1,01,2850.0,13800,13800,1,2,1,Writers and Authors
2023HU1422887,02,03306,48,1049470,11,74,2,1,21,0,1,31000,10,40,1.0,1,01,2905.0,31000,72200,1,1,1,"Other Media and Communication Equipment Workers (broadcast/sound/AV/lighting techs, combined - PUMS does not separately identify 'sound engineering technician')"
2023HU1422941,01,02400,48,1049470,14,34,1,1,21,0,2,2800,8,1,6.0,2,01,2700.0,2800,2800,2,2,1,Actors
2023HU1422969,01,04803,48,1049470,3,75,2,2,21,0,2,3600,4,52,1.0,1,01,2751.0,3600,47400,2,1,1,Music Directors and Composers
2023HU1423025,01,05914,48,1049470,36,42,1,1,19,0,2,70000,40,52,1.0,1,23,2710.0,70000,70000,1,2,9,Producers and Directors
2023HU1423025,02,05914,48,1049470,27,45,1,1,21,1800,1,115000,40,52,1.0,1,01,2710.0,116800,116800,1,2,1,Producers and Directors
2023HU1425121,01,04904,48,1049470,31,58,1,5,21,0,2,92000,40,52,1.0,1,01,2634.0,92000,92620,1,2,9,Graphic Designers
2023HU1426286,02,04613,48,1049470,26,40,6,1,21,3000,1,60000,40,52,1.0,2,01,2634.0,63000,63000,2,2,1,Graphic Designers
2023HU1427305,02,01905,48,1049470,13,59,2,1,21,0,2,8000,25,26,3.0,1,23,2751.0,8000,8000,1,2,9,Music Directors and Composers
2023HU1427721,02,03306,48,1049470,19,61,6,5,19,3000,2,0,20,52,1.0,2,01,2850.0,3000,3000,2,2,1,Writers and Authors
2023HU1428099,02,05700,48,1049470,16,74,6,1,19,-7900,2,0,40,48,1.0,1,01,2850.0,-7900,9200,2,1,9,Writers and Authors
2023HU1428306,01,01502,48,1049470,7,23,2,5,21,800,1,26000,5,52,1.0,1,01,2752.0,26800,26800,1,2,1,Musicians and Singers
2023HU1428803,01,02513,48,1049470,40,34,7,1,21,20000,2,70000,50,52,1.0,1,01,2710.0,90000,90000,1,2,1,Producers and Directors
2023HU1431997,03,02600,48,1049470,27,20,1,5,16,0,1,10000,40,52,1.0,1,02,2740.0,10000,10000,1,2,9,Dancers and Choreographers
2023HU1432535,01,05910,48,1049470,12,38,1,3,20,0,2,40000,40,52,1.0,1,02,2634.0,40000,46000,1,2,5,Graphic Designers
2023HU1432781,01,06804,48,1049470,8,39,6,1,21,19100,1,0,40,52,1.0,1,02,2905.0,19100,19190,1,2,8,"Other Media and Communication Equipment Workers (broadcast/sound/AV/lighting techs, combined - PUMS does not separately identify 'sound engineering technician')"
2023HU1434023,02,04638,48,1049470,16,61,1,5,22,0,1,30000,40,52,1.0,2,01,2752.0,30000,30000,2,2,1,Musicians and Singers
2023HU1434308,01,02303,48,1049470,7,71,1,1,21,0,1,0,,,6.0,1,01,2634.0,0,26860,2,1,1,Graphic Designers
2023HU1434785,01,03400,48,1049470,2,75,2,2,16,0,2,1300,1,52,1.0,1,01,2752.0,1300,13300,1,1,1,Musicians and Singers
2023HU1435200,03,02505,48,1049470,70,33,6,5,19,60000,1,0,65,52,1.0,1,01,2751.0,60000,60000,1,2,2,Music Directors and Composers
2023HU1435973,01,05304,48,1049470,11,45,7,1,22,48000,1,48000,40,52,1.0,1,01,2710.0,96000,116000,1,2,1,Producers and Directors
2023HU1438086,01,01800,48,1049470,7,49,7,1,18,0,1,8000,60,52,1.0,1,01,2850.0,8000,8000,1,1,1,Writers and Authors
2023HU1438086,02,01800,48,1049470,4,21,7,1,15,0,2,50000,60,52,1.0,2,01,2850.0,50000,50000,2,2,9,Writers and Authors
2023HU1439801,01,05305,48,1049470,11,48,1,1,21,0,2,100000,65,52,1.0,1,01,2710.0,100000,100000,1,2,1,Producers and Directors
2023HU1443169,02,05902,48,1049470,11,75,6,1,21,0,2,0,,,6.0,1,01,2910.0,0,13000,1,1,1,Photographers
2023HU1444026,03,02313,48,1049470,66,38,1,3,22,0,2,57000,40,52,1.0,1,01,2710.0,57000,57000,1,2,1,Producers and Directors
2023HU1446046,04,04604,48,1049470,12,26,6,5,22,15000,1,0,2,52,1.0,1,01,2752.0,15000,15000,1,2,1,Musicians and Singers
2023HU1448406,01,04501,48,1049470,18,49,6,1,21,-7900,2,0,40,52,1.0,1,01,2850.0,-7900,-6900,1,2,1,Writers and Authors
2023HU1448583,01,05303,48,1049470,47,26,6,1,16,36000,1,0,45,44,1.0,1,01,2910.0,36000,36000,1,2,1,Photographers
2023HU1448816,02,02002,48,1049470,10,60,1,1,19,0,1,157000,50,52,1.0,1,01,2710.0,157000,157000,1,2,1,Producers and Directors
2023HU1449303,01,00502,48,1049470,10,56,2,3,21,500,2,12000,5,52,1.0,1,01,2752.0,12500,12500,1,2,1,Musicians and Singers
2023HU1449984,03,02102,48,1049470,40,19,2,5,20,0,2,420,5,52,1.0,1,01,2710.0,420,420,1,2,3,Producers and Directors
2023HU1452772,01,00300,48,1049470,8,28,6,5,16,380,1,0,9,2,1.0,2,01,2752.0,380,380,2,2,1,Musicians and Singers
2023HU1453266,02,05913,48,1049470,21,30,1,5,16,0,2,3500,20,21,1.0,2,01,2910.0,3500,3500,2,2,1,Photographers
2023HU1453962,02,00900,48,1049470,20,46,6,1,18,20000,1,0,20,52,1.0,2,02,2634.0,20000,20000,2,2,9,Graphic Designers
2023HU1456350,03,05301,48,1049470,11,35,1,5,18,0,2,0,,,6.0,1,02,2850.0,0,12000,1,1,9,Writers and Authors
2023HU1457320,01,05401,48,1049470,33,47,1,1,20,0,2,230000,40,52,1.0,1,01,2634.0,230000,230000,1,2,1,Graphic Designers
2023HU1457912,02,00502,48,1049470,17,31,2,5,21,1600,1,48000,35,52,1.0,1,01,2710.0,49600,49600,1,2,1,Producers and Directors
2023HU1459329,01,02308,48,1049470,12,33,6,1,19,70000,2,0,60,52,1.0,2,01,2910.0,70000,70000,2,2,8,Photographers
2023HU1459662,02,00800,48,1049470,10,40,1,1,19,0,1,30000,40,34,1.0,1,01,2910.0,30000,30000,1,2,1,Photographers
2024GQ0003862,01,05912,48,1015250,10,74,2,1,22,0,2,4500,1,45,1.0,1,01,2752.0,4500,28200,1,1,1,Musicians and Singers
2024GQ0004543,01,04603,48,1015250,27,21,1,5,19,0,2,5000,6,52,1.0,1,01,2850.0,5000,5000,1,2,2,Writers and Authors
2024GQ0004873,01,05000,48,1015250,19,20,4,5,19,0,2,4000,20,28,1.0,1,01,2634.0,4000,4000,1,2,2,Graphic Designers
2024GQ0005712,01,00501,48,1015250,13,21,4,5,20,500,2,10000,10,31,1.0,1,24,2850.0,10500,10500,1,2,1,Writers and Authors
2024GQ0008632,01,05916,48,1015250,3,74,2,1,22,0,2,4500,1,45,1.0,1,01,2752.0,4500,28200,1,1,1,Musicians and Singers
2024GQ0008635,01,04603,48,1015250,28,21,1,5,19,0,2,5000,6,52,1.0,1,01,2850.0,5000,5000,1,2,1,Writers and Authors
2024GQ0012520,01,00501,48,1015250,30,21,4,5,20,500,2,10000,10,31,1.0,1,24,2850.0,10500,10500,1,2,1,Writers and Authors
2024GQ0015376,01,07401,48,1015250,10,18,2,5,18,0,1,1600,4,20,6.0,1,01,2905.0,1600,1600,1,2,1,"Other Media and Communication Equipment Workers (broadcast/sound/AV/lighting techs, combined - PUMS does not separately identify 'sound engineering technician')"
2024GQ0015507,01,05000,48,1015250,12,20,4,5,19,0,2,4000,20,28,1.0,1,01,2634.0,4000,4000,1,2,2,Graphic Designers
2024GQ0019353,01,00501,48,1015250,8,18,2,5,16,0,1,4000,20,48,2.0,1,01,2752.0,4000,4000,1,2,1,Musicians and Singers
2024GQ0028946,01,00501,48,1015250,10,20,4,5,19,500,2,10000,10,31,1.0,1,01,2850.0,10500,10500,1,2,2,Writers and Authors
2024GQ0036752,01,05904,48,1015250,1,19,2,5,16,2600,1,3000,4,10,1.0,1,01,2910.0,5600,5600,1,2,1,Photographers
2024GQ0039124,01,05909,48,1015250,3,74,2,1,22,0,2,4500,1,45,1.0,1,01,2752.0,4500,28200,1,1,1,Musicians and Singers
2024GQ0041213,01,04603,48,1015250,10,19,7,5,18,0,2,3500,7,52,6.0,2,01,2740.0,3500,3500,2,2,2,Dancers and Choreographers
2024GQ0041521,01,05000,48,1015250,14,21,4,5,16,0,2,4000,20,28,1.0,1,01,2634.0,4000,4000,1,2,2,Graphic Designers
2024GQ0042161,01,05908,48,1015250,4,74,2,1,22,0,2,4500,1,45,1.0,1,01,2752.0,4500,28200,1,1,1,Musicians and Singers
2024GQ0043341,01,05904,48,1015250,2,74,2,1,22,0,2,4500,1,45,1.0,1,01,2752.0,4500,28200,1,1,1,Musicians and Singers
2024GQ0051758,01,03700,48,1015250,1,18,2,5,16,0,2,8300,10,37,2.0,1,01,2910.0,8300,8300,1,2,2,Photographers
2024GQ0054143,01,07401,48,1015250,20,18,2,5,16,0,1,900,10,3,6.0,1,01,2905.0,900,900,1,2,1,"Other Media and Communication Equipment Workers (broadcast/sound/AV/lighting techs, combined - PUMS does not separately identify 'sound engineering technician')"
2024GQ0056784,01,00501,48,1015250,9,20,4,5,19,500,2,10000,10,31,1.0,1,01,2850.0,10500,10500,1,2,2,Writers and Authors
2024GQ0059854,01,00700,48,1015250,6,23,4,5,21,0,2,4000,20,28,1.0,2,01,2634.0,4000,4000,2,2,2,Graphic Designers
2024GQ0065130,01,05308,48,1015250,25,74,2,1,22,0,2,4500,1,45,1.0,1,01,2752.0,4500,28200,1,1,1,Musicians and Singers
2024GQ0065506,01,02509,48,1015250,7,24,6,5,16,0,2,0,,,6.0,1,01,2740.0,0,0,2,1,2,Dancers and Choreographers
2024GQ0067672,01,05902,48,1015250,17,19,2,5,16,2600,1,3000,4,10,1.0,1,01,2910.0,5600,5600,1,2,1,Photographers
2024GQ0074666,01,02503,48,1015250,15,19,1,5,16,0,1,7000,20,30,6.0,1,01,2634.0,7000,7000,1,2,6,Graphic Designers
2024GQ0075456,01,02507,48,1015250,2,74,2,1,22,0,2,100,1,45,1.0,1,01,2752.0,100,23800,1,1,1,Musicians and Singers
2024GQ0082034,01,05000,48,1015250,1,20,4,5,19,0,2,4000,20,28,1.0,1,01,2634.0,4000,4000,1,2,2,Graphic Designers
2024GQ0082629,01,05910,48,1015250,3,74,2,1,22,0,2,4500,1,45,1.0,1,01,2752.0,4500,28200,1,1,1,Musicians and Singers
2024GQ0087591,01,04603,48,1015250,7,19,7,5,18,0,2,3500,7,52,6.0,2,01,2740.0,3500,3500,2,2,2,Dancers and Choreographers
2024GQ0087623,01,02321,48,1015250,9,20,1,5,19,0,1,8000,20,48,1.0,1,24,2850.0,8000,8000,1,2,9,Writers and Authors
2024GQ0087705,01,07401,48,1015250,14,18,2,5,18,0,1,1600,4,20,6.0,1,01,2905.0,1600,1600,1,2,1,"Other Media and Communication Equipment Workers (broadcast/sound/AV/lighting techs, combined - PUMS does not separately identify 'sound engineering technician')"
2024GQ0088966,01,02312,48,1015250,1,20,1,5,19,0,1,8000,20,48,1.0,1,24,2850.0,8000,8000,1,2,9,Writers and Authors
2024GQ0092276,01,03306,48,1015250,20,28,5,1,21,0,1,20000,25,20,6.0,1,01,2850.0,20000,20000,2,1,6,Writers and Authors
2024GQ0095387,01,05902,48,1015250,6,19,2,5,16,2600,1,3000,4,10,1.0,1,01,2910.0,5600,5600,1,2,1,Photographers
2024GQ0098759,01,00501,48,1015250,13,20,4,5,19,500,2,10000,10,31,1.0,1,01,2850.0,10500,10500,1,2,2,Writers and Authors
2024GQ0099610,01,07401,48,1015250,13,19,2,5,19,0,2,1000,40,6,6.0,1,02,2910.0,1000,1000,1,2,1,Photographers
2024GQ0102242,01,00400,48,1015250,14,21,1,5,17,0,2,5000,6,52,1.0,1,01,2850.0,5000,5000,1,2,1,Writers and Authors
2024GQ0102459,01,05000,48,1015250,2,21,4,5,16,0,2,4000,20,28,1.0,1,01,2634.0,4000,4000,1,2,2,Graphic Designers
2024GQ0103611,01,00501,48,1015250,24,18,2,5,16,0,1,4000,20,48,2.0,1,01,2752.0,4000,4000,1,2,1,Musicians and Singers
2024GQ0110196,01,00501,48,1015250,10,21,4,5,20,500,2,10000,10,31,1.0,1,24,2850.0,10500,10500,1,2,1,Writers and Authors
2024GQ0112846,01,04501,48,1015250,15,29,7,5,20,0,2,275000,20,52,6.0,1,01,2710.0,275000,289400,1,2,1,Producers and Directors
2024GQ0113119,01,02312,48,1015250,12,20,1,5,19,0,1,8000,20,48,1.0,1,24,2850.0,8000,8000,1,2,9,Writers and Authors
2024GQ0118608,01,07402,48,1015250,10,19,2,5,19,0,2,1000,40,6,6.0,1,02,2910.0,1000,1000,1,2,1,Photographers
2024GQ0135978,01,07401,48,1015250,13,18,2,5,18,0,1,1600,4,20,6.0,1,01,2905.0,1600,1600,1,2,1,"Other Media and Communication Equipment Workers (broadcast/sound/AV/lighting techs, combined - PUMS does not separately identify 'sound engineering technician')"
2024GQ0137593,01,03306,48,1015250,13,29,5,1,21,0,1,20000,25,20,6.0,1,01,2850.0,20000,20000,2,1,6,Writers and Authors
2024GQ0141692,01,07402,48,1015250,10,18,2,5,16,0,1,900,10,3,6.0,1,01,2905.0,900,900,1,2,1,"Other Media and Communication Equipment Workers (broadcast/sound/AV/lighting techs, combined - PUMS does not separately identify 'sound engineering technician')"
2024GQ0150045,01,06703,48,1015250,3,74,2,1,21,0,2,4500,1,45,1.0,1,01,2752.0,4500,28200,1,1,1,Musicians and Singers
2024GQ0153923,01,00700,48,1015250,13,23,4,5,21,0,2,4000,20,28,1.0,2,01,2634.0,4000,4000,2,2,2,Graphic Designers
2024GQ0161413,01,02508,48,1015250,21,24,6,5,16,0,2,0,,,6.0,1,01,2740.0,0,0,2,1,2,Dancers and Choreographers
2024GQ0163700,01,04625,48,1015250,1,34,7,5,16,0,1,0,,,6.0,2,01,2752.0,0,0,2,2,2,Musicians and Singers
2024GQ0171344,01,03801,48,1015250,17,18,2,5,16,0,1,6000,20,20,1.0,1,01,2752.0,6000,6000,1,2,1,Musicians and Singers
2024GQ0176156,01,03801,48,1015250,9,18,2,5,16,0,1,6000,20,20,1.0,1,01,2752.0,6000,6000,1,2,1,Musicians and Singers
2024GQ0180908,01,07402,48,1015250,13,18,2,5,18,0,1,1600,4,20,6.0,1,01,2905.0,1600,1600,1,2,1,"Other Media and Communication Equipment Workers (broadcast/sound/AV/lighting techs, combined - PUMS does not separately identify 'sound engineering technician')"
2024GQ0181457,01,02515,48,1015250,4,24,6,5,16,0,2,0,,,6.0,1,01,2740.0,0,0,2,1,2,Dancers and Choreographers
2024GQ0182000,01,00501,48,1015250,13,18,2,5,16,0,1,4000,20,48,2.0,1,01,2752.0,4000,4000,1,2,1,Musicians and Singers
2024HU0000368,02,04503,48,1015250,31,18,2,5,14,0,1,800,15,1,6.0,1,02,2752.0,800,900,1,2,9,Musicians and Singers
2024HU0001001,01,05303,48,1015250,32,41,1,5,19,0,1,90000,60,52,1.0,1,01,2910.0,90000,90000,1,2,9,Photographers
2024HU0001351,02,00700,48,1015250,6,29,1,5,16,0,1,35700,40,52,1.0,1,01,2905.0,35700,35700,1,2,1,"Other Media and Communication Equipment Workers (broadcast/sound/AV/lighting techs, combined - PUMS does not separately identify 'sound engineering technician')"
2024HU0004197,01,00501,48,1015250,17,45,1,1,19,0,1,36000,40,52,1.0,1,02,2710.0,36000,36000,1,2,8,Producers and Directors
2024HU0005675,02,05305,48,1015250,14,55,7,1,21,0,2,18000,30,45,1.0,1,01,2910.0,18000,18000,1,2,1,Photographers
2024HU0007269,01,02503,48,1015250,15,26,1,5,21,0,2,41000,40,52,1.0,1,01,2634.0,41000,41000,1,2,6,Graphic Designers
2024HU0008207,01,00300,48,1015250,11,71,1,3,16,0,1,15000,12,52,1.0,1,01,2910.0,15000,28000,2,1,1,Photographers
2024HU0011950,02,04636,48,1015250,15,66,1,1,21,0,2,4000,5,10,6.0,1,01,2700.0,4000,4000,1,1,1,Actors
2024HU0012640,02,02005,48,1015250,11,48,7,1,21,0,1,78000,50,52,1.0,1,01,2850.0,78000,78000,1,2,1,Writers and Authors
2024HU0013438,02,02513,48,1015250,18,62,6,5,21,420,1,0,8,2,3.0,1,01,2700.0,420,520,1,2,2,Actors
2024HU0014274,02,05909,48,1015250,19,34,4,5,19,4500,2,58000,40,52,1.0,1,01,2634.0,62500,62500,1,2,1,Graphic Designers
2024HU0015900,03,00200,48,1015250,18,22,6,5,20,33300,1,0,45,52,1.0,1,01,2910.0,33300,33300,1,2,1,Photographers
2024HU0015929,03,05905,48,1015250,15,57,7,1,12,0,1,36000,40,50,1.0,1,02,2634.0,36000,36000,1,2,8,Graphic Designers
2024HU0015929,04,05905,48,1015250,12,25,1,5,16,0,2,20000,35,40,1.0,1,02,2634.0,20000,20000,1,2,8,Graphic Designers
2024HU0018229,01,00800,48,1015250,4,60,6,1,21,31900,2,0,40,29,6.0,1,01,2850.0,31900,35100,1,2,1,Writers and Authors
2024HU0018796,02,04615,48,1015250,18,40,1,1,20,0,1,55000,40,52,1.0,1,19,2634.0,55000,55000,1,2,9,Graphic Designers
2024HU0019620,01,03502,48,1015250,17,47,6,2,22,15000,2,0,30,52,1.0,1,01,2634.0,15000,15000,1,2,1,Graphic Designers
2024HU0020228,01,03802,48,1015250,3,58,1,1,19,0,1,50000,50,52,1.0,1,01,2634.0,50000,50000,1,2,1,Graphic Designers
2024HU0021631,02,02306,48,1015250,40,59,1,1,16,0,1,75000,60,52,1.0,1,02,2634.0,75000,75000,1,2,9,Graphic Designers
2024HU0023090,01,01908,48,1015250,35,45,6,1,21,52000,1,0,20,26,1.0,1,01,2850.0,52000,57000,1,2,1,Writers and Authors
2024HU0023548,02,05306,48,1015250,15,85,6,1,23,0,1,0,,,6.0,1,01,2850.0,0,40800,1,1,1,Writers and Authors
2024HU0023563,01,03400,48,1015250,128,35,5,1,19,0,1,78000,50,52,4.0,1,01,2905.0,78000,78000,1,2,2,"Other Media and Communication Equipment Workers (broadcast/sound/AV/lighting techs, combined - PUMS does not separately identify 'sound engineering technician')"
2024HU0023714,02,02307,48,1015250,15,52,7,1,21,0,1,83000,40,52,1.0,1,01,2710.0,83000,83000,1,2,1,Producers and Directors
2024HU0024202,01,02102,48,1015250,21,54,6,3,21,42200,2,0,30,45,6.0,1,01,2910.0,42200,42300,1,2,1,Photographers
2024HU0026586,02,02515,48,1015250,4,35,1,1,22,0,2,0,,,6.0,1,01,2710.0,0,0,1,2,1,Producers and Directors
2024HU0030163,01,07401,48,1015250,17,21,1,5,19,0,2,7000,15,36,6.0,1,01,2634.0,7000,7000,1,2,1,Graphic Designers
2024HU0030710,02,02514,48,1015250,23,24,1,5,21,0,2,55000,40,52,1.0,1,01,2634.0,55000,55040,1,2,1,Graphic Designers
2024HU0030825,02,04605,48,1015250,10,18,1,5,14,0,2,0,,,6.0,1,02,2700.0,0,0,2,1,8,Actors
2024HU0031740,02,00900,48,1015250,46,47,3,1,22,0,2,21300,22,46,1.0,1,01,2850.0,21300,21300,1,2,1,Writers and Authors
2024HU0032380,02,04801,48,1015250,14,51,1,1,23,0,1,60000,40,52,1.0,1,01,2634.0,60000,60000,1,2,1,Graphic Designers
2024HU0033446,01,02309,48,1015250,11,46,1,3,21,0,2,150000,40,40,1.0,1,01,2710.0,150000,150000,1,2,1,Producers and Directors
2024HU0033927,01,02512,48,1015250,13,45,1,1,17,0,2,34000,40,52,1.0,1,02,2910.0,34000,34000,1,2,1,Photographers
2024HU0034206,01,04802,48,1015250,18,26,2,5,20,0,2,24000,26,52,1.0,1,01,2634.0,24000,24000,1,2,1,Graphic Designers
2024HU0035832,02,04701,48,1015250,12,88,6,1,23,1100,1,0,10,3,6.0,1,01,2700.0,1100,25200,1,1,1,Actors
2024HU0036703,01,05201,48,1015250,23,33,6,5,21,45000,1,0,50,45,1.0,1,02,2910.0,45000,45800,2,1,9,Photographers
2024HU0037077,01,05303,48,1015250,24,31,1,5,21,0,1,105000,50,52,1.0,1,01,2710.0,105000,105000,1,2,1,Producers and Directors
2024HU0038011,01,00100,48,1015250,7,86,4,2,21,0,2,21600,5,52,1.0,1,01,2850.0,21600,55900,1,1,1,Writers and Authors
2024HU0038685,02,04701,48,1015250,14,39,6,4,24,40000,1,0,50,52,1.0,1,01,2752.0,40000,50000,1,2,1,Musicians and Singers
2024HU0039402,01,04701,48,1015250,13,69,6,1,19,0,1,0,,,6.0,1,01,2700.0,0,6900,2,1,1,Actors
2024HU0041218,01,01400,48,1015250,16,64,1,2,15,0,1,65000,40,52,1.0,1,01,2910.0,65000,72500,1,2,1,Photographers
2024HU0045260,02,02501,48,1015250,14,46,6,1,18,0,2,0,,,6.0,1,01,2910.0,0,0,1,2,1,Photographers
2024HU0046994,01,01907,48,1015250,30,32,6,3,21,38400,2,0,40,52,1.0,1,01,2634.0,38400,38400,1,2,6,Graphic Designers
2024HU0050009,01,05304,48,1015250,29,44,6,1,19,4800,1,0,1,52,1.0,1,02,2752.0,4800,4800,1,2,9,Musicians and Singers
2024HU0050606,01,05307,48,1015250,23,65,1,3,21,0,2,75000,40,52,1.0,1,01,2634.0,75000,75000,1,2,1,Graphic Designers
2024HU0052922,02,04604,48,1015250,15,49,6,1,21,0,1,0,,,6.0,1,21,2752.0,0,4500,1,2,9,Musicians and Singers
2024HU0054960,01,02004,48,1015250,58,48,1,5,15,0,1,65000,35,52,1.0,1,01,2905.0,65000,65000,1,2,1,"Other Media and Communication Equipment Workers (broadcast/sound/AV/lighting techs, combined - PUMS does not separately identify 'sound engineering technician')"
2024HU0054988,01,04627,48,1015250,36,51,1,1,21,0,1,100000,40,40,1.0,2,01,2850.0,100000,100000,2,2,1,Writers and Authors
2024HU0055798,02,02308,48,1015250,25,30,1,1,21,0,2,20000,20,52,2.0,1,01,2850.0,20000,20000,1,2,1,Writers and Authors
2024HU0055872,01,00100,48,1015250,4,45,2,1,21,0,1,50000,4,52,1.0,2,01,2751.0,50000,55120,2,2,1,Music Directors and Composers
2024HU0056243,02,04634,48,1015250,24,21,6,5,16,12000,2,0,20,20,1.0,1,02,2910.0,12000,12000,1,2,1,Photographers
2024HU0058384,02,05913,48,1015250,21,31,2,5,17,0,2,3000,20,52,1.0,1,02,2634.0,3000,3000,2,1,8,Graphic Designers
2024HU0059523,02,04611,48,1015250,16,36,7,1,20,0,1,65000,35,50,1.0,1,01,2905.0,65000,65000,1,2,1,"Other Media and Communication Equipment Workers (broadcast/sound/AV/lighting techs, combined - PUMS does not separately identify 'sound engineering technician')"
2024HU0062255,01,05204,48,1015250,14,73,6,3,21,2200,1,0,3,16,6.0,1,04,2752.0,2200,43000,1,1,8,Musicians and Singers
2024HU0064827,02,02511,48,1015250,12,28,1,5,19,0,1,20000,40,4,6.0,1,01,2634.0,20000,20000,1,2,1,Graphic Designers
2024HU0064937,02,04702,48,1015250,8,36,2,1,21,0,1,80000,40,52,1.0,1,01,2751.0,80000,80000,1,2,1,Music Directors and Composers
2024HU0065824,01,02315,48,1015250,14,28,6,5,21,20000,2,0,35,52,1.0,1,01,2910.0,20000,20000,1,2,1,Photographers
2024HU0068352,01,05100,48,1015250,24,30,6,1,22,60000,2,0,50,52,1.0,1,01,2634.0,60000,60000,1,2,1,Graphic Designers
2024HU0070180,01,01902,48,1015250,34,48,1,3,21,0,2,18000,25,36,1.0,1,01,2910.0,18000,18000,1,2,1,Photographers
2024HU0071412,01,02002,48,1015250,7,48,1,5,20,0,1,52000,48,52,1.0,1,01,2634.0,52000,52000,1,2,2,Graphic Designers
2024HU0071589,02,04605,48,1015250,15,47,6,4,22,43000,2,0,30,52,1.0,1,01,2910.0,43000,43000,1,2,1,Photographers
2024HU0071778,02,02510,48,1015250,8,47,1,1,22,0,1,58000,45,52,1.0,1,01,2850.0,58000,58000,1,2,9,Writers and Authors
2024HU0072409,02,04637,48,1015250,11,56,6,1,21,75000,1,0,40,52,1.0,1,02,2634.0,75000,75000,1,2,9,Graphic Designers
2024HU0073218,02,05902,48,1015250,19,26,1,1,20,0,2,2000,20,4,6.0,1,01,2910.0,2000,12800,2,1,1,Photographers
2024HU0073395,01,05305,48,1015250,54,54,6,1,21,500,2,0,5,2,6.0,1,01,2850.0,500,500,1,2,1,Writers and Authors
2024HU0075004,01,05204,48,1015250,11,63,6,1,19,1000,1,0,10,52,1.0,1,01,2710.0,1000,25900,1,2,1,Producers and Directors
2024HU0076569,02,04633,48,1015250,15,37,1,1,21,0,1,48000,40,52,1.0,1,02,2905.0,48000,48000,1,2,3,"Other Media and Communication Equipment Workers (broadcast/sound/AV/lighting techs, combined - PUMS does not separately identify 'sound engineering technician')"
2024HU0078362,02,04603,48,1015250,14,28,2,5,22,0,1,75000,40,52,1.0,1,01,2752.0,75000,75000,1,2,1,Musicians and Singers
2024HU0080523,07,00400,48,1015250,1,46,1,4,19,0,2,18000,32,52,1.0,1,01,2910.0,18000,18000,1,2,1,Photographers
2024HU0080672,01,02320,48,1015250,28,48,3,5,21,0,2,14000,28,41,1.0,1,01,2634.0,14000,14000,1,2,1,Graphic Designers
2024HU0082894,01,02313,48,1015250,11,30,7,3,21,0,2,50000,45,52,1.0,2,01,2910.0,50000,50000,2,2,1,Photographers
2024HU0084804,02,04616,48,1015250,10,54,2,1,22,1000,1,250000,80,52,1.0,1,01,2752.0,251000,263000,1,2,1,Musicians and Singers
2024HU0085310,01,02002,48,1015250,25,45,1,1,21,0,1,88000,40,52,1.0,1,01,2905.0,88000,88000,1,2,1,"Other Media and Communication Equipment Workers (broadcast/sound/AV/lighting techs, combined - PUMS does not separately identify 'sound engineering technician')"
2024HU0088631,02,02003,48,1015250,43,47,1,5,22,0,1,1500,5,52,1.0,1,01,2850.0,1500,1500,1,2,6,Writers and Authors
2024HU0089782,01,02003,48,1015250,16,70,1,3,21,0,2,111000,45,52,1.0,1,01,2710.0,111000,134500,1,1,1,Producers and Directors
2024HU0091023,01,00800,48,1015250,13,79,2,3,19,0,2,0,,,6.0,1,01,2752.0,0,14800,2,1,1,Musicians and Singers
2024HU0092337,01,04636,48,1015250,8,78,6,1,23,-1200,1,0,10,10,6.0,1,01,2850.0,-1200,19300,2,1,1,Writers and Authors
2024HU0093638,02,02506,48,1015250,11,73,6,1,21,2000,2,0,20,8,6.0,1,01,2634.0,2000,40500,1,1,1,Graphic Designers
2024HU0096971,01,02513,48,1015250,10,66,2,1,24,0,1,27000,10,52,1.0,1,01,2752.0,27000,63000,1,1,1,Musicians and Singers
2024HU0096987,01,02505,48,1015250,14,61,1,1,16,0,1,61000,40,52,1.0,2,02,2634.0,61000,61000,2,2,8,Graphic Designers
2024HU0099301,01,06805,48,1015250,14,22,1,5,21,0,1,0,,,3.0,1,01,2752.0,0,500,1,2,9,Musicians and Singers
2024HU0099801,02,05307,48,1015250,27,41,7,1,20,0,2,0,,,6.0,1,01,2710.0,0,0,1,2,9,Producers and Directors
2024HU0102782,02,05911,48,1015250,67,18,2,5,14,0,1,30,1,8,3.0,1,01,2752.0,30,30,1,1,1,Musicians and Singers
2024HU0103804,01,03000,48,1015250,74,46,4,1,22,0,2,57000,40,52,1.0,1,01,2710.0,57000,57000,1,2,1,Producers and Directors
2024HU0104586,04,02510,48,1015250,13,19,2,5,19,0,1,15000,20,52,1.0,1,01,2905.0,15000,15000,1,2,1,"Other Media and Communication Equipment Workers (broadcast/sound/AV/lighting techs, combined - PUMS does not separately identify 'sound engineering technician')"
2024HU0105298,02,02509,48,1015250,25,31,1,1,21,0,2,0,,,3.0,1,21,2910.0,0,0,1,2,1,Photographers
2024HU0106792,02,02006,48,1015250,37,39,1,1,21,0,1,48000,40,52,1.0,1,03,2905.0,48000,48000,1,2,8,"Other Media and Communication Equipment Workers (broadcast/sound/AV/lighting techs, combined - PUMS does not separately identify 'sound engineering technician')"
2024HU0106818,01,05202,48,1015250,10,82,2,1,22,0,1,12000,10,52,1.0,1,01,2752.0,12000,121000,1,1,1,Musicians and Singers
2024HU0111695,02,02513,48,1015250,18,25,1,5,21,0,2,49000,40,52,1.0,1,01,2910.0,49000,49000,1,2,1,Photographers
2024HU0112630,02,05301,48,1015250,18,34,6,1,21,20000,1,45000,75,30,1.0,1,01,2910.0,65000,65000,1,2,1,Photographers
2024HU0114462,02,03400,48,1015250,8,86,6,1,24,0,1,0,,,6.0,1,01,2751.0,0,46200,1,1,1,Music Directors and Composers
2024HU0116068,02,02512,48,1015250,9,44,1,1,18,0,2,82000,50,52,1.0,1,01,2634.0,82000,82000,1,2,1,Graphic Designers
2024HU0117703,01,05912,48,1015250,14,85,6,1,16,-8100,1,13200,48,52,1.0,1,01,2634.0,5100,87800,2,1,1,Graphic Designers
2024HU0118890,02,01905,48,1015250,14,50,1,1,20,0,1,105000,40,52,1.0,1,01,2634.0,105000,105000,1,2,1,Graphic Designers
2024HU0123446,01,01700,48,1015250,8,40,6,1,19,40000,1,0,30,52,1.0,2,01,2910.0,40000,40000,2,2,1,Photographers
2024HU0127443,02,02313,48,1015250,17,39,7,5,21,0,2,53000,32,30,1.0,1,01,2710.0,53000,53170,1,2,1,Producers and Directors
2024HU0128624,02,05301,48,1015250,17,51,1,1,20,0,1,48000,42,52,1.0,1,01,2634.0,48000,48000,1,1,2,Graphic Designers
2024HU0130145,02,02006,48,1015250,14,39,1,1,19,0,1,60000,55,32,1.0,1,01,2905.0,60000,60000,1,2,1,"Other Media and Communication Equipment Workers (broadcast/sound/AV/lighting techs, combined - PUMS does not separately identify 'sound engineering technician')"
2024HU0136507,03,01907,48,1015250,32,30,6,5,21,20000,1,39000,30,52,1.0,1,01,2634.0,59000,59000,1,2,1,Graphic Designers
2024HU0136532,01,02313,48,1015250,25,32,6,5,22,51000,2,0,40,40,1.0,1,01,2752.0,51000,52300,1,2,1,Musicians and Singers
2024HU0136532,02,02313,48,1015250,24,30,6,5,23,20000,1,0,20,40,1.0,1,01,2752.0,20000,20000,1,2,1,Musicians and Singers
2024HU0136576,02,04501,48,1015250,99,34,6,1,19,19000,2,0,40,32,1.0,2,01,2910.0,19000,19000,2,2,2,Photographers
2024HU0138635,01,01905,48,1015250,15,32,6,1,20,7000,2,0,5,52,1.0,1,01,2910.0,7000,7000,1,2,1,Photographers
2024HU0140181,01,04634,48,1015250,17,24,2,5,19,0,1,25000,45,43,1.0,1,01,2740.0,25000,28600,1,2,1,Dancers and Choreographers
2024HU0140536,02,01904,48,1015250,20,33,7,1,17,0,1,601000,45,52,1.0,1,01,2910.0,601000,604300,1,2,1,Photographers
2024HU0141797,02,02507,48,1015250,9,37,2,1,21,0,2,2000,80,2,3.0,1,03,2700.0,2000,2000,1,2,9,Actors
2024HU0144824,01,05401,48,1015250,35,49,6,1,21,50000,2,0,40,52,1.0,1,01,2850.0,50000,50000,1,2,1,Writers and Authors
2024HU0145324,01,05309,48,1015250,27,34,7,1,21,0,1,65000,40,52,1.0,1,01,2850.0,65000,65000,1,2,9,Writers and Authors
2024HU0145421,02,06807,48,1015250,30,41,1,1,19,0,1,72000,50,52,1.0,1,02,2910.0,72000,72000,1,2,9,Photographers
2024HU0146648,01,02322,48,1015250,8,59,1,3,21,12000,1,90000,40,52,1.0,1,01,2634.0,102000,102000,1,2,6,Graphic Designers
2024HU0146692,02,04702,48,1015250,13,23,6,1,21,50000,2,0,60,52,1.0,2,01,2910.0,50000,50000,2,2,1,Photographers
2024HU0152398,02,05306,48,1015250,17,56,6,1,20,45000,1,40000,30,52,1.0,1,01,2634.0,85000,85000,1,2,1,Graphic Designers
2024HU0152993,01,05901,48,1015250,13,42,6,3,19,30000,1,0,60,52,1.0,2,02,2752.0,30000,30000,2,2,3,Musicians and Singers
2024HU0153069,02,03307,48,1015250,76,39,7,1,09,0,1,65000,40,52,1.0,2,02,2751.0,65000,65000,2,2,8,Music Directors and Composers
2024HU0154461,02,03400,48,1015250,9,77,2,1,16,0,2,0,,,6.0,1,01,2752.0,0,12200,1,1,1,Musicians and Singers
2024HU0154523,02,05203,48,1015250,19,25,1,5,19,0,1,74000,30,52,1.0,2,16,2752.0,74000,74000,2,2,9,Musicians and Singers
2024HU0154791,01,04634,48,1015250,9,32,6,1,21,25000,1,70000,32,52,1.0,1,01,2710.0,95000,95000,2,1,1,Producers and Directors
2024HU0154987,02,02102,48,1015250,9,53,1,1,22,0,2,95000,50,52,1.0,1,01,2634.0,95000,95000,1,1,1,Graphic Designers
2024HU0155683,01,05303,48,1015250,18,60,2,1,22,70000,2,150000,40,52,1.0,1,01,2752.0,220000,220000,1,2,1,Musicians and Singers
2024HU0156864,01,01400,48,1015250,11,34,6,1,20,7000,2,0,5,52,1.0,1,01,2910.0,7000,7000,1,2,1,Photographers
2024HU0157638,01,02313,48,1015250,30,25,2,5,21,0,1,601000,40,52,1.0,1,02,2752.0,601000,601000,1,2,9,Musicians and Singers
2024HU0158693,02,05303,48,1015250,18,73,4,1,20,0,2,0,,,6.0,1,02,2634.0,0,46000,2,1,9,Graphic Designers
2024HU0159279,01,05305,48,1015250,6,66,6,1,21,500,1,12500,40,52,1.0,1,01,2751.0,13000,189000,1,2,9,Music Directors and Composers
2024HU0159517,03,00502,48,1015250,26,22,4,5,21,0,1,5000,20,20,3.0,1,01,2910.0,5000,5000,1,2,1,Photographers
2024HU0161201,01,04627,48,1015250,23,40,6,1,21,41000,2,0,25,52,1.0,1,11,2910.0,41000,66400,1,1,1,Photographers
2024HU0163810,01,00800,48,1015250,22,67,1,1,15,0,2,102000,40,52,1.0,1,01,2634.0,102000,135700,1,1,1,Graphic Designers
2024HU0164838,01,03802,48,1015250,22,65,2,2,19,2000,1,100000,5,52,2.0,1,01,2752.0,102000,194800,2,1,1,Musicians and Singers
2024HU0166942,02,02102,48,1015250,13,42,2,1,21,0,2,1200,1,52,1.0,2,01,2634.0,1200,1200,2,2,1,Graphic Designers
2024HU0167293,03,04633,48,1015250,12,20,1,5,18,0,2,24000,30,32,1.0,1,21,2910.0,24000,24000,1,2,8,Photographers
2024HU0168325,01,03400,48,1015250,9,72,2,3,21,0,2,6000,5,52,1.0,1,01,2752.0,6000,20700,2,1,1,Musicians and Singers
2024HU0169390,01,02101,48,1015250,12,58,6,1,20,24000,1,0,80,52,1.0,2,01,2752.0,24000,24000,2,2,1,Musicians and Singers
2024HU0169527,01,05916,48,1015250,24,67,2,2,16,0,2,32000,4,52,1.0,1,01,2751.0,32000,42000,1,1,2,Music Directors and Composers
2024HU0170259,02,05201,48,1015250,20,31,6,5,21,62000,1,0,36,52,1.0,1,01,2634.0,62000,62000,1,2,1,Graphic Designers
2024HU0170561,01,02003,48,1015250,16,55,2,1,21,0,2,1200,15,6,6.0,1,01,2850.0,1200,1200,1,2,1,Writers and Authors
2024HU0170970,02,02102,48,1015250,4,41,6,1,21,0,2,0,,,6.0,1,01,2910.0,0,0,1,2,1,Photographers
2024HU0172986,02,05306,48,1015250,18,41,1,1,21,0,1,55000,40,52,1.0,1,01,2634.0,55000,55000,1,2,1,Graphic Designers
2024HU0177024,02,00502,48,1015250,31,26,4,3,20,0,2,5700,25,18,1.0,1,01,2905.0,5700,5700,1,2,1,"Other Media and Communication Equipment Workers (broadcast/sound/AV/lighting techs, combined - PUMS does not separately identify 'sound engineering technician')"
2024HU0177226,01,02506,48,1015250,58,57,1,1,19,0,1,84000,45,52,1.0,1,24,2634.0,84000,84000,1,2,9,Graphic Designers
2024HU0178824,01,02507,48,1015250,12,56,6,1,21,78000,2,0,25,47,1.0,1,01,2634.0,78000,78000,1,2,1,Graphic Designers
2024HU0180700,01,06803,48,1015250,8,30,1,5,21,0,1,33000,40,52,1.0,1,02,2634.0,33000,33010,1,2,1,Graphic Designers
2024HU0183007,02,04608,48,1015250,11,43,6,5,16,0,1,0,,,6.0,2,08,2634.0,0,0,2,2,3,Graphic Designers
2024HU0184439,02,04702,48,1015250,13,33,1,5,18,0,1,12000,30,45,1.0,2,01,2850.0,12000,12000,2,2,1,Writers and Authors
2024HU0188894,02,07402,48,1015250,15,28,6,1,21,22000,2,0,15,51,1.0,1,01,2910.0,22000,22000,1,2,1,Photographers
2024HU0190285,01,04605,48,1015250,15,35,5,5,22,0,1,28000,40,52,1.0,1,03,2752.0,28000,29700,1,1,1,Musicians and Singers
2024HU0190543,01,03801,48,1015250,29,30,1,5,21,0,2,41000,40,52,1.0,2,01,2710.0,41000,41000,2,2,1,Producers and Directors
2024HU0191818,01,01904,48,1015250,23,28,1,1,21,0,2,85000,40,52,1.0,1,01,2634.0,85000,85000,1,2,1,Graphic Designers
2024HU0191949,01,05306,48,1015250,22,33,6,5,22,35000,1,30000,50,52,1.0,1,01,2850.0,65000,65000,1,2,1,Writers and Authors
2024HU0194086,01,05309,48,1015250,39,68,6,3,21,30000,1,110000,45,52,1.0,1,01,2710.0,140000,161800,2,1,1,Producers and Directors
2024HU0197685,02,00501,48,1015250,15,23,6,1,18,20000,2,0,5,18,6.0,1,01,2910.0,20000,20000,1,2,1,Photographers
2024HU0198102,02,02509,48,1015250,8,53,7,1,21,0,2,601000,60,52,1.0,1,01,2850.0,601000,601000,1,2,1,Writers and Authors
2024HU0198891,02,05912,48,1015250,28,34,8,1,21,0,1,250,25,36,1.0,1,01,2710.0,250,250,1,1,1,Producers and Directors
2024HU0199113,02,05307,48,1015250,20,47,1,3,24,0,1,10000,15,20,3.0,1,01,2700.0,10000,10000,1,2,9,Actors
2024HU0199238,02,02309,48,1015250,12,66,1,1,22,0,1,41000,22,32,1.0,1,01,2710.0,41000,46000,2,1,1,Producers and Directors
2024HU0199679,03,01905,48,1015250,34,22,2,5,20,0,2,0,,,6.0,1,01,2634.0,0,800,1,2,1,Graphic Designers
2024HU0201088,01,02320,48,1015250,20,47,1,1,21,100,2,50000,45,52,1.0,1,01,2710.0,50100,50100,1,2,1,Producers and Directors
2024HU0201493,01,02501,48,1015250,12,70,6,3,21,14200,2,0,10,40,1.0,1,01,2850.0,14200,59100,2,1,1,Writers and Authors
2024HU0202971,01,02005,48,1015250,14,22,1,5,19,0,2,500,4,7,6.0,1,01,2634.0,500,500,1,2,1,Graphic Designers
2024HU0204809,03,01902,48,1015250,19,18,1,5,14,0,1,2000,25,6,6.0,1,01,2752.0,2000,2000,1,2,1,Musicians and Singers
2024HU0205946,01,02001,48,1015250,10,54,6,3,21,500,2,64000,40,40,1.0,1,01,2634.0,64500,64500,1,2,1,Graphic Designers
2024HU0208521,02,07500,48,1015250,30,66,2,1,16,0,2,38000,40,52,1.0,1,02,2905.0,38000,50000,1,1,9,"Other Media and Communication Equipment Workers (broadcast/sound/AV/lighting techs, combined - PUMS does not separately identify 'sound engineering technician')"
2024HU0208866,01,04626,48,1015250,44,37,1,1,19,0,2,45000,40,52,1.0,1,01,2634.0,45000,45000,1,2,2,Graphic Designers
2024HU0209393,02,02510,48,1015250,20,40,1,1,21,0,1,54000,40,52,1.0,1,01,2634.0,54000,54000,1,2,1,Graphic Designers
2024HU0209680,02,05308,48,1015250,14,47,6,5,20,50000,1,0,40,52,1.0,1,01,2752.0,50000,120000,1,2,1,Musicians and Singers
2024HU0209942,01,01700,48,1015250,5,35,4,5,16,0,1,50000,45,52,1.0,1,01,2905.0,50000,50000,1,2,1,"Other Media and Communication Equipment Workers (broadcast/sound/AV/lighting techs, combined - PUMS does not separately identify 'sound engineering technician')"
2024HU0210339,01,04637,48,1015250,9,60,7,1,18,0,1,26000,55,52,1.0,1,01,2634.0,26000,26000,1,2,3,Graphic Designers
2024HU0211619,01,05915,48,1015250,17,55,1,5,21,0,2,30000,40,36,1.0,1,02,2910.0,30000,30000,1,2,9,Photographers
2024HU0217891,01,02502,48,1015250,17,62,6,3,21,0,1,0,,,6.0,1,01,2910.0,0,1000,2,1,1,Photographers
2024HU0220082,03,01904,48,1015250,19,22,1,5,20,0,1,0,,,3.0,1,01,2634.0,0,0,1,2,1,Graphic Designers
2024HU0222561,01,02312,48,1015250,89,36,6,5,19,200,2,0,35,52,1.0,1,01,2752.0,200,200,1,2,1,Musicians and Singers
2024HU0225346,02,02400,48,1015250,17,34,1,1,19,0,2,16900,30,6,3.0,1,01,2910.0,16900,16900,1,2,1,Photographers
2024HU0225551,02,04615,48,1015250,9,50,2,1,22,1000,1,250000,80,52,1.0,1,01,2752.0,251000,263000,1,2,1,Musicians and Singers
2024HU0226611,04,02005,48,1015250,5,26,6,3,21,2500,1,0,40,52,1.0,2,01,2700.0,2500,2500,2,2,9,Actors
2024HU0227305,02,02002,48,1015250,13,56,1,1,16,0,1,100000,40,52,1.0,1,01,2905.0,100000,100000,1,2,1,"Other Media and Communication Equipment Workers (broadcast/sound/AV/lighting techs, combined - PUMS does not separately identify 'sound engineering technician')"
2024HU0228918,02,02309,48,1015250,11,34,6,1,21,2000,2,0,5,3,3.0,1,01,2910.0,2000,2000,1,2,1,Photographers
2024HU0229129,03,02304,48,1015250,25,27,1,5,18,0,2,48000,35,52,1.0,1,01,2634.0,48000,48000,1,2,2,Graphic Designers
2024HU0229675,01,04504,48,1015250,38,34,3,1,22,0,1,70000,70,52,1.0,1,01,2751.0,70000,70000,1,2,1,Music Directors and Composers
2024HU0230584,01,01905,48,1015250,11,41,1,1,21,0,1,190000,50,52,1.0,1,01,2710.0,190000,190000,1,2,6,Producers and Directors
2024HU0231095,01,07300,48,1015250,113,50,6,1,16,40000,2,0,40,40,1.0,1,01,2910.0,40000,40000,1,2,9,Photographers
2024HU0236326,02,02700,48,1015250,9,63,2,1,21,0,2,9000,9,15,6.0,1,01,2752.0,9000,45000,1,2,1,Musicians and Singers
2024HU0238799,02,02510,48,1015250,14,39,1,1,20,0,1,48000,40,52,1.0,1,02,2850.0,48000,48000,1,2,9,Writers and Authors
2024HU0239195,01,06500,48,1015250,20,49,4,3,20,0,2,50000,40,52,1.0,1,02,2710.0,50000,50000,1,2,9,Producers and Directors
2024HU0239831,01,05309,48,1015250,18,62,6,1,21,50000,1,40000,30,30,1.0,2,01,2710.0,90000,90000,2,2,1,Producers and Directors
2024HU0239979,01,02002,48,1015250,25,25,1,5,20,0,1,31100,40,52,1.0,1,01,2905.0,31100,31100,1,2,1,"Other Media and Communication Equipment Workers (broadcast/sound/AV/lighting techs, combined - PUMS does not separately identify 'sound engineering technician')"
2024HU0240718,03,05204,48,1015250,20,22,1,5,19,0,2,8000,35,52,1.0,1,01,2910.0,8000,8000,1,2,1,Photographers
2024HU0240853,01,04501,48,1015250,58,30,1,5,20,0,1,45000,40,52,1.0,1,01,2905.0,45000,45000,1,2,1,"Other Media and Communication Equipment Workers (broadcast/sound/AV/lighting techs, combined - PUMS does not separately identify 'sound engineering technician')"
2024HU0242907,01,04604,48,1015250,14,56,7,3,22,0,1,140000,65,52,1.0,1,01,2910.0,140000,140000,1,2,1,Photographers
2024HU0243766,01,04907,48,1015250,7,64,2,1,21,0,2,8100,1,52,1.0,1,01,2752.0,8100,39300,1,2,1,Musicians and Singers
2024HU0244321,01,05309,48,1015250,50,30,6,1,19,60000,2,0,25,52,1.0,2,01,2710.0,60000,60000,2,2,1,Producers and Directors
2024HU0244344,02,03309,48,1015250,2,53,1,1,19,0,1,37500,35,48,1.0,1,02,2905.0,37500,37500,1,2,1,"Other Media and Communication Equipment Workers (broadcast/sound/AV/lighting techs, combined - PUMS does not separately identify 'sound engineering technician')"
2024HU0245580,03,06703,48,1015250,14,32,2,5,21,8000,1,15000,16,52,1.0,1,02,2752.0,23000,23000,1,2,1,Musicians and Singers
2024HU0247454,01,03307,48,1015250,24,58,1,1,19,0,1,142000,45,52,1.0,1,02,2710.0,142000,142000,1,2,9,Producers and Directors
2024HU0247831,02,05305,48,1015250,10,55,4,1,21,10000,1,95000,45,52,1.0,1,24,2910.0,105000,105000,1,2,9,Photographers
2024HU0255064,01,05911,48,1015250,20,46,2,5,22,0,2,106000,45,52,1.0,1,02,2710.0,106000,106800,1,2,1,Producers and Directors
2024HU0255159,01,02313,48,1015250,10,60,6,3,20,70000,1,0,30,52,1.0,2,01,2710.0,70000,70000,2,2,1,Producers and Directors
2024HU0255644,01,04501,48,1015250,19,65,2,4,19,0,1,60000,80,52,1.0,1,01,2634.0,60000,60000,2,1,1,Graphic Designers
2024HU0256866,01,07401,48,1015250,9,20,1,5,19,0,2,16000,20,48,1.0,1,01,2634.0,16000,16000,1,2,1,Graphic Designers
2024HU0262316,03,04634,48,1015250,13,47,6,1,22,43000,2,0,30,52,1.0,1,01,2910.0,43000,43000,1,2,1,Photographers
2024HU0264704,01,02511,48,1015250,8,30,2,1,16,10000,1,50000,40,52,1.0,2,01,2905.0,60000,60000,2,2,9,"Other Media and Communication Equipment Workers (broadcast/sound/AV/lighting techs, combined - PUMS does not separately identify 'sound engineering technician')"
2024HU0264704,05,02511,48,1015250,8,26,2,5,20,0,1,70000,50,52,1.0,2,01,2710.0,70000,70000,2,2,9,Producers and Directors
2024HU0266494,01,05901,48,1015250,7,68,7,1,19,14000,1,14000,8,52,1.0,1,02,2634.0,28000,40000,2,1,9,Graphic Designers
2024HU0266494,02,05901,48,1015250,10,37,7,5,16,0,1,16000,8,52,1.0,2,02,2634.0,16000,16000,2,2,9,Graphic Designers
2024HU0268802,01,00800,48,1015250,15,69,2,2,19,0,2,0,,,6.0,1,01,2634.0,0,96000,2,1,1,Graphic Designers
2024HU0269639,01,03309,48,1015250,26,37,1,5,19,0,1,38000,50,52,1.0,1,02,2905.0,38000,38000,1,2,9,"Other Media and Communication Equipment Workers (broadcast/sound/AV/lighting techs, combined - PUMS does not separately identify 'sound engineering technician')"
2024HU0270963,01,05905,48,1015250,11,81,6,1,16,-8100,1,13200,48,52,1.0,1,01,2634.0,5100,87800,2,1,1,Graphic Designers
2024HU0274229,01,02510,48,1015250,16,42,6,1,16,52000,1,0,40,52,1.0,2,01,2752.0,52000,52000,2,2,1,Musicians and Singers
2024HU0274957,02,02004,48,1015250,13,60,7,1,16,0,2,0,,,6.0,1,01,2752.0,0,0,1,2,6,Musicians and Singers
2024HU0275179,02,04630,48,1015250,19,49,2,1,22,0,2,64000,40,52,1.0,1,01,2850.0,64000,64000,1,2,1,Writers and Authors
2024HU0275182,01,05309,48,1015250,11,43,6,5,21,60000,2,0,40,52,1.0,1,01,2710.0,60000,60000,1,2,1,Producers and Directors
2024HU0277055,01,05402,48,1015250,17,42,6,3,21,35400,2,0,20,52,1.0,1,01,2752.0,35400,35400,1,2,1,Musicians and Singers
2024HU0277365,01,02510,48,1015250,19,26,1,1,21,0,2,43400,40,52,1.0,1,01,2634.0,43400,43400,1,2,1,Graphic Designers
2024HU0277814,01,05308,48,1015250,16,43,1,3,20,0,1,37000,40,52,1.0,1,01,2634.0,37000,37000,1,2,1,Graphic Designers
2024HU0279345,02,03310,48,1015250,17,63,6,3,20,10000,1,0,30,35,1.0,1,02,2752.0,10000,50000,1,2,6,Musicians and Singers
2024HU0282377,01,02003,48,1015250,8,34,1,1,21,0,1,75000,40,52,1.0,2,02,2710.0,75000,75000,2,2,9,Producers and Directors
2024HU0283927,01,05911,48,1015250,15,25,1,1,22,0,1,70000,90,52,1.0,1,01,2850.0,70000,70000,1,2,1,Writers and Authors
2024HU0286554,02,07401,48,1015250,12,21,1,5,19,0,1,8000,30,20,6.0,1,01,2850.0,8000,8000,1,2,6,Writers and Authors
2024HU0287693,02,06803,48,1015250,8,69,2,1,10,0,2,7000,15,52,1.0,1,24,2752.0,7000,14700,2,1,9,Musicians and Singers
2024HU0289977,01,04612,48,1015250,9,62,1,1,21,0,1,85000,42,52,1.0,1,01,2910.0,85000,85000,1,2,1,Photographers
2024HU0295619,01,05904,48,1015250,12,40,7,1,21,0,2,95000,60,52,1.0,1,01,2710.0,95000,95000,1,2,1,Producers and Directors
2024HU0296936,01,05202,48,1015250,23,36,1,1,24,3000,2,75000,40,52,1.0,1,01,2850.0,78000,87600,1,2,1,Writers and Authors
2024HU0296936,02,05202,48,1015250,22,34,1,1,21,0,1,90000,40,52,1.0,1,01,2850.0,90000,90000,1,2,1,Writers and Authors
2024HU0301477,02,03309,48,1015250,45,50,1,1,19,0,1,80000,40,52,1.0,1,01,2634.0,80000,80000,1,2,6,Graphic Designers
2024HU0306533,02,02001,48,1015250,66,41,6,5,20,0,2,0,,,6.0,1,04,2634.0,0,1400,1,2,9,Graphic Designers
2024HU0308052,01,02319,48,1015250,19,50,6,1,21,-8100,2,30000,35,52,1.0,1,01,2634.0,21900,21900,1,2,1,Graphic Designers
2024HU0308063,01,02504,48,1015250,91,30,6,5,18,17000,1,0,55,25,1.0,2,01,2910.0,17000,17000,2,2,2,Photographers
2024HU0310429,01,03801,48,1015250,12,28,2,5,21,0,1,68000,55,52,1.0,1,01,2905.0,68000,68000,1,2,1,"Other Media and Communication Equipment Workers (broadcast/sound/AV/lighting techs, combined - PUMS does not separately identify 'sound engineering technician')"
2024HU0313300,01,06301,48,1015250,7,35,6,1,19,2000,2,5000,10,40,1.0,1,01,2752.0,7000,7000,1,2,9,Musicians and Singers
2024HU0315762,01,02510,48,1015250,15,68,6,1,21,0,1,0,,,6.0,1,01,2910.0,0,18000,2,1,1,Photographers
2024HU0316598,02,00501,48,1015250,47,40,1,5,22,0,2,20000,20,40,1.0,2,02,2850.0,20000,23000,2,2,9,Writers and Authors
2024HU0317697,02,00502,48,1015250,11,55,1,1,18,0,1,40000,40,50,1.0,1,02,2634.0,40000,40000,1,2,8,Graphic Designers
2024HU0320822,02,05201,48,1015250,11,74,1,1,21,0,1,0,,,6.0,1,02,2910.0,0,128800,1,1,9,Photographers
2024HU0321205,03,02320,48,1015250,11,20,1,5,16,0,2,29000,40,52,1.0,2,01,2634.0,29000,29000,2,2,1,Graphic Designers
2024HU0321337,02,02002,48,1015250,11,51,1,1,22,0,2,100000,40,52,1.0,1,01,2752.0,100000,110000,1,2,6,Musicians and Singers
2024HU0322682,02,02302,48,1015250,18,45,2,1,16,0,1,65000,35,52,1.0,1,02,2710.0,65000,65000,1,2,8,Producers and Directors
2024HU0323035,01,05902,48,1015250,10,65,6,5,21,44400,2,0,20,35,1.0,1,01,2634.0,44400,44400,2,1,1,Graphic Designers
2024HU0327302,02,04636,48,1015250,22,32,2,5,21,0,1,52000,40,52,1.0,1,03,2905.0,52000,52000,1,2,9,"Other Media and Communication Equipment Workers (broadcast/sound/AV/lighting techs, combined - PUMS does not separately identify 'sound engineering technician')"
2024HU0327724,01,01908,48,1015250,20,61,7,2,21,0,2,21000,25,45,6.0,1,01,2850.0,21000,122900,1,2,1,Writers and Authors
2024HU0328799,04,05904,48,1015250,9,65,7,2,21,0,1,5000,5,30,1.0,1,02,2905.0,5000,7700,2,1,8,"Other Media and Communication Equipment Workers (broadcast/sound/AV/lighting techs, combined - PUMS does not separately identify 'sound engineering technician')"
2024HU0329254,02,00400,48,1015250,8,28,1,1,21,0,1,27000,40,52,1.0,1,01,2710.0,27000,27000,1,2,1,Producers and Directors
2024HU0329315,02,02101,48,1015250,21,40,1,1,16,0,1,30000,30,52,1.0,1,02,2752.0,30000,30000,1,2,9,Musicians and Singers
2024HU0329909,02,04604,48,1015250,14,32,2,5,22,0,1,85000,50,52,1.0,1,02,2850.0,85000,85000,1,2,9,Writers and Authors
2024HU0330071,02,05308,48,1015250,9,37,1,1,21,0,2,50,20,2,6.0,2,01,2910.0,50,50,2,2,1,Photographers
2024HU0330689,02,05308,48,1015250,14,36,1,1,21,0,1,51000,37,52,1.0,2,01,2634.0,51000,51180,2,2,1,Graphic Designers
2024HU0332018,02,04801,48,1015250,16,35,1,1,18,0,1,30000,20,47,1.0,1,02,2905.0,30000,30000,1,2,1,"Other Media and Communication Equipment Workers (broadcast/sound/AV/lighting techs, combined - PUMS does not separately identify 'sound engineering technician')"
2024HU0332249,02,03501,48,1015250,17,40,7,5,20,0,1,13000,40,52,1.0,1,01,2910.0,13000,13000,1,1,9,Photographers
2024HU0333763,01,02506,48,1015250,14,23,1,5,20,0,1,34700,40,52,1.0,1,01,2710.0,34700,34700,1,2,1,Producers and Directors
2024HU0338412,01,02312,48,1015250,65,34,7,1,22,0,2,50000,45,52,1.0,1,01,2910.0,50000,50000,1,2,1,Photographers
2024HU0338587,03,02312,48,1015250,11,28,1,5,21,0,2,47000,50,52,1.0,1,01,2634.0,47000,47000,1,2,1,Graphic Designers
2024HU0338807,03,00300,48,1015250,24,27,1,5,20,0,2,25000,40,52,1.0,1,01,2910.0,25000,25000,1,2,1,Photographers
2024HU0339538,01,05306,48,1015250,18,71,1,2,21,0,1,0,,,6.0,1,01,2850.0,0,31600,1,1,1,Writers and Authors
2024HU0341198,01,00800,48,1015250,17,42,6,1,16,10000,1,0,20,52,1.0,1,01,2752.0,10000,10000,2,1,1,Musicians and Singers
2024HU0341601,01,02514,48,1015250,11,34,1,1,18,0,2,33400,40,52,1.0,2,01,2850.0,33400,33400,2,2,9,Writers and Authors
2024HU0348496,01,05204,48,1015250,11,35,1,5,21,0,1,70000,60,52,1.0,2,01,2910.0,70000,70000,2,2,1,Photographers
2024HU0348804,01,02311,48,1015250,18,28,1,1,21,1000,2,58000,45,52,1.0,1,01,2634.0,59000,59000,1,2,1,Graphic Designers
2024HU0349191,01,04902,48,1015250,13,52,1,1,21,0,1,120000,40,52,1.0,1,01,2710.0,120000,120000,1,2,1,Producers and Directors
2024HU0349191,03,04902,48,1015250,12,24,1,5,21,0,1,12000,40,4,1.0,1,01,2634.0,12000,12000,1,2,1,Graphic Designers
2024HU0349294,02,02515,48,1015250,23,43,1,1,21,0,1,54000,40,52,1.0,1,01,2634.0,54000,54000,1,2,1,Graphic Designers
2024HU0349460,02,03700,48,1015250,8,32,1,5,15,0,2,650,3,2,3.0,2,01,2850.0,650,650,2,2,1,Writers and Authors
2024HU0349641,01,02301,48,1015250,19,31,6,5,18,35000,2,0,40,52,1.0,1,01,2752.0,35000,35000,1,2,2,Musicians and Singers
2024HU0351566,02,05302,48,1015250,8,65,6,1,16,6000,1,0,40,52,1.0,1,01,2752.0,6000,6000,1,2,1,Musicians and Singers
2024HU0352355,03,05302,48,1015250,10,33,1,5,21,10000,1,2000,15,40,1.0,1,02,2634.0,12000,12000,1,2,9,Graphic Designers
2024HU0353105,02,04504,48,1015250,66,50,2,1,22,0,1,65000,40,52,1.0,1,01,2752.0,65000,66300,1,2,9,Musicians and Singers
2024HU0353637,01,02313,48,1015250,24,23,1,1,21,0,2,5000,20,16,1.0,1,02,2710.0,5000,5000,1,2,8,Producers and Directors
2024HU0355467,01,04601,48,1015250,12,33,2,1,16,0,1,30000,10,52,1.0,1,01,2905.0,30000,30000,1,2,1,"Other Media and Communication Equipment Workers (broadcast/sound/AV/lighting techs, combined - PUMS does not separately identify 'sound engineering technician')"
2024HU0356238,03,02301,48,1015250,14,21,1,5,16,0,1,10000,30,52,1.0,1,01,2910.0,10000,10000,1,2,1,Photographers
2024HU0358085,01,05800,48,1015250,50,36,1,1,21,0,2,70000,40,45,1.0,1,01,2634.0,70000,70000,1,2,1,Graphic Designers
2024HU0359044,04,04633,48,1015250,22,29,1,5,21,0,1,52000,40,52,1.0,1,02,2634.0,52000,52000,1,2,1,Graphic Designers
2024HU0360641,04,04610,48,1015250,42,36,3,5,16,0,2,21000,40,52,1.0,1,01,2752.0,21000,21000,1,2,2,Musicians and Singers
2024HU0361466,01,02005,48,1015250,11,63,1,1,21,0,2,40000,40,52,1.0,1,01,2850.0,40000,40000,1,2,1,Writers and Authors
2024HU0363440,02,03308,48,1015250,29,49,1,3,21,0,2,17400,20,13,1.0,2,02,2634.0,17400,17400,2,2,9,Graphic Designers
2024HU0367254,02,05903,48,1015250,8,27,1,5,21,0,2,11000,40,52,1.0,2,01,2710.0,11000,11000,2,2,6,Producers and Directors
2024HU0368854,02,05309,48,1015250,19,31,6,5,16,30000,2,10000,40,52,1.0,1,01,2634.0,40000,40000,1,2,1,Graphic Designers
2024HU0370723,02,05305,48,1015250,18,50,1,1,21,0,2,15000,20,52,1.0,1,01,2910.0,15000,15000,1,2,6,Photographers
2024HU0371533,02,01904,48,1015250,8,41,6,1,22,30000,2,0,30,52,1.0,1,01,2910.0,30000,30000,1,2,1,Photographers
2024HU0371786,02,02306,48,1015250,17,56,1,1,20,0,1,65000,45,52,1.0,1,01,2634.0,65000,65000,1,2,1,Graphic Designers
2024HU0371905,03,04613,48,1015250,12,16,6,5,11,30,1,0,2,2,6.0,1,01,2910.0,30,30,1,2,1,Photographers
2024HU0372021,01,02308,48,1015250,10,41,1,5,21,0,2,99000,43,52,1.0,1,14,2710.0,99000,99000,1,2,1,Producers and Directors
2024HU0372021,02,02308,48,1015250,11,42,1,3,19,0,1,63000,45,52,1.0,1,01,2634.0,63000,63000,1,2,1,Graphic Designers
2024HU0373047,01,04621,48,1015250,62,56,1,1,21,0,1,93000,40,52,1.0,1,02,2710.0,93000,93000,1,2,9,Producers and Directors
2024HU0373643,01,05402,48,1015250,53,20,1,5,16,0,1,7500,30,10,6.0,1,02,2710.0,7500,7500,1,2,1,Producers and Directors
2024HU0375230,01,05916,48,1015250,32,29,6,1,21,60000,2,0,50,52,1.0,1,01,2634.0,60000,60000,1,2,1,Graphic Designers
2024HU0375655,03,02506,48,1015250,31,64,6,1,20,10000,1,0,30,35,1.0,1,01,2752.0,10000,50000,2,1,6,Musicians and Singers
2024HU0376649,02,02305,48,1015250,29,30,1,1,17,0,2,8000,10,20,1.0,1,01,2634.0,8000,8000,1,2,1,Graphic Designers
2024HU0376755,01,02510,48,1015250,19,61,6,5,21,20000,1,0,10,52,1.0,1,01,2700.0,20000,20000,1,2,1,Actors
2024HU0379142,02,04624,48,1015250,15,24,1,5,21,0,2,52000,40,52,1.0,1,01,2634.0,52000,52000,1,2,1,Graphic Designers
2024HU0379296,03,02200,48,1015250,20,30,1,5,21,0,1,30700,8,52,1.0,1,01,2634.0,30700,30700,1,2,1,Graphic Designers
2024HU0379561,02,02510,48,1015250,23,68,7,1,22,12000,2,12000,16,20,6.0,1,01,2910.0,24000,71400,1,1,1,Photographers
2024HU0381166,01,01904,48,1015250,17,40,2,5,21,0,1,50000,5,52,1.0,1,01,2850.0,50000,50000,1,2,1,Writers and Authors
2024HU0381741,01,04627,48,1015250,23,38,1,5,21,0,1,50000,40,52,1.0,1,01,2634.0,50000,50000,1,2,9,Graphic Designers
2024HU0382192,01,02315,48,1015250,16,28,6,5,21,55000,2,0,20,52,1.0,2,01,2910.0,55000,55000,2,2,1,Photographers
2024HU0382871,01,02001,48,1015250,10,33,1,1,21,0,2,80000,40,52,1.0,1,01,2634.0,80000,80000,1,2,1,Graphic Designers
2024HU0384949,03,03801,48,1015250,21,22,1,5,21,0,1,8100,40,47,1.0,1,02,2634.0,8100,8100,1,2,1,Graphic Designers
2024HU0386523,02,02301,48,1015250,14,33,1,5,18,0,1,18500,40,52,1.0,2,01,2910.0,18500,18500,2,2,1,Photographers
2024HU0387254,01,05401,48,1015250,10,51,1,1,18,0,1,83000,40,52,1.0,1,01,2905.0,83000,83000,1,2,1,"Other Media and Communication Equipment Workers (broadcast/sound/AV/lighting techs, combined - PUMS does not separately identify 'sound engineering technician')"
2024HU0387343,02,03306,48,1015250,15,72,7,1,21,0,1,0,,,6.0,1,01,2710.0,0,25200,2,1,1,Producers and Directors
2024HU0387761,02,02200,48,1015250,1,70,1,1,22,0,1,125000,40,52,1.0,1,01,2850.0,125000,170400,2,1,1,Writers and Authors
2024HU0388190,04,02311,48,1015250,13,25,1,5,21,0,2,0,,,3.0,1,01,2634.0,0,0,2,1,1,Graphic Designers
2024HU0388859,02,05307,48,1015250,28,40,1,1,21,0,1,80000,40,52,1.0,1,01,2634.0,80000,80000,1,2,1,Graphic Designers
2024HU0389130,01,04612,48,1015250,10,57,1,1,20,16000,1,108000,45,52,1.0,1,01,2710.0,124000,124000,1,2,1,Producers and Directors
2024HU0390001,01,05500,48,1015250,8,59,6,1,21,24000,2,25000,6,52,1.0,2,01,2910.0,49000,49000,2,2,1,Photographers
2024HU0390876,01,04605,48,1015250,28,45,1,1,22,0,2,35000,40,52,1.0,2,11,2634.0,35000,35000,2,2,9,Graphic Designers
2024HU0391324,01,02306,48,1015250,15,53,5,5,20,0,1,90000,40,52,1.0,1,02,2634.0,90000,90000,1,2,9,Graphic Designers
2024HU0392369,01,05303,48,1015250,11,33,2,5,21,0,2,98000,40,52,1.0,1,01,2850.0,98000,98000,1,2,1,Writers and Authors
2024HU0393049,02,04603,48,1015250,16,34,2,5,23,0,1,85000,50,52,1.0,1,16,2850.0,85000,85000,1,2,9,Writers and Authors
2024HU0393158,01,05303,48,1015250,23,46,6,1,21,6200,2,50,10,52,1.0,1,01,2752.0,6250,6300,1,2,1,Musicians and Singers
2024HU0393655,01,06806,48,1015250,35,39,6,5,19,20000,1,0,25,52,1.0,2,02,2752.0,20000,20000,2,2,8,Musicians and Singers
2024HU0395928,01,00501,48,1015250,15,21,4,5,19,0,1,0,,,6.0,1,01,2910.0,0,0,1,2,1,Photographers
2024HU0397387,02,02004,48,1015250,27,48,1,1,21,0,1,103000,40,52,1.0,1,21,2850.0,103000,103000,1,2,1,Writers and Authors
2024HU0399695,03,00501,48,1015250,8,20,1,5,20,0,2,14400,40,52,1.0,2,24,2710.0,14400,14400,2,2,8,Producers and Directors
2024HU0400713,01,04639,48,1015250,125,50,2,1,21,0,2,57000,45,52,1.0,1,01,2850.0,57000,57000,1,2,1,Writers and Authors
2024HU0401135,01,06805,48,1015250,12,39,2,1,21,0,2,36000,40,52,1.0,1,02,2710.0,36000,36000,1,2,9,Producers and Directors
2024HU0401153,01,02006,48,1015250,29,31,5,1,21,1500,2,82000,40,52,1.0,1,01,2634.0,83500,97500,1,2,9,Graphic Designers
2024HU0401754,02,02502,48,1015250,21,43,6,1,17,50000,2,0,10,40,1.0,1,01,2910.0,50000,50000,1,2,6,Photographers
2024HU0401765,07,05700,48,1015250,14,60,6,1,21,3000,1,40000,40,32,1.0,1,02,2634.0,43000,58000,1,2,1,Graphic Designers
2024HU0403534,03,04904,48,1015250,9,41,1,5,21,0,2,180000,48,52,1.0,1,01,2850.0,180000,180000,1,2,9,Writers and Authors
2024HU0406346,01,05100,48,1015250,22,57,6,3,19,15000,1,0,20,52,1.0,2,01,2710.0,15000,15000,2,2,1,Producers and Directors
2024HU0407112,01,00700,48,1015250,24,62,6,1,22,10000,1,0,40,50,1.0,1,01,2850.0,10000,110000,1,2,1,Writers and Authors
2024HU0408070,01,02502,48,1015250,76,66,7,3,19,15000,1,1000,30,32,6.0,1,01,2910.0,16000,27000,2,1,2,Photographers
2024HU0408236,02,05907,48,1015250,22,62,4,1,21,0,1,0,,,6.0,1,02,2850.0,0,50000,1,2,9,Writers and Authors
2024HU0408541,02,01903,48,1015250,14,37,1,1,21,0,1,80000,35,52,1.0,1,01,2910.0,80000,80000,1,2,1,Photographers
2024HU0409648,01,05302,48,1015250,9,49,7,5,19,0,2,48000,40,52,1.0,1,01,2850.0,48000,48000,1,2,1,Writers and Authors
2024HU0412652,01,02302,48,1015250,20,54,1,5,21,0,1,42000,50,52,1.0,1,01,2634.0,42000,42000,1,2,1,Graphic Designers
2024HU0416016,02,02311,48,1015250,7,54,1,1,21,0,1,80000,40,52,1.0,1,01,2910.0,80000,80000,1,2,1,Photographers
2024HU0416405,01,03700,48,1015250,4,51,5,3,21,8000,1,99000,40,52,1.0,1,01,2710.0,107000,109500,1,2,1,Producers and Directors
2024HU0416728,03,00100,48,1015250,4,20,1,5,19,0,1,1000,20,10,1.0,1,01,2710.0,1000,1000,1,2,1,Producers and Directors
2024HU0417068,03,06000,48,1015250,3,22,8,5,16,0,1,7200,16,24,1.0,1,01,2751.0,7200,7200,1,2,9,Music Directors and Composers
2024HU0417149,03,05800,48,1015250,17,32,6,5,22,600,2,5000,40,16,1.0,1,01,2910.0,5600,5600,1,2,1,Photographers
2024HU0421337,03,03802,48,1015250,5,21,1,5,21,0,2,10000,20,52,1.0,1,01,2910.0,10000,10000,1,2,1,Photographers
2024HU0423021,01,04603,48,1015250,9,44,2,2,21,0,2,177000,40,52,1.0,1,04,2710.0,177000,177000,1,2,2,Producers and Directors
2024HU0423919,02,04624,48,1015250,12,51,6,1,21,60,1,12000,20,52,1.0,1,01,2634.0,12060,12160,1,2,1,Graphic Designers
2024HU0424696,01,05307,48,1015250,34,35,7,5,16,5000,2,48000,40,30,1.0,1,01,2751.0,53000,53000,1,2,1,Music Directors and Composers
2024HU0425575,01,01902,48,1015250,28,39,1,5,21,0,1,72000,45,52,1.0,1,16,2850.0,72000,72000,1,2,9,Writers and Authors
2024HU0425814,01,00700,48,1015250,10,79,6,3,21,5000,2,0,50,52,1.0,1,01,2850.0,5000,25120,2,1,1,Writers and Authors
2024HU0426305,01,05305,48,1015250,10,37,6,5,21,55000,1,0,65,52,1.0,1,01,2752.0,55000,59600,1,1,1,Musicians and Singers
2024HU0426884,02,00700,48,1015250,6,42,6,1,19,9000,1,0,25,52,1.0,1,01,2910.0,9000,9000,1,2,1,Photographers
2024HU0427580,01,02001,48,1015250,14,37,7,1,21,0,1,35000,45,52,1.0,1,01,2910.0,35000,35020,1,2,1,Photographers
2024HU0429273,01,02318,48,1015250,9,65,2,1,22,0,1,70000,40,52,1.0,1,01,2850.0,70000,73500,2,1,1,Writers and Authors
2024HU0429313,01,05100,48,1015250,5,43,6,1,18,15000,1,1100,5,52,1.0,1,01,2752.0,16100,18500,2,1,1,Musicians and Singers
2024HU0429313,02,05100,48,1015250,6,34,6,1,16,15000,2,0,40,52,1.0,1,01,2752.0,15000,15000,1,2,1,Musicians and Singers
2024HU0431360,04,04902,48,1015250,18,27,1,5,21,0,2,2500,80,1,1.0,1,01,2850.0,2500,2500,1,2,6,Writers and Authors
2024HU0432387,01,05304,48,1015250,30,49,6,1,18,90000,1,0,20,40,6.0,1,01,2751.0,90000,105000,1,2,1,Music Directors and Composers
2024HU0433462,01,04631,48,1015250,23,69,6,1,21,41200,1,4,50,35,1.0,1,01,2910.0,41204,60804,1,1,1,Photographers
2024HU0433462,02,04631,48,1015250,23,63,1,1,21,0,2,56000,40,52,1.0,1,01,2634.0,56000,56840,1,2,1,Graphic Designers
2024HU0434337,03,04604,48,1015250,14,35,1,5,22,0,1,100000,40,52,1.0,1,01,2850.0,100000,102000,1,2,1,Writers and Authors
2024HU0435131,02,04601,48,1015250,16,63,6,1,21,0,2,0,,,6.0,1,01,2910.0,0,40000,1,2,1,Photographers
2024HU0435866,02,05202,48,1015250,15,26,2,1,16,0,1,50000,40,52,1.0,1,16,2634.0,50000,50000,1,2,1,Graphic Designers
2024HU0438603,01,05100,48,1015250,13,77,6,3,21,8000,1,0,20,30,1.0,1,01,2752.0,8000,17000,2,1,1,Musicians and Singers
2024HU0439452,01,05800,48,1015250,16,68,6,1,21,0,1,0,,,3.0,1,01,2710.0,0,29600,1,1,1,Producers and Directors
2024HU0439857,01,05305,48,1015250,16,43,6,1,21,75000,2,0,40,52,1.0,1,01,2634.0,75000,75000,1,2,1,Graphic Designers
2024HU0440230,01,05306,48,1015250,37,41,1,3,22,0,2,14000,20,52,1.0,1,01,2910.0,14000,14000,1,2,1,Photographers
2024HU0441034,02,07401,48,1015250,14,24,1,5,21,0,2,14400,40,52,1.0,1,02,2710.0,14400,14400,1,2,1,Producers and Directors
2024HU0444565,01,05000,48,1015250,31,57,3,1,22,0,2,48000,40,52,1.0,1,01,2751.0,48000,48000,1,2,1,Music Directors and Composers
2024HU0445002,02,04302,48,1015250,46,26,1,5,17,0,1,30000,80,12,1.0,1,01,2905.0,30000,30000,1,2,1,"Other Media and Communication Equipment Workers (broadcast/sound/AV/lighting techs, combined - PUMS does not separately identify 'sound engineering technician')"
2024HU0446292,01,02313,48,1015250,62,29,1,5,22,0,1,40000,40,52,1.0,1,01,2850.0,40000,40000,1,2,9,Writers and Authors
2024HU0446838,02,02318,48,1015250,32,46,1,5,19,0,1,56000,40,52,1.0,1,01,2910.0,56000,56000,1,2,1,Photographers
2024HU0447221,01,02509,48,1015250,38,34,1,1,21,0,2,20000,35,24,6.0,1,04,2740.0,20000,20000,2,1,9,Dancers and Choreographers
2024HU0450884,02,02514,48,1015250,9,73,1,1,20,0,2,2500,1,5,6.0,1,01,2700.0,2500,20500,1,1,1,Actors
2024HU0452325,02,05307,48,1015250,21,52,6,1,21,20000,2,0,10,52,1.0,1,01,2850.0,20000,20000,1,2,1,Writers and Authors
2024HU0452735,02,02306,48,1015250,17,46,1,3,21,0,2,118000,40,52,1.0,1,21,2850.0,118000,118000,1,2,9,Writers and Authors
2024HU0454054,02,02316,48,1015250,14,46,1,1,20,0,1,150000,45,52,1.0,1,01,2634.0,150000,150000,1,2,1,Graphic Designers
2024HU0454067,01,04501,48,1015250,13,57,1,3,19,0,2,6000,25,26,1.0,1,01,2634.0,6000,10000,1,2,1,Graphic Designers
2024HU0454970,02,05203,48,1015250,11,17,1,5,14,0,2,50,3,1,6.0,1,01,2700.0,50,12050,1,2,1,Actors
2024HU0456316,01,04613,48,1015250,6,56,8,1,21,0,2,6700,16,52,6.0,1,01,2910.0,6700,6700,1,2,1,Photographers
2024HU0456479,01,06806,48,1015250,27,25,1,5,21,0,1,30000,40,52,1.0,2,02,2752.0,30000,30000,2,2,9,Musicians and Singers
2024HU0456502,03,01000,48,1015250,17,44,6,5,23,10000,1,0,20,52,1.0,2,01,2850.0,10000,10000,2,2,1,Writers and Authors
2024HU0457077,01,00600,48,1015250,3,58,6,3,20,4,1,0,30,52,1.0,1,01,2710.0,4,604,1,2,1,Producers and Directors
2024HU0459245,02,04622,48,1015250,2,40,1,1,20,0,1,150000,60,52,1.0,1,02,2905.0,150000,150000,1,2,8,"Other Media and Communication Equipment Workers (broadcast/sound/AV/lighting techs, combined - PUMS does not separately identify 'sound engineering technician')"
2024HU0459538,03,05913,48,1015250,83,31,1,5,22,0,2,45000,40,52,1.0,1,01,2710.0,45000,45000,2,1,1,Producers and Directors
2024HU0460038,02,04606,48,1015250,32,67,4,1,21,0,2,100000,60,52,1.0,1,01,2710.0,100000,100000,1,2,1,Producers and Directors
2024HU0461171,01,05600,48,1015250,6,84,6,1,16,0,1,0,,,6.0,1,01,2910.0,0,31800,1,1,1,Photographers
2024HU0462449,01,05302,48,1015250,14,55,4,5,22,0,2,85000,40,52,1.0,1,01,2850.0,85000,85000,1,2,1,Writers and Authors
2024HU0463316,04,04906,48,1015250,19,22,1,5,20,0,2,5000,4,25,6.0,1,01,2740.0,5000,5000,1,2,1,Dancers and Choreographers
2024HU0465811,02,01909,48,1015250,36,51,6,1,21,12000,2,0,30,26,1.0,1,01,2910.0,12000,12000,1,2,1,Photographers
2024HU0466100,02,06702,48,1015250,11,53,1,1,13,0,1,28000,40,52,1.0,1,02,2710.0,28000,28000,1,2,9,Producers and Directors
2024HU0466333,01,04604,48,1015250,5,60,6,5,21,0,1,0,,,6.0,1,01,2850.0,0,405000,1,2,9,Writers and Authors
2024HU0466713,02,03400,48,1015250,17,54,4,1,21,0,2,21000,40,30,1.0,1,01,2710.0,21000,72000,1,2,1,Producers and Directors
2024HU0466981,03,02516,48,1015250,14,18,1,5,16,0,2,1400,12,8,1.0,1,01,2910.0,1400,1400,1,2,1,Photographers
2024HU0467294,03,05907,48,1015250,22,26,1,5,20,0,2,500,20,2,6.0,2,23,2910.0,500,500,2,2,9,Photographers
2024HU0467823,02,04635,48,1015250,13,66,1,1,21,0,1,0,,,6.0,1,01,2850.0,0,26400,2,1,1,Writers and Authors
2024HU0467881,01,02101,48,1015250,16,54,6,1,21,0,1,0,,,6.0,1,24,2634.0,0,0,1,2,9,Graphic Designers
2024HU0468504,02,04610,48,1015250,16,68,1,1,19,0,2,0,,,6.0,1,01,2850.0,0,4100,2,1,6,Writers and Authors
2024HU0470110,01,00800,48,1015250,16,56,6,1,16,0,2,0,,,6.0,1,01,2910.0,0,0,1,2,1,Photographers
2024HU0471569,01,02310,48,1015250,7,79,1,1,19,0,1,0,,,6.0,1,01,2910.0,0,22700,2,1,1,Photographers
2024HU0471960,02,01904,48,1015250,9,51,6,1,20,15000,2,20000,5,35,1.0,1,01,2700.0,35000,35000,1,2,1,Actors
2024HU0473265,02,05304,48,1015250,42,62,1,1,20,0,2,80000,40,52,1.0,1,01,2751.0,80000,80000,1,2,1,Music Directors and Composers
2024HU0474959,02,03307,48,1015250,28,48,6,1,19,45000,1,0,35,52,1.0,1,01,2634.0,45000,45000,1,2,1,Graphic Designers
2024HU0476261,01,05307,48,1015250,21,32,1,1,21,0,1,140000,60,52,1.0,1,01,2850.0,140000,140000,1,2,1,Writers and Authors
2024HU0476295,02,04902,48,1015250,70,51,8,1,16,0,1,8300,16,24,6.0,1,01,2752.0,8300,8300,1,2,1,Musicians and Singers
2024HU0477759,01,04604,48,1015250,22,25,1,5,19,0,1,25000,40,50,1.0,2,02,2910.0,25000,25000,2,2,9,Photographers
2024HU0478000,03,02200,48,1015250,3,16,2,5,12,0,1,900,2,45,1.0,1,01,2905.0,900,900,1,2,1,"Other Media and Communication Equipment Workers (broadcast/sound/AV/lighting techs, combined - PUMS does not separately identify 'sound engineering technician')"
2024HU0478113,01,06603,48,1015250,75,24,1,5,19,0,1,1700,15,12,1.0,1,01,2905.0,1700,1700,1,2,1,"Other Media and Communication Equipment Workers (broadcast/sound/AV/lighting techs, combined - PUMS does not separately identify 'sound engineering technician')"
2024HU0478416,02,02307,48,1015250,15,51,1,1,20,0,1,60000,40,52,1.0,1,01,2634.0,60000,60000,1,2,2,Graphic Designers
2024HU0478875,01,04637,48,1015250,14,76,2,1,16,0,2,64000,40,52,1.0,1,01,2910.0,64000,113950,1,1,1,Photographers
2024HU0479795,01,01901,48,1015250,35,34,2,3,22,1000,2,22000,45,52,1.0,1,01,2700.0,23000,23000,1,2,1,Actors
2024HU0480929,01,02502,48,1015250,15,41,1,1,21,2000,1,60000,75,18,1.0,1,02,2910.0,62000,62000,1,2,8,Photographers
2024HU0481660,01,05402,48,1015250,17,34,1,5,21,0,1,105000,40,52,1.0,1,01,2905.0,105000,105000,1,2,1,"Other Media and Communication Equipment Workers (broadcast/sound/AV/lighting techs, combined - PUMS does not separately identify 'sound engineering technician')"
2024HU0482801,01,05306,48,1015250,16,54,6,1,21,45000,2,0,30,48,1.0,1,01,2634.0,45000,45000,1,2,1,Graphic Designers
2024HU0485525,01,03700,48,1015250,70,54,6,1,21,3000,2,0,30,40,1.0,2,01,2850.0,3000,53000,2,2,1,Writers and Authors
2024HU0485525,02,03700,48,1015250,61,63,6,3,23,43000,2,0,30,52,1.0,1,01,2850.0,43000,46900,1,2,1,Writers and Authors
2024HU0486935,01,03502,48,1015250,5,77,6,1,19,80000,1,0,50,52,1.0,1,01,2751.0,80000,130500,1,1,1,Music Directors and Composers
2024HU0487770,02,04629,48,1015250,36,68,1,1,21,0,1,0,,,6.0,1,01,2850.0,0,26400,1,1,1,Writers and Authors
2024HU0489881,01,05911,48,1015250,23,28,1,3,21,0,2,66000,40,52,1.0,1,01,2850.0,66000,66000,1,2,9,Writers and Authors
2024HU0490292,05,00501,48,1015250,10,19,2,5,16,0,2,7200,40,40,1.0,2,01,2740.0,7200,7200,2,2,1,Dancers and Choreographers
2024HU0492292,02,03309,48,1015250,52,58,7,3,16,0,1,35000,24,52,1.0,1,02,2910.0,35000,35000,1,2,9,Photographers
2024HU0492578,01,05402,48,1015250,27,29,6,5,18,20000,1,0,50,20,1.0,1,01,2752.0,20000,20000,1,1,1,Musicians and Singers
2024HU0494546,01,04628,48,1015250,5,75,6,1,21,15000,1,30000,40,12,6.0,1,01,2910.0,45000,66000,2,1,1,Photographers
2024HU0495210,01,04604,48,1015250,8,72,2,1,22,3500,1,14400,5,52,1.0,1,01,2751.0,17900,75900,1,1,1,Music Directors and Composers
2024HU0495477,01,04901,48,1015250,22,63,6,1,16,700,1,0,15,4,1.0,1,01,2910.0,700,1700,1,2,2,Photographers
2024HU0495893,01,02102,48,1015250,35,53,1,1,20,0,1,190000,60,52,1.0,1,01,2710.0,190000,197200,1,1,1,Producers and Directors
2024HU0496014,04,04610,48,1015250,23,31,1,5,19,0,1,41300,40,52,1.0,1,08,2905.0,41300,41300,1,2,9,"Other Media and Communication Equipment Workers (broadcast/sound/AV/lighting techs, combined - PUMS does not separately identify 'sound engineering technician')"
2024HU0496949,02,05904,48,1015250,20,46,2,5,21,0,1,6100,8,52,1.0,1,02,2751.0,6100,6100,1,2,8,Music Directors and Composers
2024HU0497264,04,00900,48,1015250,66,36,6,1,19,10200,2,0,18,16,6.0,2,01,2905.0,10200,10200,2,2,2,"Other Media and Communication Equipment Workers (broadcast/sound/AV/lighting techs, combined - PUMS does not separately identify 'sound engineering technician')"
2024HU0499183,01,02101,48,1015250,40,49,1,1,21,4500,2,15000,31,18,1.0,2,01,2910.0,19500,77560,2,2,1,Photographers
2024HU0500238,02,02004,48,1015250,7,43,1,1,21,0,2,45000,40,52,1.0,1,01,2634.0,45000,45000,1,2,6,Graphic Designers
2024HU0501349,05,02400,48,1015250,129,48,7,5,18,0,1,50000,40,52,1.0,1,01,2634.0,50000,50000,1,2,1,Graphic Designers
2024HU0502764,02,00100,48,1015250,16,37,6,3,16,10,2,0,1,1,3.0,1,01,2910.0,10,10,1,2,1,Photographers
2024HU0504809,02,02308,48,1015250,10,32,6,5,21,2500,1,0,45,52,1.0,2,01,2710.0,2500,2500,2,2,1,Producers and Directors
2024HU0506267,02,02101,48,1015250,8,44,6,1,16,50000,1,0,40,52,1.0,1,01,2905.0,50000,103000,1,2,1,"Other Media and Communication Equipment Workers (broadcast/sound/AV/lighting techs, combined - PUMS does not separately identify 'sound engineering technician')"
2024HU0507661,01,05902,48,1015250,13,27,6,1,20,50000,1,0,91,52,1.0,1,02,2710.0,50000,50000,1,2,9,Producers and Directors
2024HU0507921,03,05305,48,1015250,16,22,1,5,19,0,2,2500,10,16,1.0,1,02,2634.0,2500,2500,1,2,9,Graphic Designers
2024HU0508688,01,04801,48,1015250,10,61,1,1,16,0,1,115000,40,52,1.0,1,01,2634.0,115000,115000,1,2,1,Graphic Designers
2024HU0510155,03,04634,48,1015250,89,38,1,1,20,0,2,11300,18,25,6.0,1,01,2905.0,11300,11300,1,2,8,"Other Media and Communication Equipment Workers (broadcast/sound/AV/lighting techs, combined - PUMS does not separately identify 'sound engineering technician')"
2024HU0510788,02,05904,48,1015250,11,42,3,1,22,0,2,83000,40,48,1.0,1,01,2850.0,83000,83000,1,2,1,Writers and Authors
2024HU0512936,02,07600,48,1015250,31,59,6,1,19,20000,1,0,35,40,1.0,1,02,2910.0,20000,20000,2,1,9,Photographers
2024HU0514733,01,05903,48,1015250,14,36,3,1,18,0,2,35000,40,52,1.0,1,24,2905.0,35000,35000,1,2,1,"Other Media and Communication Equipment Workers (broadcast/sound/AV/lighting techs, combined - PUMS does not separately identify 'sound engineering technician')"
2024HU0514832,03,04622,48,1015250,55,23,1,5,21,0,1,40000,40,52,1.0,1,01,2634.0,40000,40000,1,2,1,Graphic Designers
2024HU0514870,01,03502,48,1015250,4,48,1,1,20,0,2,4700,12,9,1.0,1,01,2634.0,4700,4700,1,2,9,Graphic Designers
2024HU0515202,01,02600,48,1015250,2,65,1,1,19,0,1,186000,50,52,1.0,1,01,2710.0,186000,186000,1,1,1,Producers and Directors
2024HU0515542,01,05308,48,1015250,10,47,1,1,22,0,2,0,,,6.0,1,01,2634.0,0,2000,1,2,1,Graphic Designers
2024HU0516159,01,05901,48,1015250,31,44,1,3,19,0,2,30000,40,52,1.0,2,03,2905.0,30000,36400,2,2,1,"Other Media and Communication Equipment Workers (broadcast/sound/AV/lighting techs, combined - PUMS does not separately identify 'sound engineering technician')"
2024HU0516187,02,04616,48,1015250,11,48,1,1,19,0,1,55000,45,52,1.0,1,02,2905.0,55000,55000,1,2,1,"Other Media and Communication Equipment Workers (broadcast/sound/AV/lighting techs, combined - PUMS does not separately identify 'sound engineering technician')"
2024HU0518216,03,07402,48,1015250,12,25,1,5,21,0,2,0,,,3.0,1,01,2634.0,0,0,1,2,1,Graphic Designers
2024HU0522550,02,05100,48,1015250,6,37,6,1,21,25000,2,0,40,52,1.0,1,01,2850.0,25000,25020,1,2,1,Writers and Authors
2024HU0522600,01,03000,48,1015250,24,79,2,2,21,0,2,800,2,2,6.0,1,01,2752.0,800,73600,1,1,1,Musicians and Singers
2024HU0524225,01,01502,48,1015250,12,59,6,3,21,69000,1,0,60,52,1.0,1,01,2850.0,69000,69000,1,2,1,Writers and Authors
2024HU0525065,01,04604,48,1015250,32,28,7,1,22,0,1,300000,80,52,1.0,2,23,2752.0,300000,375000,2,2,9,Musicians and Singers
2024HU0526039,01,02507,48,1015250,93,28,1,5,16,0,1,50000,40,52,1.0,1,01,2752.0,50000,50000,1,2,1,Musicians and Singers
2024HU0526287,01,05915,48,1015250,14,84,7,3,22,0,1,4000,20,52,1.0,1,01,2850.0,4000,587700,1,1,1,Writers and Authors
2024HU0527773,02,06806,48,1015250,46,27,3,5,22,0,1,40000,40,52,1.0,1,01,2850.0,40000,40000,1,2,9,Writers and Authors
2024HU0531026,01,04635,48,1015250,84,23,1,5,17,20000,2,20000,50,52,1.0,1,01,2910.0,40000,44000,1,2,9,Photographers
2024HU0534810,02,00502,48,1015250,6,60,4,1,21,0,2,61000,42,52,1.0,1,01,2710.0,61000,61000,1,2,1,Producers and Directors
2024HU0540887,01,00501,48,1015250,11,31,1,5,18,0,1,16500,15,48,3.0,1,02,2634.0,16500,33200,1,1,9,Graphic Designers
2024HU0543110,01,04628,48,1015250,10,59,1,5,19,0,1,12000,40,21,1.0,1,01,2634.0,12000,12000,2,1,6,Graphic Designers
2024HU0543787,02,05306,48,1015250,15,25,1,5,21,0,2,45000,40,52,1.0,1,01,2710.0,45000,45000,1,2,1,Producers and Directors
2024HU0544047,02,05306,48,1015250,21,38,7,5,22,0,2,53000,32,30,1.0,1,01,2710.0,53000,53170,1,2,1,Producers and Directors
2024HU0545170,01,01901,48,1015250,8,61,6,5,21,770,1,0,4,4,6.0,1,01,2710.0,770,870,1,2,1,Producers and Directors
2024HU0546480,01,03502,48,1015250,8,52,2,1,21,0,2,68000,40,52,1.0,1,01,2850.0,68000,68000,1,2,6,Writers and Authors
2024HU0549611,01,04501,48,1015250,10,76,2,3,19,2000,1,100000,5,52,2.0,1,01,2752.0,102000,194800,1,1,1,Musicians and Singers
2024HU0550028,01,02101,48,1015250,11,37,2,1,22,2400,1,12600,20,52,1.0,1,01,2751.0,15000,15000,1,2,1,Music Directors and Composers
2024HU0550028,02,02101,48,1015250,24,35,1,1,22,-190,2,46100,40,52,1.0,1,01,2752.0,45910,45910,1,2,6,Musicians and Singers
2024HU0550381,01,05910,48,1015250,20,52,1,5,21,0,2,69000,40,43,1.0,2,02,2850.0,69000,69000,2,2,9,Writers and Authors
2024HU0553614,01,05910,48,1015250,26,45,6,1,18,31500,2,0,20,52,1.0,1,02,2752.0,31500,31500,2,1,8,Musicians and Singers
2024HU0554006,01,05402,48,1015250,7,22,2,5,21,0,2,4600,7,52,1.0,1,23,2752.0,4600,4600,1,2,1,Musicians and Singers
2024HU0556170,01,05309,48,1015250,3,64,7,1,21,0,1,1200,4,1,6.0,1,01,2910.0,1200,187200,1,2,1,Photographers
2024HU0556359,02,02515,48,1015250,13,39,1,1,22,0,2,79000,40,52,1.0,1,01,2850.0,79000,80200,1,2,1,Writers and Authors
2024HU0557015,01,02509,48,1015250,23,44,1,1,21,0,1,51000,40,52,1.0,1,01,2905.0,51000,51000,1,2,1,"Other Media and Communication Equipment Workers (broadcast/sound/AV/lighting techs, combined - PUMS does not separately identify 'sound engineering technician')"
2024HU0558230,02,04631,48,1015250,28,34,2,1,16,0,2,15000,20,52,1.0,2,01,2751.0,15000,15000,2,2,1,Music Directors and Composers
2024HU0558442,02,05700,48,1015250,12,37,6,1,22,38000,2,0,30,52,1.0,2,01,2634.0,38000,38000,2,2,1,Graphic Designers
2024HU0558571,02,02513,48,1015250,19,73,2,1,22,0,2,24000,35,52,1.0,1,01,2752.0,24000,46700,2,1,1,Musicians and Singers
2024HU0561283,01,07401,48,1015250,8,29,6,1,21,25000,2,0,40,50,1.0,1,01,2910.0,25000,25000,1,2,1,Photographers
2024HU0562037,01,01908,48,1015250,16,48,7,1,21,0,2,0,,,6.0,1,01,2710.0,0,0,1,2,6,Producers and Directors
2024HU0564750,02,02102,48,1015250,3,25,1,5,19,0,2,0,,,6.0,1,01,2850.0,0,0,1,2,1,Writers and Authors
2024HU0565780,01,05305,48,1015250,10,66,7,1,22,0,1,40000,40,52,1.0,1,01,2910.0,40000,40020,2,1,1,Photographers
2024HU0566202,02,02512,48,1015250,19,69,6,1,21,0,1,0,,,6.0,1,01,2910.0,0,18000,2,1,1,Photographers
2024HU0566225,02,04636,48,1015250,17,57,1,1,21,0,2,7000,20,20,6.0,1,02,2634.0,7000,7000,1,2,1,Graphic Designers
2024HU0566617,03,05306,48,1015250,10,25,1,5,21,0,2,45000,40,52,1.0,1,01,2710.0,45000,45000,1,2,1,Producers and Directors
2024HU0567766,02,01400,48,1015250,4,36,6,1,21,20000,2,0,10,3,1.0,1,23,2910.0,20000,20000,1,2,1,Photographers
2024HU0568061,02,01902,48,1015250,11,53,7,1,21,0,1,25000,25,40,6.0,1,01,2850.0,25000,37500,1,2,1,Writers and Authors
2024HU0568377,03,02003,48,1015250,42,25,6,5,17,0,2,0,,,6.0,1,24,2634.0,0,0,1,2,9,Graphic Designers
2024HU0568613,01,02003,48,1015250,10,70,1,2,21,0,1,280000,40,52,1.0,1,01,2710.0,280000,403000,1,1,1,Producers and Directors
2024HU0572988,02,02506,48,1015250,124,40,7,1,21,0,1,120000,40,52,1.0,1,01,2710.0,120000,120000,1,2,2,Producers and Directors
2024HU0573103,03,05908,48,1015250,64,17,1,5,14,0,2,280,12,1,3.0,1,02,2700.0,280,3180,1,2,9,Actors
2024HU0575019,01,02004,48,1015250,12,45,1,1,18,0,1,92000,40,52,1.0,1,01,2905.0,92000,122600,1,2,1,"Other Media and Communication Equipment Workers (broadcast/sound/AV/lighting techs, combined - PUMS does not separately identify 'sound engineering technician')"
2024HU0575095,02,04630,48,1015250,18,17,1,5,14,0,2,0,,,6.0,1,01,2700.0,0,0,1,2,1,Actors
2024HU0576984,02,02510,48,1015250,26,65,7,1,22,12000,2,12000,16,20,6.0,1,01,2910.0,24000,71400,2,1,1,Photographers
2024HU0578607,01,01600,48,1015250,13,58,2,1,22,0,1,24000,40,52,1.0,1,02,2751.0,24000,32000,1,2,9,Music Directors and Composers
2024HU0580773,02,04701,48,1015250,33,35,3,1,21,0,2,37700,40,52,1.0,1,01,2634.0,37700,37700,1,2,1,Graphic Designers
2024HU0580865,02,05305,48,1015250,14,50,1,1,21,0,2,15000,20,52,1.0,1,01,2910.0,15000,15000,1,2,6,Photographers
2024HU0581377,01,05306,48,1015250,14,34,1,1,21,0,2,200000,40,52,1.0,1,01,2710.0,200000,200000,1,2,1,Producers and Directors
2024HU0581441,02,02512,48,1015250,8,65,6,1,19,15000,2,20000,40,52,1.0,1,01,2850.0,35000,41800,1,1,1,Writers and Authors
2024HU0581721,02,04616,48,1015250,13,38,1,5,18,0,1,63000,45,52,1.0,1,01,2634.0,63000,63000,1,2,1,Graphic Designers
2024HU0581747,01,05401,48,1015250,24,66,1,1,16,0,2,74000,40,52,1.0,1,01,2910.0,74000,74000,1,1,1,Photographers
2024HU0585895,01,00800,48,1015250,16,64,1,1,21,24000,1,70000,40,52,1.0,1,01,2752.0,94000,119000,1,2,1,Musicians and Singers
2024HU0589334,01,05204,48,1015250,10,62,1,1,16,0,1,50000,40,52,1.0,1,01,2910.0,50000,62000,1,2,1,Photographers
2024HU0589405,01,02900,48,1015250,20,34,1,1,16,0,2,2500,5,40,6.0,1,02,2910.0,2500,2500,1,2,1,Photographers
2024HU0590379,01,05500,48,1015250,8,45,6,1,21,30000,2,0,20,52,1.0,1,01,2850.0,30000,56000,1,2,1,Writers and Authors
2024HU0590914,03,06807,48,1015250,29,31,4,5,22,0,2,75000,40,52,1.0,1,02,2751.0,75000,75000,1,2,9,Music Directors and Composers
2024HU0592419,02,02700,48,1015250,8,38,3,1,21,0,2,52000,40,52,1.0,1,01,2634.0,52000,52000,1,2,1,Graphic Designers
2024HU0593148,01,02313,48,1015250,28,29,1,5,22,0,1,65000,15,33,1.0,1,02,2752.0,65000,65000,1,2,6,Musicians and Singers
2024HU0593567,01,02503,48,1015250,35,30,7,1,20,0,1,12000,40,52,1.0,2,02,2751.0,12000,12000,2,2,9,Music Directors and Composers
2024HU0595566,01,05915,48,1015250,53,30,1,5,16,0,1,36000,25,52,1.0,2,02,2910.0,36000,36000,2,2,8,Photographers
2024HU0597400,01,01905,48,1015250,8,73,6,1,21,2300,1,0,5,30,6.0,1,01,2634.0,2300,55300,2,1,1,Graphic Designers
2024HU0598422,02,03600,48,1015250,8,36,6,1,21,4000,2,0,20,40,6.0,1,01,2910.0,4000,4000,1,2,2,Photographers
2024HU0604714,02,02101,48,1015250,2,36,6,1,16,50000,1,0,40,52,1.0,1,01,2905.0,50000,103000,1,2,1,"Other Media and Communication Equipment Workers (broadcast/sound/AV/lighting techs, combined - PUMS does not separately identify 'sound engineering technician')"
2024HU0605132,02,01400,48,1015250,4,18,1,5,16,0,2,12000,20,30,6.0,1,01,2700.0,12000,12000,1,2,1,Actors
2024HU0609240,02,02515,48,1015250,18,30,6,1,21,15000,2,0,20,52,1.0,1,01,2910.0,15000,15000,1,2,1,Photographers
2024HU0609312,01,05202,48,1015250,36,50,3,5,22,0,1,72000,60,52,1.0,1,01,2751.0,72000,72000,1,2,1,Music Directors and Composers
2024HU0610200,01,00501,48,1015250,12,43,6,5,18,18000,1,0,35,52,1.0,1,01,2752.0,18000,18000,2,1,1,Musicians and Singers
2024HU0611023,01,00100,48,1015250,1,69,1,1,11,0,2,102000,40,52,1.0,1,01,2634.0,102000,135700,1,1,1,Graphic Designers
2024HU0611586,02,02302,48,1015250,11,74,1,1,16,0,2,4000,6,18,1.0,1,01,2752.0,4000,31800,2,1,1,Musicians and Singers
2024HU0612033,02,03309,48,1015250,9,58,7,3,14,0,1,36000,40,50,1.0,1,02,2634.0,36000,36000,2,1,8,Graphic Designers
2024HU0612098,02,02304,48,1015250,33,39,7,5,18,0,2,0,,,6.0,1,02,2634.0,0,0,2,1,1,Graphic Designers
2024HU0613041,01,04502,48,1015250,11,33,3,3,21,0,2,70000,40,52,1.0,1,01,2634.0,70000,70450,1,2,1,Graphic Designers
2024HU0613620,01,03308,48,1015250,18,45,3,1,19,0,2,23000,40,52,1.0,1,02,2905.0,23000,29000,1,1,1,"Other Media and Communication Equipment Workers (broadcast/sound/AV/lighting techs, combined - PUMS does not separately identify 'sound engineering technician')"
2024HU0614032,02,05301,48,1015250,162,37,2,1,22,0,2,20000,20,52,1.0,1,01,2850.0,20000,20000,1,2,1,Writers and Authors
2024HU0614815,01,01700,48,1015250,8,35,6,1,20,65000,1,0,50,52,1.0,2,01,2910.0,65000,80000,2,2,1,Photographers
2024HU0615217,01,02313,48,1015250,28,43,2,3,21,0,2,62000,40,52,1.0,1,01,2910.0,62000,62000,1,2,1,Photographers
2024HU0615409,01,01300,48,1015250,7,55,6,1,19,60000,2,0,20,52,1.0,1,01,2910.0,60000,78000,1,2,1,Photographers
2024HU0617964,01,04634,48,1015250,14,64,7,1,22,0,1,75000,20,52,1.0,2,01,2850.0,75000,75000,2,2,1,Writers and Authors
2024HU0618267,01,02313,48,1015250,12,26,1,1,21,0,2,63000,40,52,1.0,1,01,2634.0,63000,63000,1,2,1,Graphic Designers
2024HU0618535,01,06100,48,1015250,6,78,1,1,17,0,1,12000,12,52,1.0,1,01,2700.0,12000,41000,1,1,1,Actors
2024HU0619973,02,00100,48,1015250,7,52,1,1,21,0,2,14000,40,52,1.0,1,01,2634.0,14000,14000,1,2,1,Graphic Designers
2024HU0620414,01,02306,48,1015250,16,41,6,1,19,9000,2,0,20,52,1.0,1,01,2634.0,9000,9000,1,2,1,Graphic Designers
2024HU0621041,02,04503,48,1015250,14,45,2,1,16,0,1,86000,40,52,1.0,1,01,2634.0,86000,86000,1,2,1,Graphic Designers
2024HU0622127,01,02001,48,1015250,12,50,6,3,19,120000,2,0,40,49,1.0,1,01,2634.0,120000,120000,1,2,1,Graphic Designers
2024HU0623855,03,00700,48,1015250,47,24,1,5,21,0,1,35000,40,52,1.0,1,01,2710.0,35000,35000,1,2,1,Producers and Directors
2024HU0624377,01,05304,48,1015250,25,37,6,5,21,42000,1,13000,40,52,1.0,2,01,2752.0,55000,55000,2,2,1,Musicians and Singers
2024HU0626329,01,02313,48,1015250,28,27,2,5,21,0,1,112000,20,52,1.0,1,19,2752.0,112000,112000,1,2,9,Musicians and Singers
2024HU0626434,01,02502,48,1015250,11,52,1,1,17,0,1,85000,40,52,1.0,1,01,2634.0,85000,85000,1,2,1,Graphic Designers
2024HU0627073,03,07200,48,1015250,14,30,1,5,16,0,1,9000,5,52,1.0,1,01,2905.0,9000,9000,1,2,1,"Other Media and Communication Equipment Workers (broadcast/sound/AV/lighting techs, combined - PUMS does not separately identify 'sound engineering technician')"
2024HU0629657,02,01902,48,1015250,17,51,6,1,22,10,2,0,8,31,1.0,1,01,2910.0,10,10,1,2,1,Photographers
2024HU0629764,01,05912,48,1015250,16,52,1,1,20,0,1,98000,60,52,1.0,1,02,2905.0,98000,98000,1,2,9,"Other Media and Communication Equipment Workers (broadcast/sound/AV/lighting techs, combined - PUMS does not separately identify 'sound engineering technician')"
2024HU0630902,02,02003,48,1015250,12,25,1,5,21,0,2,20000,55,52,1.0,1,01,2910.0,20000,20000,1,2,1,Photographers
2024HU0631543,02,05904,48,1015250,13,29,1,5,22,0,2,47000,50,52,1.0,1,01,2634.0,47000,47000,1,2,1,Graphic Designers
2024HU0632336,01,04803,48,1015250,4,73,6,1,21,20000,1,0,8,52,1.0,1,01,2752.0,20000,32000,1,1,1,Musicians and Singers
2024HU0632336,02,04803,48,1015250,4,70,2,1,16,0,2,20800,8,52,1.0,1,01,2752.0,20800,31710,1,1,1,Musicians and Singers
2024HU0634240,01,02309,48,1015250,11,33,7,1,21,0,2,0,,,6.0,1,01,2634.0,0,0,1,2,1,Graphic Designers
2024HU0636191,01,05915,48,1015250,14,73,7,1,22,0,1,50000,60,52,1.0,1,24,2905.0,50000,90800,2,1,9,"Other Media and Communication Equipment Workers (broadcast/sound/AV/lighting techs, combined - PUMS does not separately identify 'sound engineering technician')"
2024HU0638211,01,02600,48,1015250,33,68,2,1,19,0,2,3800,2,52,1.0,1,01,2752.0,3800,13600,1,1,1,Musicians and Singers
2024HU0641437,01,03501,48,1015250,11,53,1,4,19,0,2,98000,30,52,1.0,1,01,2850.0,98000,122000,1,1,1,Writers and Authors
2024HU0645324,01,03801,48,1015250,11,27,1,5,22,0,2,41000,40,52,1.0,1,01,2710.0,41000,41000,1,2,1,Producers and Directors
2024HU0645466,02,02700,48,1015250,31,39,7,1,19,0,1,60000,40,52,1.0,1,01,2905.0,60000,60000,1,2,1,"Other Media and Communication Equipment Workers (broadcast/sound/AV/lighting techs, combined - PUMS does not separately identify 'sound engineering technician')"
2024HU0646520,01,06805,48,1015250,22,38,6,5,19,20000,2,0,25,52,1.0,1,02,2910.0,20000,20000,1,2,8,Photographers
2024HU0648394,02,05301,48,1015250,11,32,6,1,21,80000,1,0,40,52,1.0,1,01,2910.0,80000,80000,1,2,1,Photographers
2024HU0650472,02,05307,48,1015250,9,48,6,1,19,5000,1,0,40,52,1.0,1,02,2752.0,5000,5000,1,2,9,Musicians and Singers
2024HU0652136,02,02006,48,1015250,7,35,1,1,16,0,1,30000,30,52,1.0,2,02,2752.0,30000,30000,2,2,1,Musicians and Singers
2024HU0653891,02,02502,48,1015250,29,23,1,5,21,0,1,28000,40,52,2.0,1,01,2710.0,28000,28140,1,2,2,Producers and Directors
2024HU0657076,02,05306,48,1015250,18,40,7,1,21,0,1,20000,40,26,6.0,1,01,2910.0,20000,20000,1,2,1,Photographers
2024HU0658653,01,02006,48,1015250,16,66,1,5,21,0,1,51000,40,52,1.0,1,01,2710.0,51000,81000,1,1,1,Producers and Directors
2024HU0660984,01,01700,48,1015250,9,72,6,5,21,9000,1,0,8,40,1.0,1,01,2752.0,9000,23000,2,1,1,Musicians and Singers
2024HU0664922,01,02316,48,1015250,16,28,1,5,21,0,2,27900,40,52,1.0,1,02,2634.0,27900,27900,2,1,8,Graphic Designers
2024HU0664966,01,04501,48,1015250,12,73,2,1,22,0,1,0,,,6.0,1,01,2751.0,0,47200,1,1,1,Music Directors and Composers
2024HU0666010,01,03501,48,1015250,19,19,5,1,20,0,1,26000,60,52,4.0,1,01,2905.0,26000,65500,1,2,1,"Other Media and Communication Equipment Workers (broadcast/sound/AV/lighting techs, combined - PUMS does not separately identify 'sound engineering technician')"
2024HU0669210,01,05100,48,1015250,25,38,6,4,21,15000,1,13000,35,52,1.0,1,01,2905.0,28000,48000,2,1,1,"Other Media and Communication Equipment Workers (broadcast/sound/AV/lighting techs, combined - PUMS does not separately identify 'sound engineering technician')"
2024HU0669210,02,05100,48,1015250,10,30,6,5,16,54000,1,0,25,45,1.0,1,01,2752.0,54000,54000,1,2,1,Musicians and Singers
2024HU0671408,04,04907,48,1015250,13,23,1,5,21,0,2,48000,40,52,1.0,1,01,2710.0,48000,48000,1,2,6,Producers and Directors
2024HU0672050,01,04636,48,1015250,17,47,2,1,19,0,1,100000,40,52,1.0,1,01,2710.0,100000,100000,1,2,1,Producers and Directors
2024HU0672459,01,05800,48,1015250,19,30,1,5,21,0,2,84000,40,52,1.0,1,01,2634.0,84000,84000,1,2,1,Graphic Designers
2024HU0672699,06,05100,48,1015250,10,27,1,1,17,0,1,30000,80,12,1.0,1,01,2905.0,30000,30000,1,2,1,"Other Media and Communication Equipment Workers (broadcast/sound/AV/lighting techs, combined - PUMS does not separately identify 'sound engineering technician')"
2024HU0672937,02,02309,48,1015250,7,59,6,1,22,330,2,69000,40,49,1.0,2,01,2752.0,69330,69330,2,2,1,Musicians and Singers
2024HU0673474,01,04603,48,1015250,32,36,6,5,21,500,1,0,1,12,2.0,2,01,2634.0,500,25500,2,2,1,Graphic Designers
2024HU0674735,01,02314,48,1015250,17,32,2,1,22,0,2,60000,40,52,1.0,1,02,2850.0,60000,60000,1,2,8,Writers and Authors
2024HU0674819,02,01907,48,1015250,2,49,6,1,21,4200,1,0,5,10,2.0,1,01,2634.0,4200,4200,1,2,1,Graphic Designers
2024HU0677942,03,04615,48,1015250,17,33,6,5,21,50000,1,0,4,12,6.0,1,01,2710.0,50000,50000,1,2,1,Producers and Directors
2024HU0678253,02,03306,48,1015250,45,25,1,5,21,0,1,42000,40,52,1.0,1,02,2850.0,42000,42000,1,2,1,Writers and Authors
2024HU0678404,01,05306,48,1015250,95,29,7,5,22,0,2,100000,48,52,1.0,1,01,2850.0,100000,100000,1,2,1,Writers and Authors
2024HU0679964,03,05309,48,1015250,19,25,2,5,19,0,1,1000,12,1,1.0,1,01,2752.0,1000,1000,1,2,1,Musicians and Singers
2024HU0680652,02,05911,48,1015250,25,62,6,1,21,18000,1,0,25,52,1.0,1,01,2910.0,18000,18000,1,2,1,Photographers
2024HU0680676,02,01200,48,1015250,20,39,1,1,20,0,1,70000,40,52,1.0,2,01,2905.0,70000,75000,2,2,1,"Other Media and Communication Equipment Workers (broadcast/sound/AV/lighting techs, combined - PUMS does not separately identify 'sound engineering technician')"
2024HU0680780,02,05800,48,1015250,24,58,6,1,18,780,1,0,7,48,1.0,1,01,2634.0,780,780,2,1,1,Graphic Designers
2024HU0680840,01,00400,48,1015250,19,73,4,5,21,0,2,21600,5,52,1.0,1,01,2850.0,21600,55900,2,1,1,Writers and Authors
2024HU0681413,01,04616,48,1015250,5,68,2,5,21,0,1,5000,20,16,1.0,1,01,2752.0,5000,66300,1,1,1,Musicians and Singers
2024HU0683608,01,05309,48,1015250,22,54,7,3,22,50000,1,250000,40,52,1.0,1,01,2850.0,300000,300000,1,2,1,Writers and Authors
2024HU0683608,02,05309,48,1015250,12,21,1,5,21,0,1,10000,15,40,1.0,1,01,2850.0,10000,10000,1,2,1,Writers and Authors
2024HU0684877,01,02004,48,1015250,12,37,7,1,21,0,1,35000,45,52,1.0,2,01,2910.0,35000,35020,2,2,1,Photographers
2024HU0684877,02,02004,48,1015250,11,37,7,1,22,0,2,35000,45,52,1.0,2,01,2910.0,35000,35000,2,2,1,Photographers
2024HU0685170,03,03310,48,1015250,10,20,6,5,18,1100,2,0,6,9,1.0,2,02,2752.0,1100,1100,2,2,1,Musicians and Singers
2024HU0685471,01,00900,48,1015250,33,28,2,1,21,0,2,3000,40,6,6.0,1,02,2634.0,3000,3700,1,2,1,Graphic Designers
2024HU0686448,01,03400,48,1015250,36,48,1,1,18,0,2,51000,43,52,1.0,1,01,2634.0,51000,51000,1,1,1,Graphic Designers
2024HU0687082,04,04611,48,1015250,106,23,1,5,21,0,1,25000,40,52,1.0,1,01,2710.0,25000,25000,1,2,2,Producers and Directors
2024HU0688328,02,03700,48,1015250,2,20,2,5,16,0,2,5000,40,12,3.0,2,01,2910.0,5000,6000,2,2,1,Photographers
2024HU0688574,01,05401,48,1015250,55,75,7,1,22,0,1,2200,10,10,6.0,1,01,2910.0,2200,30200,1,1,1,Photographers
2024HU0689060,02,04100,48,1015250,6,77,1,1,21,0,2,1200,10,52,1.0,1,01,2850.0,1200,29340,2,1,1,Writers and Authors
2024HU0689536,05,05304,48,1015250,10,21,1,5,18,0,2,20000,40,52,1.0,1,01,2700.0,20000,20000,1,2,1,Actors
2024HU0690103,01,06702,48,1015250,5,76,2,2,21,0,2,0,,,6.0,1,01,2850.0,0,24900,1,1,1,Writers and Authors
2024HU0692289,02,05912,48,1015250,7,53,1,1,19,0,2,20000,25,40,1.0,1,01,2910.0,20000,20000,1,2,1,Photographers
2024HU0692473,02,02313,48,1015250,14,36,2,1,22,0,2,20000,40,25,6.0,1,01,2752.0,20000,20000,1,2,1,Musicians and Singers
2024HU0698977,01,00501,48,1015250,48,20,1,5,19,0,2,40000,32,52,1.0,2,01,2634.0,40000,40000,2,2,1,Graphic Designers
2024HU0701128,01,02507,48,1015250,10,80,2,1,22,0,1,25600,24,52,1.0,1,01,2751.0,25600,70000,1,1,1,Music Directors and Composers
2024HU0701128,02,02507,48,1015250,12,59,2,1,22,0,2,40000,24,52,1.0,1,01,2752.0,40000,40000,1,2,1,Musicians and Singers
2024HU0701237,01,05308,48,1015250,17,41,1,1,21,0,2,5000,10,40,2.0,1,01,2710.0,5000,5000,1,2,1,Producers and Directors
2024HU0702027,02,02507,48,1015250,8,54,1,1,16,0,1,60000,45,52,1.0,1,02,2634.0,60000,60000,1,2,9,Graphic Designers
2024HU0702245,02,02507,48,1015250,12,61,2,1,24,3000,2,35000,35,52,1.0,1,01,2752.0,38000,38030,1,2,1,Musicians and Singers
2024HU0702700,02,03400,48,1015250,8,38,5,1,21,0,2,89000,40,52,1.0,1,02,2850.0,89000,89000,1,2,1,Writers and Authors
2024HU0702799,01,02316,48,1015250,18,64,1,3,21,0,1,0,,,6.0,1,01,2910.0,0,18000,1,2,1,Photographers
2024HU0705036,01,05303,48,1015250,9,29,6,5,21,90000,2,0,50,52,1.0,1,02,2850.0,90000,90000,1,2,9,Writers and Authors
2024HU0706000,02,02514,48,1015250,5,68,1,5,22,0,2,0,,,6.0,1,01,2850.0,0,29200,2,1,1,Writers and Authors
2024HU0706594,01,05303,48,1015250,8,31,6,1,21,75000,1,0,45,49,1.0,1,01,2850.0,75000,75000,1,2,1,Writers and Authors
2024HU0707271,02,02313,48,1015250,12,26,1,1,21,0,2,24000,40,52,1.0,1,01,2850.0,24000,24000,1,2,1,Writers and Authors
2024HU0708047,01,02001,48,1015250,21,63,6,1,16,0,1,0,,,6.0,1,02,2634.0,0,11800,1,2,9,Graphic Designers
2024HU0709754,02,06702,48,1015250,11,28,1,1,21,0,1,30000,40,52,1.0,2,24,2850.0,30000,30000,2,2,1,Writers and Authors
2024HU0709783,02,02506,48,1015250,41,65,1,1,16,0,1,50000,45,52,1.0,1,01,2634.0,50000,50000,1,2,2,Graphic Designers
2024HU0710592,02,02504,48,1015250,9,67,2,1,21,0,2,7300,10,40,1.0,1,01,2752.0,7300,34440,1,1,1,Musicians and Singers
2024HU0711791,01,02600,48,1015250,12,41,1,1,21,0,1,70000,60,52,1.0,2,01,2910.0,70000,70000,2,2,1,Photographers
2024HU0711812,02,06805,48,1015250,6,70,2,1,23,0,2,36000,10,52,1.0,1,01,2752.0,36000,36000,1,1,1,Musicians and Singers
2024HU0712216,03,04907,48,1015250,16,29,6,5,18,24000,2,0,25,52,1.0,1,01,2905.0,24000,24000,2,1,2,"Other Media and Communication Equipment Workers (broadcast/sound/AV/lighting techs, combined - PUMS does not separately identify 'sound engineering technician')"
2024HU0712254,01,04200,48,1015250,10,54,1,1,16,0,1,87000,40,52,1.0,1,01,2905.0,87000,87000,1,2,1,"Other Media and Communication Equipment Workers (broadcast/sound/AV/lighting techs, combined - PUMS does not separately identify 'sound engineering technician')"
2024HU0712298,02,05309,48,1015250,17,36,6,1,21,35700,2,0,30,52,1.0,1,01,2634.0,35700,35720,1,2,9,Graphic Designers
2024HU0713102,01,02311,48,1015250,6,39,1,5,21,0,1,180000,40,52,1.0,1,01,2710.0,180000,180000,1,2,1,Producers and Directors
2024HU0713652,02,04604,48,1015250,42,35,6,1,22,25000,1,0,25,26,1.0,1,13,2752.0,25000,25000,1,2,1,Musicians and Singers
2024HU0713668,03,05000,48,1015250,2,53,5,3,17,8000,1,99000,40,52,1.0,1,01,2710.0,107000,109500,1,2,1,Producers and Directors
2024HU0714766,02,05911,48,1015250,15,57,1,1,21,0,1,89000,40,52,1.0,1,01,2850.0,89000,93000,1,2,1,Writers and Authors
2024HU0714890,03,07402,48,1015250,7,17,1,5,14,0,1,6300,10,52,6.0,1,01,2752.0,6300,6300,1,2,1,Musicians and Singers
2024HU0716896,01,05303,48,1015250,28,30,1,1,21,0,2,1900,30,23,6.0,1,02,2710.0,1900,1900,1,2,1,Producers and Directors
2024HU0719981,02,05301,48,1015250,3,24,2,5,21,0,1,65000,42,52,1.0,1,01,2850.0,65000,65000,1,2,6,Writers and Authors
2024HU0722305,01,04701,48,1015250,43,60,7,1,22,0,2,10500,70,52,1.0,1,01,2710.0,10500,86500,1,1,2,Producers and Directors
2024HU0722631,01,01800,48,1015250,7,49,4,3,21,0,2,50000,42,52,1.0,1,01,2710.0,50000,50000,1,2,1,Producers and Directors
2024HU0723613,01,05000,48,1015250,30,73,6,3,21,6000,1,300,6,40,1.0,1,01,2910.0,6300,41200,2,1,1,Photographers
2024HU0724346,01,04635,48,1015250,22,45,1,1,22,0,2,11700,20,46,6.0,1,01,2910.0,11700,11700,1,2,1,Photographers
2024HU0727524,02,04634,48,1015250,9,52,6,5,19,50000,1,0,20,26,6.0,1,02,2710.0,50000,50000,1,2,9,Producers and Directors
2024HU0730905,01,02511,48,1015250,11,35,1,5,18,0,1,82000,45,52,1.0,1,01,2710.0,82000,82000,1,2,1,Producers and Directors
2024HU0732492,01,00501,48,1015250,23,21,1,5,16,0,2,1800,80,9,3.0,1,01,2710.0,1800,1800,1,2,1,Producers and Directors
2024HU0732882,02,06702,48,1015250,5,60,6,1,19,780,1,0,7,48,1.0,1,01,2634.0,780,780,1,2,1,Graphic Designers
2024HU0732882,03,06702,48,1015250,7,24,6,5,21,12500,1,0,10,40,1.0,1,23,2634.0,12500,17300,1,2,9,Graphic Designers
2024HU0732935,01,05916,48,1015250,31,72,6,1,22,0,1,0,,,6.0,1,01,2752.0,0,84600,1,1,1,Musicians and Singers
2024HU0733049,01,05800,48,1015250,46,36,6,1,16,50000,1,0,36,52,1.0,1,02,2752.0,50000,50000,1,2,9,Musicians and Singers
2024HU0733153,01,04400,48,1015250,16,35,2,4,24,0,2,85000,40,52,1.0,1,01,2850.0,85000,86300,1,2,2,Writers and Authors
2024HU0733224,01,02502,48,1015250,9,66,6,1,19,0,1,0,,,6.0,1,01,2910.0,0,42400,2,1,1,Photographers
2024HU0737751,02,02400,48,1015250,4,28,1,5,19,0,1,73000,40,52,1.0,2,01,2905.0,73000,73000,2,2,1,"Other Media and Communication Equipment Workers (broadcast/sound/AV/lighting techs, combined - PUMS does not separately identify 'sound engineering technician')"
2024HU0739014,01,06500,48,1015250,11,70,7,1,22,0,1,0,,,6.0,1,01,2910.0,0,11000,1,1,1,Photographers
2024HU0739014,02,06500,48,1015250,13,70,7,1,21,0,2,0,,,6.0,1,01,2910.0,0,19900,1,1,1,Photographers
2024HU0739133,03,06807,48,1015250,15,41,6,5,07,20000,1,0,20,26,1.0,2,02,2752.0,20000,20000,2,2,9,Musicians and Singers
2024HU0739553,01,05304,48,1015250,16,33,1,1,21,0,1,50000,50,52,1.0,1,01,2710.0,50000,50000,1,2,1,Producers and Directors
2024HU0739553,02,05304,48,1015250,17,30,1,1,21,3000,2,75000,40,35,3.0,1,01,2910.0,78000,81800,1,2,1,Photographers
2024HU0742723,03,04302,48,1015250,37,25,2,5,19,0,1,4800,1,52,1.0,1,01,2752.0,4800,4800,1,2,1,Musicians and Singers
2024HU0744343,01,06000,48,1015250,20,77,1,1,22,1800,1,8400,20,52,1.0,1,01,2850.0,10200,26200,1,1,1,Writers and Authors
2024HU0744343,02,06000,48,1015250,14,76,1,1,21,0,2,0,,,6.0,1,01,2850.0,0,19000,1,1,1,Writers and Authors
2024HU0744940,01,04630,48,1015250,9,70,6,1,22,12000,1,0,5,48,6.0,1,01,2752.0,12000,57680,2,1,1,Musicians and Singers
2024HU0746946,01,01502,48,1015250,14,23,1,5,19,0,1,34700,40,52,1.0,1,01,2710.0,34700,34700,1,2,1,Producers and Directors
2024HU0747242,01,07401,48,1015250,17,27,4,5,21,0,1,62000,45,52,1.0,1,01,2910.0,62000,62000,1,2,1,Photographers
2024HU0748431,01,02700,48,1015250,7,74,4,2,21,0,2,69000,40,52,1.0,1,01,2710.0,69000,102700,1,1,1,Producers and Directors
2024HU0749430,02,02400,48,1015250,9,67,6,1,16,200,2,0,4,6,6.0,1,01,2752.0,200,200,1,2,1,Musicians and Singers
2024HU0751838,01,04630,48,1015250,17,59,1,1,18,0,1,50000,40,52,1.0,1,01,2905.0,50000,50500,1,2,1,"Other Media and Communication Equipment Workers (broadcast/sound/AV/lighting techs, combined - PUMS does not separately identify 'sound engineering technician')"
2024HU0755789,01,02320,48,1015250,30,45,1,1,20,0,1,95000,50,52,1.0,1,01,2905.0,95000,101000,1,2,1,"Other Media and Communication Equipment Workers (broadcast/sound/AV/lighting techs, combined - PUMS does not separately identify 'sound engineering technician')"
2024HU0755960,02,04906,48,1015250,16,25,3,5,21,0,2,65000,40,52,1.0,1,01,2751.0,65000,65000,1,2,1,Music Directors and Composers
2024HU0757029,01,04702,48,1015250,69,41,1,5,17,0,1,180000,40,40,1.0,2,02,2905.0,180000,180000,2,2,9,"Other Media and Communication Equipment Workers (broadcast/sound/AV/lighting techs, combined - PUMS does not separately identify 'sound engineering technician')"
2024HU0758064,04,02316,48,1015250,29,24,6,5,19,83000,1,0,40,52,1.0,2,02,2634.0,83000,83000,2,2,8,Graphic Designers
2024HU0758306,02,05305,48,1015250,14,57,4,1,22,0,2,0,,,6.0,1,01,2850.0,0,0,1,2,1,Writers and Authors
2024HU0760089,01,05402,48,1015250,19,31,6,5,19,36000,1,0,48,52,1.0,1,01,2751.0,36000,36000,1,2,1,Music Directors and Composers
2024HU0761592,01,02313,48,1015250,5,56,6,5,21,22900,1,0,45,52,1.0,1,01,2710.0,22900,40400,1,2,1,Producers and Directors
2024HU0762687,01,02101,48,1015250,29,48,2,1,22,0,1,50000,8,52,1.0,1,01,2752.0,50000,50000,1,2,2,Musicians and Singers
2024HU0763099,01,01400,48,1015250,48,50,1,3,21,0,1,100000,40,40,1.0,2,01,2850.0,100000,100000,2,2,1,Writers and Authors
2024HU0763179,03,05204,48,1015250,27,24,1,5,21,0,2,15000,40,52,1.0,1,01,2634.0,15000,15000,1,2,6,Graphic Designers
2024HU0763580,02,04609,48,1015250,21,36,6,3,18,40000,2,0,40,52,1.0,1,01,2850.0,40000,40000,1,2,1,Writers and Authors
2024HU0764559,03,05904,48,1015250,14,16,2,5,12,0,2,500,10,2,6.0,1,01,2752.0,500,500,1,2,1,Musicians and Singers
2024HU0769315,03,05202,48,1015250,19,20,2,5,20,0,1,6000,4,52,1.0,1,01,2905.0,6000,6000,1,2,1,"Other Media and Communication Equipment Workers (broadcast/sound/AV/lighting techs, combined - PUMS does not separately identify 'sound engineering technician')"
2024HU0769616,01,04631,48,1015250,61,71,6,1,19,77000,1,0,9,52,1.0,1,01,2634.0,77000,93000,2,1,6,Graphic Designers
2024HU0769987,04,02304,48,1015250,33,56,1,1,01,0,1,37400,40,52,1.0,2,02,2634.0,37400,37400,2,2,8,Graphic Designers
2024HU0770039,01,02102,48,1015250,8,36,7,1,21,0,2,24000,40,52,1.0,2,01,2910.0,24000,24000,2,2,1,Photographers
2024HU0771334,02,05306,48,1015250,12,49,7,1,21,0,1,200000,60,52,1.0,1,01,2710.0,200000,200000,1,2,1,Producers and Directors
2024HU0771670,02,02301,48,1015250,26,65,6,1,21,-8100,2,0,60,52,1.0,1,01,2752.0,-8100,18900,2,1,2,Musicians and Singers
2024HU0771673,01,04631,48,1015250,28,35,1,5,21,0,2,50000,40,40,1.0,1,01,2634.0,50000,50000,1,2,1,Graphic Designers
2024HU0773129,01,07401,48,1015250,17,21,1,5,19,0,2,16000,20,48,1.0,1,01,2634.0,16000,16000,1,2,1,Graphic Designers
2024HU0773741,02,02006,48,1015250,37,31,1,1,21,1600,2,16100,20,36,1.0,1,02,2910.0,17700,17700,1,2,9,Photographers
2024HU0774527,01,04000,48,1015250,57,54,2,3,11,0,2,1000,56,6,6.0,1,01,2752.0,1000,11800,2,1,1,Musicians and Singers
2024HU0774684,01,01502,48,1015250,13,52,7,1,19,0,1,244000,40,52,1.0,1,01,2634.0,244000,255300,1,2,1,Graphic Designers
2024HU0775260,01,04901,48,1015250,15,37,6,1,19,0,2,0,,,6.0,1,01,2850.0,0,0,2,1,2,Writers and Authors
2024HU0776787,01,02400,48,1015250,8,37,6,5,22,130000,1,0,40,45,1.0,1,01,2910.0,130000,130000,1,2,2,Photographers
2024HU0777985,04,04624,48,1015250,18,20,1,5,19,0,2,9000,20,45,1.0,1,01,2634.0,9000,9000,1,2,1,Graphic Designers
2024HU0779408,02,02101,48,1015250,11,35,6,1,21,60000,2,0,50,52,1.0,2,01,2634.0,60000,60000,2,2,1,Graphic Designers
2024HU0780637,01,05904,48,1015250,9,61,6,1,19,100000,1,0,40,40,1.0,1,01,2910.0,100000,100800,1,2,1,Photographers
2024HU0782884,02,05912,48,1015250,21,48,1,1,16,0,1,10000,30,26,6.0,2,02,2752.0,10000,10000,2,2,9,Musicians and Singers
2024HU0783475,03,05911,48,1015250,23,17,2,5,13,0,1,300,2,3,6.0,1,01,2752.0,300,300,1,2,9,Musicians and Singers
2024HU0785851,02,04634,48,1015250,13,33,1,5,21,0,1,52000,40,52,1.0,1,02,2634.0,52000,52000,1,2,9,Graphic Designers
2024HU0786778,02,02314,48,1015250,48,49,1,5,17,0,1,110000,40,52,1.0,1,01,2905.0,110000,110000,2,1,2,"Other Media and Communication Equipment Workers (broadcast/sound/AV/lighting techs, combined - PUMS does not separately identify 'sound engineering technician')"
2024HU0787704,01,02310,48,1015250,9,44,1,1,20,0,1,30000,30,40,2.0,1,01,2850.0,30000,30000,1,2,1,Writers and Authors
2024HU0791411,02,02507,48,1015250,16,39,1,1,19,0,1,55000,40,52,1.0,1,01,2634.0,55000,55000,1,2,6,Graphic Designers
2024HU0793627,02,01901,48,1015250,13,25,1,5,21,0,2,68000,40,52,1.0,1,02,2634.0,68000,68000,1,2,8,Graphic Designers
2024HU0794315,02,04501,48,1015250,81,26,2,5,16,0,1,55000,40,52,1.0,1,01,2905.0,55000,55000,1,2,1,"Other Media and Communication Equipment Workers (broadcast/sound/AV/lighting techs, combined - PUMS does not separately identify 'sound engineering technician')"
2024HU0794537,02,07401,48,1015250,12,63,6,1,21,18000,1,0,25,52,1.0,1,01,2910.0,18000,18000,1,2,1,Photographers
2024HU0795162,01,01901,48,1015250,11,44,7,1,21,0,2,31000,20,48,1.0,1,01,2634.0,31000,31000,1,2,1,Graphic Designers
2024HU0795162,02,01901,48,1015250,14,47,7,1,21,0,1,31000,30,30,6.0,1,01,2634.0,31000,31000,1,2,1,Graphic Designers
2024HU0796666,01,07401,48,1015250,20,20,2,5,16,0,2,840,4,30,6.0,1,01,2751.0,840,840,1,2,1,Music Directors and Composers
2024HU0797089,01,05916,48,1015250,24,26,1,1,21,0,2,74000,40,52,1.0,1,01,2634.0,74000,74000,1,2,1,Graphic Designers
2024HU0797945,02,01904,48,1015250,37,24,6,5,19,3000,1,0,40,52,1.0,2,01,2752.0,3000,3000,2,2,6,Musicians and Singers
2024HU0798247,01,02004,48,1015250,17,34,1,1,21,0,2,0,,,6.0,1,01,2850.0,0,0,1,2,1,Writers and Authors
2024HU0799120,02,02303,48,1015250,8,46,1,1,20,0,1,70000,40,52,1.0,1,02,2634.0,70000,70000,1,2,9,Graphic Designers
2024HU0799652,01,02305,48,1015250,74,28,4,5,21,0,1,68000,40,52,1.0,1,01,2634.0,68000,68000,1,2,2,Graphic Designers
2024HU0799776,04,04904,48,1015250,21,23,1,5,21,0,1,30000,40,52,1.0,1,01,2634.0,30000,30000,1,2,6,Graphic Designers
2024HU0800288,01,02306,48,1015250,16,60,1,1,21,0,1,140000,48,52,1.0,1,01,2634.0,140000,190000,1,2,1,Graphic Designers
2024HU0800679,01,04612,48,1015250,7,92,7,1,21,0,1,3000,6,1,6.0,1,01,2850.0,3000,120400,2,1,1,Writers and Authors
2024HU0801683,01,06805,48,1015250,19,42,4,5,21,0,1,38000,40,52,1.0,1,01,2910.0,38000,38000,1,2,6,Photographers
2024HU0803109,01,04616,48,1015250,11,45,7,1,21,0,1,120000,30,52,1.0,1,01,2905.0,120000,140000,1,2,1,"Other Media and Communication Equipment Workers (broadcast/sound/AV/lighting techs, combined - PUMS does not separately identify 'sound engineering technician')"
2024HU0803171,03,01907,48,1015250,21,28,6,5,21,23600,2,0,96,52,1.0,2,01,2700.0,23600,23600,2,2,6,Actors
2024HU0805426,01,05307,48,1015250,13,28,1,1,21,0,2,51000,40,52,1.0,1,01,2710.0,51000,51000,1,2,9,Producers and Directors
2024HU0806799,01,05911,48,1015250,13,68,8,1,21,0,2,0,40,52,6.0,1,02,2910.0,0,16100,2,1,9,Photographers
2024HU0806799,02,05911,48,1015250,18,61,7,1,17,0,1,14000,40,52,1.0,1,01,2910.0,14000,419000,1,2,1,Photographers
2024HU0808676,01,02006,48,1015250,20,35,7,1,21,22000,1,67000,45,49,1.0,1,01,2710.0,89000,89000,1,2,1,Producers and Directors
2024HU0815043,01,04301,48,1015250,6,75,6,1,21,-8100,1,0,35,5,6.0,1,01,2910.0,-8100,10400,1,1,9,Photographers
2024HU0818543,04,04902,48,1015250,20,59,7,3,01,0,2,12000,20,52,1.0,1,01,2752.0,12000,12000,1,2,6,Musicians and Singers
2024HU0823432,01,03400,48,1015250,14,59,6,5,21,9000,2,0,30,31,2.0,1,01,2910.0,9000,9000,1,2,1,Photographers
2024HU0824999,01,04604,48,1015250,9,41,6,5,23,80000,2,0,40,52,1.0,1,01,2850.0,80000,80020,1,2,1,Writers and Authors
2024HU0825206,02,04613,48,1015250,61,28,1,5,21,0,1,33300,40,52,1.0,1,01,2634.0,33300,33300,1,2,1,Graphic Designers
2024HU0826915,01,05500,48,1015250,17,67,1,5,19,0,1,0,,,6.0,1,01,2634.0,0,15100,2,1,1,Graphic Designers
2024HU0827107,01,02509,48,1015250,8,49,7,1,21,30000,1,60000,40,52,1.0,1,16,2910.0,90000,90000,1,2,1,Photographers
2024HU0827107,02,02509,48,1015250,10,52,7,1,19,30000,1,60000,40,52,1.0,1,01,2910.0,90000,90000,1,2,1,Photographers
2024HU0827427,01,05911,48,1015250,7,43,6,1,21,0,2,0,,,6.0,1,01,2910.0,0,0,1,2,1,Photographers
2024HU0828346,02,04636,48,1015250,46,44,1,1,22,0,1,95000,40,52,1.0,1,01,2634.0,95000,95000,1,2,8,Graphic Designers
2024HU0829071,02,02600,48,1015250,2,66,2,1,16,0,2,0,,,6.0,1,01,2752.0,0,9500,1,1,1,Musicians and Singers
2024HU0831206,02,04902,48,1015250,15,49,6,1,20,45000,1,0,35,52,1.0,1,01,2634.0,45000,45000,1,2,1,Graphic Designers
2024HU0831950,04,00100,48,1015250,6,42,1,5,20,0,1,115000,50,42,2.0,2,02,2905.0,115000,115000,2,2,8,"Other Media and Communication Equipment Workers (broadcast/sound/AV/lighting techs, combined - PUMS does not separately identify 'sound engineering technician')"
2024HU0832030,01,05307,48,1015250,39,27,6,5,16,25000,2,0,25,52,1.0,2,01,2910.0,25000,25000,2,2,1,Photographers
2024HU0835508,01,07401,48,1015250,31,53,4,3,21,0,1,50000,40,52,1.0,1,03,2634.0,50000,50000,1,2,9,Graphic Designers
2024HU0836961,03,05000,48,1015250,20,40,1,3,18,0,2,0,,,6.0,2,01,2700.0,0,0,2,2,9,Actors
2024HU0837819,01,05308,48,1015250,72,59,1,5,21,0,1,104000,40,52,1.0,1,01,2850.0,104000,104000,1,2,1,Writers and Authors
2024HU0839185,01,02304,48,1015250,25,27,6,5,19,50000,2,0,20,52,1.0,2,02,2910.0,50000,50000,2,2,9,Photographers
2024HU0840092,01,05309,48,1015250,35,58,1,1,21,0,1,117000,40,11,6.0,1,02,2634.0,117000,133000,1,2,9,Graphic Designers
2024HU0840394,02,05100,48,1015250,4,28,1,5,21,0,1,30700,8,52,1.0,1,01,2634.0,30700,30700,1,2,1,Graphic Designers
2024HU0840452,01,04614,48,1015250,13,23,1,5,18,0,1,25000,35,52,1.0,1,07,2634.0,25000,25000,1,2,9,Graphic Designers
2024HU0840780,01,02301,48,1015250,62,54,8,1,21,0,2,16600,50,52,1.0,2,01,2710.0,16600,16600,2,2,1,Producers and Directors
2024HU0840857,01,03310,48,1015250,44,28,6,5,19,40000,1,0,8,48,1.0,2,02,2752.0,40000,40000,2,2,8,Musicians and Singers
2024HU0840857,02,03310,48,1015250,45,26,2,5,23,0,1,25000,8,40,1.0,2,02,2752.0,25000,25000,2,2,8,Musicians and Singers
2024HU0842599,01,02600,48,1015250,11,39,6,1,19,5000,2,0,40,52,1.0,1,01,2910.0,5000,5000,1,2,1,Photographers
2024HU0842639,01,05204,48,1015250,40,24,2,1,16,0,1,55000,40,52,1.0,1,02,2751.0,55000,55000,1,2,9,Music Directors and Composers
2024HU0844547,01,05305,48,1015250,12,63,6,1,21,970,1,250000,30,52,1.0,1,01,2910.0,250970,251040,1,2,1,Photographers
2024HU0845269,02,05901,48,1015250,11,64,7,1,21,0,2,51000,40,52,1.0,1,01,2634.0,51000,75400,1,2,1,Graphic Designers
2024HU0848806,01,06804,48,1015250,24,33,1,1,21,0,1,24000,40,52,1.0,2,02,2905.0,24000,24000,2,2,9,"Other Media and Communication Equipment Workers (broadcast/sound/AV/lighting techs, combined - PUMS does not separately identify 'sound engineering technician')"
2024HU0849596,03,04000,48,1015250,19,23,2,5,21,0,1,8400,20,52,1.0,2,01,2751.0,8400,8400,2,2,1,Music Directors and Composers
2024HU0852568,03,04618,48,1015250,28,28,1,5,20,0,2,11500,40,11,3.0,2,02,2634.0,11500,11500,2,2,8,Graphic Designers
2024HU0852729,03,06801,48,1015250,23,19,2,5,16,0,1,5000,25,21,1.0,1,02,2634.0,5000,5000,1,2,9,Graphic Designers
2024HU0854297,02,05800,48,1015250,53,30,1,5,21,0,2,0,,,3.0,1,02,2634.0,0,700,2,1,9,Graphic Designers
2024HU0856465,01,04702,48,1015250,8,75,6,1,22,-300,1,90,55,52,1.0,1,01,2850.0,-210,45190,2,1,1,Writers and Authors
2024HU0857395,03,04601,48,1015250,61,23,1,5,21,0,1,12000,40,4,1.0,1,01,2634.0,12000,12000,1,2,1,Graphic Designers
2024HU0859282,01,04907,48,1015250,57,34,7,1,21,0,1,10000,50,52,1.0,2,01,2634.0,10000,10000,2,2,6,Graphic Designers
2024HU0859575,01,02306,48,1015250,5,45,2,5,24,0,1,78000,48,52,1.0,1,01,2751.0,78000,78000,1,2,1,Music Directors and Composers
2024HU0859739,01,02314,48,1015250,14,50,1,3,21,0,1,66000,30,20,1.0,1,01,2710.0,66000,66000,1,2,1,Producers and Directors
2024HU0860750,02,02310,48,1015250,9,53,1,3,19,0,1,75000,36,42,1.0,2,01,2910.0,75000,75000,2,2,1,Photographers
2024HU0862155,02,02322,48,1015250,9,55,6,1,21,1300,2,0,10,20,1.0,1,01,2910.0,1300,1300,1,2,1,Photographers
2024HU0862236,01,05303,48,1015250,11,70,1,1,21,0,1,50000,40,52,1.0,1,01,2710.0,50000,68900,2,1,1,Producers and Directors
2024HU0864876,03,04701,48,1015250,13,49,2,1,20,0,1,32300,40,52,1.0,1,01,2634.0,32300,32480,1,2,1,Graphic Designers
2024HU0864876,04,04701,48,1015250,11,44,6,1,20,0,1,0,,,6.0,1,24,2634.0,0,0,1,2,8,Graphic Designers
2024HU0866139,01,05301,48,1015250,23,62,6,1,21,0,2,0,,,6.0,1,01,2850.0,0,0,1,2,1,Writers and Authors
2024HU0866575,02,02514,48,1015250,40,50,6,1,22,20000,1,0,50,52,1.0,1,01,2634.0,20000,20000,1,2,1,Graphic Designers
2024HU0869550,02,01501,48,1015250,18,39,1,1,21,0,1,35000,40,52,1.0,1,01,2850.0,35000,35000,1,2,1,Writers and Authors
2024HU0869694,01,02316,48,1015250,18,75,7,3,21,0,1,65000,30,20,1.0,1,01,2910.0,65000,71900,2,1,2,Photographers
2024HU0871156,01,01300,48,1015250,11,63,5,1,18,0,2,4700,20,52,1.0,1,01,2910.0,4700,4700,1,2,1,Photographers
2024HU0872574,01,04802,48,1015250,35,46,1,3,22,0,2,80000,40,52,1.0,1,01,2850.0,80000,100000,1,2,2,Writers and Authors
2024HU0874137,01,01700,48,1015250,23,66,1,3,16,0,1,0,,,6.0,1,01,2850.0,0,18000,2,1,9,Writers and Authors
2024HU0876959,02,03501,48,1015250,23,27,1,1,22,0,1,55000,50,52,1.0,1,01,2905.0,55000,55000,2,1,2,"Other Media and Communication Equipment Workers (broadcast/sound/AV/lighting techs, combined - PUMS does not separately identify 'sound engineering technician')"
2024HU0878776,02,02310,48,1015250,10,24,2,1,21,0,1,65000,45,52,1.0,1,01,2634.0,65000,65000,1,2,1,Graphic Designers
2024HU0879769,04,02006,48,1015250,28,21,1,5,20,0,1,9000,40,10,6.0,1,01,2752.0,9000,9000,1,2,1,Musicians and Singers
2024HU0880414,03,01501,48,1015250,20,34,2,5,18,0,1,25000,25,52,1.0,2,01,2752.0,25000,25000,2,2,2,Musicians and Singers
2024HU0880798,01,05307,48,1015250,12,43,6,1,20,0,2,0,,,3.0,1,23,2634.0,0,0,1,2,1,Graphic Designers
2024HU0883989,02,04906,48,1015250,59,41,1,1,21,0,2,0,,,6.0,1,01,2634.0,0,0,1,2,1,Graphic Designers
2024HU0885656,02,02306,48,1015250,12,30,7,1,21,7500,2,15000,40,40,3.0,1,02,2910.0,22500,22500,1,2,8,Photographers
2024HU0885992,01,04603,48,1015250,5,68,2,5,22,15000,1,71000,25,33,1.0,1,01,2752.0,86000,133000,2,1,1,Musicians and Singers
2024HU0886793,01,00501,48,1015250,9,20,4,5,19,0,1,0,,,6.0,1,01,2910.0,0,0,1,2,1,Photographers
2024HU0888488,01,05401,48,1015250,24,57,6,3,21,12000,2,0,5,35,6.0,1,01,2752.0,12000,62000,1,2,1,Musicians and Singers
2024HU0888502,03,00600,48,1015250,4,29,6,5,20,3000,1,0,20,8,6.0,2,01,2634.0,3000,3000,2,2,1,Graphic Designers
2024HU0888576,01,04629,48,1015250,19,69,2,5,24,0,1,17400,8,52,1.0,1,01,2751.0,17400,50900,1,1,1,Music Directors and Composers
2024HU0888676,01,04605,48,1015250,15,39,4,5,22,1200,2,60000,40,52,1.0,1,01,2850.0,61200,61200,1,2,2,Writers and Authors
2024HU0889591,01,05901,48,1015250,75,31,3,3,22,2500,2,67000,40,52,1.0,1,02,2634.0,69500,69500,1,2,9,Graphic Designers
2024HU0890755,02,05915,48,1015250,27,25,1,5,21,0,1,42000,40,52,1.0,2,02,2850.0,42000,42000,2,2,1,Writers and Authors
2024HU0890785,02,05402,48,1015250,20,65,7,1,22,0,1,200,2,8,6.0,1,01,2850.0,200,46700,2,1,1,Writers and Authors
2024HU0891479,02,07402,48,1015250,17,31,1,5,16,0,2,8000,10,20,1.0,2,01,2634.0,8000,8000,2,2,9,Graphic Designers
2024HU0892343,03,00501,48,1015250,4,19,2,5,13,0,2,7200,40,40,1.0,1,01,2740.0,7200,7200,2,1,1,Dancers and Choreographers
2024HU0893016,01,05305,48,1015250,12,51,6,1,23,10000,2,0,20,20,6.0,1,01,2850.0,10000,10000,1,2,1,Writers and Authors
2024HU0893708,01,04615,48,1015250,33,68,6,5,01,300,1,0,8,1,3.0,1,11,2634.0,300,11200,2,1,8,Graphic Designers
2024HU0894013,01,02322,48,1015250,7,38,1,5,21,0,2,65000,40,52,1.0,1,01,2634.0,65000,65000,1,2,1,Graphic Designers
2024HU0894190,01,01700,48,1015250,1,71,6,1,18,4400,2,0,10,25,1.0,1,01,2850.0,4400,24000,1,1,1,Writers and Authors
2024HU0894491,02,01904,48,1015250,16,29,1,5,20,0,1,25000,35,40,1.0,1,01,2910.0,25000,25000,1,2,2,Photographers
2024HU0894823,01,05903,48,1015250,46,43,1,1,16,0,1,48000,40,52,1.0,2,02,2905.0,48000,48500,2,2,8,"Other Media and Communication Equipment Workers (broadcast/sound/AV/lighting techs, combined - PUMS does not separately identify 'sound engineering technician')"
2024HU0895581,01,04604,48,1015250,10,59,2,3,23,0,2,60000,40,52,1.0,1,01,2850.0,60000,70000,1,2,1,Writers and Authors
2024HU0896406,01,05909,48,1015250,23,32,8,4,16,0,1,1000,38,4,1.0,2,01,2710.0,1000,1000,2,2,2,Producers and Directors
2024HU0896818,03,00100,48,1015250,44,21,4,5,19,0,1,2400,13,52,1.0,1,02,2905.0,2400,2400,1,2,8,"Other Media and Communication Equipment Workers (broadcast/sound/AV/lighting techs, combined - PUMS does not separately identify 'sound engineering technician')"
2024HU0897115,03,04610,48,1015250,104,28,6,5,19,20000,1,0,55,52,1.0,2,02,2710.0,20000,20000,2,2,1,Producers and Directors
2024HU0897239,01,04701,48,1015250,11,74,2,2,22,0,2,120,4,1,6.0,1,01,2700.0,120,59720,1,1,1,Actors
2024HU0897852,01,01901,48,1015250,7,67,6,1,21,25400,2,0,13,43,1.0,1,01,2634.0,25400,61200,1,1,1,Graphic Designers
2024HU0898701,01,02307,48,1015250,14,42,1,1,21,0,1,150000,40,52,1.0,1,01,2634.0,150000,150000,1,2,1,Graphic Designers
2024HU0901381,02,02004,48,1015250,25,25,1,5,21,0,2,13100,30,20,1.0,1,01,2634.0,13100,13100,1,2,1,Graphic Designers
2024HU0904722,02,02506,48,1015250,14,46,1,1,20,0,1,48000,42,52,1.0,1,01,2634.0,48000,48000,1,2,2,Graphic Designers
2024HU0906619,01,05911,48,1015250,14,28,6,5,20,40000,1,0,50,52,1.0,1,01,2910.0,40000,40000,1,2,1,Photographers
2024HU0907322,03,05000,48,1015250,1,57,6,5,21,3000,1,40000,40,32,1.0,1,02,2634.0,43000,58000,1,2,1,Graphic Designers
2024HU0908717,01,01909,48,1015250,5,53,6,1,22,600,2,0,30,10,6.0,1,01,2850.0,600,600,1,2,2,Writers and Authors
2024HU0908924,02,04623,48,1015250,13,75,2,1,19,0,2,13500,5,52,1.0,1,01,2752.0,13500,51300,1,1,1,Musicians and Singers
2024HU0909990,04,04631,48,1015250,14,27,1,5,21,0,1,55000,40,52,1.0,1,02,2850.0,55000,55000,1,2,8,Writers and Authors
2024HU0911906,01,05203,48,1015250,17,53,1,2,22,2000,2,100000,50,52,1.0,1,01,2850.0,102000,102000,1,2,1,Writers and Authors
2024HU0912627,02,06806,48,1015250,18,35,1,3,21,0,1,30000,40,52,1.0,1,02,2634.0,30000,30000,2,1,8,Graphic Designers
2024HU0913875,01,05307,48,1015250,15,30,1,1,21,0,2,70000,40,52,1.0,1,01,2634.0,70000,70000,1,2,1,Graphic Designers
2024HU0913995,02,05304,48,1015250,40,31,1,5,21,0,1,110000,50,52,1.0,1,01,2850.0,110000,110000,1,2,9,Writers and Authors
2024HU0919009,01,02303,48,1015250,40,40,6,4,20,9000,2,0,20,52,1.0,1,01,2634.0,9000,9000,1,2,1,Graphic Designers
2024HU0919639,02,02400,48,1015250,11,68,6,3,19,300,1,0,8,1,3.0,1,01,2634.0,300,11200,2,1,1,Graphic Designers
2024HU0921225,05,04000,48,1015250,58,17,3,5,14,0,1,4000,25,3,6.0,1,01,2752.0,4000,4000,1,2,1,Musicians and Singers
2024HU0921546,02,02003,48,1015250,9,66,6,1,21,75000,1,0,60,52,1.0,1,01,2910.0,75000,75000,1,1,1,Photographers
2024HU0923365,02,02513,48,1015250,77,40,6,1,20,18700,2,0,20,52,1.0,2,01,2850.0,18700,18700,2,2,1,Writers and Authors
2024HU0924266,02,02515,48,1015250,17,43,1,1,16,0,2,25000,50,52,1.0,2,01,2634.0,25000,25000,2,2,1,Graphic Designers
2024HU0925999,01,04803,48,1015250,17,30,1,4,16,0,2,35000,40,52,1.0,1,02,2634.0,35000,35000,1,2,9,Graphic Designers
2024HU0927600,02,02200,48,1015250,6,37,6,1,19,20000,2,0,2,20,6.0,1,01,2910.0,20000,20000,1,2,1,Photographers
2024HU0931383,02,02318,48,1015250,78,53,6,1,21,120000,1,0,70,52,1.0,1,01,2905.0,120000,120000,1,2,2,"Other Media and Communication Equipment Workers (broadcast/sound/AV/lighting techs, combined - PUMS does not separately identify 'sound engineering technician')"
2024HU0931906,03,04301,48,1015250,6,28,6,5,19,0,2,0,,,3.0,2,01,2634.0,0,0,2,2,1,Graphic Designers
2024HU0932697,01,05800,48,1015250,19,35,7,1,22,0,2,31000,20,48,1.0,1,01,2634.0,31000,31000,1,2,1,Graphic Designers
2024HU0932922,01,02317,48,1015250,9,42,2,1,21,0,1,138000,50,50,1.0,2,01,2751.0,138000,138000,2,2,2,Music Directors and Composers
2024HU0933429,01,04618,48,1015250,30,39,1,1,21,0,2,99000,43,52,1.0,2,02,2710.0,99000,99000,2,2,9,Producers and Directors
2024HU0934937,02,04638,48,1015250,10,48,1,1,20,0,1,55000,45,52,1.0,1,02,2905.0,55000,55000,1,2,9,"Other Media and Communication Equipment Workers (broadcast/sound/AV/lighting techs, combined - PUMS does not separately identify 'sound engineering technician')"
2024HU0937559,02,02312,48,1015250,15,33,1,1,21,0,2,24000,24,52,1.0,1,01,2850.0,24000,21400,1,2,1,Writers and Authors
2024HU0942342,02,04631,48,1015250,10,34,1,1,21,0,2,76000,40,52,1.0,1,01,2634.0,76000,76000,1,2,1,Graphic Designers
2024HU0942518,03,07500,48,1015250,16,32,1,3,17,0,1,33000,40,52,1.0,1,02,2634.0,33000,33010,1,2,9,Graphic Designers
2024HU0943940,02,01700,48,1015250,7,31,1,1,19,0,1,50000,40,52,1.0,1,01,2634.0,50000,50000,1,2,1,Graphic Designers
2024HU0944290,01,03900,48,1015250,19,65,4,1,19,0,1,45600,40,52,1.0,1,01,2710.0,45600,85600,1,2,1,Producers and Directors
2024HU0944747,02,02002,48,1015250,16,28,2,1,22,37000,2,58000,55,52,1.0,1,01,2905.0,95000,95000,1,2,1,"Other Media and Communication Equipment Workers (broadcast/sound/AV/lighting techs, combined - PUMS does not separately identify 'sound engineering technician')"
2024HU0945038,01,03310,48,1015250,17,59,1,1,21,0,1,85000,40,52,1.0,1,02,2710.0,85000,85000,1,2,9,Producers and Directors
2024HU0945511,01,02307,48,1015250,5,55,1,1,21,0,2,15000,10,25,6.0,1,01,2850.0,15000,15000,1,2,1,Writers and Authors
2024HU0945511,03,02307,48,1015250,9,17,1,5,13,0,2,0,,,6.0,1,01,2700.0,0,0,1,2,1,Actors
2024HU0945855,03,02101,48,1015250,6,40,6,5,24,60000,2,0,50,52,1.0,1,01,2634.0,60000,60000,1,2,1,Graphic Designers
2024HU0947568,02,02318,48,1015250,17,47,1,1,19,0,2,70000,37,52,1.0,1,02,2634.0,70000,70000,1,2,9,Graphic Designers
2024HU0948294,02,02507,48,1015250,11,26,1,4,16,0,2,8000,10,20,1.0,2,01,2634.0,8000,8000,2,2,9,Graphic Designers
2024HU0950249,02,04604,48,1015250,4,22,2,5,21,0,2,1000,10,2,6.0,1,01,2850.0,1000,1000,1,2,1,Writers and Authors
2024HU0950694,02,02301,48,1015250,10,53,1,1,20,0,1,70000,40,52,1.0,1,02,2634.0,70000,70000,1,2,9,Graphic Designers
2024HU0951205,02,02006,48,1015250,22,36,1,1,16,0,1,42000,40,52,1.0,1,01,2634.0,42000,42000,1,2,1,Graphic Designers
2024HU0951606,02,02003,48,1015250,39,43,1,1,19,0,1,60000,55,32,1.0,2,01,2905.0,60000,60000,2,2,1,"Other Media and Communication Equipment Workers (broadcast/sound/AV/lighting techs, combined - PUMS does not separately identify 'sound engineering technician')"
2024HU0951988,02,02004,48,1015250,22,66,1,1,19,0,2,17700,10,20,1.0,1,01,2700.0,17700,17700,2,1,1,Actors
2024HU0952670,02,04200,48,1015250,31,34,2,1,16,0,2,15000,20,52,1.0,1,01,2751.0,15000,15000,1,2,1,Music Directors and Composers
2024HU0955223,02,05201,48,1015250,8,53,7,1,19,0,2,13000,40,52,1.0,1,02,2634.0,13000,13000,1,2,5,Graphic Designers
2024HU0955902,03,01300,48,1015250,51,38,1,5,19,0,1,32000,40,52,1.0,1,01,2910.0,32000,32000,1,2,1,Photographers
2024HU0958997,01,06000,48,1015250,13,40,6,1,21,18000,2,0,15,45,1.0,1,01,2910.0,18000,18000,1,2,1,Photographers
2024HU0959693,05,04902,48,1015250,8,20,1,5,16,0,1,10000,15,40,1.0,1,01,2850.0,10000,10000,1,2,1,Writers and Authors
2024HU0960031,01,02006,48,1015250,22,53,6,1,21,80000,1,8000,25,52,1.0,1,01,2752.0,88000,88240,1,2,1,Musicians and Singers
2024HU0963984,01,02507,48,1015250,12,69,6,1,23,300,1,0,8,1,3.0,1,01,2634.0,300,11200,2,1,1,Graphic Designers
2024HU0964659,01,02600,48,1015250,7,77,2,1,22,0,1,5100,3,52,1.0,1,01,2751.0,5100,28500,1,1,1,Music Directors and Composers
2024HU0969979,02,05306,48,1015250,13,55,6,1,19,387000,1,0,40,50,1.0,1,01,2710.0,387000,428000,1,2,1,Producers and Directors
2024HU0972299,01,02004,48,1015250,11,67,1,1,19,0,1,75000,99,21,1.0,1,01,2905.0,75000,99000,2,1,1,"Other Media and Communication Equipment Workers (broadcast/sound/AV/lighting techs, combined - PUMS does not separately identify 'sound engineering technician')"
2024HU0972299,03,02004,48,1015250,13,26,1,5,17,0,1,30000,80,12,1.0,1,01,2905.0,30000,30000,1,2,1,"Other Media and Communication Equipment Workers (broadcast/sound/AV/lighting techs, combined - PUMS does not separately identify 'sound engineering technician')"
2024HU0974548,01,04626,48,1015250,15,34,1,5,15,0,1,98000,60,52,1.0,1,04,2752.0,98000,98000,1,1,9,Musicians and Singers
2024HU0978927,01,07401,48,1015250,17,39,4,5,21,0,1,46000,40,52,1.0,1,01,2710.0,46000,46000,1,2,1,Producers and Directors
2024HU0979064,02,01000,48,1015250,14,64,6,1,22,64000,2,0,35,48,1.0,1,01,2850.0,64000,64000,1,2,1,Writers and Authors
2024HU0979234,02,05913,48,1015250,30,28,1,5,18,500,1,50000,60,52,1.0,1,02,2910.0,50500,50500,1,2,1,Photographers
2024HU0980187,01,01907,48,1015250,16,26,1,1,21,0,1,123000,40,52,1.0,1,01,2710.0,123000,123000,1,2,1,Producers and Directors
2024HU0981406,02,01905,48,1015250,16,52,1,1,20,0,1,105000,40,52,1.0,1,01,2634.0,105000,105000,1,2,1,Graphic Designers
2024HU0981730,01,04604,48,1015250,13,36,2,1,24,0,2,85000,40,52,1.0,1,01,2850.0,85000,86300,1,2,2,Writers and Authors
2024HU0982692,02,06806,48,1015250,12,22,4,5,20,0,2,3000,18,21,1.0,1,02,2634.0,3000,3000,1,2,1,Graphic Designers
2024HU0986249,01,02510,48,1015250,24,46,6,1,19,0,1,0,,,3.0,1,01,2910.0,0,0,1,2,1,Photographers
2024HU0990698,02,04623,48,1015250,11,71,2,1,20,0,2,10800,4,52,1.0,1,01,2752.0,10800,27000,1,1,2,Musicians and Singers
2024HU0991941,01,00501,48,1015250,12,54,1,1,20,0,2,30000,40,37,1.0,1,01,2910.0,30000,32500,1,2,1,Photographers
2024HU0992511,01,02313,48,1015250,17,26,6,5,21,50000,1,0,60,52,1.0,2,13,2634.0,50000,50000,2,2,1,Graphic Designers
2024HU0992911,03,02319,48,1015250,12,25,6,5,21,23600,2,0,96,52,1.0,1,01,2700.0,23600,23600,1,2,6,Actors
2024HU0994877,02,05301,48,1015250,24,36,1,1,21,0,2,80000,40,52,1.0,1,01,2634.0,80000,80360,1,2,1,Graphic Designers
2024HU0995973,03,02506,48,1015250,20,20,1,5,18,0,2,5000,30,52,1.0,1,02,2910.0,5000,5000,1,2,9,Photographers
2024HU0996022,01,05401,48,1015250,17,37,1,1,21,0,2,91000,40,52,1.0,1,02,2634.0,91000,91000,1,2,1,Graphic Designers
2024HU0996937,01,05201,48,1015250,14,27,1,5,18,0,2,62000,40,52,1.0,1,01,2634.0,62000,62250,1,2,1,Graphic Designers
2024HU0996937,04,05201,48,1015250,21,30,1,1,16,0,2,8000,10,20,1.0,2,01,2634.0,8000,8000,2,2,1,Graphic Designers
2024HU1000402,02,04616,48,1015250,37,42,2,1,21,0,2,72000,40,52,1.0,1,01,2710.0,72000,72000,1,2,1,Producers and Directors
2024HU1000593,01,02510,48,1015250,67,38,6,1,19,15000,1,25000,30,52,1.0,2,01,2905.0,40000,40000,2,2,1,"Other Media and Communication Equipment Workers (broadcast/sound/AV/lighting techs, combined - PUMS does not separately identify 'sound engineering technician')"
2024HU1000879,02,02314,48,1015250,7,24,6,5,21,38000,1,0,25,52,1.0,2,01,2752.0,38000,38000,2,2,1,Musicians and Singers
2024HU1001171,02,05100,48,1015250,26,64,2,1,14,0,1,4200,6,52,1.0,1,02,2752.0,4200,4200,1,2,9,Musicians and Singers
2024HU1001963,01,03502,48,1015250,5,46,5,1,21,0,2,60000,40,52,1.0,1,01,2910.0,60000,74400,1,2,1,Photographers
2024HU1002289,02,05901,48,1015250,11,39,7,5,20,0,1,55000,40,52,1.0,1,02,2634.0,55000,55000,1,2,9,Graphic Designers
2024HU1002527,01,04633,48,1015250,26,31,1,1,21,0,1,10000,50,52,1.0,1,01,2910.0,10000,10000,1,2,1,Photographers
2024HU1002961,01,02509,48,1015250,6,61,6,1,19,2000,1,0,35,52,1.0,2,01,2634.0,2000,2000,2,2,1,Graphic Designers
2024HU1004501,01,04702,48,1015250,12,59,6,1,21,2500,2,5500,15,12,6.0,1,01,2850.0,8000,8000,1,2,1,Writers and Authors
2024HU1004810,01,02507,48,1015250,47,46,1,2,16,0,2,31200,40,52,1.0,1,01,2634.0,31200,49200,1,2,1,Graphic Designers
2024HU1006324,01,02316,48,1015250,14,39,7,4,21,0,1,36000,40,40,1.0,1,01,2710.0,36000,129000,1,2,1,Producers and Directors
2024HU1007873,03,02301,48,1015250,33,17,1,5,14,0,1,500,10,6,6.0,1,01,2850.0,500,500,1,2,2,Writers and Authors
2024HU1008382,01,05304,48,1015250,15,40,1,5,21,20000,2,145000,40,52,1.0,1,01,2710.0,165000,165000,1,2,1,Producers and Directors
2024HU1009961,01,02503,48,1015250,8,42,6,5,21,6200,1,0,35,22,2.0,2,01,2905.0,6200,6290,2,2,1,"Other Media and Communication Equipment Workers (broadcast/sound/AV/lighting techs, combined - PUMS does not separately identify 'sound engineering technician')"
2024HU1011915,03,02505,48,1015250,13,44,1,5,20,0,2,0,,,3.0,2,01,2634.0,0,0,2,2,1,Graphic Designers
2024HU1013756,02,04100,48,1015250,24,68,1,1,18,0,1,0,,,6.0,1,01,2910.0,0,35000,2,1,1,Photographers
2024HU1015143,01,04620,48,1015250,34,31,1,5,19,0,2,12000,10,52,1.0,2,04,2752.0,12000,12000,2,2,9,Musicians and Singers
2024HU1015797,02,02514,48,1015250,21,41,7,1,22,0,1,120000,40,52,1.0,1,01,2710.0,120000,120000,1,2,2,Producers and Directors
2024HU1017842,01,03308,48,1015250,12,47,3,5,18,0,2,27000,40,52,1.0,1,02,2905.0,27000,27000,1,2,1,"Other Media and Communication Equipment Workers (broadcast/sound/AV/lighting techs, combined - PUMS does not separately identify 'sound engineering technician')"
2024HU1019883,02,02315,48,1015250,12,35,6,5,22,40000,1,0,50,52,1.0,1,01,2752.0,40000,50000,1,2,1,Musicians and Singers
2024HU1020342,03,02317,48,1015250,8,31,6,5,21,49200,1,0,25,52,1.0,1,01,2634.0,49200,49400,1,2,1,Graphic Designers
2024HU1023245,02,02003,48,1015250,12,62,1,1,22,0,2,450,3,1,6.0,1,01,2850.0,450,450,1,2,1,Writers and Authors
2024HU1023661,01,04503,48,1015250,14,42,6,1,22,300,1,300,40,52,1.0,2,02,2850.0,600,42300,2,2,9,Writers and Authors
2024HU1026141,02,05301,48,1015250,34,45,2,1,21,0,1,65000,40,52,1.0,1,01,2752.0,65000,66300,1,2,2,Musicians and Singers
2024HU1026877,01,02309,48,1015250,10,56,1,1,21,0,1,55000,40,52,1.0,1,01,2634.0,55000,55000,1,2,6,Graphic Designers
2024HU1027790,02,02516,48,1015250,21,40,3,1,22,0,2,60000,40,52,1.0,1,01,2850.0,60000,60000,1,2,2,Writers and Authors
2024HU1032886,02,01903,48,1015250,24,35,4,5,21,0,1,9000,20,52,1.0,1,01,2910.0,9000,9000,1,2,6,Photographers
2024HU1034071,01,05302,48,1015250,59,22,1,5,19,0,2,11000,28,25,1.0,2,01,2710.0,11000,12200,2,2,1,Producers and Directors
2024HU1034138,01,01300,48,1015250,10,65,2,2,21,0,2,65000,40,52,6.0,1,01,2910.0,65000,92600,1,1,1,Photographers
2024HU1035092,01,03310,48,1015250,8,54,1,1,19,0,1,58000,40,52,1.0,1,02,2850.0,58000,58000,1,2,9,Writers and Authors
2024HU1035849,01,02305,48,1015250,14,50,2,1,21,60000,1,45000,40,52,1.0,2,01,2905.0,105000,105000,2,2,9,"Other Media and Communication Equipment Workers (broadcast/sound/AV/lighting techs, combined - PUMS does not separately identify 'sound engineering technician')"
2024HU1035872,01,04620,48,1015250,17,60,1,5,20,0,2,37400,40,52,1.0,1,01,2634.0,37400,37400,1,2,1,Graphic Designers
2024HU1037279,02,07402,48,1015250,13,24,4,5,20,0,2,9000,15,40,1.0,2,01,2910.0,9000,9000,2,2,1,Photographers
2024HU1037411,03,03307,48,1015250,9,56,7,1,16,0,1,35000,24,52,1.0,1,02,2910.0,35000,35000,1,2,9,Photographers
2024HU1040907,02,02102,48,1015250,29,67,6,1,18,24000,2,0,6,52,1.0,1,01,2752.0,24000,57900,2,1,2,Musicians and Singers
2024HU1041216,02,01901,48,1015250,20,22,1,5,19,0,1,8000,30,20,6.0,1,01,2850.0,8000,8000,1,2,6,Writers and Authors
2024HU1041952,01,04302,48,1015250,7,64,6,3,16,700,1,0,15,4,1.0,1,01,2910.0,700,1700,1,2,2,Photographers
2024HU1042382,01,03700,48,1015250,12,70,2,3,20,0,2,23800,2,26,1.0,1,01,2752.0,23800,42600,1,1,1,Musicians and Singers
2024HU1044131,01,02305,48,1015250,12,32,1,1,21,0,1,72000,40,52,1.0,1,02,2634.0,72000,72000,1,2,8,Graphic Designers
2024HU1046151,02,00900,48,1015250,25,37,6,1,18,30000,2,0,20,30,2.0,1,01,2740.0,30000,30000,1,2,1,Dancers and Choreographers
2024HU1046491,01,02320,48,1015250,20,62,3,2,16,0,2,900,4,10,6.0,1,01,2710.0,900,42900,1,2,1,Producers and Directors
2024HU1047635,02,03700,48,1015250,20,23,1,5,20,0,1,0,,,6.0,1,02,2905.0,0,0,1,2,1,"Other Media and Communication Equipment Workers (broadcast/sound/AV/lighting techs, combined - PUMS does not separately identify 'sound engineering technician')"
2024HU1048805,03,04623,48,1015250,25,19,2,5,19,0,1,80,3,6,6.0,1,01,2752.0,80,80,1,2,1,Musicians and Singers
2024HU1055708,02,02001,48,1015250,27,28,1,5,17,0,1,30000,80,12,1.0,1,01,2905.0,30000,30000,1,2,9,"Other Media and Communication Equipment Workers (broadcast/sound/AV/lighting techs, combined - PUMS does not separately identify 'sound engineering technician')"
2024HU1057663,01,03801,48,1015250,8,29,6,1,21,40000,2,0,40,52,1.0,1,01,2850.0,40000,40000,1,2,1,Writers and Authors
2024HU1058711,03,03802,48,1015250,11,22,1,5,21,0,2,10000,20,52,1.0,2,01,2910.0,10000,10000,2,2,9,Photographers
2024HU1059033,01,06601,48,1015250,9,54,1,1,21,0,1,155000,60,52,1.0,1,02,2905.0,155000,155000,1,2,9,"Other Media and Communication Equipment Workers (broadcast/sound/AV/lighting techs, combined - PUMS does not separately identify 'sound engineering technician')"
2024HU1060457,02,02309,48,1015250,12,39,1,5,21,0,1,85000,40,52,1.0,1,01,2634.0,85000,85000,1,2,1,Graphic Designers
2024HU1061118,01,05306,48,1015250,14,73,6,1,22,-600,2,0,10,26,1.0,1,01,2850.0,-600,8800,1,1,1,Writers and Authors
2024HU1064129,02,05204,48,1015250,14,24,6,1,21,15000,2,0,45,52,1.0,2,01,2910.0,15000,15000,2,2,1,Photographers
2024HU1064557,01,04000,48,1015250,40,39,6,5,18,65000,2,0,40,52,1.0,2,01,2850.0,65000,65000,2,2,2,Writers and Authors
2024HU1065440,02,05307,48,1015250,14,37,1,1,21,0,1,51000,37,52,1.0,1,01,2634.0,51000,51180,1,2,1,Graphic Designers
2024HU1065639,01,05306,48,1015250,24,39,7,3,22,0,2,50000,25,40,1.0,1,01,2910.0,50000,50000,1,2,9,Photographers
2024HU1065807,01,04603,48,1015250,12,42,1,3,16,0,1,39700,40,52,1.0,1,01,2634.0,39700,39700,1,2,1,Graphic Designers
2024HU1068789,03,04635,48,1015250,19,31,6,5,20,100,2,2900,18,30,1.0,2,01,2850.0,3000,3000,2,2,2,Writers and Authors
2024HU1070324,01,04607,48,1015250,20,51,3,5,21,0,2,82000,45,52,1.0,1,01,2850.0,82000,82000,1,2,2,Writers and Authors
2024HU1071936,03,04636,48,1015250,13,51,1,3,22,0,1,80000,40,52,1.0,1,01,2634.0,80000,80000,1,2,1,Graphic Designers
2024HU1072286,01,05302,48,1015250,42,37,6,5,22,50000,2,0,30,45,1.0,1,02,2634.0,50000,50000,1,2,1,Graphic Designers
2024HU1072557,01,01100,48,1015250,2,40,7,1,21,0,1,100000,40,52,1.0,2,01,2634.0,100000,100000,2,2,1,Graphic Designers
2024HU1072557,02,01100,48,1015250,2,36,1,1,21,0,2,40000,40,52,1.0,2,01,2634.0,40000,40000,2,2,1,Graphic Designers
2024HU1072964,01,05700,48,1015250,18,41,2,1,19,0,2,98000,40,52,1.0,1,02,2634.0,98000,98000,1,2,8,Graphic Designers
2024HU1076133,02,02307,48,1015250,29,23,1,5,18,0,2,300,8,12,6.0,1,01,2700.0,300,300,1,2,1,Actors
2024HU1077853,01,02507,48,1015250,8,53,2,3,21,0,2,70000,23,52,1.0,1,01,2752.0,70000,70000,1,2,6,Musicians and Singers
2024HU1078250,03,02501,48,1015250,14,28,2,5,22,0,2,3000,20,52,1.0,1,24,2634.0,3000,3000,1,2,9,Graphic Designers
2024HU1079122,03,02304,48,1015250,31,20,1,5,16,0,2,14400,40,52,1.0,1,02,2710.0,14400,14400,2,1,8,Producers and Directors
2024HU1079639,03,04200,48,1015250,23,22,4,5,21,0,1,40000,70,52,1.0,1,01,2634.0,40000,40000,1,2,1,Graphic Designers
2024HU1079679,01,01905,48,1015250,21,37,6,1,21,0,2,0,,,6.0,1,01,2910.0,0,15000,1,2,9,Photographers
2024HU1080268,03,03308,48,1015250,16,34,6,5,20,14000,1,0,15,20,1.0,2,02,2752.0,14000,14000,2,2,9,Musicians and Singers
2024HU1081293,01,02313,48,1015250,12,37,7,3,21,0,2,13000,50,52,1.0,2,07,2710.0,13000,13000,2,2,9,Producers and Directors
2024HU1081293,02,02313,48,1015250,13,39,7,5,20,0,1,13000,40,52,1.0,2,01,2910.0,13000,13000,2,2,1,Photographers
2024HU1082665,01,02005,48,1015250,12,31,7,1,21,10000,2,30000,20,52,1.0,2,01,2634.0,40000,40000,2,2,1,Graphic Designers
2024HU1082665,02,02005,48,1015250,11,33,7,1,21,35000,1,50000,40,52,1.0,2,01,2634.0,85000,85000,2,2,1,Graphic Designers
2024HU1084957,01,06601,48,1015250,55,54,1,2,22,0,1,55000,40,52,1.0,2,01,2850.0,55000,55000,2,2,1,Writers and Authors
2024HU1087229,02,02515,48,1015250,11,53,2,1,22,0,2,30000,25,40,1.0,1,01,2752.0,30000,50000,1,1,1,Musicians and Singers
2024HU1087646,04,01400,48,1015250,18,19,1,5,16,0,2,12000,20,30,6.0,1,01,2700.0,12000,12000,1,2,1,Actors
2024HU1091622,02,02309,48,1015250,20,42,1,1,22,0,1,112000,45,52,1.0,1,01,2850.0,112000,112000,1,2,1,Writers and Authors
2024HU1092832,01,01400,48,1015250,24,35,7,1,16,5000,2,48000,40,30,1.0,1,01,2751.0,53000,53000,1,2,1,Music Directors and Composers
2024HU1094662,01,02506,48,1015250,13,40,6,1,16,52000,1,0,40,52,1.0,2,01,2752.0,52000,52000,2,2,1,Musicians and Singers
2024HU1094662,02,02506,48,1015250,12,37,1,1,19,0,2,82000,50,52,1.0,2,01,2634.0,82000,82000,2,2,1,Graphic Designers
2024HU1096033,01,02306,48,1015250,9,31,1,5,21,0,2,87000,40,52,1.0,1,01,2910.0,87000,91000,1,2,1,Photographers
2024HU1097046,01,04613,48,1015250,23,45,7,1,22,0,1,30000,30,40,6.0,1,01,2850.0,30000,30000,1,2,2,Writers and Authors
2024HU1097892,01,01902,48,1015250,23,73,1,1,22,2000,2,1800,3,2,6.0,1,01,2850.0,3800,60400,2,1,1,Writers and Authors
2024HU1098893,02,02006,48,1015250,16,61,3,1,21,0,2,500,6,2,6.0,1,01,2752.0,500,630,1,2,1,Musicians and Singers
2024HU1099180,02,01700,48,1015250,11,66,1,1,18,0,1,0,,,6.0,1,01,2905.0,0,81500,2,1,1,"Other Media and Communication Equipment Workers (broadcast/sound/AV/lighting techs, combined - PUMS does not separately identify 'sound engineering technician')"
2024HU1099833,01,01909,48,1015250,27,48,7,1,21,0,2,0,,,6.0,1,01,2710.0,0,0,1,2,6,Producers and Directors
2024HU1100093,01,05800,48,1015250,15,40,6,1,21,10000,1,68000,60,52,1.0,1,01,2634.0,78000,78000,1,2,1,Graphic Designers
2024HU1100247,02,04630,48,1015250,17,38,1,1,19,0,1,72000,45,52,1.0,1,07,2910.0,72000,72000,1,2,1,Photographers
2024HU1100578,02,00501,48,1015250,8,39,6,1,16,120000,1,0,40,6,1.0,2,01,2710.0,120000,120000,2,2,1,Producers and Directors
2024HU1102947,01,01905,48,1015250,12,24,2,1,21,0,2,43000,40,52,1.0,1,01,2634.0,43000,43000,1,2,1,Graphic Designers
2024HU1103242,01,02101,48,1015250,63,33,1,1,18,0,1,31100,40,52,1.0,1,01,2905.0,31100,31100,1,2,1,"Other Media and Communication Equipment Workers (broadcast/sound/AV/lighting techs, combined - PUMS does not separately identify 'sound engineering technician')"
2024HU1108132,01,03400,48,1015250,10,65,6,1,16,5100,1,0,3,10,6.0,1,02,2752.0,5100,50500,2,1,9,Musicians and Singers
2024HU1108451,01,05402,48,1015250,2,40,6,1,21,2500,2,0,20,52,1.0,1,01,2634.0,2500,2500,1,2,1,Graphic Designers
2024HU1109739,03,05903,48,1015250,13,25,1,5,21,0,2,47000,50,52,1.0,1,01,2634.0,47000,47000,1,2,1,Graphic Designers
2024HU1110772,01,01908,48,1015250,23,51,6,1,21,12600,1,13300,24,4,6.0,1,01,2905.0,25900,25900,1,2,1,"Other Media and Communication Equipment Workers (broadcast/sound/AV/lighting techs, combined - PUMS does not separately identify 'sound engineering technician')"
2024HU1110968,04,06302,48,1015250,34,21,1,5,19,0,2,24000,30,32,1.0,1,02,2910.0,24000,24000,1,2,8,Photographers
2024HU1111401,02,01200,48,1015250,11,63,2,1,19,0,2,23200,20,52,1.0,1,01,2751.0,23200,23200,1,2,1,Music Directors and Composers
2024HU1112336,01,05301,48,1015250,16,63,4,1,18,0,2,53000,40,52,1.0,1,01,2710.0,53000,53000,1,2,1,Producers and Directors
2024HU1112545,02,06604,48,1015250,9,53,6,1,22,600,2,0,6,5,6.0,1,02,2700.0,600,54600,1,1,9,Actors
2024HU1112946,01,03308,48,1015250,33,50,1,1,19,0,2,25000,40,52,1.0,2,02,2910.0,25000,25000,2,2,9,Photographers
2024HU1114028,01,05201,48,1015250,37,44,6,1,21,7000,2,38000,70,52,1.0,1,03,2850.0,45000,45000,1,2,9,Writers and Authors
2024HU1114148,01,01901,48,1015250,26,33,6,5,21,3800,1,0,40,52,1.0,2,01,2752.0,3800,3800,2,2,1,Musicians and Singers
2024HU1115605,01,00900,48,1015250,28,49,2,3,22,1000,2,50000,42,52,1.0,1,01,2850.0,51000,51000,1,2,1,Writers and Authors
2024HU1118608,03,00400,48,1015250,3,24,7,5,17,0,1,0,,,6.0,2,01,2752.0,0,405000,2,2,1,Musicians and Singers
2024HU1119734,02,05910,48,1015250,86,38,7,5,19,0,1,55000,40,52,1.0,2,02,2634.0,55000,55000,2,2,9,Graphic Designers
2024HU1122110,02,02313,48,1015250,10,32,1,1,21,0,2,90000,40,52,1.0,1,01,2634.0,90000,90000,1,2,1,Graphic Designers
2024HU1123076,02,02003,48,1015250,9,32,1,1,21,0,2,105000,40,52,1.0,1,01,2634.0,105000,105000,2,1,1,Graphic Designers
2024HU1123102,02,04621,48,1015250,58,29,2,5,18,26000,1,8600,5,52,1.0,2,02,2752.0,34600,34600,2,2,9,Musicians and Singers
2024HU1123158,01,05307,48,1015250,10,49,6,1,22,4200,2,0,20,20,6.0,1,01,2710.0,4200,11200,1,2,1,Producers and Directors
2024HU1123568,01,01502,48,1015250,9,70,1,1,21,0,1,0,,,6.0,1,01,2751.0,0,40800,1,1,1,Music Directors and Composers
2024HU1124031,04,05000,48,1015250,5,37,6,5,21,9600,2,15700,6,52,1.0,2,01,2634.0,25300,25300,2,2,1,Graphic Designers
2024HU1124147,03,02303,48,1015250,15,16,2,5,13,0,1,1100,4,10,3.0,1,01,2634.0,1100,1100,1,2,2,Graphic Designers
2024HU1124420,02,05309,48,1015250,16,56,7,1,21,0,2,17500,35,52,1.0,1,01,2910.0,17500,17500,1,2,1,Photographers
2024HU1125349,02,05910,48,1015250,20,28,1,5,22,0,2,68000,40,52,1.0,1,02,2634.0,68000,68000,1,2,8,Graphic Designers
2024HU1126461,01,00700,48,1015250,34,82,2,1,16,0,1,55000,25,52,1.0,1,01,2905.0,55000,59500,2,1,1,"Other Media and Communication Equipment Workers (broadcast/sound/AV/lighting techs, combined - PUMS does not separately identify 'sound engineering technician')"
2024HU1126583,02,05904,48,1015250,9,53,1,4,20,0,1,80000,48,52,1.0,1,02,2905.0,80000,80000,1,2,1,"Other Media and Communication Equipment Workers (broadcast/sound/AV/lighting techs, combined - PUMS does not separately identify 'sound engineering technician')"
2024HU1129043,02,04802,48,1015250,11,61,7,1,20,0,1,34700,40,52,1.0,1,01,2634.0,34700,34700,1,2,1,Graphic Designers
2024HU1131615,01,01907,48,1015250,4,70,1,5,22,0,1,10300,40,52,1.0,1,01,2850.0,10300,48800,2,1,1,Writers and Authors
2024HU1133901,02,02312,48,1015250,9,53,2,5,20,0,1,20000,30,20,1.0,1,02,2905.0,20000,20000,1,2,9,"Other Media and Communication Equipment Workers (broadcast/sound/AV/lighting techs, combined - PUMS does not separately identify 'sound engineering technician')"
2024HU1136895,01,04503,48,1015250,16,65,7,1,19,0,1,3000,8,10,6.0,1,01,2910.0,3000,3000,2,1,1,Photographers
2024HU1138179,01,05911,48,1015250,60,28,1,5,21,0,1,70000,90,52,1.0,1,01,2850.0,70000,70000,1,2,1,Writers and Authors
2024HU1138266,02,03700,48,1015250,1,53,1,3,18,0,2,18000,32,52,1.0,2,01,2910.0,18000,18000,2,2,1,Photographers
2024HU1141036,01,05309,48,1015250,10,76,6,1,24,6000,1,4400,10,12,1.0,1,01,2850.0,10400,246800,1,1,1,Writers and Authors
2024HU1143779,02,03501,48,1015250,15,32,6,1,20,3000,2,0,45,52,1.0,2,01,2634.0,3000,3000,2,2,9,Graphic Designers
2024HU1143803,04,02312,48,1015250,41,31,4,5,21,0,2,25000,40,44,1.0,2,11,2710.0,25000,25000,2,2,8,Producers and Directors
2024HU1147852,02,02511,48,1015250,11,31,1,5,18,0,1,45000,40,52,1.0,1,01,2752.0,45000,45000,1,2,1,Musicians and Singers
2024HU1148671,01,05911,48,1015250,32,24,1,5,21,0,1,38000,40,52,1.0,1,01,2905.0,38000,38000,1,2,1,"Other Media and Communication Equipment Workers (broadcast/sound/AV/lighting techs, combined - PUMS does not separately identify 'sound engineering technician')"
2024HU1149262,01,05204,48,1015250,26,73,2,2,20,0,2,2000,2,40,1.0,1,01,2752.0,2000,27000,2,1,1,Musicians and Singers
2024HU1150394,01,04623,48,1015250,10,57,1,1,19,0,1,175000,40,52,1.0,1,01,2905.0,175000,175000,1,2,1,"Other Media and Communication Equipment Workers (broadcast/sound/AV/lighting techs, combined - PUMS does not separately identify 'sound engineering technician')"
2024HU1150421,02,02502,48,1015250,17,62,1,1,18,0,1,140000,80,52,1.0,1,01,2905.0,140000,140000,1,2,1,"Other Media and Communication Equipment Workers (broadcast/sound/AV/lighting techs, combined - PUMS does not separately identify 'sound engineering technician')"
2024HU1151457,01,02308,48,1015250,18,61,6,3,21,760,1,83000,45,51,1.0,1,01,2910.0,83760,87160,1,2,1,Photographers
2024HU1151494,01,04801,48,1015250,6,29,2,1,19,0,2,24000,26,52,1.0,1,01,2634.0,24000,24000,1,2,1,Graphic Designers
2024HU1152712,02,02510,48,1015250,21,39,1,1,18,0,1,48000,40,52,1.0,1,02,2850.0,48000,48000,1,2,1,Writers and Authors
2024HU1152953,04,05402,48,1015250,9,30,6,5,16,0,2,0,,,6.0,1,01,2752.0,0,0,1,2,9,Musicians and Singers
2024HU1156093,02,01909,48,1015250,19,44,1,1,21,0,2,150000,40,52,1.0,1,01,2850.0,150000,150000,1,2,6,Writers and Authors
2024HU1156117,02,05306,48,1015250,26,26,6,5,21,14000,1,0,12,35,1.0,1,01,2910.0,14000,14090,1,1,1,Photographers
2024HU1159610,02,03801,48,1015250,47,47,1,4,19,0,1,25600,40,52,1.0,1,01,2634.0,25600,25600,1,2,1,Graphic Designers
2024HU1160571,01,04802,48,1015250,24,64,1,1,16,0,2,1600,6,8,1.0,1,01,2910.0,1600,10600,1,2,1,Photographers
2024HU1160948,01,04613,48,1015250,36,33,1,1,21,0,1,54000,40,46,1.0,1,02,2850.0,54000,54030,1,2,3,Writers and Authors
2024HU1162516,02,04601,48,1015250,13,38,6,1,21,50000,2,0,50,52,1.0,2,01,2634.0,50000,50000,2,2,1,Graphic Designers
2024HU1162582,01,03308,48,1015250,14,67,6,1,19,800,1,14200,36,52,1.0,1,01,2751.0,15000,15000,2,1,1,Music Directors and Composers
2024HU1163744,03,05800,48,1015250,23,27,2,5,21,8000,1,15000,16,52,1.0,1,02,2752.0,23000,23000,1,1,9,Musicians and Singers
2024HU1164511,01,04618,48,1015250,24,58,1,1,12,0,1,100000,40,52,1.0,1,02,2752.0,100000,100000,1,2,9,Musicians and Singers
2024HU1164860,01,06805,48,1015250,6,68,6,5,22,-8100,2,0,10,43,1.0,1,01,2751.0,-8100,67900,1,1,1,Music Directors and Composers
2024HU1167040,02,02513,48,1015250,10,67,1,1,23,0,1,0,,,6.0,1,01,2850.0,0,36700,2,1,1,Writers and Authors
2024HU1167302,01,01904,48,1015250,39,20,1,1,18,100,2,5000,22,52,1.0,2,02,2700.0,5100,5100,2,2,9,Actors
2024HU1167616,02,04801,48,1015250,10,46,1,1,21,0,1,60000,40,52,1.0,1,01,2634.0,60000,60000,1,2,1,Graphic Designers
2024HU1169009,01,06803,48,1015250,41,42,1,4,23,0,2,91000,40,52,1.0,1,02,2910.0,91000,91000,1,2,9,Photographers
2024HU1170289,02,04639,48,1015250,19,45,1,5,22,0,1,98000,30,46,1.0,1,24,2752.0,98000,98000,1,2,9,Musicians and Singers
2024HU1171499,01,05910,48,1015250,21,32,1,5,21,0,2,65000,45,52,1.0,1,01,2710.0,65000,65000,1,2,9,Producers and Directors
2024HU1172847,01,04627,48,1015250,10,55,1,1,19,0,1,16000,10,15,3.0,1,01,2634.0,16000,16000,1,2,1,Graphic Designers
2024HU1173219,03,02005,48,1015250,53,20,1,5,19,0,2,0,,,6.0,1,01,2700.0,0,2000,1,2,1,Actors
2024HU1173856,02,02511,48,1015250,8,32,6,1,20,3000,2,14000,20,20,6.0,1,01,2910.0,17000,17000,1,2,1,Photographers
2024HU1174410,01,07401,48,1015250,6,50,1,1,21,6000,2,52000,40,52,1.0,1,01,2634.0,58000,58000,1,2,1,Graphic Designers
2024HU1176589,02,01907,48,1015250,26,53,1,1,20,0,1,71000,40,52,1.0,1,01,2710.0,71000,71000,1,2,1,Producers and Directors
2024HU1177315,02,04629,48,1015250,10,58,1,1,20,0,2,82000,40,52,1.0,1,02,2634.0,82000,84900,1,2,9,Graphic Designers
2024HU1179101,02,01502,48,1015250,15,29,2,1,21,0,2,950,3,3,6.0,2,01,2752.0,950,950,2,2,1,Musicians and Singers
2024HU1179546,02,05902,48,1015250,7,34,7,1,21,0,2,0,,,6.0,1,01,2910.0,0,900,1,2,1,Photographers
2024HU1180032,02,05905,48,1015250,34,48,1,1,05,0,1,28000,40,52,1.0,2,02,2710.0,28000,28000,2,2,1,Producers and Directors
2024HU1181381,01,05304,48,1015250,60,35,3,5,21,0,1,50000,40,52,1.0,1,01,2710.0,50000,50000,1,2,1,Producers and Directors
2024HU1182526,02,02102,48,1015250,15,33,6,1,21,18000,1,0,20,52,1.0,1,01,2634.0,18000,18000,1,2,1,Graphic Designers
2024HU1182637,01,05203,48,1015250,14,28,1,5,20,0,2,62000,40,52,1.0,1,01,2634.0,62000,62250,1,2,1,Graphic Designers
2024HU1182637,02,05203,48,1015250,14,32,6,5,21,62000,1,0,36,52,1.0,1,01,2634.0,62000,62000,1,2,1,Graphic Designers
2024HU1185747,03,05907,48,1015250,37,33,5,5,16,0,1,0,,,6.0,1,01,2910.0,0,0,1,1,2,Photographers
2024HU1188471,01,01902,48,1015250,7,59,1,1,19,0,2,2800,3,40,1.0,1,01,2634.0,2800,2800,1,2,1,Graphic Designers
2024HU1189602,03,01400,48,1015250,74,25,1,5,21,0,1,55000,40,52,1.0,1,01,2634.0,55000,55000,1,2,1,Graphic Designers
2024HU1192068,03,04702,48,1015250,12,30,1,5,18,0,1,12000,30,45,1.0,2,01,2850.0,12000,12000,2,2,1,Writers and Authors
2024HU1192750,01,04601,48,1015250,36,44,6,1,24,60000,2,0,40,52,1.0,1,01,2850.0,60000,60000,1,2,1,Writers and Authors
2024HU1192943,01,00501,48,1015250,11,65,4,1,18,0,2,0,,,6.0,1,01,2700.0,0,37600,2,1,1,Actors
2024HU1194073,02,05308,48,1015250,15,29,1,5,16,0,1,35000,40,51,1.0,1,01,2905.0,35000,35100,1,2,1,"Other Media and Communication Equipment Workers (broadcast/sound/AV/lighting techs, combined - PUMS does not separately identify 'sound engineering technician')"
2024HU1196312,03,02310,48,1015250,23,42,6,4,18,20000,1,0,30,52,1.0,1,02,2634.0,20000,20000,1,2,9,Graphic Designers
2024HU1196926,02,01905,48,1015250,72,38,1,5,21,0,2,0,,,6.0,1,01,2710.0,0,0,1,2,2,Producers and Directors
2024HU1197066,01,05303,48,1015250,14,70,6,1,22,8000,1,0,3,40,1.0,1,01,2752.0,8000,20500,2,1,1,Musicians and Singers
2024HU1197802,02,05906,48,1015250,36,31,1,5,19,0,1,21600,28,48,1.0,1,04,2910.0,21600,21600,2,1,9,Photographers
2024HU1197949,01,05203,48,1015250,36,33,6,3,21,55000,1,65000,40,50,1.0,2,01,2751.0,120000,120200,2,2,1,Music Directors and Composers
2024HU1198492,02,04611,48,1015250,39,60,6,1,21,0,2,0,,,6.0,1,01,2910.0,0,0,1,2,1,Photographers
2024HU1200677,01,03502,48,1015250,17,61,1,5,19,0,2,20000,40,52,1.0,1,01,2634.0,20000,26000,1,1,1,Graphic Designers
2024HU1201448,01,04604,48,1015250,13,22,2,5,20,0,1,25000,45,43,1.0,1,01,2740.0,25000,28600,1,2,1,Dancers and Choreographers
2024HU1201448,02,04604,48,1015250,13,22,2,5,16,0,1,28000,45,43,1.0,1,23,2740.0,28000,28000,1,2,9,Dancers and Choreographers
2024HU1201448,03,04604,48,1015250,12,19,2,5,16,0,2,7200,40,40,1.0,1,01,2740.0,7200,7200,1,2,9,Dancers and Choreographers
2024HU1203176,04,06000,48,1015250,7,47,1,3,22,0,1,90000,50,52,1.0,1,01,2752.0,90000,90000,1,2,1,Musicians and Singers
2024HU1203388,02,05201,48,1015250,10,44,6,1,21,-8100,2,10000,20,6,1.0,1,01,2910.0,1900,1900,1,2,1,Photographers
2024HU1205059,01,04602,48,1015250,45,34,1,5,16,0,2,35000,40,52,1.0,2,23,2700.0,35000,35000,2,2,9,Actors
2024HU1205405,02,05306,48,1015250,14,71,6,1,21,0,1,0,,,6.0,1,01,2850.0,0,40800,2,1,1,Writers and Authors
2024HU1206119,01,06703,48,1015250,8,45,3,5,21,0,2,34000,40,52,1.0,1,02,2634.0,34000,34000,1,2,9,Graphic Designers
2024HU1206615,03,00800,48,1015250,8,43,1,5,16,0,1,40000,12,26,6.0,1,01,2905.0,40000,40000,1,2,1,"Other Media and Communication Equipment Workers (broadcast/sound/AV/lighting techs, combined - PUMS does not separately identify 'sound engineering technician')"
2024HU1207056,01,05303,48,1015250,15,43,1,1,21,0,1,107000,40,52,1.0,1,01,2710.0,107000,108700,1,2,1,Producers and Directors
2024HU1209887,01,06702,48,1015250,7,68,3,1,19,0,1,49000,40,52,1.0,1,01,2905.0,49000,49000,1,2,1,"Other Media and Communication Equipment Workers (broadcast/sound/AV/lighting techs, combined - PUMS does not separately identify 'sound engineering technician')"
2024HU1210954,01,02513,48,1015250,17,34,1,3,21,0,2,650,3,2,3.0,1,01,2850.0,650,650,1,2,1,Writers and Authors
2024HU1211193,02,05204,48,1015250,13,33,1,5,20,0,1,74000,30,52,1.0,1,02,2752.0,74000,74000,1,2,1,Musicians and Singers
2024HU1213644,01,03310,48,1015250,13,46,8,1,21,0,1,45800,40,35,1.0,1,02,2905.0,45800,46800,2,1,9,"Other Media and Communication Equipment Workers (broadcast/sound/AV/lighting techs, combined - PUMS does not separately identify 'sound engineering technician')"
2024HU1213995,02,04618,48,1015250,29,35,1,5,22,0,2,20000,20,40,1.0,2,13,2850.0,20000,23000,2,2,9,Writers and Authors
2024HU1215635,01,06803,48,1015250,8,23,6,1,19,15000,1,0,25,30,1.0,2,02,2752.0,15000,15000,2,2,9,Musicians and Singers
2024HU1216934,01,02004,48,1015250,16,59,1,1,22,0,2,52000,30,14,6.0,1,01,2850.0,52000,58000,1,2,1,Writers and Authors
2024HU1219475,01,04613,48,1015250,10,57,7,1,21,0,2,0,,,6.0,1,01,2634.0,0,0,1,2,8,Graphic Designers
2024HU1221170,01,04503,48,1015250,13,50,6,1,22,387000,2,0,35,50,1.0,1,02,2850.0,387000,387000,1,2,1,Writers and Authors
2024HU1221913,01,03802,48,1015250,12,26,1,1,20,0,1,100000,55,52,1.0,1,01,2905.0,100000,100000,1,2,1,"Other Media and Communication Equipment Workers (broadcast/sound/AV/lighting techs, combined - PUMS does not separately identify 'sound engineering technician')"
2024HU1222901,01,01903,48,1015250,13,49,6,3,24,40000,1,0,48,52,1.0,1,01,2752.0,40000,40000,1,2,1,Musicians and Singers
2024HU1227076,01,00600,48,1015250,13,54,5,1,21,8000,1,99000,40,52,1.0,1,01,2710.0,107000,109500,1,2,1,Producers and Directors
2024HU1227331,02,02318,48,1015250,14,47,1,1,20,0,2,50000,40,52,1.0,1,01,2634.0,50000,50000,1,2,1,Graphic Designers
2024HU1229126,01,07402,48,1015250,17,58,1,1,20,0,1,150000,40,52,1.0,1,01,2905.0,150000,150000,1,2,1,"Other Media and Communication Equipment Workers (broadcast/sound/AV/lighting techs, combined - PUMS does not separately identify 'sound engineering technician')"
2024HU1229185,01,03502,48,1015250,13,40,7,3,21,0,2,40000,45,49,1.0,1,01,2910.0,40000,40000,1,2,1,Photographers
2024HU1229572,01,04501,48,1015250,82,32,2,1,21,0,2,68000,35,52,1.0,1,01,2634.0,68000,68000,1,2,1,Graphic Designers
2024HU1230873,01,05800,48,1015250,7,68,2,1,19,0,2,34000,40,52,1.0,1,01,2850.0,34000,73500,2,1,1,Writers and Authors
2024HU1231084,01,02004,48,1015250,18,78,6,1,20,-8100,2,600,25,1,6.0,1,01,2850.0,-7500,8500,1,1,1,Writers and Authors
2024HU1233639,01,02310,48,1015250,11,69,1,1,21,0,1,0,,,6.0,1,01,2634.0,0,36500,1,1,1,Graphic Designers
2024HU1233817,01,01700,48,1015250,3,53,1,2,16,0,2,31200,40,52,1.0,1,01,2634.0,31200,49200,1,2,1,Graphic Designers
2024HU1236271,01,02306,48,1015250,17,49,7,1,21,0,1,140000,40,52,1.0,1,01,2710.0,140000,140040,1,2,1,Producers and Directors
2024HU1236680,03,04612,48,1015250,9,33,6,3,19,0,2,0,,,3.0,2,01,2634.0,0,4500,2,2,1,Graphic Designers
2024HU1237496,01,04636,48,1015250,21,49,6,1,20,16900,2,0,30,52,1.0,1,01,2634.0,16900,16900,2,1,1,Graphic Designers
2024HU1237919,02,04623,48,1015250,4,50,1,1,19,0,1,120000,40,52,1.0,1,01,2905.0,120000,120000,1,2,9,"Other Media and Communication Equipment Workers (broadcast/sound/AV/lighting techs, combined - PUMS does not separately identify 'sound engineering technician')"
2024HU1240636,01,04000,48,1015250,17,29,1,5,21,0,2,48000,40,52,1.0,1,01,2634.0,48000,48000,1,2,1,Graphic Designers
2024HU1240647,01,05904,48,1015250,6,55,3,1,21,0,1,58000,44,52,1.0,1,02,2710.0,58000,58000,1,2,1,Producers and Directors
2024HU1240901,02,02400,48,1015250,3,38,7,1,21,35000,2,100000,25,35,1.0,1,01,2850.0,135000,135000,1,2,1,Writers and Authors
2024HU1241471,02,00501,48,1015250,11,22,4,5,16,0,2,1100,4,9,1.0,1,01,2700.0,1100,1100,1,2,2,Actors
2024HU1241839,01,02322,48,1015250,10,61,1,3,18,0,2,20000,40,52,1.0,1,01,2634.0,20000,26000,1,2,1,Graphic Designers
2024HU1242174,01,01907,48,1015250,4,73,6,1,20,8000,1,14400,8,48,1.0,1,01,2905.0,22400,49900,2,1,1,"Other Media and Communication Equipment Workers (broadcast/sound/AV/lighting techs, combined - PUMS does not separately identify 'sound engineering technician')"
2024HU1242802,02,06301,48,1015250,11,55,1,1,22,0,2,900,5,9,6.0,1,02,2850.0,900,51900,1,2,9,Writers and Authors
2024HU1243265,01,01100,48,1015250,4,77,6,1,19,0,1,0,,,6.0,1,01,2752.0,0,12000,2,1,1,Musicians and Singers
2024HU1243265,02,01100,48,1015250,4,75,6,1,20,0,2,0,,,6.0,1,01,2634.0,0,14850,2,1,1,Graphic Designers
2024HU1243789,01,05309,48,1015250,12,65,1,1,21,0,1,10000,20,26,6.0,1,01,2700.0,10000,10000,2,1,1,Actors
2024HU1245559,01,04907,48,1015250,24,32,1,5,21,0,2,35000,40,52,1.0,1,01,2850.0,35000,35000,1,2,2,Writers and Authors
2024HU1245860,01,03802,48,1015250,24,45,6,5,21,31500,2,0,40,52,1.0,1,01,2634.0,31500,31500,1,2,1,Graphic Designers
2024HU1246676,02,05308,48,1015250,22,36,6,1,21,35700,2,0,30,52,1.0,1,01,2634.0,35700,35720,1,2,1,Graphic Designers
2024HU1247318,01,01907,48,1015250,25,34,1,1,21,0,1,70000,40,52,1.0,1,01,2850.0,70000,70000,1,2,1,Writers and Authors
2024HU1250157,01,02700,48,1015250,10,68,1,1,21,0,1,8000,10,35,6.0,1,01,2700.0,8000,65600,2,1,1,Actors
2024HU1252320,01,02320,48,1015250,5,66,5,1,21,0,1,0,,,6.0,1,01,2850.0,0,35400,2,1,1,Writers and Authors
2024HU1252760,03,04200,48,1015250,13,21,2,5,19,0,1,8400,20,52,1.0,1,01,2751.0,8400,8400,1,2,1,Music Directors and Composers
2024HU1254049,01,05309,48,1015250,28,40,6,5,21,60000,2,0,40,52,1.0,1,01,2710.0,60000,60000,1,2,1,Producers and Directors
2024HU1258434,02,03900,48,1015250,2,73,3,1,19,0,2,500,4,4,6.0,1,01,2752.0,500,24000,2,1,1,Musicians and Singers
2024HU1259224,02,05908,48,1015250,21,41,1,1,21,0,1,52000,40,52,1.0,1,01,2634.0,52000,72700,1,1,1,Graphic Designers
2024HU1260064,01,00300,48,1015250,3,53,2,1,21,1000,2,50000,42,52,1.0,1,01,2850.0,51000,51000,1,2,1,Writers and Authors
2024HU1260707,02,02309,48,1015250,16,46,7,1,21,0,2,30000,30,26,1.0,1,01,2910.0,30000,30000,1,2,1,Photographers
2024HU1261736,02,02319,48,1015250,13,57,2,1,21,0,2,0,,,6.0,1,01,2910.0,0,1000,1,2,1,Photographers
2024HU1262818,02,04627,48,1015250,29,41,6,1,21,5000,1,0,8,15,1.0,1,16,2910.0,5000,5000,1,2,9,Photographers
2024HU1265226,02,02514,48,1015250,16,73,2,1,21,0,2,15000,25,52,1.0,1,01,2752.0,15000,28000,2,1,1,Musicians and Singers
2024HU1265286,01,05309,48,1015250,27,58,4,3,19,0,1,46000,45,52,1.0,1,24,2710.0,46000,46060,1,2,8,Producers and Directors
2024HU1265346,04,02101,48,1015250,5,23,1,1,18,0,1,0,,,3.0,1,01,2634.0,0,3600,1,2,1,Graphic Designers
2024HU1267116,02,04301,48,1015250,5,41,3,5,20,0,1,10000,40,25,1.0,2,23,2634.0,10000,10000,2,2,8,Graphic Designers
2024HU1267489,01,04504,48,1015250,34,47,1,1,19,0,2,8000,40,52,3.0,1,01,2710.0,8000,8000,1,2,1,Producers and Directors
2024HU1267936,03,05914,48,1015250,13,17,1,5,14,0,2,1400,15,52,1.0,1,02,2700.0,1400,1400,1,2,9,Actors
2024HU1270072,01,02006,48,1015250,3,31,6,1,21,25000,2,0,10,52,1.0,1,01,2910.0,25000,25000,1,2,1,Photographers
2024HU1270355,02,03502,48,1015250,15,40,1,1,19,0,2,48000,40,52,1.0,1,01,2910.0,48000,48000,1,2,1,Photographers
2024HU1270721,01,04603,48,1015250,15,25,2,5,20,0,2,40000,40,52,1.0,1,01,2634.0,40000,40000,1,2,1,Graphic Designers
2024HU1271422,02,01501,48,1015250,15,85,2,1,22,0,2,12000,3,52,1.0,1,01,2752.0,12000,22000,2,1,1,Musicians and Singers
2024HU1271593,02,05911,48,1015250,16,53,2,1,22,0,2,56000,40,52,1.0,1,03,2634.0,56000,56000,1,2,9,Graphic Designers
2024HU1273465,01,01600,48,1015250,21,72,2,1,22,250,1,250,8,2,1.0,1,01,2910.0,500,14000,1,1,1,Photographers
2024HU1274301,01,04606,48,1015250,18,62,6,1,21,5000,2,0,4,12,6.0,1,01,2910.0,5000,5000,1,2,1,Photographers
2024HU1277367,02,01902,48,1015250,11,51,6,1,21,10,2,0,8,31,1.0,1,01,2910.0,10,10,1,2,1,Photographers
2024HU1278134,02,02303,48,1015250,21,30,7,1,23,0,2,40000,10,26,6.0,1,02,2910.0,40000,40000,1,2,9,Photographers
2024HU1280228,01,01902,48,1015250,11,62,1,1,21,300,2,2000,6,10,6.0,1,01,2910.0,2300,2300,1,2,1,Photographers
2024HU1281047,02,02006,48,1015250,19,26,6,5,21,2500,1,0,40,52,1.0,2,01,2700.0,2500,2500,2,2,1,Actors
2024HU1282803,05,04901,48,1015250,44,29,1,5,19,0,2,48000,35,52,1.0,2,01,2634.0,48000,48000,2,2,2,Graphic Designers
2024HU1283105,01,02322,48,1015250,12,50,6,1,21,-8100,2,30000,35,52,1.0,1,01,2634.0,21900,21900,1,2,1,Graphic Designers
2024HU1284358,01,05303,48,1015250,15,33,3,5,21,0,2,35000,35,52,1.0,1,02,2710.0,35000,35000,1,2,1,Producers and Directors
2024HU1284818,03,02006,48,1015250,33,23,6,5,21,38000,1,0,25,52,1.0,1,01,2752.0,38000,38000,1,2,1,Musicians and Singers
2024HU1285744,02,02306,48,1015250,6,64,1,1,21,0,1,113000,40,52,1.0,1,01,2634.0,113000,113000,1,2,9,Graphic Designers
2024HU1286856,02,06703,48,1015250,23,40,1,5,20,0,1,16400,35,52,1.0,2,02,2634.0,16400,16400,2,2,8,Graphic Designers
2024HU1286856,04,06703,48,1015250,23,37,1,5,20,0,1,16400,35,52,1.0,2,02,2634.0,16400,16400,2,2,8,Graphic Designers
2024HU1287261,01,06805,48,1015250,12,78,2,3,16,0,2,64000,40,52,1.0,1,01,2910.0,64000,113950,2,1,1,Photographers
2024HU1287859,03,05700,48,1015250,3,46,1,3,21,0,1,1500,5,52,1.0,1,24,2850.0,1500,1500,1,2,9,Writers and Authors
2024HU1288488,01,02509,48,1015250,9,62,2,5,22,0,2,35700,30,52,1.0,1,01,2710.0,35700,36700,1,2,1,Producers and Directors
2024HU1291278,01,02301,48,1015250,11,54,3,1,21,0,1,76000,50,52,1.0,1,02,2710.0,76000,76000,1,2,8,Producers and Directors
2024HU1292146,02,07700,48,1015250,38,45,4,1,21,0,2,65000,50,52,1.0,1,01,2850.0,65000,65000,1,2,1,Writers and Authors
2024HU1292939,01,02503,48,1015250,7,47,7,5,21,27000,1,88000,84,52,1.0,1,01,2710.0,115000,120000,1,2,1,Producers and Directors
2024HU1293062,01,00501,48,1015250,41,22,1,5,19,0,2,40000,32,52,1.0,1,01,2634.0,40000,40000,1,2,1,Graphic Designers
2024HU1295159,01,05305,48,1015250,16,66,6,3,19,0,1,0,,,6.0,1,01,2905.0,0,145500,2,1,1,"Other Media and Communication Equipment Workers (broadcast/sound/AV/lighting techs, combined - PUMS does not separately identify 'sound engineering technician')"
2024HU1295197,02,05000,48,1015250,9,68,2,1,16,0,2,0,,,6.0,1,01,2752.0,0,9500,2,1,1,Musicians and Singers
2024HU1295661,01,04603,48,1015250,9,53,4,1,22,0,2,97000,48,52,1.0,1,02,2850.0,97000,97000,1,2,9,Writers and Authors
2024HU1296464,01,05301,48,1015250,78,36,1,1,22,0,1,215000,50,52,1.0,1,01,2710.0,215000,215000,1,2,2,Producers and Directors
2024HU1297215,01,01907,48,1015250,27,67,1,1,20,0,1,0,,,3.0,1,02,2634.0,0,32600,1,1,9,Graphic Designers
2024HU1298005,02,04100,48,1015250,15,41,1,5,19,0,2,0,,,6.0,2,01,2710.0,0,0,2,2,2,Producers and Directors
2024HU1298584,01,02310,48,1015250,46,32,6,5,21,18000,2,0,30,52,1.0,1,01,2634.0,18000,18000,1,2,1,Graphic Designers
2024HU1299133,02,04902,48,1015250,10,25,6,5,20,24000,2,0,25,52,1.0,1,01,2905.0,24000,24000,1,2,2,"Other Media and Communication Equipment Workers (broadcast/sound/AV/lighting techs, combined - PUMS does not separately identify 'sound engineering technician')"
2024HU1299813,01,01300,48,1015250,37,42,6,5,21,10000,1,25000,40,26,1.0,2,01,2850.0,35000,35000,2,2,1,Writers and Authors
2024HU1302446,01,02001,48,1015250,27,40,1,5,21,0,1,32000,40,52,1.0,1,01,2910.0,32000,32000,1,2,1,Photographers
2024HU1306051,02,05902,48,1015250,47,63,6,1,19,25000,1,0,50,52,1.0,1,01,2752.0,25000,25000,1,2,1,Musicians and Singers
2024HU1306210,02,05302,48,1015250,12,60,6,3,21,-8100,2,20000,50,10,6.0,1,01,2910.0,11900,11900,1,2,1,Photographers
2024HU1307393,02,05600,48,1015250,6,44,1,5,18,0,2,91000,40,52,1.0,1,02,2634.0,91000,91000,1,2,1,Graphic Designers
2024HU1309356,02,04608,48,1015250,16,37,7,3,20,0,1,13000,40,52,1.0,1,01,2910.0,13000,13000,2,1,1,Photographers
2024HU1310326,01,02101,48,1015250,25,67,1,3,20,0,2,34000,40,52,1.0,1,01,2910.0,34000,79000,1,1,2,Photographers
2024HU1311689,01,00501,48,1015250,5,28,4,5,21,0,2,30000,40,52,1.0,1,01,2634.0,30000,30000,1,2,6,Graphic Designers
2024HU1312057,03,02006,48,1015250,92,29,1,5,20,0,2,70000,40,52,1.0,1,01,2634.0,70000,70000,1,2,2,Graphic Designers
2024HU1313237,02,05700,48,1015250,22,41,1,1,21,0,1,48000,40,52,1.0,1,19,2905.0,48000,48000,1,2,8,"Other Media and Communication Equipment Workers (broadcast/sound/AV/lighting techs, combined - PUMS does not separately identify 'sound engineering technician')"
2024HU1314027,02,06804,48,1015250,11,32,6,1,21,36000,2,0,40,52,1.0,1,02,2634.0,36000,36000,1,2,1,Graphic Designers
2024HU1315147,01,02301,48,1015250,13,46,7,1,17,0,1,601000,65,52,1.0,2,01,2710.0,601000,601000,2,2,1,Producers and Directors
2024HU1316553,04,06701,48,1015250,8,57,6,1,16,20000,1,0,40,52,1.0,1,02,2752.0,20000,20000,1,2,9,Musicians and Singers
2024HU1316674,01,02308,48,1015250,6,20,1,5,16,0,1,10500,35,39,2.0,2,01,2910.0,10500,10500,2,2,1,Photographers
2024HU1317027,01,06301,48,1015250,13,50,1,1,22,45000,2,100000,40,52,1.0,1,02,2910.0,145000,145000,1,2,9,Photographers
2024HU1318185,01,05902,48,1015250,39,31,6,1,21,387000,1,0,99,40,1.0,1,01,2850.0,387000,387000,1,2,1,Writers and Authors
2024HU1321670,02,02307,48,1015250,90,28,1,1,21,0,1,55000,50,52,1.0,1,01,2905.0,55000,55000,1,2,2,"Other Media and Communication Equipment Workers (broadcast/sound/AV/lighting techs, combined - PUMS does not separately identify 'sound engineering technician')"
2024HU1322236,02,04702,48,1015250,15,32,6,1,21,0,2,0,,,6.0,1,24,2910.0,0,0,1,2,9,Photographers
2024HU1322414,01,04903,48,1015250,15,45,8,1,20,0,2,62000,50,52,6.0,1,01,2634.0,62000,62000,1,2,1,Graphic Designers
2024HU1323115,01,04701,48,1015250,4,31,1,1,21,0,2,65000,45,52,1.0,2,01,2710.0,65000,65000,2,2,9,Producers and Directors
2024HU1326438,01,02313,48,1015250,11,30,6,5,22,-2000,2,23000,60,42,1.0,1,01,2700.0,21000,21200,1,2,1,Actors
2024HU1326449,01,05402,48,1015250,14,43,1,1,20,1000,1,52000,40,52,1.0,1,01,2634.0,53000,53000,1,2,1,Graphic Designers
2024HU1327394,02,00800,48,1015250,5,57,2,5,13,0,1,2300,54,5,1.0,1,23,2752.0,2300,15400,1,1,1,Musicians and Singers
2024HU1328013,01,00501,48,1015250,18,34,4,1,20,0,1,55000,40,52,1.0,1,01,2905.0,55000,55000,1,2,1,"Other Media and Communication Equipment Workers (broadcast/sound/AV/lighting techs, combined - PUMS does not separately identify 'sound engineering technician')"
2024HU1329254,01,02516,48,1015250,16,40,6,1,22,12000,2,0,5,36,1.0,1,01,2752.0,12000,12000,1,2,1,Musicians and Singers
2024HU1329254,02,02516,48,1015250,18,35,6,1,19,127000,1,0,60,52,1.0,1,01,2752.0,127000,127000,1,2,1,Musicians and Singers
2024HU1329690,02,04625,48,1015250,53,26,6,5,19,46000,1,0,45,50,1.0,2,01,2910.0,46000,46000,2,2,2,Photographers
2024HU1330235,02,00501,48,1015250,14,29,1,1,22,0,2,57000,40,52,1.0,1,02,2634.0,57000,57000,1,2,9,Graphic Designers
2024HU1331318,02,03000,48,1015250,25,34,3,5,21,0,1,74000,60,52,1.0,1,01,2850.0,74000,74000,1,2,1,Writers and Authors
2024HU1331738,02,04628,48,1015250,11,25,6,5,19,800,1,1200,30,52,1.0,1,01,2700.0,2000,2050,1,2,1,Actors
2024HU1335398,02,04628,48,1015250,13,29,1,5,18,-8100,1,20000,50,30,1.0,2,01,2905.0,11900,11900,2,2,1,"Other Media and Communication Equipment Workers (broadcast/sound/AV/lighting techs, combined - PUMS does not separately identify 'sound engineering technician')"
2024HU1336168,01,01200,48,1015250,13,57,4,3,22,0,1,110000,35,52,1.0,1,01,2710.0,110000,146000,1,2,1,Producers and Directors
2024HU1338190,02,06804,48,1015250,20,35,7,3,20,0,1,55000,40,52,1.0,1,02,2634.0,55000,55000,1,2,9,Graphic Designers
2024HU1338871,01,07402,48,1015250,17,25,4,5,21,0,2,49000,40,52,1.0,1,01,2850.0,49000,49000,1,2,1,Writers and Authors
2024HU1338871,02,07402,48,1015250,17,25,1,5,21,0,1,42000,40,52,1.0,1,03,2850.0,42000,42000,1,2,9,Writers and Authors
2024HU1341295,01,06703,48,1015250,18,61,1,5,19,0,1,41000,40,41,1.0,2,01,2910.0,41000,41000,2,2,1,Photographers
2024HU1343675,02,04602,48,1015250,32,40,6,5,20,3000,2,25000,40,40,1.0,1,02,2850.0,28000,28030,1,2,1,Writers and Authors
2024HU1343699,01,05401,48,1015250,11,68,2,1,21,0,1,0,,,6.0,1,01,2634.0,0,33000,2,1,1,Graphic Designers
2024HU1345740,01,05306,48,1015250,20,68,2,1,21,0,2,0,,,6.0,1,01,2634.0,0,12200,2,1,1,Graphic Designers
2024HU1346090,01,02322,48,1015250,10,43,1,5,21,0,1,15000,40,19,1.0,1,01,2850.0,15000,15000,1,2,1,Writers and Authors
2024HU1346421,04,04619,48,1015250,15,28,1,5,18,0,1,41300,40,52,1.0,2,02,2905.0,41300,41300,2,2,9,"Other Media and Communication Equipment Workers (broadcast/sound/AV/lighting techs, combined - PUMS does not separately identify 'sound engineering technician')"
2024HU1348760,02,04630,48,1015250,14,37,7,1,21,0,2,162000,25,52,1.0,1,01,2910.0,162000,162000,1,2,1,Photographers
2024HU1348966,01,02311,48,1015250,13,71,6,1,22,387000,1,0,35,52,1.0,1,01,2850.0,387000,420850,1,1,1,Writers and Authors
2024HU1351312,01,05905,48,1015250,18,29,1,1,21,0,2,60000,42,52,1.0,1,01,2634.0,60000,60000,1,2,1,Graphic Designers
2024HU1352274,01,04604,48,1015250,11,57,2,3,21,0,2,60000,40,52,1.0,1,01,2850.0,60000,70000,1,2,1,Writers and Authors
2024HU1352563,01,02309,48,1015250,16,51,7,3,20,0,1,601000,40,52,1.0,1,01,2700.0,601000,601000,1,2,1,Actors
2024HU1353672,02,04636,48,1015250,15,60,6,1,22,0,2,0,,,6.0,1,01,2910.0,0,0,1,2,1,Photographers
2024HU1355257,01,04630,48,1015250,31,48,6,1,21,30000,2,0,20,52,1.0,1,01,2910.0,30000,30000,1,2,1,Photographers
2024HU1355459,04,05306,48,1015250,15,54,1,5,21,0,2,6000,20,20,1.0,2,04,2634.0,6000,6000,2,2,9,Graphic Designers
2024HU1356247,02,00900,48,1015250,13,72,6,1,24,0,2,0,,,6.0,1,01,2634.0,0,15000,2,1,1,Graphic Designers
2024HU1357354,01,00800,48,1015250,29,30,1,1,21,0,1,55000,40,52,1.0,1,01,2910.0,55000,55000,1,2,1,Photographers
2024HU1358187,03,04400,48,1015250,52,47,7,5,20,0,1,12800,40,16,6.0,2,01,2752.0,12800,12800,2,2,2,Musicians and Singers
2024HU1358829,01,05913,48,1015250,13,25,6,5,20,120,1,18900,50,28,1.0,1,01,2910.0,19020,23920,1,2,1,Photographers
2024HU1359174,01,04904,48,1015250,15,65,2,3,16,0,2,32000,4,52,1.0,1,01,2751.0,32000,42000,2,1,2,Music Directors and Composers
2024HU1359833,01,04639,48,1015250,27,35,1,1,21,5000,1,110000,40,52,1.0,1,01,2710.0,115000,115000,1,2,1,Producers and Directors
2024HU1361295,01,02313,48,1015250,15,53,6,3,19,11300,2,0,20,52,1.0,1,01,2905.0,11300,11300,1,2,1,"Other Media and Communication Equipment Workers (broadcast/sound/AV/lighting techs, combined - PUMS does not separately identify 'sound engineering technician')"
2024HU1361513,01,01903,48,1015250,11,49,2,1,22,0,2,100000,18,52,1.0,1,01,2752.0,100000,100000,1,2,1,Musicians and Singers
2024HU1361957,03,02510,48,1015250,19,28,2,1,21,0,2,30000,40,52,1.0,1,01,2905.0,30000,30000,1,2,9,"Other Media and Communication Equipment Workers (broadcast/sound/AV/lighting techs, combined - PUMS does not separately identify 'sound engineering technician')"
2024HU1362495,01,04615,48,1015250,9,73,7,1,18,0,1,1200,3,4,1.0,1,01,2710.0,1200,72300,1,1,1,Producers and Directors
2024HU1363640,03,04629,48,1015250,16,30,1,3,19,0,2,60000,40,40,1.0,1,01,2850.0,60000,60000,2,1,1,Writers and Authors
2024HU1364175,02,03502,48,1015250,6,56,1,1,21,0,2,430,6,1,6.0,1,01,2700.0,430,430,1,2,1,Actors
2024HU1365549,01,02315,48,1015250,15,71,2,5,22,0,2,117000,50,52,1.0,1,01,2850.0,117000,120600,1,1,1,Writers and Authors
2024HU1367255,01,05304,48,1015250,28,32,6,5,21,45000,1,0,50,45,1.0,2,03,2910.0,45000,45800,2,2,9,Photographers
2024HU1368602,01,02003,48,1015250,42,56,6,1,20,35000,1,0,60,51,1.0,1,01,2910.0,35000,35000,1,2,1,Photographers
2024HU1369058,01,01909,48,1015250,36,28,1,5,21,0,1,80000,60,52,1.0,1,01,2905.0,80000,80000,1,2,1,"Other Media and Communication Equipment Workers (broadcast/sound/AV/lighting techs, combined - PUMS does not separately identify 'sound engineering technician')"
2024HU1369141,04,01904,48,1015250,27,28,6,1,21,600,2,5000,40,16,1.0,1,01,2910.0,5600,5600,1,2,9,Photographers
2024HU1369957,03,02510,48,1015250,16,16,2,5,13,0,2,1700,16,9,6.0,2,01,2634.0,1700,1700,2,2,1,Graphic Designers
2024HU1371939,02,05302,48,1015250,60,28,1,1,21,0,2,54000,40,52,1.0,1,01,2905.0,54000,54000,1,2,9,"Other Media and Communication Equipment Workers (broadcast/sound/AV/lighting techs, combined - PUMS does not separately identify 'sound engineering technician')"
2024HU1372716,01,06601,48,1015250,7,22,1,1,19,0,1,1700,15,12,1.0,2,01,2905.0,1700,1700,2,2,1,"Other Media and Communication Equipment Workers (broadcast/sound/AV/lighting techs, combined - PUMS does not separately identify 'sound engineering technician')"
2024HU1373445,01,05909,48,1015250,12,32,7,1,21,75000,2,75000,25,52,1.0,1,01,2850.0,150000,150000,1,2,1,Writers and Authors
2024HU1374340,01,04616,48,1015250,10,39,2,1,22,5000,1,66000,40,52,1.0,1,01,2752.0,71000,71000,1,2,1,Musicians and Singers
2024HU1375517,01,05308,48,1015250,16,54,7,3,22,0,1,75000,40,52,1.0,1,01,2910.0,75000,87500,1,1,9,Photographers
2024HU1377174,01,05201,48,1015250,21,62,6,5,19,1000,1,0,10,52,1.0,1,01,2710.0,1000,25900,2,1,1,Producers and Directors
2024HU1379239,01,04616,48,1015250,10,47,2,5,19,0,1,23700,22,52,1.0,1,01,2752.0,23700,23700,1,2,1,Musicians and Singers
2024HU1379973,02,04604,48,1015250,16,72,2,1,22,0,1,0,,,6.0,1,01,2850.0,0,18500,2,1,1,Writers and Authors
2024HU1381224,02,05401,48,1015250,12,49,6,1,22,40000,2,0,45,52,1.0,1,01,2700.0,40000,40000,1,2,1,Actors
2024HU1385855,02,07500,48,1015250,15,40,5,1,22,0,2,89000,40,52,1.0,1,02,2850.0,89000,89000,1,2,1,Writers and Authors
2024HU1386249,03,01903,48,1015250,19,60,1,2,16,0,1,117000,40,11,6.0,1,02,2634.0,117000,133000,1,2,9,Graphic Designers
2024HU1390976,01,06301,48,1015250,8,63,3,1,19,0,1,58000,40,52,1.0,1,02,2710.0,58000,58320,1,2,9,Producers and Directors
2024HU1392506,01,05301,48,1015250,25,57,1,5,20,0,2,68000,38,52,1.0,1,01,2850.0,68000,68100,1,2,1,Writers and Authors
2024HU1394302,01,01901,48,1015250,23,35,2,5,21,0,2,65000,40,52,1.0,1,01,2634.0,65000,65000,1,2,1,Graphic Designers
2024HU1395408,01,02511,48,1015250,23,27,2,5,16,0,1,74000,30,50,2.0,1,01,2905.0,74000,74000,1,2,1,"Other Media and Communication Equipment Workers (broadcast/sound/AV/lighting techs, combined - PUMS does not separately identify 'sound engineering technician')"
2024HU1396481,02,05800,48,1015250,16,70,6,1,21,8000,2,0,2,52,1.0,1,01,2850.0,8000,41810,2,1,1,Writers and Authors
2024HU1397803,01,04624,48,1015250,26,38,1,1,20,0,1,60000,40,52,1.0,1,01,2905.0,60000,60000,1,2,5,"Other Media and Communication Equipment Workers (broadcast/sound/AV/lighting techs, combined - PUMS does not separately identify 'sound engineering technician')"
2024HU1398350,02,00502,48,1015250,11,74,2,1,21,0,2,36000,10,52,1.0,1,01,2752.0,36000,36000,1,2,1,Musicians and Singers
2024HU1401455,01,05306,48,1015250,102,42,6,5,24,22000,1,0,45,32,1.0,1,01,2850.0,22000,19400,1,2,1,Writers and Authors
2024HU1402901,02,04601,48,1015250,20,45,6,1,20,-2100,2,0,40,52,1.0,1,01,2850.0,-2100,-2100,1,1,9,Writers and Authors
2024HU1403392,02,01501,48,1015250,44,53,2,1,22,15000,1,75000,45,52,1.0,1,01,2850.0,90000,110000,1,2,1,Writers and Authors
2024HU1408326,01,05304,48,1015250,27,56,6,5,22,32900,1,0,40,52,1.0,1,01,2910.0,32900,32900,1,2,1,Photographers
2024HU1408518,02,03501,48,1015250,17,31,6,1,18,19000,2,0,40,32,1.0,1,01,2910.0,19000,19000,1,2,9,Photographers
2024HU1409426,01,02303,48,1015250,20,51,2,1,21,1000,1,50000,40,52,2.0,1,01,2634.0,51000,51000,1,2,1,Graphic Designers
2024HU1409537,03,04801,48,1015250,33,52,1,3,21,0,2,120000,40,52,1.0,1,01,2850.0,120000,120000,1,2,2,Writers and Authors
2024HU1410012,01,02006,48,1015250,24,49,7,1,20,0,1,62000,10,52,1.0,1,01,2910.0,62000,62000,2,1,6,Photographers
2024HU1411105,01,04611,48,1015250,17,50,1,5,19,0,1,70000,40,52,1.0,1,01,2910.0,70000,70000,1,2,1,Photographers
2024HU1411593,01,04603,48,1015250,7,46,3,5,21,0,2,82000,45,52,1.0,1,01,2850.0,82000,82000,1,2,2,Writers and Authors
2024HU1414802,02,02102,48,1015250,5,30,1,1,21,0,1,27000,40,52,1.0,2,01,2710.0,27000,27000,2,2,9,Producers and Directors
2024HU1416415,03,04902,48,1015250,25,28,1,5,21,0,2,0,,,3.0,2,01,2634.0,0,0,2,2,2,Graphic Designers
2024HU1417371,02,04701,48,1015250,34,61,1,1,21,10000,1,80000,40,52,1.0,1,01,2634.0,90000,96000,1,2,1,Graphic Designers
2024HU1418724,02,04636,48,1015250,10,51,6,1,21,20000,2,0,20,52,1.0,1,01,2634.0,20000,20000,1,2,1,Graphic Designers
2024HU1419179,01,05203,48,1015250,48,29,1,5,21,0,2,50000,40,40,1.0,2,01,2634.0,50000,50000,2,2,6,Graphic Designers
2024HU1419476,01,00400,48,1015250,13,26,1,1,21,0,1,50000,50,52,1.0,1,02,2634.0,50000,50000,1,2,9,Graphic Designers
2024HU1420957,01,04616,48,1015250,12,40,2,3,21,0,2,150000,40,52,1.0,1,01,2850.0,150000,150000,1,2,1,Writers and Authors
2024HU1421596,03,04628,48,1015250,21,28,1,5,21,0,1,24000,25,30,1.0,1,01,2910.0,24000,24000,1,2,1,Photographers
2024HU1421678,04,02316,48,1015250,28,36,3,5,21,0,1,58000,40,52,1.0,1,01,2634.0,58000,58000,1,2,2,Graphic Designers
2024HU1422344,01,02600,48,1015250,3,62,1,1,19,0,2,0,,,6.0,1,01,2905.0,0,32500,1,2,1,"Other Media and Communication Equipment Workers (broadcast/sound/AV/lighting techs, combined - PUMS does not separately identify 'sound engineering technician')"
2024HU1424449,02,02315,48,1015250,16,25,7,5,16,0,1,62000,40,45,1.0,2,01,2910.0,62000,62000,2,2,1,Photographers
2024HU1427415,01,02005,48,1015250,43,53,2,1,22,0,1,14800,20,42,1.0,1,01,2752.0,14800,14800,1,2,1,Musicians and Singers
2024HU1427692,01,04608,48,1015250,16,47,1,5,18,0,1,0,,,6.0,2,01,2752.0,0,600,2,2,1,Musicians and Singers
2024HU1431122,01,05914,48,1015250,10,52,6,1,21,80000,2,0,35,52,1.0,1,01,2634.0,80000,81000,1,2,6,Graphic Designers
2024HU1432423,02,00900,48,1015250,12,28,1,5,20,0,2,60000,40,40,1.0,1,01,2850.0,60000,60000,1,2,1,Writers and Authors
2024HU1434670,01,03306,48,1015250,22,61,1,1,19,0,1,14700,35,36,1.0,1,02,2634.0,14700,22700,1,2,1,Graphic Designers
2024HU1435643,01,05204,48,1015250,17,73,6,5,22,10800,1,0,32,48,1.0,1,01,2850.0,10800,67100,1,1,1,Writers and Authors
2024HU1435841,01,03100,48,1015250,107,44,6,3,16,50000,1,0,36,52,1.0,1,04,2752.0,50000,50000,1,2,9,Musicians and Singers
2024HU1438529,01,04503,48,1015250,11,73,1,1,22,0,2,95000,30,48,1.0,1,01,2850.0,95000,135000,1,1,1,Writers and Authors
2024HU1440064,01,02310,48,1015250,12,36,1,1,21,0,2,115000,45,52,1.0,1,01,2634.0,115000,115000,1,2,1,Graphic Designers
2024HU1440088,03,01100,48,1015250,2,26,6,5,21,2500,1,0,40,52,1.0,1,01,2700.0,2500,2500,2,1,1,Actors
2024HU1440827,01,01501,48,1015250,15,38,4,5,22,0,2,50000,40,52,1.0,1,01,2850.0,50000,50000,1,2,2,Writers and Authors
2024HU1440960,01,02306,48,1015250,17,61,6,1,21,15000,2,0,10,38,2.0,1,01,2850.0,15000,15050,1,2,1,Writers and Authors
2024HU1442385,01,02301,48,1015250,14,37,7,1,16,89000,1,48000,30,52,1.0,1,01,2710.0,137000,137000,1,2,1,Producers and Directors
2024HU1442385,02,02301,48,1015250,17,31,7,1,16,89000,2,55000,35,52,1.0,1,01,2710.0,144000,144000,1,2,6,Producers and Directors
2024HU1443081,01,04502,48,1015250,23,37,4,1,22,0,1,55000,40,52,1.0,1,01,2710.0,55000,55020,1,2,1,Producers and Directors
2024HU1443211,01,04625,48,1015250,24,92,7,2,21,0,2,0,,,6.0,1,01,2850.0,0,23700,2,1,1,Writers and Authors
2024HU1444704,01,05201,48,1015250,16,68,1,1,19,0,1,122000,50,52,1.0,1,01,2905.0,122000,123800,1,1,1,"Other Media and Communication Equipment Workers (broadcast/sound/AV/lighting techs, combined - PUMS does not separately identify 'sound engineering technician')"
2024HU1445005,01,03501,48,1015250,26,29,1,3,21,0,2,0,,,6.0,1,03,2710.0,0,41400,1,1,9,Producers and Directors
2024HU1445237,02,01909,48,1015250,44,24,1,5,21,0,2,38000,50,52,1.0,1,01,2634.0,38000,38000,1,2,1,Graphic Designers
2024HU1447838,01,06703,48,1015250,15,28,7,5,14,7500,2,15000,40,40,3.0,2,02,2910.0,22500,22500,2,2,8,Photographers
2024HU1448927,02,00200,48,1015250,5,35,2,1,19,0,1,50000,40,52,1.0,1,01,2634.0,50000,50000,1,2,1,Graphic Designers
2024HU1450074,01,05305,48,1015250,86,36,1,5,21,0,2,38000,40,52,1.0,1,01,2634.0,38000,43000,1,2,1,Graphic Designers
2024HU1450308,01,05910,48,1015250,20,64,1,1,18,0,1,90000,40,52,1.0,1,02,2710.0,90000,90000,1,2,9,Producers and Directors
2024HU1453207,02,00600,48,1015250,4,71,6,1,19,45000,1,70000,20,48,1.0,1,02,2752.0,115000,147000,1,1,9,Musicians and Singers
2024HU1453538,02,04604,48,1015250,35,31,4,5,20,0,2,5700,25,18,1.0,1,01,2905.0,5700,5700,1,2,9,"Other Media and Communication Equipment Workers (broadcast/sound/AV/lighting techs, combined - PUMS does not separately identify 'sound engineering technician')"
2024HU1453565,03,00400,48,1015250,4,31,1,5,19,0,2,50000,36,52,1.0,2,01,2850.0,50000,50000,2,2,1,Writers and Authors
2024HU1454293,01,04631,48,1015250,24,65,6,3,19,60000,1,0,35,52,1.0,1,01,2910.0,60000,62000,2,1,1,Photographers
2024HU1454540,01,02101,48,1015250,94,32,1,1,21,0,1,55000,40,52,1.0,1,02,2634.0,55000,55000,1,2,1,Graphic Designers
2024HU1454695,02,05305,48,1015250,7,38,1,1,21,0,1,80000,40,52,1.0,2,01,2905.0,80000,80000,2,2,1,"Other Media and Communication Equipment Workers (broadcast/sound/AV/lighting techs, combined - PUMS does not separately identify 'sound engineering technician')"
2024HU1455442,01,02311,48,1015250,7,41,6,1,23,387000,1,0,40,52,1.0,1,01,2850.0,387000,387000,1,2,1,Writers and Authors
2024HU1455612,01,03000,48,1015250,7,53,6,1,20,320,2,320,8,12,6.0,1,01,2634.0,640,640,1,2,1,Graphic Designers
2024HU1455612,03,03000,48,1015250,4,63,1,3,21,0,2,40000,40,52,1.0,1,01,2850.0,40000,40000,1,2,1,Writers and Authors
2024HU1455859,02,02005,48,1015250,18,28,2,1,20,0,1,70000,50,52,1.0,1,01,2710.0,70000,70000,1,2,1,Producers and Directors
2024HU1457054,02,03600,48,1015250,10,68,6,1,16,0,1,0,,,6.0,1,01,2752.0,0,52000,1,1,1,Musicians and Singers
2024HU1457419,01,01502,48,1015250,8,55,6,1,21,69000,1,0,60,52,1.0,2,01,2850.0,69000,69000,2,2,1,Writers and Authors
2024HU1458825,01,02503,48,1015250,12,26,1,5,21,4000,1,30000,40,52,1.0,1,01,2905.0,34000,34000,1,2,1,"Other Media and Communication Equipment Workers (broadcast/sound/AV/lighting techs, combined - PUMS does not separately identify 'sound engineering technician')"
2024HU1459381,01,04701,48,1015250,15,42,1,3,19,0,1,38000,50,52,1.0,1,02,2905.0,38000,38000,1,2,1,"Other Media and Communication Equipment Workers (broadcast/sound/AV/lighting techs, combined - PUMS does not separately identify 'sound engineering technician')"
2024HU1459439,01,02509,48,1015250,10,65,6,1,21,0,1,0,,,6.0,1,01,2910.0,0,18000,2,1,1,Photographers
2024HU1460902,01,05303,48,1015250,9,68,3,3,22,0,1,450,40,2,6.0,1,01,2910.0,450,41450,2,1,1,Photographers
2024HU1463900,02,05204,48,1015250,18,37,6,1,18,0,2,0,,,6.0,1,01,2910.0,0,0,1,2,1,Photographers
