LoanNumber,DateApproved,SBAOfficeCode,ProcessingMethod,BorrowerName,BorrowerAddress,BorrowerCity,BorrowerState,BorrowerZip,LoanStatusDate,LoanStatus,Term,SBAGuarantyPercentage,InitialApprovalAmount,CurrentApprovalAmount,UndisbursedAmount,FranchiseName,ServicingLenderLocationID,ServicingLenderName,ServicingLenderAddress,ServicingLenderCity,ServicingLenderState,ServicingLenderZip,RuralUrbanIndicator,HubzoneIndicator,LMIIndicator,BusinessAgeDescription,ProjectCity,ProjectCountyName,ProjectState,ProjectZip,CD,JobsReported,NAICSCode,Race,Ethnicity,UTILITIES_PROCEED,PAYROLL_PROCEED,MORTGAGE_INTEREST_PROCEED,RENT_PROCEED,REFINANCE_EIDL_PROCEED,HEALTH_CARE_PROCEED,DEBT_INTEREST_PROCEED,BusinessType,OriginatingLenderLocationID,OriginatingLender,OriginatingLenderCity,OriginatingLenderState,Gender,Veteran,NonProfit,ForgivenessAmount,ForgivenessDate
4466007201,04/27/2020,0681,PPP,SXSW LLC,1400 Lavaca St. Suite 1100,AUSTIN,TX,78701,01/04/2023,Paid in Full,31,100,5000000,5000000,0,,70134,Horizon Bank SSB,"600, W. 5th St.",Austin,TX,78701,U,Y,N,Existing or more than 2 years old,AUSTIN,TRAVIS,TX,78701-0001,TX-37,294,711310,White,Not Hispanic or Latino,,5000000,,,,,,Limited  Liability Company(LLC),70134,Horizon Bank SSB,Austin,TX,Male Owned,Unanswered,,3899935.17,12/22/2021
3536217305,04/29/2020,0681,PPP,AUSTIN THEATRE ALLIANCE,713 Congress Ave.,AUSTIN,TX,78701,03/19/2021,Paid in Full,24,100,880023,880023,0,,44449,"PNC Bank, National Association",222 Delaware Ave,WILMINGTON,DE,19801-1621,U,N,N,Existing or more than 2 years old,AUSTIN,TRAVIS,TX,78701-0001,TX-37,63,711310,Unanswered,Unknown/NotStated,1000,878023,1000,,,,,Non-Profit Organization,760,First Source Federal Credit Union,Rome,NY,Unanswered,Unanswered,Y,886745.4,02/04/2021
1641177908,06/10/2020,0681,PPP,BENELUX CORPORATION,501 E BEN WHITE,AUSTIN,TX,78704-7307,07/26/2022,Paid in Full,60,100,789157,789157,0,,509316,"Harvest Small Business Finance, LLC",24422 Avenida de la Carlota Suite 400,Laguna Hills,CA,92653,U,N,N,Existing or more than 2 years old,AUSTIN,TRAVIS,TX,78704-7307,TX-21,68,722410,Unanswered,Unknown/NotStated,,789157,,,,,,Corporation,509316,"Harvest Small Business Finance, LLC",Laguna Hills,CA,Unanswered,Unanswered,,758633.72,12/15/2021
3110118603,03/16/2021,0681,PPS,GREATER AUSTIN PERFORMING ARTS CENTER INC,701 W Riverside Dr,Austin,TX,78704-1269,12/04/2021,Paid in Full,60,100,712500,712500,0,,70134,Horizon Bank SSB,"600, W. 5th St.",Austin,TX,78701,U,N,N,Existing or more than 2 years old,Austin,TRAVIS,TX,78704-1269,TX-21,81,711310,White,Not Hispanic or Latino,1,712496,,,,,,Non-Profit Organization,70134,Horizon Bank SSB,Austin,TX,Female Owned,Unanswered,Y,717210.42,11/17/2021
3782657205,04/27/2020,0681,PPP,"GREATER AUSTIN PERFORMING ARTS CENTER, INC.",701 W. Riverside Dr,AUSTIN,TX,78704,12/05/2020,Paid in Full,24,100,712500,712500,0,,70134,Horizon Bank SSB,"600, W. 5th St.",Austin,TX,78701,U,Y,N,Unanswered,AUSTIN,TRAVIS,TX,78704-0001,TX-21,47,711310,White,Not Hispanic or Latino,,712500,,,,,,Non-Profit Organization,70134,Horizon Bank SSB,Austin,TX,Female Owned,Unanswered,Y,716201.04,11/03/2020
3826958309,01/22/2021,0681,PPS,JESTER KING CRAFT BREWERY LLC,13187 Fitzhugh Rd,Austin,TX,78736-6508,10/13/2021,Paid in Full,60,100,689195,689195,0,,111233,Texas Regional Bank,6770 W Expy 83,HARLINGEN,TX,78552,R,N,N,Existing or more than 2 years old,Austin,HAYS,TX,78736-6508,TX-25,42,722410,Unanswered,Unknown/NotStated,1,689193,,,,,,Limited  Liability Company(LLC),111233,Texas Regional Bank,HARLINGEN,TX,Unanswered,Unanswered,,693670.05,09/17/2021
3290428304,01/21/2021,0681,PPS,STEAMPUNK LLC,700 W 6th St,Austin,TX,78701-2708,09/15/2021,Paid in Full,60,100,565200,565200,0,,70134,Horizon Bank SSB,"600, W. 5th St.",Austin,TX,78701,U,N,N,Existing or more than 2 years old,Austin,TRAVIS,TX,78701-2708,TX-37,37,722410,Unanswered,Not Hispanic or Latino,1,565194,,,,,,Limited  Liability Company(LLC),70134,Horizon Bank SSB,Austin,TX,Male Owned,Non-Veteran,,568669.7,08/31/2021
7276048310,01/28/2021,0681,PPS,KPG HOSPITALITY GROUP INC.,1221 W 6th St Ste C,Austin,TX,78703-5276,01/15/2022,Paid in Full,60,100,497560,497560,0,,71653,Vista Bank,5840 W Northwest Hwy,DALLAS,TX,75225-3201,U,N,N,Existing or more than 2 years old,Austin,TRAVIS,TX,78703-5276,TX-37,22,722410,Unanswered,Unknown/NotStated,1,497557,,,,,,Corporation,71653,Vista Bank,DALLAS,TX,Unanswered,Unanswered,,501922.17,12/21/2021
7400687000,04/07/2020,0681,PPP,"JESTER KING CRAFT BREWERY, LLC",13187 FITZHUGH RD,AUSTIN,TX,78736-6508,06/15/2021,Paid in Full,24,100,492280,492280,0,,111233,Texas Regional Bank,6770 W Expy 83,HARLINGEN,TX,78552,R,N,N,Existing or more than 2 years old,AUSTIN,HAYS,TX,78736-6508,TX-25,20,722410,Unanswered,Unknown/NotStated,,492280,,,,,,Limited  Liability Company(LLC),111233,Texas Regional Bank,HARLINGEN,TX,Male Owned,Unanswered,,497701.82,05/21/2021
9391738702,04/08/2021,0681,PPP,ABRAHAM TAHA,1901 CROSSING PLACES 3203,AUSTIN,TX,78741,11/09/2022,Charged Off,40,100,469637,469637,0,,29805,"TD Bank, National Association",2035 Limestone Rd,WILMINGTON,DE,19808-5529,U,N,Y,Existing or more than 2 years old,AUSTIN,TRAVIS,TX,78741,TX-21,26,711130,Asian,Not Hispanic or Latino,1,469631,,,,,,Sole Proprietorship,29805,"TD Bank, National Association",WILMINGTON,DE,Male Owned,Non-Veteran,,,
7455207004,04/07/2020,0681,PPP,"THE PEACHED TORTILLA MOBILE, LLC",6500 N LAMAR BLVD STE D,AUSTIN,TX,78752-4010,02/20/2021,Paid in Full,24,100,436495,436495,0,,9551,"Bank of America, National Association","100 N Tryon St, Ste 170",CHARLOTTE,NC,28202-4024,U,N,N,Existing or more than 2 years old,AUSTIN,TRAVIS,TX,78752-4010,TX-37,85,711310,Asian,Not Hispanic or Latino,,436495,,,,,,Limited  Liability Company(LLC),9551,"Bank of America, National Association",CHARLOTTE,NC,Male Owned,Non-Veteran,,439496.65,12/31/2020
4435658310,01/23/2021,0681,PPS,THE BLIND PIG LLC,317 E 6th St,Austin,TX,78701-3627,09/14/2021,Paid in Full,60,100,421382,421382,0,,70134,Horizon Bank SSB,"600, W. 5th St.",Austin,TX,78701,U,N,N,Existing or more than 2 years old,Austin,TRAVIS,TX,78701-3627,TX-37,26,722410,Unanswered,Not Hispanic or Latino,1,421375,,,,,,Limited  Liability Company(LLC),70134,Horizon Bank SSB,Austin,TX,Male Owned,Non-Veteran,,423898.59,08/27/2021
3820968300,01/22/2021,0681,PPS,OF RIGOR LLC,307 W 5th St,Austin,TX,78701-2911,09/15/2021,Paid in Full,60,100,413000,413000,0,,70134,Horizon Bank SSB,"600, W. 5th St.",Austin,TX,78701,U,N,N,Existing or more than 2 years old,Austin,TRAVIS,TX,78701-2911,TX-37,24,722410,Unanswered,Unknown/NotStated,1,412997,,,,,,Limited  Liability Company(LLC),70134,Horizon Bank SSB,Austin,TX,Unanswered,Unanswered,,415248.56,08/09/2021
2782178303,01/21/2021,0681,PPS,SHAKESPEARE'S PUB INC.,314 E 6th St,Austin,TX,78701-3628,09/14/2021,Paid in Full,60,100,409500,409500,0,,70134,Horizon Bank SSB,"600, W. 5th St.",Austin,TX,78701,U,N,N,Existing or more than 2 years old,Austin,TRAVIS,TX,78701-3628,TX-37,26,722410,Unanswered,Not Hispanic or Latino,1,409494,,,,,,Corporation,70134,Horizon Bank SSB,Austin,TX,Male Owned,Non-Veteran,,411809.13,08/13/2021
9795498600,03/26/2021,0681,PPS,REDRUM BAR LLC,812 Sussex Dr,Austin,TX,78745-2415,01/15/2022,Paid in Full,60,100,381537,381537,0,,71653,Vista Bank,5840 W Northwest Hwy,DALLAS,TX,75225-3201,U,N,Y,Existing or more than 2 years old,Austin,TRAVIS,TX,78745-2415,TX-37,40,722410,Unanswered,Unknown/NotStated,1,381532,,,,,,Limited  Liability Company(LLC),71653,Vista Bank,DALLAS,TX,Unanswered,Unanswered,,384035.28,11/26/2021
3765388702,03/31/2021,0681,PPS,2310 MANOR ROAD LLC DBA HAYMAKER,2310 Manor Rd,Austin,TX,78722-2136,02/18/2022,Paid in Full,60,100,381304,381304,0,,48270,"JPMorgan Chase Bank, National Association",1111 Polaris Pkwy,COLUMBUS,OH,43240-2031,U,Y,N,Existing or more than 2 years old,Austin,TRAVIS,TX,78722-2136,TX-25,48,722410,Unanswered,Unknown/NotStated,1,381299,,,,,,Limited  Liability Company(LLC),48270,"JPMorgan Chase Bank, National Association",COLUMBUS,OH,Unanswered,Unanswered,,384200,01/06/2022
2182788305,01/20/2021,0681,PPS,CONTAINER BAR LP,90 Rainey St,Austin,TX,78701-4307,07/09/2021,Paid in Full,60,100,376600,376600,0,,70134,Horizon Bank SSB,"600, W. 5th St.",Austin,TX,78701,U,N,N,Existing or more than 2 years old,Austin,TRAVIS,TX,78701-4307,TX-37,64,722410,Unanswered,Unknown/NotStated,1,376596,,,,,,Limited Liability Partnership,70134,Horizon Bank SSB,Austin,TX,Unanswered,Unanswered,,378116.86,06/15/2021
5550308310,01/25/2021,0681,PPS,LAMAR SOUTH SPORTSBAR INC.,4024 S Lamar Blvd,Austin,TX,78704-7903,05/12/2022,Paid in Full,60,100,368115,368115,0,,72601,"Zions Bank, A Division of",1 S Main St,SALT LAKE CITY,UT,84133-1109,U,N,N,Existing or more than 2 years old,Austin,TRAVIS,TX,78704-7903,TX-21,62,722410,Unanswered,Not Hispanic or Latino,1,368111,,,,,,Corporation,72601,"Zions Bank, A Division of",SALT LAKE CITY,UT,Male Owned,Non-Veteran,,372613.06,04/21/2022
8480807210,04/28/2020,0681,PPP,"RED VELVET EVENTS, INC.",7121 N. Lamar Blvd,AUSTIN,TX,78752,03/12/2021,Paid in Full,24,100,365787,365787,0,,122478,Keystone Bank SSB,13715 E. Ladera Blvd.,Bee Cave,TX,78738,U,N,N,Existing or more than 2 years old,AUSTIN,TRAVIS,TX,78752-0001,TX-37,26,711310,Asian,Unknown/NotStated,,365787,,,,,,Corporation,122478,Keystone Bank SSB,Bee Cave,TX,Female Owned,Unanswered,,367623.95,02/16/2021
4557558302,01/23/2021,0681,PPS,ARJ ENTERTAINMENT INC.,4501 Ridge Oak Dr,Austin,TX,78731-5209,12/09/2021,Paid in Full,60,100,361866.08,361866.08,0,,69819,Prosperity Bank,1301 N Mechanic,El Campo,TX,77437,U,N,N,Existing or more than 2 years old,Austin,TRAVIS,TX,78731-5209,TX-37,18,722410,Unanswered,Unknown/NotStated,1,361862.08,,,,,,Corporation,69819,Prosperity Bank,El Campo,TX,Unanswered,Unanswered,,364780.84,11/22/2021
5011518609,03/20/2021,0681,PPS,MANOR ROAD TAVERN LLC,1809 Manor Rd,Austin,TX,78722-2432,03/22/2022,Paid in Full,60,100,352300,352300,0,,71783,Frost Bank,111 W Houston St,SAN ANTONIO,TX,78205-1414,U,Y,N,Existing or more than 2 years old,Austin,TRAVIS,TX,78722-2432,TX-35,20,722410,Unanswered,Unknown/NotStated,1,352297,,,,,,Limited  Liability Company(LLC),71783,Frost Bank,SAN ANTONIO,TX,Unanswered,Unanswered,,355359.7,02/03/2022
2673888305,01/21/2021,0681,PPS,RAINEY STREET LLC,90 Rainey St,Austin,TX,78701-4307,07/09/2021,Paid in Full,60,100,350800,350800,0,,70134,Horizon Bank SSB,"600, W. 5th St.",Austin,TX,78701,U,N,N,Existing or more than 2 years old,Austin,TRAVIS,TX,78701-4307,TX-37,64,722410,Unanswered,Unknown/NotStated,1,350796,,,,,,Limited  Liability Company(LLC),70134,Horizon Bank SSB,Austin,TX,Unanswered,Unanswered,,352203.2,06/15/2021
3748638703,03/31/2021,0681,PPS,CENTRAL MACHINE OPERATING COMPANY LLC,4824 E Cesar Chavez St,Austin,TX,78702-5136,05/12/2022,Paid in Full,60,100,348852,348852,0,,71316,PlainsCapital Bank,2911 Turtle Creek Blvd. Suite 700,DALLAS,TX,75219,U,Y,Y,Existing or more than 2 years old,Austin,TRAVIS,TX,78702-5136,TX-37,37,722410,Unanswered,Unknown/NotStated,1,348849,,,,,,Limited  Liability Company(LLC),71316,PlainsCapital Bank,DALLAS,TX,Unanswered,Unanswered,,352456.8,04/11/2022
3716478709,03/31/2021,0681,PPS,THE LEFT HOUSE LLC DBA WHISLERS,4604 Placid Pl,Austin,TX,78731-5515,09/20/2022,Paid in Full,60,100,342968,342968,0,,48270,"JPMorgan Chase Bank, National Association",1111 Polaris Pkwy,COLUMBUS,OH,43240-2031,U,N,N,Existing or more than 2 years old,Austin,TRAVIS,TX,78731-5515,TX-37,15,722410,Unanswered,Unknown/NotStated,1,342966,,,,,,Limited  Liability Company(LLC),48270,"JPMorgan Chase Bank, National Association",COLUMBUS,OH,Male Owned,Unanswered,,347598.83,08/11/2022
5766548409,02/09/2021,0681,PPS,RODEO AUSTIN,9100 Decker Lake Rd,Austin,TX,78724-4012,08/19/2021,Paid in Full,60,100,326755,326755,0,,71316,PlainsCapital Bank,2911 Turtle Creek Blvd. Suite 700,DALLAS,TX,75219,U,N,N,Existing or more than 2 years old,Austin,TRAVIS,TX,78724-4012,TX-35,18,711310,Unanswered,Unknown/NotStated,1,326753,,,,,,Non-Profit Organization,71316,PlainsCapital Bank,DALLAS,TX,Unanswered,Unanswered,Y,328261.7,07/27/2021
3602547102,04/11/2020,0681,PPP,RODEO AUSTIN,9100 DECKER LAKE RD,AUSTIN,TX,78724-4012,12/16/2020,Paid in Full,24,100,326700,326700,0,,71316,PlainsCapital Bank,2911 Turtle Creek Blvd. Suite 700,DALLAS,TX,75219,U,N,N,Existing or more than 2 years old,AUSTIN,TRAVIS,TX,78724-4012,TX-35,23,711310,Unanswered,Not Hispanic or Latino,,326700,,,,,,Non-Profit Organization,71316,PlainsCapital Bank,DALLAS,TX,Male Owned,Unanswered,Y,328460.55,11/03/2020
3029568601,03/16/2021,0681,PPS,CORNER WEST 3 LLC,11420 Rock Rose Ave Ste 130,Austin,TX,78758-7946,07/15/2022,Paid in Full,60,100,326438,326438,0,,188567,Loan Source Incorporated,353 East 83rd Street Suite 3H,NEW YORK,NY,10028,U,N,Y,Existing or more than 2 years old,Austin,TRAVIS,TX,78758-7946,TX-37,123,722410,Unanswered,Unknown/NotStated,1,326433,,,,,,Limited  Liability Company(LLC),39848,Cadence Bank,TUPELO,MS,Unanswered,Unanswered,,330587.79,06/30/2022
4866778400,02/07/2021,0681,PPS,AUSTIN'S MOON TOWER SALOON LLC,10212 Menchaca Rd,Austin,TX,78748-2102,03/10/2022,Paid in Full,60,100,319669,319669,0,,69225,"American Bank, National Association",5120 S. Padre Island Dr,CORPUS CHRISTI,TX,78411-4208,U,N,N,Existing or more than 2 years old,Austin,TRAVIS,TX,78748-2102,TX-21,18,722410,Unanswered,Unknown/NotStated,1,319665,,,,,,Corporation,69225,"American Bank, National Association",CORPUS CHRISTI,TX,Male Owned,Non-Veteran,,322892.33,02/09/2022
1344757702,05/01/2020,0681,PPP,"PHILLMARC ROOD, LLC",201 Brazos St.,AUSTIN,TX,78701,09/28/2021,Paid in Full,24,100,319282,319282,0,,48270,"JPMorgan Chase Bank, National Association",1111 Polaris Pkwy,COLUMBUS,OH,43240-2031,U,N,N,Existing or more than 2 years old,AUSTIN,TRAVIS,TX,78701-0001,TX-37,500,722410,White,Not Hispanic or Latino,20000,208892,25000,37885,,12505,15000,Limited  Liability Company(LLC),194093,"JPMorgan Chase Bank, National Association",CHICAGO,IL,Female Owned,Non-Veteran,,323462.64,08/26/2021
5118328306,01/25/2021,0681,PPS,DOMAIN SPORTSBAR INC,11601 Domain Dr Ste 200,Austin,TX,78758-3416,05/12/2022,Paid in Full,60,100,305620,305620,0,,72601,"Zions Bank, A Division of",1 S Main St,SALT LAKE CITY,UT,84133-1109,U,N,N,Existing or more than 2 years old,Austin,TRAVIS,TX,78758-3416,TX-37,53,722410,Unanswered,Not Hispanic or Latino,1,305616,,,,,,Corporation,72601,"Zions Bank, A Division of",SALT LAKE CITY,UT,Male Owned,Non-Veteran,,309362.8,04/21/2022
6109087302,04/30/2020,0681,PPP,"2310 MANOR ROAD, LLC",2310 Manor Rd,AUSTIN,TX,78722-2136,07/22/2021,Paid in Full,24,100,298250,298250,0,,48270,"JPMorgan Chase Bank, National Association",1111 Polaris Pkwy,COLUMBUS,OH,43240-2031,U,Y,Y,Existing or more than 2 years old,AUSTIN,TRAVIS,TX,78722-2136,TX-25,48,722410,Unanswered,Unknown/NotStated,21500,225000,,35000,,16750,,Limited  Liability Company(LLC),194093,"JPMorgan Chase Bank, National Association",CHICAGO,IL,Unanswered,Unanswered,,301481.37,06/04/2021
8495398609,03/25/2021,0681,PPS,BREWERS TABLE - EAST AUSTIN BEVERAGE LLC,4715 E 5th St,Austin,TX,78702-5033,10/07/2022,Charged Off,37,100,283591,283591,0,,122478,Keystone Bank SSB,13715 E. Ladera Blvd.,Bee Cave,TX,78738,U,N,Y,Existing or more than 2 years old,Austin,TRAVIS,TX,78702-5033,TX-37,24,722410,Unanswered,Unknown/NotStated,1,283586,,,,,,Limited  Liability Company(LLC),122478,Keystone Bank SSB,Bee Cave,TX,Male Owned,Unanswered,,,
5075808405,02/07/2021,0681,PPS,ESTHER'S FOLLIES INC.,525 E 6th St,Austin,TX,78701-3741,02/09/2022,Paid in Full,60,100,281750,281750,0,,68987,Independent Bank d/b/a Independent Financial,3090 Craig Dr,MCKINNEY,TX,75070-4352,U,N,N,Existing or more than 2 years old,Austin,TRAVIS,TX,78701-3741,TX-37,18,722410,Unanswered,Not Hispanic or Latino,1,281746,,,,,,Limited  Liability Company(LLC),68987,Independent Bank d/b/a Independent Financial,MCKINNEY,TX,Male Owned,Non-Veteran,,284395.32,01/13/2022
1087919104,06/22/2021,0681,PPS,400 CHUPAJACK LLC,407 E 6th St Ste B,Austin,TX,78701-3739,07/12/2022,Paid in Full,60,100,279093.5,279093.5,0,,29277,Bank of St. Francisville,5700 Commerce St,SAINT FRANCISVILLE,LA,70775,U,N,N,Existing or more than 2 years old,Austin,TRAVIS,TX,78701-3739,TX-37,61,722410,White,Not Hispanic or Latino,1,279088.5,,,,,,Limited  Liability Company(LLC),29277,Bank of St. Francisville,SAINT FRANCISVILLE,LA,Male Owned,Non-Veteran,,282000.72,07/13/2022
3149748307,01/21/2021,0681,PPS,MICHELADA'S LLC,333 E 2nd St,Austin,TX,78701-4011,09/14/2021,Paid in Full,60,100,278500,278500,0,,70134,Horizon Bank SSB,"600, W. 5th St.",Austin,TX,78701,U,N,N,Existing or more than 2 years old,Austin,TRAVIS,TX,78701-4011,TX-37,27,722410,Unanswered,Not Hispanic or Latino,1,278497,,,,,,Limited  Liability Company(LLC),70134,Horizon Bank SSB,Austin,TX,Male Owned,Non-Veteran,,280078.17,08/16/2021
9066208507,03/12/2021,0681,PPS,LAZARUS BREWING OPERATIONS LLC,4105 E 12th St # 2,Austin,TX,78721-1959,02/18/2022,Paid in Full,60,100,193617.5,271064,0,,188567,Loan Source Incorporated,353 East 83rd Street Suite 3H,NEW YORK,NY,10028,U,Y,Y,Existing or more than 2 years old,Austin,TRAVIS,TX,78721-1959,TX-35,27,722410,Unanswered,Unknown/NotStated,,271064,,,,,,Limited  Liability Company(LLC),39848,Cadence Bank,TUPELO,MS,Unanswered,Unanswered,,272786.93,11/17/2021
8169188305,01/29/2021,0681,PPS,RADIO COFFEE LLC,1617 Watchhill Rd,Austin,TX,78703-2440,02/18/2022,Paid in Full,60,100,268400,268400,0,,51009,First-Citizens Bank & Trust Company,100 E. Tryon Rd DAC - 90,Raleigh,NC,27603-3581,U,N,N,Existing or more than 2 years old,Austin,TRAVIS,TX,78703-2440,TX-37,14,722410,White,Not Hispanic or Latino,1,268396,,,,,,Limited  Liability Company(LLC),51009,First-Citizens Bank & Trust Company,Raleigh,NC,Male Owned,Non-Veteran,,270914.87,01/11/2022
5177257008,04/05/2020,0681,PPP,"CONTAINER BAR, LP",90 Rainey Street,AUSTIN,TX,78701-4307,12/05/2020,Paid in Full,24,100,267500,267500,0,,70134,Horizon Bank SSB,"600, W. 5th St.",Austin,TX,78701,U,N,N,Existing or more than 2 years old,AUSTIN,TRAVIS,TX,78701-4307,TX-37,15,722410,Unanswered,Not Hispanic or Latino,,267500,,,,,,Limited Liability Partnership,70134,Horizon Bank SSB,Austin,TX,Male Owned,Unanswered,,269195.21,02/12/2021
3307448307,01/21/2021,0681,PPS,DEEP EDDY CABARET LLC,2315 Lake Austin Blvd,Austin,TX,78703-4545,04/09/2022,Paid in Full,60,100,265142.5,265142.5,0,,465852,R Bank,3600 E Palm Valley Blvd,ROUND ROCK,TX,78665-3320,U,N,N,Existing or more than 2 years old,Austin,TRAVIS,TX,78703-4545,TX-37,18,722410,Unanswered,Unknown/NotStated,1,265139.5,,,,,,Limited  Liability Company(LLC),465852,R Bank,ROUND ROCK,TX,Unanswered,Unanswered,,268244.3,03/30/2022
2068258306,01/20/2021,0681,PPS,BUZZ MILL COFFEE LLC,1505 Town Creek Dr,Austin,TX,78741-1542,08/05/2021,Paid in Full,60,100,262500,262500,0,,70134,Horizon Bank SSB,"600, W. 5th St.",Austin,TX,78701,U,Y,Y,Existing or more than 2 years old,Austin,TRAVIS,TX,78741-1542,TX-35,20,722410,White,Not Hispanic or Latino,,262500,,,,,,Limited  Liability Company(LLC),70134,Horizon Bank SSB,Austin,TX,Male Owned,Non-Veteran,,263725,07/08/2021
2680757205,04/16/2020,0681,PPP,LAMAR SOUTH SPORTSBAR INC,3100 Esperanza Xing Apt 6406,AUSTIN,TX,78758,07/16/2021,Paid in Full,60,100,262100,262100,0,,72601,"Zions Bank, A Division of",1 S Main St,SALT LAKE CITY,UT,84133-1109,U,N,N,Existing or more than 2 years old,AUSTIN,TRAVIS,TX,78758-0001,TX-37,61,722410,Unanswered,Not Hispanic or Latino,,262100,,,,,,Corporation,72601,"Zions Bank, A Division of",SALT LAKE CITY,UT,Male Owned,Non-Veteran,,265144.67,06/17/2021
2673747204,04/16/2020,0681,PPP,ARJ ENTERTAINMENT INC.,"217 WEST 4TH STREET, SUITE B",AUSTIN,TX,78701-3916,04/08/2021,Paid in Full,24,100,258400,258400,0,,69819,Prosperity Bank,1301 N Mechanic,El Campo,TX,77437,U,N,N,Existing or more than 2 years old,AUSTIN,TRAVIS,TX,78701-3916,TX-37,32,722410,Unanswered,Unknown/NotStated,,258400,,,,,,Corporation,69819,Prosperity Bank,El Campo,TX,Unanswered,Unanswered,,236972.74,02/10/2021
3212988607,03/16/2021,0681,PPS,CORNER WEST LLC,715 W 6th St,Austin,TX,78701-2707,07/15/2022,Paid in Full,60,100,253480,253480,0,,188567,Loan Source Incorporated,353 East 83rd Street Suite 3H,NEW YORK,NY,10028,U,N,N,Existing or more than 2 years old,Austin,TRAVIS,TX,78701-2707,TX-37,123,722410,Unanswered,Unknown/NotStated,1,253475,,,,,,Limited  Liability Company(LLC),39848,Cadence Bank,TUPELO,MS,Unanswered,Unanswered,,256702.32,06/30/2022
5835977102,04/14/2020,0681,PPP,"CENTRAL MACHINE OPERATING COMPANY, LLC",4826 CESAR CHAVEZ ST,AUSTIN,TX,78702-5136,05/15/2021,Paid in Full,24,100,252062,252062,0,,71316,PlainsCapital Bank,2911 Turtle Creek Blvd. Suite 700,DALLAS,TX,75219,U,N,Y,Existing or more than 2 years old,AUSTIN,TRAVIS,TX,78702-5136,TX-37,52,722410,Unanswered,Unknown/NotStated,,252062,,,,,,Limited  Liability Company(LLC),71316,PlainsCapital Bank,DALLAS,TX,Unanswered,Unanswered,,254652.64,04/28/2021
5182077007,04/05/2020,0681,PPP,RAINEY STREET LLC,94 Rainey Street,AUSTIN,TX,78701-4307,12/05/2020,Paid in Full,24,100,250000,250000,0,,70134,Horizon Bank SSB,"600, W. 5th St.",Austin,TX,78701,U,N,N,Existing or more than 2 years old,AUSTIN,TRAVIS,TX,78701-4307,TX-37,16,722410,Unanswered,Not Hispanic or Latino,,250000,,,,,,Limited  Liability Company(LLC),70134,Horizon Bank SSB,Austin,TX,Unanswered,Unanswered,,251585.83,02/12/2021
4755718303,01/23/2021,0681,PPS,ESSEX AND DELANCEY LLC,3724 Jefferson St Ste 316,Austin,TX,78731-6222,09/29/2021,Paid in Full,60,100,241700,241700,0,,71783,Frost Bank,111 W Houston St,SAN ANTONIO,TX,78205-1414,U,N,N,Existing or more than 2 years old,Austin,TRAVIS,TX,78731-6222,TX-37,24,722410,Unanswered,Not Hispanic or Latino,1,241695,,,,,,Limited  Liability Company(LLC),71783,Frost Bank,SAN ANTONIO,TX,Male Owned,Non-Veteran,,242911.81,08/02/2021
2881577206,04/16/2020,0681,PPP,THE LEFT HOUSE LLC DBA WHISLERS,1816 E. 6th Street,AUSTIN,TX,78702,11/18/2021,Paid in Full,24,100,240000,240000,0,,48270,"JPMorgan Chase Bank, National Association",1111 Polaris Pkwy,COLUMBUS,OH,43240-2031,U,Y,Y,Existing or more than 2 years old,AUSTIN,TRAVIS,TX,78702-0001,TX-37,20,722410,Unanswered,Unknown/NotStated,20000,180000,0,40000,0,0,0,Limited  Liability Company(LLC),194093,"JPMorgan Chase Bank, National Association",CHICAGO,IL,Male Owned,Unanswered,,217539.7,10/07/2021
8905168505,03/10/2021,0681,PPS,DELRAY FOUR LLC,6720 Rotan Dr,Austin,TX,78749-4008,12/04/2021,Paid in Full,60,100,238000,238000,0,,70134,Horizon Bank SSB,"600, W. 5th St.",Austin,TX,78701,U,N,N,Existing or more than 2 years old,Austin,TRAVIS,TX,78749-4008,TX-37,17,722410,Unanswered,Unknown/NotStated,1,237994,,,,,,Partnership,70134,Horizon Bank SSB,Austin,TX,Unanswered,Unanswered,,239659.39,11/17/2021
8797837108,04/15/2020,0681,PPP,"MAIN STREET TAP, LLC",309 E MAIN ST,ROUND ROCK,TX,78664-5246,02/19/2021,Paid in Full,24,100,236800,236800,0,The Brass Tap,70109,"VeraBank, National Association",201 W Main St,HENDERSON,TX,75652-3106,U,Y,Y,Existing or more than 2 years old,ROUND ROCK,WILLIAMSON,TX,78664-5246,TX-31,40,722410,Unanswered,Unknown/NotStated,,236800,,,,,,Limited  Liability Company(LLC),70109,"VeraBank, National Association",HENDERSON,TX,Unanswered,Unanswered,,238503.64,01/08/2021
7010637110,04/14/2020,0681,PPP,PERSHINGEAST LLC,2415 E 5TH ST,AUSTIN,TX,78702-4637,10/15/2021,Paid in Full,24,100,233249,233249,0,,71316,PlainsCapital Bank,2911 Turtle Creek Blvd. Suite 700,DALLAS,TX,75219,U,Y,Y,Unanswered,AUSTIN,TRAVIS,TX,78702-4637,TX-37,17,722410,Unanswered,Unknown/NotStated,,233249,,,,,,Limited  Liability Company(LLC),71316,PlainsCapital Bank,DALLAS,TX,Unanswered,Unanswered,,236618.15,09/27/2021
1594767207,04/15/2020,0681,PPP,"CORNER WEST 3, LLC",11420 ROCK ROSE AVE STE 130,AUSTIN,TX,78758,02/18/2022,Paid in Full,24,100,233170,233170,0,,188567,Loan Source Incorporated,353 East 83rd Street Suite 3H,NEW YORK,NY,10028,U,N,N,New Business or 2 years or less,AUSTIN,TRAVIS,TX,78758-0001,TX-37,37,722410,Unanswered,Unknown/NotStated,,233170,,,,,,Limited  Liability Company(LLC),39848,Cadence Bank,TUPELO,MS,Unanswered,Unanswered,,236268.29,08/20/2021
3105638307,01/21/2021,0681,PPS,THE RANCH LLC,710 W 6th St,Austin,TX,78701-2708,09/14/2021,Paid in Full,60,100,231400,231400,0,,70134,Horizon Bank SSB,"600, W. 5th St.",Austin,TX,78701,U,N,N,Existing or more than 2 years old,Austin,TRAVIS,TX,78701-2708,TX-37,24,722410,Unanswered,Not Hispanic or Latino,1,231394,,,,,,Limited  Liability Company(LLC),70134,Horizon Bank SSB,Austin,TX,Male Owned,Non-Veteran,,232756.26,08/23/2021
3044348309,01/21/2021,0681,PPS,FBR MANAGEMENT LLC,801 Springdale Rd,Austin,TX,78702-4041,09/15/2021,Paid in Full,60,100,231000,231000,0,,70134,Horizon Bank SSB,"600, W. 5th St.",Austin,TX,78701,U,Y,Y,Existing or more than 2 years old,Austin,TRAVIS,TX,78702-4041,TX-37,12,722410,Unanswered,Unknown/NotStated,1,230997,,,,,,Limited  Liability Company(LLC),70134,Horizon Bank SSB,Austin,TX,Unanswered,Unanswered,,232257.67,08/06/2021
4705937000,04/04/2020,0681,PPP,MAGGIE MAE'S - A BRITISH PUB I,323 E. 6th Street,AUSTIN,TX,78701-3627,01/09/2021,Paid in Full,24,100,222500,222500,0,,70134,Horizon Bank SSB,"600, W. 5th St.",Austin,TX,78701,U,N,N,Existing or more than 2 years old,AUSTIN,TRAVIS,TX,78701-3627,TX-37,43,722410,White,Unknown/NotStated,,222500,,,,,,Limited  Liability Company(LLC),70134,Horizon Bank SSB,Austin,TX,Male Owned,Non-Veteran,,223977.15,12/04/2020
2029087206,04/15/2020,0681,PPP,"BSSA, LLC",3003 S LAMAR BLVD,AUSTIN,TX,78704-4703,03/16/2021,Paid in Full,24,100,220500,220500,0,,39848,Cadence Bank,201 S Spring St,TUPELO,MS,38804-4811,U,N,Y,New Business or 2 years or less,AUSTIN,TRAVIS,TX,78704-4703,TX-21,34,722410,Asian,Hispanic or Latino,,220500,,,,,,Limited  Liability Company(LLC),39810,Cadence Bank,ATLANTA,GA,Unanswered,Unanswered,,222264,02/17/2021
2528718304,01/21/2021,0681,PPS,LUSTRE PEARL EAST LLC,114 Linden Street,Austin,TX,78702,08/05/2021,Paid in Full,60,100,219400,219400,0,,70134,Horizon Bank SSB,"600, W. 5th St.",Austin,TX,78701,U,Y,Y,Existing or more than 2 years old,Austin,TRAVIS,TX,78702,TX-25,64,722410,Unanswered,Unknown/NotStated,1,219395,,,,,,Limited  Liability Company(LLC),70134,Horizon Bank SSB,Austin,TX,Unanswered,Unanswered,,220454.34,07/14/2021
1515997100,04/10/2020,0681,PPP,AUSTIN'S MOON TOWER SALOON LLC,10212 MENCHACA RD,AUSTIN,TX,78748-2102,10/16/2021,Paid in Full,24,100,218890,218890,0,,69225,"American Bank, National Association",5120 S. Padre Island Dr,CORPUS CHRISTI,TX,78411-4208,U,N,N,Existing or more than 2 years old,AUSTIN,TRAVIS,TX,78748-2102,TX-21,39,722410,Unanswered,Unknown/NotStated,,218890,,,,,,Corporation,69225,"American Bank, National Association",CORPUS CHRISTI,TX,Male Owned,Non-Veteran,,222027.42,09/16/2021
3117477210,04/16/2020,0681,PPP,DOMAIN SPORTSBAR INC,3100 Esperanza Xing Apt 6406,AUSTIN,TX,78758,07/16/2021,Paid in Full,60,100,217800,217800,0,,72601,"Zions Bank, A Division of",1 S Main St,SALT LAKE CITY,UT,84133-1109,U,N,N,Existing or more than 2 years old,AUSTIN,TRAVIS,TX,78758-0001,TX-37,53,722410,Unanswered,Not Hispanic or Latino,,217800,,,,,,Corporation,72601,"Zions Bank, A Division of",SALT LAKE CITY,UT,Male Owned,Non-Veteran,,220455.37,07/09/2021
4916938301,01/23/2021,0681,PPS,STS WAREHOUSE LLC,4501 Ridge Oak Dr,Austin,TX,78731-5209,12/09/2021,Paid in Full,60,100,217236.77,217236.77,0,,69819,Prosperity Bank,1301 N Mechanic,El Campo,TX,77437,U,N,N,Existing or more than 2 years old,Austin,TRAVIS,TX,78731-5209,TX-37,19,722410,Unanswered,Unknown/NotStated,1,217232.77,,,,,,Limited  Liability Company(LLC),69819,Prosperity Bank,El Campo,TX,Unanswered,Unanswered,,218992.52,11/22/2021
5373197708,05/01/2020,0681,PPP,TNAVA INC,490 KAANAPALI LN,BASTROP,TX,78602-5658,09/28/2021,Paid in Full,24,100,214895,214895,0,,9551,"Bank of America, National Association","100 N Tryon St, Ste 170",CHARLOTTE,NC,28202-4024,U,N,N,New Business or 2 years or less,BASTROP,BASTROP,TX,78602-5658,TX-27,20,722410,Unanswered,Unknown/NotStated,,214895,,,,,,Corporation,9551,"Bank of America, National Association",CHARLOTTE,NC,Unanswered,Unanswered,,217668.03,08/19/2021
2280308305,01/20/2021,0681,PPS,BUCKSHOT 6TH STREET LLC,422 E 6th St,Austin,TX,78701-3740,09/14/2021,Paid in Full,60,100,212800,212800,0,,70134,Horizon Bank SSB,"600, W. 5th St.",Austin,TX,78701,U,N,N,Existing or more than 2 years old,Austin,TRAVIS,TX,78701-3740,TX-37,23,722410,Unanswered,Not Hispanic or Latino,1,212797,,,,,,Limited  Liability Company(LLC),70134,Horizon Bank SSB,Austin,TX,Male Owned,Non-Veteran,,214053.16,08/23/2021
9373428307,01/30/2021,0681,PPS,LUSTRE PEARL DENVER LLC,10400 Menchaca Rd,Austin,TX,78748-2106,12/21/2021,Paid in Full,60,100,209860,209860,0,,48270,"JPMorgan Chase Bank, National Association",1111 Polaris Pkwy,COLUMBUS,OH,43240-2031,U,N,N,Existing or more than 2 years old,Austin,TRAVIS,TX,78748-2106,TX-21,64,722410,Unanswered,Unknown/NotStated,1,209855,,,,,,Limited  Liability Company(LLC),48270,"JPMorgan Chase Bank, National Association",COLUMBUS,OH,Female Owned,Non-Veteran,,211493.88,11/16/2021
2393277200,04/16/2020,0681,PPP,"BREWER'S TABLE - EAST AUSTIN BEVERAGE, LLC",4715 e 5th street,Austin,TX,78702,10/21/2021,Charged Off,1,100,209606,209606,0,,368915,Veritex Community Bank,8214 Westchester Dr Ste 800,Dallas,TX,75225,U,Y,Y,Existing or more than 2 years old,Austin,TRAVIS,TX,78702-0001,TX-37,26,722410,Unanswered,Unknown/NotStated,,209606,,,,,,Limited  Liability Company(LLC),368915,Veritex Community Bank,Dallas,TX,Unanswered,Unanswered,,,
1538787110,04/10/2020,0681,PPP,BLIND PIG PUB,317  6TH ST,AUSTIN,TX,78701-3627,04/06/2021,Paid in Full,24,100,205700,205700,0,,70134,Horizon Bank SSB,"600, W. 5th St.",Austin,TX,78701,U,N,N,Existing or more than 2 years old,AUSTIN,TRAVIS,TX,78701-3627,TX-37,30,722410,Unanswered,Not Hispanic or Latino,,205700,,,,,,Limited  Liability Company(LLC),70134,Horizon Bank SSB,Austin,TX,Male Owned,Non-Veteran,,207688.43,03/25/2021
7851007005,04/08/2020,0681,PPP,"RAINEY STREET GROUP, LLC",83 Rainey Street,AUSTIN,TX,78701-4308,09/15/2021,Paid in Full,24,100,205078.82,205078.82,0,,69787,Bank of Houston,"4400 Post Oak Pkwy, Ste 250",Houston,TX,77027,U,N,N,Existing or more than 2 years old,AUSTIN,TRAVIS,TX,78701-4308,TX-37,22,722410,Unanswered,Unknown/NotStated,4000,161631.8,,25000,,14447.02,,Limited  Liability Company(LLC),69787,Bank of Houston,Houston,TX,Male Owned,Non-Veteran,,207792.6,08/12/2021
8516148310,01/29/2021,0681,PPS,"BENTLEY BEVERAGE GROUP, L.P.",509 E Ben White Blvd,Austin,TX,78704-7307,09/29/2021,Paid in Full,60,100,203600,203600,0,,71783,Frost Bank,111 W Houston St,SAN ANTONIO,TX,78205-1414,U,N,N,Existing or more than 2 years old,Austin,TRAVIS,TX,78704-7307,TX-21,23,722410,White,Not Hispanic or Latino,1,203595,,,,,,Limited Liability Partnership,71783,Frost Bank,SAN ANTONIO,TX,Male Owned,Non-Veteran,,204665.41,08/13/2021
4727127005,04/04/2020,0681,PPP,"SHAKESPEARE'S PUB, INC",314 6TH ST,AUSTIN,TX,78701-3628,04/06/2021,Paid in Full,24,100,202500,202500,0,,70134,Horizon Bank SSB,"600, W. 5th St.",Austin,TX,78701,U,N,N,Existing or more than 2 years old,AUSTIN,TRAVIS,TX,78701-3628,TX-37,30,722410,Unanswered,Not Hispanic or Latino,,202500,,,,,,Corporation,70134,Horizon Bank SSB,Austin,TX,Male Owned,Non-Veteran,,204423.75,03/17/2021
1461927105,04/10/2020,0681,PPP,STEAMPUNK LLC,700 w 6TH ST,AUSTIN,TX,78701-2708,06/04/2021,Paid in Full,24,100,197000,197000,0,,70134,Horizon Bank SSB,"600, W. 5th St.",Austin,TX,78701,U,N,N,Existing or more than 2 years old,AUSTIN,TRAVIS,TX,78701-2708,TX-37,45,722410,Unanswered,Not Hispanic or Latino,,197000,,,,,,Limited  Liability Company(LLC),70134,Horizon Bank SSB,Austin,TX,Male Owned,Non-Veteran,,199210.78,05/20/2021
2349458303,01/20/2021,0681,PPS,CLIVE BAR AUSTIN LLC,609 Davis St,Austin,TX,78701-4212,,Exemption 4,60,100,196900,196900,0,,70134,Horizon Bank SSB,"600, W. 5th St.",Austin,TX,78701,U,N,N,Existing or more than 2 years old,Austin,TRAVIS,TX,78701-4212,TX-37,64,722410,Unanswered,Unknown/NotStated,1,196896,,,,,,Limited  Liability Company(LLC),70134,Horizon Bank SSB,Austin,TX,Unanswered,Unanswered,,105355.22,08/17/2021
6949258402,02/11/2021,0681,PPS,BEERBURG BREWING COMPANY LLC,13476 Fitzhugh Rd,Austin,TX,78736-6513,06/01/2022,Paid in Full,60,100,195700,195700,0,,71476,"Guaranty Bank & Trust, National Association",100 W Arkansas,MOUNT PLEASANT,TX,75455-4420,R,N,N,Existing or more than 2 years old,Austin,HAYS,TX,78736-6513,TX-25,28,722410,White,Unknown/NotStated,1,195697,,,,,,Limited  Liability Company(LLC),71476,"Guaranty Bank & Trust, National Association",MOUNT PLEASANT,TX,Female Owned,Unanswered,,198107.38,05/16/2022
4792027104,04/13/2020,0681,PPP,RADIO COFFEE LLC,1617 WATCHHILL RD,AUSTIN,TX,78703-2440,01/20/2021,Paid in Full,24,100,191700,191700,0,,51009,First-Citizens Bank & Trust Company,100 E. Tryon Rd DAC - 90,Raleigh,NC,27603-3581,U,N,N,New Business or 2 years or less,AUSTIN,TRAVIS,TX,78703-2440,TX-37,14,722410,White,Not Hispanic or Latino,,191700,,,,,,Limited  Liability Company(LLC),51009,First-Citizens Bank & Trust Company,Raleigh,NC,Male Owned,Non-Veteran,,192967.35,12/14/2020
9733447006,04/09/2020,0681,PPP,"DEEP EDDY CABARET, LLC",2315 LAKE AUSTIN BLVD,AUSTIN,TX,78703-4545,08/10/2021,Paid in Full,24,100,189300,189300,0,,465852,R Bank,3600 E Palm Valley Blvd,ROUND ROCK,TX,78665-3320,U,N,N,Existing or more than 2 years old,AUSTIN,TRAVIS,TX,78703-4545,TX-37,18,722410,Unanswered,Unknown/NotStated,,189300,,,,,,Limited  Liability Company(LLC),465852,R Bank,ROUND ROCK,TX,Unanswered,Unanswered,,191618.28,07/13/2021
9392518305,01/30/2021,0681,PPS,3DOOST INC,77 Rainey St,Austin,TX,78701-4308,10/09/2021,Paid in Full,60,100,189208.56,189208.56,0,,69819,Prosperity Bank,1301 N Mechanic,El Campo,TX,77437,U,N,N,Existing or more than 2 years old,Austin,TRAVIS,TX,78701-4308,TX-37,14,722410,Unanswered,Unknown/NotStated,1,189202.56,,,,,,Subchapter S Corporation,69819,Prosperity Bank,El Campo,TX,Unanswered,Unanswered,,190245.32,08/24/2021
8278337000,04/08/2020,0681,PPP,"QUIET MIND TOURING, LLC",214 Live Oak Hills Ct.,SAN MARCOS,TX,78666-1713,07/21/2021,Paid in Full,24,100,183600,183600,0,,4924,City National Bank,555 S Flower St,LOS ANGELES,CA,90071-2300,R,N,N,Existing or more than 2 years old,SAN MARCOS,HAYS,TX,78666-1713,TX-21,9,711130,White,Not Hispanic or Latino,,183600,,,,,,Limited  Liability Company(LLC),4924,City National Bank,LOS ANGELES,CA,Male Owned,Non-Veteran,,185642.24,06/16/2021
3535238403,02/05/2021,0681,PPS,VINSPORTS PUB LLC,8916 Brodie Ln Unit 100,Austin,TX,78748-5180,03/10/2022,Paid in Full,60,100,182619.5,182619.5,0,,69225,"American Bank, National Association",5120 S. Padre Island Dr,CORPUS CHRISTI,TX,78411-4208,U,N,N,Existing or more than 2 years old,Austin,TRAVIS,TX,78748-5180,TX-21,16,722410,Unanswered,Unknown/NotStated,1,182615.5,,,,,,Limited  Liability Company(LLC),69225,"American Bank, National Association",CORPUS CHRISTI,TX,Male Owned,Non-Veteran,,184465.99,02/09/2022
1555347109,04/10/2020,0681,PPP,400 CHUPAJACK LLC,"407 East 6th Street, Suite B",AUSTIN,TX,78701-3739,04/06/2021,Paid in Full,24,100,182500,182500,0,,70134,Horizon Bank SSB,"600, W. 5th St.",Austin,TX,78701,U,N,N,Existing or more than 2 years old,AUSTIN,TRAVIS,TX,78701-3739,TX-37,35,722410,White,Not Hispanic or Latino,,182500,,,,,,Limited  Liability Company(LLC),70134,Horizon Bank SSB,Austin,TX,Male Owned,Non-Veteran,,184294.58,03/31/2021
4369067010,04/03/2020,0681,PPP,"HIGH FIVE EVENTS, LLC","211 E. Alpine Rd., Suite 400",AUSTIN,TX,78704-7201,12/05/2020,Paid in Full,24,100,182500,182500,0,,70134,Horizon Bank SSB,"600, W. 5th St.",Austin,TX,78701,U,Y,Y,Existing or more than 2 years old,AUSTIN,TRAVIS,TX,78704-7201,TX-21,18,711310,White,Not Hispanic or Latino,,182500,,,,,,Limited  Liability Company(LLC),70134,Horizon Bank SSB,Austin,TX,Male Owned,Non-Veteran,,183554.44,11/03/2020
7219207209,04/28/2020,0681,PPP,"CORNER WEST, LLC",715 W 6TH ST,AUSTIN,TX,78701,02/19/2022,Paid in Full,24,100,181092,181092,0,,188567,Loan Source Incorporated,353 East 83rd Street Suite 3H,NEW YORK,NY,10028,U,N,N,New Business or 2 years or less,AUSTIN,TRAVIS,TX,78701-0001,TX-37,27,722410,Unanswered,Unknown/NotStated,,181092,,,,,,Limited  Liability Company(LLC),39848,Cadence Bank,TUPELO,MS,Unanswered,Unanswered,,134724.88,08/17/2021
4602198301,01/23/2021,0681,PPS,ZELICKS INC.,336 W Hopkins St,San Marcos,TX,78666-4404,11/20/2021,Paid in Full,60,100,180200,180200,0,,71783,Frost Bank,111 W Houston St,SAN ANTONIO,TX,78205-1414,R,Y,N,Existing or more than 2 years old,San Marcos,HAYS,TX,78666-4404,TX-15,23,722410,White,Not Hispanic or Latino,1,180194,,,,,,Subchapter S Corporation,71783,Frost Bank,SAN ANTONIO,TX,Male Owned,Non-Veteran,,181528.05,10/25/2021
4836737010,04/04/2020,0681,PPP,"AUSTIN HAWK, LP",912 RED RIVER ST,AUSTIN,TX,78701-2625,04/06/2021,Paid in Full,24,100,180000,180000,0,,70134,Horizon Bank SSB,"600, W. 5th St.",Austin,TX,78701,U,N,N,Existing or more than 2 years old,AUSTIN,TRAVIS,TX,78701-2625,TX-37,54,722410,Unanswered,Unknown/NotStated,,180000,,,,,,Partnership,70134,Horizon Bank SSB,Austin,TX,Unanswered,Unanswered,,181750,03/25/2021
7931808310,01/28/2021,0681,PPS,RED HORN LLC,13010 W Parmer Ln Ste 800,Cedar Park,TX,78613-7369,08/20/2021,Paid in Full,60,100,179600,179600,0,,71783,Frost Bank,111 W Houston St,SAN ANTONIO,TX,78205-1414,U,N,N,Existing or more than 2 years old,Cedar Park,TRAVIS,TX,78613-7369,TX-31,18,722410,Unanswered,Not Hispanic or Latino,1,179596,,,,,,Limited  Liability Company(LLC),71783,Frost Bank,SAN ANTONIO,TX,Male Owned,Non-Veteran,,180392.21,07/14/2021
4143998305,01/23/2021,0681,PPS,BUDA COUNTRY DANCEHALL LLC,3100 Esperanza Xing Apt 6406,Austin,TX,78758-0018,02/15/2022,Paid in Full,60,100,177226,177226,0,,71653,Vista Bank,5840 W Northwest Hwy,DALLAS,TX,75225-3201,U,N,N,Existing or more than 2 years old,Austin,TRAVIS,TX,78758-0018,TX-37,37,722410,Unanswered,Not Hispanic or Latino,1,177222,,,,,,Limited  Liability Company(LLC),71653,Vista Bank,DALLAS,TX,Male Owned,Non-Veteran,,178939.99,01/21/2022
6395287009,04/06/2020,0681,PPP,DOMAIN GUYS LLC,1221 W 6th st ste C,AUSTIN,TX,78746-7952,11/02/2021,Paid in Full,24,100,174100,174100,0,,71653,Vista Bank,5840 W Northwest Hwy,DALLAS,TX,75225-3201,U,N,N,Existing or more than 2 years old,AUSTIN,TRAVIS,TX,78746-7952,TX-10,33,722410,Unanswered,Unknown/NotStated,,174100,,,,,,Limited  Liability Company(LLC),71653,Vista Bank,DALLAS,TX,Unanswered,Unanswered,,131587.13,05/13/2021
4810277005,04/04/2020,0681,PPP,MICHELADA'S LLC,333 E  2ND ST,AUSTIN,TX,78701-4011,03/05/2021,Paid in Full,24,100,172500,172500,0,,70134,Horizon Bank SSB,"600, W. 5th St.",Austin,TX,78701,U,N,N,Existing or more than 2 years old,AUSTIN,TRAVIS,TX,78701-4011,TX-37,30,722410,Unanswered,Not Hispanic or Latino,,172500,,,,,,Limited  Liability Company(LLC),70134,Horizon Bank SSB,Austin,TX,Male Owned,Non-Veteran,,173538.26,02/12/2021
4482178605,03/18/2021,0681,PPS,AUSTIN STREET TAVERN LLC,150 S Lbj Dr,San Marcos,TX,78666-5506,12/09/2021,Paid in Full,60,100,171279.5,171279.5,0,,71558,Ozona Bank,503 11th St,OZONA,TX,76943,R,Y,N,Existing or more than 2 years old,San Marcos,HAYS,TX,78666-5506,TX-15,12,722410,Unanswered,Hispanic or Latino,1,171276.5,,,,,,Limited  Liability Company(LLC),71558,Ozona Bank,OZONA,TX,Male Owned,Non-Veteran,,172364.27,11/03/2021
3774627207,04/27/2020,0681,PPP,"DELRAY FOUR, LLC",6720 Rotan Drive,AUSTIN,TX,78749-4008,07/09/2021,Paid in Full,24,100,170000,170000,0,,70134,Horizon Bank SSB,"600, W. 5th St.",Austin,TX,78701,U,N,N,Existing or more than 2 years old,AUSTIN,TRAVIS,TX,78749-4008,TX-37,15,722410,Unanswered,Unknown/NotStated,,170000,,,,,,Partnership,70134,Horizon Bank SSB,Austin,TX,Unanswered,Unanswered,,171912.5,06/09/2021
2281498503,02/20/2021,0681,PPS,JACK & GINGER ROCK ROSE INC,11500 Rock Rose Ave Ste 130,Austin,TX,78758-7951,05/12/2022,Paid in Full,60,100,168999,168999,0,,72601,"Zions Bank, A Division of",1 S Main St,SALT LAKE CITY,UT,84133-1109,U,N,N,Existing or more than 2 years old,Austin,TRAVIS,TX,78758-7951,TX-37,30,722410,Unanswered,Not Hispanic or Latino,1,168995,,,,,,Corporation,72601,"Zions Bank, A Division of",SALT LAKE CITY,UT,Male Owned,Non-Veteran,,170952.91,04/21/2022
6860488307,01/27/2021,0681,PPS,MEIXSELL THOMPSON LLC,718 S Austin Ave,Georgetown,TX,78626-5709,01/20/2022,Paid in Full,60,100,164213,164213,0,,69139,Citizens National Bank,118 S Houston,CAMERON,TX,76520-3932,U,Y,Y,Existing or more than 2 years old,Georgetown,WILLIAMSON,TX,78626-5709,TX-31,32,722410,Unanswered,Not Hispanic or Latino,1,164208,,,,,,Limited  Liability Company(LLC),69139,Citizens National Bank,CAMERON,TX,Female Owned,Non-Veteran,,165645.3,12/09/2021
3765138403,02/05/2021,0681,PPS,SHAYNDICT ENDEAVORING COMPANY,3808 S Congress Ave,Austin,TX,78704-7218,01/07/2022,Paid in Full,60,100,161000,161000,0,,106661,University FCU,"8303 N Mopac Expwy, Ste A-105",AUSTIN,TX,78759,U,N,N,Existing or more than 2 years old,Austin,TRAVIS,TX,78704-7218,TX-21,20,722410,Unanswered,Unknown/NotStated,1,160997,,,,,,Corporation,106661,University FCU,AUSTIN,TX,Male Owned,Non-Veteran,,162364.03,12/15/2021
2383098306,01/20/2021,0681,PPS,BUCKWILD DOWNTOWN LLC,310 E 6th St,Austin,TX,78701-3628,09/15/2021,Paid in Full,60,100,160300,160300,0,,70134,Horizon Bank SSB,"600, W. 5th St.",Austin,TX,78701,U,N,N,Existing or more than 2 years old,Austin,TRAVIS,TX,78701-3628,TX-37,24,722410,Unanswered,Not Hispanic or Latino,1,160297,,,,,,Limited  Liability Company(LLC),70134,Horizon Bank SSB,Austin,TX,Male Owned,Non-Veteran,,161243.99,08/23/2021
7496238408,02/12/2021,0681,PPS,AUSTIN NIGHTLIFE LLC,120 W 5th St,Austin,TX,78701-2909,11/16/2021,Paid in Full,60,100,160300,160300,0,,454766,Third Coast Bank,"20202 Hwy 59 North, Ste 190",Humble,TX,77338,U,N,N,Existing or more than 2 years old,Austin,TRAVIS,TX,78701-2909,TX-37,30,722410,Unanswered,Unknown/NotStated,1,160296,,,,,,Limited  Liability Company(LLC),454766,Third Coast Bank,Humble,TX,Unanswered,Unanswered,,161279.61,10/04/2021
8839708404,02/14/2021,0681,PPS,LIQUID LOGISTICS HOLDINGS INC,12300 Wirth Dr Ste C,Manchaca,TX,78652-3641,07/08/2022,Paid in Full,60,100,158718,158718,0,,69819,Prosperity Bank,1301 N Mechanic,El Campo,TX,77437,U,N,N,Existing or more than 2 years old,Manchaca,TRAVIS,TX,78652-3641,TX-21,15,722410,Unanswered,Unknown/NotStated,,158718,,,,,,Corporation,69819,Prosperity Bank,El Campo,TX,Unanswered,Unanswered,,160796.55,06/16/2022
3257948610,03/16/2021,0681,PPS,LONE MAN MOUNTAIN INC,2825 Lone Man Mountain Rd,Driftwood,TX,78619-9313,10/07/2021,Paid in Full,60,100,158178,158178,0,,71727,Broadway National Bank,1177 NE Loop 410,SAN ANTONIO,TX,78209-1517,R,N,N,Existing or more than 2 years old,Driftwood,HAYS,TX,78619-9313,TX-21,22,722410,Unanswered,Not Hispanic or Latino,1,158174,,,,,,Subchapter S Corporation,71727,Broadway National Bank,SAN ANTONIO,TX,Male Owned,Veteran,,158898.59,09/07/2021
6515158606,03/23/2021,0681,PPS,RALLY IN THE ALLEY LTD,412 Congress Ave,Austin,TX,78701-4026,08/05/2021,Paid in Full,60,100,157500,157500,0,,70134,Horizon Bank SSB,"600, W. 5th St.",Austin,TX,78701,U,N,N,Existing or more than 2 years old,Austin,TRAVIS,TX,78701-4026,TX-37,4,722410,Unanswered,Unknown/NotStated,1,157497,,,,,,Limited Liability Partnership,70134,Horizon Bank SSB,Austin,TX,Unanswered,Unanswered,,158029.38,07/23/2021
4456298308,01/23/2021,0681,PPS,GAVIOLIV ENTERPRISES INC,3100 Esperanza Xing Apt 6406,Austin,TX,78758-0018,11/06/2021,Paid in Full,60,100,156271,156271,0,,122478,Keystone Bank SSB,13715 E. Ladera Blvd.,Bee Cave,TX,78738,U,N,N,Existing or more than 2 years old,Austin,TRAVIS,TX,78758-0018,TX-37,29,722410,Unanswered,Not Hispanic or Latino,,156271,,,,,,Corporation,122478,Keystone Bank SSB,Bee Cave,TX,Male Owned,Non-Veteran,,157356.22,10/06/2021
1871168602,03/13/2021,0681,PPS,PRETTY DAMN TOUGH LLC,4425 S Mo Pac Expy Ste 601,Austin,TX,78735-6757,04/07/2022,Paid in Full,60,100,155391.99,155391.99,0,,529050,"Square Capital, LLC","1455 Market Street, Suite 600",San Francisco,CA,94103,U,N,N,Existing or more than 2 years old,Austin,TRAVIS,TX,78735-6757,TX-37,12,711130,Unanswered,Unknown/NotStated,,155391.99,,,,,,Limited  Liability Company(LLC),529050,"Square Capital, LLC",San Francisco,CA,Unanswered,Unanswered,,156873.54,03/02/2022
4638527310,04/30/2020,0681,PPP,PRETTY DAMN TOUGH LLC,4425 SOUTH MOPAC EXPY SUITE 601,AUSTIN,TX,78735,05/05/2022,Paid in Full,24,100,155391.99,155391.99,0,,529050,"Square Capital, LLC","1455 Market Street, Suite 600",San Francisco,CA,94103,U,N,N,Existing or more than 2 years old,AUSTIN,TRAVIS,TX,78735-0001,TX-21,10,711130,Unanswered,Unknown/NotStated,,155391.99,,,,,,Limited  Liability Company(LLC),223542,Celtic Bank Corporation,SALT LAKE CITY,UT,Unanswered,Unanswered,,135839.33,11/12/2021
7198157207,04/28/2020,0681,PPP,STS WAREHOUSE LLC,4501 Ridge Oak Drive,Austin,TX,78731-5209,04/08/2021,Paid in Full,24,100,155200,155200,0,,69819,Prosperity Bank,1301 N Mechanic,El Campo,TX,77437,U,N,N,New Business or 2 years or less,Austin,TRAVIS,TX,78731-5209,TX-37,22,722410,Unanswered,Unknown/NotStated,,155200,,,,,,Limited  Liability Company(LLC),69819,Prosperity Bank,El Campo,TX,Unanswered,Unanswered,,148694.74,02/10/2021
2781398308,01/21/2021,0681,PPS,LONG AND LOW LLC,2538 Elmont Dr Unit A,Austin,TX,78741-1709,10/08/2021,Paid in Full,60,100,154000,154000,0,,70134,Horizon Bank SSB,"600, W. 5th St.",Austin,TX,78701,U,Y,Y,Existing or more than 2 years old,Austin,TRAVIS,TX,78741-1709,TX-35,20,722410,Unanswered,Unknown/NotStated,1,153997,,,,,,Limited  Liability Company(LLC),70134,Horizon Bank SSB,Austin,TX,Unanswered,Unanswered,,154979.61,09/08/2021
2062058304,01/20/2021,0681,PPS,92 RAINEY GROUP LLC,92 Rainey St,Austin,TX,78701-4307,11/16/2021,Paid in Full,60,100,153542.34,153542.34,0,,454766,Third Coast Bank,"20202 Hwy 59 North, Ste 190",Humble,TX,77338,U,N,N,Existing or more than 2 years old,Austin,TRAVIS,TX,78701-4307,TX-37,24,722410,Unanswered,Unknown/NotStated,1,153538.34,,,,,,Limited  Liability Company(LLC),454766,Third Coast Bank,Humble,TX,Unanswered,Unanswered,,154540.37,10/04/2021
2910698606,03/16/2021,0681,PPS,CHEER UP CHARLIES LLC,900 Red River St,Austin,TX,78701-2625,09/15/2021,Paid in Full,60,100,152700,152700,0,,70134,Horizon Bank SSB,"600, W. 5th St.",Austin,TX,78701,U,N,N,Existing or more than 2 years old,Austin,TRAVIS,TX,78701-2625,TX-37,34,722410,White,Not Hispanic or Latino,1,152694,,,,,,Limited  Liability Company(LLC),70134,Horizon Bank SSB,Austin,TX,Female Owned,Non-Veteran,,153382.91,08/25/2021
3786128301,01/22/2021,0681,PPS,SHOOTERS BILLIARDS & SPORTS BAR L.L.C.,601 E Whitestone Blvd Ste 532,Cedar Park,TX,78613-9046,12/21/2021,Paid in Full,60,100,150000,150000,0,,105536,Susser Bank,"100 Crescent Ct, Ste. 575",DALLAS,TX,75201,U,N,N,Existing or more than 2 years old,Cedar Park,WILLIAMSON,TX,78613-9046,TX-31,35,722410,White,Not Hispanic or Latino,1,149995,,,,,,Limited  Liability Company(LLC),105536,Susser Bank,DALLAS,TX,Male Owned,Non-Veteran,,151121.92,10/29/2021
4775157008,04/04/2020,0681,PPP,"OF RIGOR, LLC",307 w 5th Street,AUSTIN,TX,78701-2911,03/05/2021,Paid in Full,24,100,302500,150000,0,,70134,Horizon Bank SSB,"600, W. 5th St.",Austin,TX,78701,U,N,N,Existing or more than 2 years old,AUSTIN,TRAVIS,TX,78701-2911,TX-37,23,722410,Unanswered,Unknown/NotStated,,150000,,,,,,Limited  Liability Company(LLC),70134,Horizon Bank SSB,Austin,TX,Male Owned,Non-Veteran,,151233.33,02/01/2021
5257077002,04/05/2020,0681,PPP,HEARD ENTERTAINMENT TEXAS LLC,606 E. 7th Street,AUSTIN,TX,78701-3333,12/04/2021,Paid in Full,24,100,150000,150000,0,,70134,Horizon Bank SSB,"600, W. 5th St.",Austin,TX,78701,U,N,N,Existing or more than 2 years old,AUSTIN,TRAVIS,TX,78701-3333,TX-37,13,722410,Unanswered,Unknown/NotStated,,150000,,,,,,Limited  Liability Company(LLC),70134,Horizon Bank SSB,Austin,TX,Male Owned,Non-Veteran,,139900.19,02/12/2021
5887477706,05/01/2020,0681,PPP,REDRUM BAR LLC,812 SUSSEX DR,AUSTIN,TX,78745-2415,07/22/2021,Paid in Full,24,100,150000,150000,0,,9551,"Bank of America, National Association","100 N Tryon St, Ste 170",CHARLOTTE,NC,28202-4024,U,N,N,New Business or 2 years or less,AUSTIN,TRAVIS,TX,78745-2415,TX-37,40,722410,Unanswered,Unknown/NotStated,,150000,,,,,,Limited  Liability Company(LLC),9551,"Bank of America, National Association",CHARLOTTE,NC,Unanswered,Unanswered,,151356.16,04/01/2021
7350287304,04/30/2020,0681,PPP,SPIDER HOUSE LLC,"2908 Fruth St,2908 fruth",Austin,TX,78705,10/16/2021,Paid in Full,24,100,150000,150000,0,,456756,Cross River Bank,885 Teaneck Rd,TEANECK,NJ,07666-4546,U,N,Y,Unanswered,Austin,TRAVIS,TX,78705-0001,TX-25,25,722410,Unanswered,Unknown/NotStated,,0,,,150000,,,Limited  Liability Company(LLC),456756,Cross River Bank,TEANECK,NJ,Unanswered,Unanswered,,151997.26,09/07/2021
3736748410,02/05/2021,0681,PPS,THREES COMPANY LLC,1500 E 6th St,Austin,TX,78702-3369,12/09/2021,Paid in Full,60,100,148738.69,148738.69,0,,69819,Prosperity Bank,1301 N Mechanic,El Campo,TX,77437,U,Y,Y,Existing or more than 2 years old,Austin,TRAVIS,TX,78702-3369,TX-37,19,722410,Unanswered,Not Hispanic or Latino,1,148734.69,,,,,,Limited  Liability Company(LLC),69819,Prosperity Bank,El Campo,TX,Unanswered,Unanswered,,149867.47,11/16/2021
2522598609,03/15/2021,0681,PPS,HEARD ENTERTAINMENT TEXAS LLC,606 E 7th St,Austin,TX,78701-3333,07/09/2021,Paid in Full,60,100,148461,148461,0,,70134,Horizon Bank SSB,"600, W. 5th St.",Austin,TX,78701,U,N,N,Existing or more than 2 years old,Austin,TRAVIS,TX,78701-3333,TX-37,13,722410,White,Not Hispanic or Latino,1,148457,,,,,,Limited  Liability Company(LLC),70134,Horizon Bank SSB,Austin,TX,Male Owned,Non-Veteran,,148881.64,06/28/2021
9408918302,01/30/2021,0681,PPS,MAYDEN BAR LLC,7113 Burnet Rd Ste 101,Austin,TX,78757-2261,05/12/2022,Paid in Full,60,100,147560,147560,0,,72601,"Zions Bank, A Division of",1 S Main St,SALT LAKE CITY,UT,84133-1109,U,N,N,Existing or more than 2 years old,Austin,TRAVIS,TX,78757-2261,TX-37,24,722410,Unanswered,Not Hispanic or Latino,1,147556,,,,,,Limited  Liability Company(LLC),72601,"Zions Bank, A Division of",SALT LAKE CITY,UT,Male Owned,Non-Veteran,,149342.85,04/20/2022
1896558009,06/23/2020,0681,PPP,"RENAISSANCE BEVERAGE COMPANY, LLC",1119 LEDBETTER ST,ROUND ROCK,TX,78681-4119,08/17/2021,Paid in Full,60,100,145900,145900,0,,68966,Amarillo National Bank,410 S Taylor St,AMARILLO,TX,79101-1555,U,N,N,Existing or more than 2 years old,ROUND ROCK,WILLIAMSON,TX,78681-4119,TX-31,9,722410,Unanswered,Unknown/NotStated,,145900,,,,,,Limited  Liability Company(LLC),68966,Amarillo National Bank,AMARILLO,TX,Unanswered,Unanswered,,7107.42,02/24/2021
4734247004,04/04/2020,0681,PPP,BMDC INC.,801 Springdale Rd,AUSTIN,TX,78702-4041,01/09/2021,Paid in Full,24,100,145000,145000,0,,70134,Horizon Bank SSB,"600, W. 5th St.",Austin,TX,78701,U,Y,Y,Existing or more than 2 years old,AUSTIN,TRAVIS,TX,78702-4041,TX-37,12,722410,Unanswered,Not Hispanic or Latino,,145000,,,,,,Corporation,70134,Horizon Bank SSB,Austin,TX,Male Owned,Non-Veteran,,145997.08,02/12/2021
5696638405,02/09/2021,0681,PPS,FOUR MONKS LLC,2900 W Anderson Ln,Austin,TX,78757-1102,09/14/2021,Paid in Full,60,100,143500,143500,0,,70134,Horizon Bank SSB,"600, W. 5th St.",Austin,TX,78701,U,N,N,Existing or more than 2 years old,Austin,TRAVIS,TX,78757-1102,TX-37,6,722410,Unanswered,Not Hispanic or Latino,,143500,,,,,,Limited  Liability Company(LLC),70134,Horizon Bank SSB,Austin,TX,Male Owned,Non-Veteran,,144249.39,08/17/2021
8916048510,03/10/2021,0681,PPS,YARD BAR BURNET LLC,6700 Burnet Rd,Austin,TX,78757-2844,10/08/2021,Paid in Full,60,100,143500,143500,0,,70134,Horizon Bank SSB,"600, W. 5th St.",Austin,TX,78701,U,N,N,Existing or more than 2 years old,Austin,TRAVIS,TX,78757-2844,TX-37,19,722410,White,Not Hispanic or Latino,1,143494,,,,,,Limited  Liability Company(LLC),70134,Horizon Bank SSB,Austin,TX,Female Owned,Non-Veteran,,144261.35,09/20/2021
3643718500,02/24/2021,0681,PPS,RIVERSIDE ENTERTAINMENT INC,2237 E Riverside Dr Ste 108,Austin,TX,78741-3046,11/06/2021,Paid in Full,60,100,142898,142898,0,,71727,Broadway National Bank,1177 NE Loop 410,SAN ANTONIO,TX,78209-1517,U,Y,Y,Existing or more than 2 years old,Austin,TRAVIS,TX,78741-3046,TX-35,28,722410,Unanswered,Unknown/NotStated,1,142893,,,,,,Corporation,71727,Broadway National Bank,SAN ANTONIO,TX,Male Owned,Non-Veteran,,143846.68,10/27/2021
2169008300,01/20/2021,0681,PPS,SK NEAL LLC,139 E Hopkins St,San Marcos,TX,78666-5611,02/01/2022,Paid in Full,60,100,141500,141500,0,,71866,Schertz Bank & Trust,519 Main St,SCHERTZ,TX,78154-2144,R,Y,N,Existing or more than 2 years old,San Marcos,HAYS,TX,78666-5611,TX-15,18,722410,Unanswered,Not Hispanic or Latino,1,141495,,,,,,Limited  Liability Company(LLC),71866,Schertz Bank & Trust,SCHERTZ,TX,Male Owned,Unanswered,,142576.97,10/27/2021
1955497107,04/10/2020,0681,PPP,JJ LINDEN STREET LLC,3100 ESPERANZA XING APT 6406,AUSTIN,TX,78758-0009,04/08/2021,Paid in Full,24,100,140800,140800,0,,15438,Bank of Colorado,1609 E Harmony Rd,FORT COLLINS,CO,80525-3238,U,N,N,Existing or more than 2 years old,AUSTIN,TRAVIS,TX,78758-0009,TX-37,22,722410,Unanswered,Unknown/NotStated,,140800,,,,,,Limited  Liability Company(LLC),15438,Bank of Colorado,FORT COLLINS,CO,Unanswered,Unanswered,,142016.36,02/23/2021
9881767010,04/09/2020,0681,PPP,VINSPORTS PUB LLC,8916 BRODIE LN Unit 100,AUSTIN,TX,78748-5178,04/17/2021,Paid in Full,24,100,140315,140315,0,,69225,"American Bank, National Association",5120 S. Padre Island Dr,CORPUS CHRISTI,TX,78411-4208,U,N,N,Existing or more than 2 years old,AUSTIN,TRAVIS,TX,78748-5178,TX-21,23,722410,Unanswered,Unknown/NotStated,,140315,,,,,,Limited  Liability Company(LLC),69225,"American Bank, National Association",CORPUS CHRISTI,TX,Male Owned,Non-Veteran,,141624.61,03/23/2021
5191817006,04/05/2020,0681,PPP,"CLIVE BAR AUSTIN, LLC",609 Davis Street,AUSTIN,TX,78701-4212,12/05/2020,Paid in Full,24,100,140000,140000,0,,70134,Horizon Bank SSB,"600, W. 5th St.",Austin,TX,78701,U,N,N,Existing or more than 2 years old,AUSTIN,TRAVIS,TX,78701-4212,TX-37,13,722410,Unanswered,Not Hispanic or Latino,,140000,,,,,,Limited  Liability Company(LLC),70134,Horizon Bank SSB,Austin,TX,Female Owned,Non-Veteran,,140875,11/20/2020
7724178308,01/28/2021,0681,PPS,THREE QUACKS INC.,2911 San Jacinto Blvd,Austin,TX,78705-3814,09/25/2021,Paid in Full,60,100,139226,139226,0,,9551,"Bank of America, National Association","100 N Tryon St, Ste 170",CHARLOTTE,NC,28202-4024,U,Y,N,Existing or more than 2 years old,Austin,TRAVIS,TX,78705-3814,TX-25,15,722410,White,Not Hispanic or Latino,1,139222,,,,,,Corporation,9551,"Bank of America, National Association",CHARLOTTE,NC,Female Owned,Non-Veteran,,139935.48,08/04/2021
2435248306,01/20/2021,0681,PPS,COMMON INTEREST INC.,8440 Burnet Rd Ste 148,Austin,TX,78757-7068,02/18/2022,Paid in Full,60,100,137025,137025,0,,188567,Loan Source Incorporated,353 East 83rd Street Suite 3H,NEW YORK,NY,10028,U,N,N,Existing or more than 2 years old,Austin,TRAVIS,TX,78757-7068,TX-37,13,722410,Unanswered,Not Hispanic or Latino,1,137019,,,,,,Corporation,39848,Cadence Bank,TUPELO,MS,Male Owned,Non-Veteran,,138305.15,01/06/2022
2909507700,05/01/2020,0681,PPP,"DO512, LLC",2208 S LAMAR BLVD STE C,AUSTIN,TX,78704,10/21/2021,Paid in Full,24,100,133870,133870,0,,48270,"JPMorgan Chase Bank, National Association",1111 Polaris Pkwy,COLUMBUS,OH,43240-2031,U,N,N,Existing or more than 2 years old,AUSTIN,TRAVIS,TX,78704-0001,TX-21,11,722410,Unanswered,Unknown/NotStated,883,111000,,13188,,8799,,Limited  Liability Company(LLC),194093,"JPMorgan Chase Bank, National Association",CHICAGO,IL,Unanswered,Unanswered,,135648.39,09/02/2021
1938967104,04/10/2020,0681,PPP,"BENTLEY BEVERAGE GROUP, L.P.",509 E BEN WHITE BLVD,AUSTIN,TX,78704-7307,04/23/2021,Paid in Full,24,100,133500,133500,0,,71783,Frost Bank,111 W Houston St,SAN ANTONIO,TX,78205-1414,U,N,N,Existing or more than 2 years old,AUSTIN,TRAVIS,TX,78704-7307,TX-21,20,722410,White,Not Hispanic or Latino,,133500,,,,,,Limited Liability Partnership,71783,Frost Bank,SAN ANTONIO,TX,Male Owned,Non-Veteran,,134692.36,03/15/2021
2307558300,01/20/2021,0681,PPS,GUEULE DE BOIS LLC,8504 S Congress Ave,Austin,TX,78745-7320,10/08/2021,Paid in Full,60,100,133000,133000,0,,70134,Horizon Bank SSB,"600, W. 5th St.",Austin,TX,78701,U,N,N,Existing or more than 2 years old,Austin,TRAVIS,TX,78745-7320,TX-37,18,722410,Unanswered,Unknown/NotStated,1,132995,,,,,,Limited  Liability Company(LLC),70134,Horizon Bank SSB,Austin,TX,Unanswered,Unanswered,,133831.25,09/07/2021
4389097005,04/03/2020,0681,PPP,CHEER UP CHARLIES,310 W. 35th Street,AUSTIN,TX,78705-1412,04/06/2021,Paid in Full,24,100,130000,130000,0,,70134,Horizon Bank SSB,"600, W. 5th St.",Austin,TX,78701,U,Y,N,Existing or more than 2 years old,AUSTIN,TRAVIS,TX,78705-1412,TX-25,34,722410,White,Not Hispanic or Latino,,130000,,,,,,Limited  Liability Company(LLC),70134,Horizon Bank SSB,Austin,TX,Female Owned,Non-Veteran,,102668.96,02/10/2021
1854978302,01/20/2021,0681,PPS,DOUBLE LUCKY LLC,801 Springdale Rd,Austin,TX,78702-4041,09/14/2021,Paid in Full,60,100,129500,129500,0,,70134,Horizon Bank SSB,"600, W. 5th St.",Austin,TX,78701,U,Y,Y,Existing or more than 2 years old,Austin,TRAVIS,TX,78702-4041,TX-37,7,722410,Unanswered,Not Hispanic or Latino,1,129497,,,,,,Limited  Liability Company(LLC),70134,Horizon Bank SSB,Austin,TX,Male Owned,Non-Veteran,,130208.65,08/06/2021
5205978409,02/08/2021,0681,PPS,SVALTO LP,121 E 5th St,Austin,TX,78701-3601,10/08/2021,Paid in Full,24,100,129500,129500,0,,70134,Horizon Bank SSB,"600, W. 5th St.",Austin,TX,78701,U,N,N,Existing or more than 2 years old,Austin,TRAVIS,TX,78701-3601,TX-37,19,722410,Unanswered,Not Hispanic or Latino,1,129498,,,,,,Limited  Liability Company(LLC),70134,Horizon Bank SSB,Austin,TX,Male Owned,Non-Veteran,,124366.2,09/13/2021
3828638703,03/31/2021,0681,PPS,ANTONE'S HOLDINGS LLC,305 E 5th St,Austin,TX,78701-3777,04/08/2022,Paid in Full,60,100,129141.6,129141.6,0,,69819,Prosperity Bank,1301 N Mechanic,El Campo,TX,77437,U,N,N,Existing or more than 2 years old,Austin,TRAVIS,TX,78701-3777,TX-37,15,722410,Unanswered,Unknown/NotStated,1,129137.6,,,,,,Limited  Liability Company(LLC),69819,Prosperity Bank,El Campo,TX,Unanswered,Unanswered,,130397.63,03/29/2022
6914377004,04/07/2020,0681,PPP,ZELICKS INC.,336 W. HOPKINS ST,SAN MARCOS,TX,78666-4404,04/22/2021,Paid in Full,24,100,128700,128700,0,,71783,Frost Bank,111 W Houston St,SAN ANTONIO,TX,78205-1414,R,Y,N,Existing or more than 2 years old,SAN MARCOS,HAYS,TX,78666-4404,TX-15,28,722410,White,Not Hispanic or Latino,,128700,,,,,,Subchapter S Corporation,71783,Frost Bank,SAN ANTONIO,TX,Male Owned,Non-Veteran,,129877.69,03/18/2021
7210568408,02/11/2021,0681,PPS,BIG HORN SALOON LLC,88 Rainey St,Austin,TX,78701-4309,10/16/2021,Paid in Full,60,100,128410.45,128410.45,0,,454766,Third Coast Bank,"20202 Hwy 59 North, Ste 190",Humble,TX,77338,U,N,N,Existing or more than 2 years old,Austin,TRAVIS,TX,78701-4309,TX-37,16,722410,Unanswered,Unknown/NotStated,1,128406.45,,,,,,Limited  Liability Company(LLC),454766,Third Coast Bank,Humble,TX,Unanswered,Unanswered,,129145.24,09/17/2021
8595107310,05/01/2020,0681,PPP,"POLMOUR, INC",745 us hwy 183 s,austin,TX,78741,03/18/2022,Paid in Full,24,100,128077,128077,0,,121536,Customers Bank,40 General Warren Blvd,Malvern,PA,19355,U,Y,Y,Existing or more than 2 years old,austin,TRAVIS,TX,78741-0001,TX-35,53,722410,Unanswered,Unknown/NotStated,,128077,,,,,,Corporation,121536,Customers Bank,Malvern,PA,Unanswered,Unanswered,,130217.46,01/06/2022
3261318405,02/04/2021,0681,PPS,HKBAR1 LLC,2605 Wilson St,Austin,TX,78704-5438,11/18/2021,Paid in Full,60,100,127025,127025,0,,48270,"JPMorgan Chase Bank, National Association",1111 Polaris Pkwy,COLUMBUS,OH,43240-2031,U,N,N,Existing or more than 2 years old,Austin,TRAVIS,TX,78704-5438,TX-21,19,722410,Asian,Not Hispanic or Latino,1,127023,,,,,,Limited  Liability Company(LLC),48270,"JPMorgan Chase Bank, National Association",COLUMBUS,OH,Male Owned,Non-Veteran,,127920.6,10/25/2021
6422737107,04/14/2020,0681,PPP,BUDA COUNTRY DANCE HALL LLC,3100 ESPERANZA XING Apt 6406,AUSTIN,TX,78758-0009,06/08/2021,Paid in Full,24,100,126590,126590,0,,71653,Vista Bank,5840 W Northwest Hwy,DALLAS,TX,75225-3201,U,N,N,Existing or more than 2 years old,AUSTIN,TRAVIS,TX,78758-0009,TX-37,37,722410,Unanswered,Not Hispanic or Latino,,126590,,,,,,Limited  Liability Company(LLC),71653,Vista Bank,DALLAS,TX,Male Owned,Non-Veteran,,127939.14,05/18/2021
3793848510,02/24/2021,0681,PPS,LAMAR ENTERTAINMENT INC,9515 N Lamar Blvd Ste 200,Austin,TX,78753-4107,11/06/2021,Paid in Full,60,100,126028,126028,0,,71727,Broadway National Bank,1177 NE Loop 410,SAN ANTONIO,TX,78209-1517,U,Y,Y,Existing or more than 2 years old,Austin,TRAVIS,TX,78753-4107,TX-17,28,722410,Unanswered,Unknown/NotStated,1,126023,,,,,,Corporation,71727,Broadway National Bank,SAN ANTONIO,TX,Male Owned,Non-Veteran,,126864.69,10/27/2021
9975738510,03/12/2021,0681,PPS,THE WHITE HORSE HONKY TONK LLC,500 Comal St,Austin,TX,78702-3315,11/06/2021,Paid in Full,60,100,126000,126000,0,,70134,Horizon Bank SSB,"600, W. 5th St.",Austin,TX,78701,U,Y,Y,Existing or more than 2 years old,Austin,TRAVIS,TX,78702-3315,TX-37,12,722410,White,Not Hispanic or Latino,1,125997,,,,,,Limited  Liability Company(LLC),70134,Horizon Bank SSB,Austin,TX,Male Owned,Non-Veteran,,126724.5,10/06/2021
4592808006,06/26/2020,0681,PPP,FUN HOLDINGS LLC,404 HIGHLAND MALL BLVD,AUSTIN,TX,78752-3720,04/09/2021,Paid in Full,60,100,125800,125800,0,,71727,Broadway National Bank,1177 NE Loop 410,SAN ANTONIO,TX,78209-1517,U,N,N,Existing or more than 2 years old,AUSTIN,TRAVIS,TX,78752-3720,TX-37,49,722410,Unanswered,Not Hispanic or Latino,,125800,,,,,,Limited  Liability Company(LLC),71727,Broadway National Bank,SAN ANTONIO,TX,Male Owned,Non-Veteran,,126652.64,03/05/2021
5149567707,05/01/2020,0681,PPP,REDRUM BAR LLC,812 SUSSEX DR,AUSTIN,TX,78745-2415,,Exemption 4,60,100,125000,125000,0,,9551,"Bank of America, National Association","100 N Tryon St, Ste 170",CHARLOTTE,NC,28202-4024,U,N,N,New Business or 2 years or less,AUSTIN,TRAVIS,TX,78745-2415,TX-37,3,722410,Unanswered,Unknown/NotStated,,125000,,,,,,Limited  Liability Company(LLC),9551,"Bank of America, National Association",CHARLOTTE,NC,Unanswered,Unanswered,,,
8890227107,04/15/2020,0681,PPP,DENTON NORWAY LLC,69 Rainey Street,AUSTIN,TX,78701-4308,12/05/2020,Paid in Full,24,100,125000,125000,0,,70134,Horizon Bank SSB,"600, W. 5th St.",Austin,TX,78701,U,N,N,Existing or more than 2 years old,AUSTIN,TRAVIS,TX,78701-4308,TX-37,11,722410,Unanswered,Unknown/NotStated,,125000,,,,,,Limited  Liability Company(LLC),70134,Horizon Bank SSB,Austin,TX,Unanswered,Unanswered,,125770.83,11/25/2020
2809828309,01/21/2021,0681,PPS,FSW VENTURES LLC,141 E Hopkins St,San Marcos,TX,78666-5611,08/07/2021,Paid in Full,60,100,124372,124372,0,,71727,Broadway National Bank,1177 NE Loop 410,SAN ANTONIO,TX,78209-1517,R,Y,N,Existing or more than 2 years old,San Marcos,HAYS,TX,78666-5611,TX-15,14,722410,White,Not Hispanic or Latino,1,124367,,,,,,Limited  Liability Company(LLC),71727,Broadway National Bank,SAN ANTONIO,TX,Male Owned,Non-Veteran,,124959.31,07/19/2021
9746498408,02/17/2021,0681,PPS,LIBERTY ATX LLC,1618 1/2 E 6th St,Austin,TX,78702-3308,03/12/2022,Paid in Full,60,100,124187,124187,0,,44449,"PNC Bank, National Association",222 Delaware Ave,WILMINGTON,DE,19801-1621,U,Y,Y,Existing or more than 2 years old,Austin,TRAVIS,TX,78702-3308,TX-37,15,722410,Unanswered,Unknown/NotStated,1,124185,,,,,,Limited  Liability Company(LLC),760,First Source Federal Credit Union,Rome,NY,Unanswered,Unanswered,,125394.37,02/04/2022
6038817309,04/30/2020,0681,PPP,TACO JOINT LLC,2809 SAN JACINTO BLVD,AUSTIN,TX,78705-3815,06/16/2022,Paid in Full,24,100,122150,122150,0,,9551,"Bank of America, National Association","100 N Tryon St, Ste 170",CHARLOTTE,NC,28202-4024,U,Y,N,Existing or more than 2 years old,AUSTIN,TRAVIS,TX,78705-3815,TX-25,33,722410,Unanswered,Hispanic or Latino,,122150,,,,,,Limited  Liability Company(LLC),9551,"Bank of America, National Association",CHARLOTTE,NC,Female Owned,Non-Veteran,,114227.69,05/12/2022
7227758402,02/11/2021,0681,PPS,ESTHER'S TAVERN LLC,922 W 12th St,Austin,TX,78703-4118,01/07/2022,Paid in Full,60,100,121800,121800,0,,68987,Independent Bank d/b/a Independent Financial,3090 Craig Dr,MCKINNEY,TX,75070-4352,U,N,N,Existing or more than 2 years old,Austin,TRAVIS,TX,78703-4118,TX-37,20,722410,Unanswered,Unknown/NotStated,1,121796,,,,,,Limited  Liability Company(LLC),68987,Independent Bank d/b/a Independent Financial,MCKINNEY,TX,Male Owned,Unanswered,,122804.85,12/07/2021
6300098604,03/23/2021,0681,PPS,313 6TH STREET LLC,3908 Avenue B,Austin,TX,78751-4515,12/16/2021,Paid in Full,60,100,121464,121464,0,,9551,"Bank of America, National Association","100 N Tryon St, Ste 170",CHARLOTTE,NC,28202-4024,U,N,N,Existing or more than 2 years old,Austin,TRAVIS,TX,78751-4515,TX-37,20,722410,White,Not Hispanic or Latino,1,121461,,,,,,Limited  Liability Company(LLC),9551,"Bank of America, National Association",CHARLOTTE,NC,Male Owned,Non-Veteran,,122206.1,11/03/2021
5953058301,01/26/2021,0681,PPS,OLD PECAN STREET ENTERPRISES INC.,504 Trinity St,Austin,TX,78701-3714,08/05/2021,Paid in Full,60,100,120800,120800,0,,70134,Horizon Bank SSB,"600, W. 5th St.",Austin,TX,78701,U,N,N,Existing or more than 2 years old,Austin,TRAVIS,TX,78701-3714,TX-37,6,722410,Unanswered,Not Hispanic or Latino,1,120794,,,,,,Corporation,70134,Horizon Bank SSB,Austin,TX,Male Owned,Non-Veteran,,121393.93,07/23/2021
4775838606,03/20/2021,0681,PPP,WIELDED WOLF MANAGEMENT INC.,61Rainey St,AUSTIN,TX,78701,04/20/2022,Paid in Full,60,100,120150,120150,0,,48270,"JPMorgan Chase Bank, National Association",1111 Polaris Pkwy,COLUMBUS,OH,43240-2031,U,N,N,Existing or more than 2 years old,AUSTIN,TRAVIS,TX,78701,TX-21,9,722410,Unanswered,Unknown/NotStated,1,120145,,,,,,Corporation,48270,"JPMorgan Chase Bank, National Association",COLUMBUS,OH,Unanswered,Unanswered,,121314.39,03/15/2022
9032937008,04/09/2020,0681,PPP,"FITZHUGH BREWING, LLC",13476 FITZHUGH RD,AUSTIN,TX,78736-6513,08/05/2021,Paid in Full,24,100,119600,119600,0,,71476,"Guaranty Bank & Trust, National Association",100 W Arkansas,MOUNT PLEASANT,TX,75455-4420,R,N,N,Existing or more than 2 years old,AUSTIN,HAYS,TX,78736-6513,TX-25,25,722410,White,Unknown/NotStated,,119600,,,,,,Limited  Liability Company(LLC),71476,"Guaranty Bank & Trust, National Association",MOUNT PLEASANT,TX,Male Owned,Unanswered,,121065.1,07/02/2021
3293958904,04/28/2021,0681,PPS,1523 EL DORADO INC,407 E 6th St Ste B,Austin,TX,78701-3739,07/14/2022,Paid in Full,60,100,118923,118923,0,,44449,"PNC Bank, National Association",222 Delaware Ave,WILMINGTON,DE,19801-1621,U,N,N,Existing or more than 2 years old,Austin,TRAVIS,TX,78701-3739,TX-37,20,722410,White,Not Hispanic or Latino,1,118918,,,,,,Corporation,760,First Source Federal Credit Union,Rome,NY,Male Owned,Non-Veteran,,120211.33,06/01/2022
9047417008,04/09/2020,0681,PPP,92 RAINEY GROUP LLC,92 RAINEY ST,AUSTIN,TX,78701-4307,06/15/2021,Paid in Full,24,100,117900,117900,0,,454766,Third Coast Bank,"20202 Hwy 59 North, Ste 190",Humble,TX,77338,U,N,N,Existing or more than 2 years old,AUSTIN,TRAVIS,TX,78701-4307,TX-37,19,722410,Unanswered,Unknown/NotStated,,117900,,,,,,Limited  Liability Company(LLC),454766,Third Coast Bank,Humble,TX,Unanswered,Unanswered,,89187.33,02/10/2021
3117968309,01/21/2021,0681,PPS,MJL INTERESTS LLC,801 Springdale Rd,Austin,TX,78702-4041,09/15/2021,Paid in Full,60,100,115500,115500,0,,70134,Horizon Bank SSB,"600, W. 5th St.",Austin,TX,78701,U,Y,Y,Existing or more than 2 years old,Austin,TRAVIS,TX,78702-4041,TX-37,7,722410,Unanswered,Not Hispanic or Latino,1,115497,,,,,,Limited  Liability Company(LLC),70134,Horizon Bank SSB,Austin,TX,Male Owned,Non-Veteran,,116128.83,08/06/2021
4139967210,04/27/2020,0681,PPP,PRISM LOGIC CORPORATION,14611 Burnet Rd Suite 100,Austin,TX,78728-4212,02/18/2021,Paid in Full,24,100,115180,115180,0,,106137,Amplify CU,"3600 W Parmer Ln, Ste 200",Austin,TX,78727,U,N,N,Existing or more than 2 years old,Austin,TRAVIS,TX,78728-4212,TX-10,9,722410,Unanswered,Unknown/NotStated,,115180,,,,,,Corporation,106137,Amplify CU,Austin,TX,Unanswered,Unanswered,,115946.81,01/07/2021
2185147300,04/29/2020,0681,PPP,SHAYNDICT ENDEAVORING CO,3808 South Congress Ave,AUSTIN,TX,78704,08/07/2021,Paid in Full,24,100,115000,115000,0,,106661,University FCU,"8303 N Mopac Expwy, Ste A-105",AUSTIN,TX,78759,U,N,N,Existing or more than 2 years old,AUSTIN,TRAVIS,TX,78704-0001,TX-21,13,722410,Unanswered,Unknown/NotStated,,115000,,,,,,Corporation,106661,University FCU,AUSTIN,TX,Male Owned,Non-Veteran,,116354.44,07/06/2021
2243087109,04/10/2020,0681,PPP,409 MPTOUBAR LLC,"407 East 6th Street, Suite B",AUSTIN,TX,78701-3739,02/05/2021,Paid in Full,24,100,115000,115000,0,,70134,Horizon Bank SSB,"600, W. 5th St.",Austin,TX,78701,U,N,N,Existing or more than 2 years old,AUSTIN,TRAVIS,TX,78701-3739,TX-37,9,722410,White,Not Hispanic or Latino,,115000,,,,,,Corporation,70134,Horizon Bank SSB,Austin,TX,Female Owned,Non-Veteran,,115916.81,01/26/2021
2405087200,04/16/2020,0681,PPP,VIGILANTE GAMING BAR LLC,7010 EASY WIND DR STE 150,AUSTIN,TX,78752-2400,04/20/2021,Paid in Full,24,100,115000,115000,0,,26378,Sunflower Bank National Association,"8117 Preston Rd, Ste 220",Dallas,TX,75225,U,N,N,Existing or more than 2 years old,AUSTIN,TRAVIS,TX,78752-2400,TX-37,22,722410,Unanswered,Unknown/NotStated,,115000,,,,,,Limited  Liability Company(LLC),447412,Sunflower Bank National Association,Austin,TX,Unanswered,Unanswered,,116009.44,03/09/2021
1669228505,02/19/2021,0681,PPS,4TH TAP BREWING COOPERATIVE,10615 Metric Blvd,Austin,TX,78758-4520,03/17/2021,Paid in Full,60,100,114502,114502,0,,89628,"National Cooperative Bank, National Association",139 S High St,HILLSBORO,OH,45133-1442,U,N,Y,Existing or more than 2 years old,Austin,TRAVIS,TX,78758-4520,TX-37,9,722410,Unanswered,Not Hispanic or Latino,1,114498,,,,,,Cooperative,89628,"National Cooperative Bank, National Association",HILLSBORO,OH,Male Owned,Non-Veteran,,115898.29,05/10/2022
9343827410,05/20/2020,0681,PPP,AUSTIN NIGHTLIFE LLC,120 W  5TH ST,AUSTIN,TX,78701-2909,02/23/2021,Paid in Full,24,100,114500,114500,0,,454766,Third Coast Bank,"20202 Hwy 59 North, Ste 190",Humble,TX,77338,U,N,N,Unanswered,AUSTIN,TRAVIS,TX,78701-2909,TX-37,35,722410,Unanswered,Unknown/NotStated,,114500,,,,,,Limited  Liability Company(LLC),454766,Third Coast Bank,Humble,TX,Unanswered,Unanswered,,115193.27,01/11/2021
1418988309,01/17/2021,0681,PPS,BACKSLIDERS LLC,10700 Menchaca Rd,Austin,TX,78748-2112,10/07/2021,Paid in Full,60,100,113393,113393,0,,122478,Keystone Bank SSB,13715 E. Ladera Blvd.,Bee Cave,TX,78738,U,N,N,Existing or more than 2 years old,Austin,TRAVIS,TX,78748-2112,TX-21,18,722410,Unanswered,Unknown/NotStated,,113393,,,,,,Limited  Liability Company(LLC),122478,Keystone Bank SSB,Bee Cave,TX,Unanswered,Unanswered,,114123.75,09/24/2021
5357467009,04/05/2020,0681,PPP,RALLY IN THE ALLEY LTD,412 Congress Ave,AUSTIN,TX,78701-3620,02/05/2021,Paid in Full,24,100,112500,112500,0,,70134,Horizon Bank SSB,"600, W. 5th St.",Austin,TX,78701,U,N,N,Existing or more than 2 years old,AUSTIN,TRAVIS,TX,78701-3620,TX-37,4,722410,Unanswered,Unknown/NotStated,,112500,,,,,,Limited Liability Partnership,70134,Horizon Bank SSB,Austin,TX,Unanswered,Unanswered,,113353.12,01/07/2021
2775137210,04/16/2020,0681,PPP,"FOWL BALL TOURING, INC.",4425 S MO PAC EXPY STE 601,AUSTIN,TX,78735,08/21/2021,Paid in Full,24,100,111887,111887,0,,48270,"JPMorgan Chase Bank, National Association",1111 Polaris Pkwy,COLUMBUS,OH,43240-2031,U,N,N,Existing or more than 2 years old,AUSTIN,TRAVIS,TX,78735-0001,TX-21,10,711130,Unanswered,Unknown/NotStated,0,111887,0,0,0,0,0,Subchapter S Corporation,194093,"JPMorgan Chase Bank, National Association",CHICAGO,IL,Unanswered,Unanswered,,113218.02,06/29/2021
8215157008,04/08/2020,0681,PPP,"GAVIOLIV ENTERPRISES, INC.",3100 ESPERANZA XING Apt 6406,AUSTIN,TX,78758-0009,04/07/2021,Paid in Full,24,100,111600,111600,0,,4392,Centennial Bank,620 Chestnut St,CONWAY,AR,72032-5404,U,N,N,Existing or more than 2 years old,AUSTIN,TRAVIS,TX,78758-0009,TX-37,52,722410,Unanswered,Not Hispanic or Latino,,111600,,,,,,Corporation,71612,Centennial Bank,Lubbock,TX,Male Owned,Non-Veteran,,112648.73,03/23/2021
4193668407,02/06/2021,0681,PPS,SPOKESMAN HOLDINGS LLC,440 E Saint Elmo Rd Ste A-2,Austin,TX,78745-1260,09/24/2021,Paid in Full,60,100,111200,111200,0,,224512,"LiftFund, Inc.",2014 S. Hackberry,San Antonio,TX,78210,U,N,N,Existing or more than 2 years old,Austin,TRAVIS,TX,78745-1260,TX-37,14,722410,White,Hispanic or Latino,1,111198,,,,,,Limited  Liability Company(LLC),224512,"LiftFund, Inc.",San Antonio,TX,Male Owned,Non-Veteran,,111688.04,07/21/2021
9478418409,02/17/2021,0681,PPS,SPLASHKINGS LLC,415 N Guadalupe St # 349,San Marcos,TX,78666-5719,12/21/2021,Paid in Full,60,100,110183.5,110183.5,0,,26378,Sunflower Bank National Association,"8117 Preston Rd, Ste 220",Dallas,TX,75225,R,Y,N,Existing or more than 2 years old,San Marcos,HAYS,TX,78666-5719,TX-15,27,722410,Unanswered,Unknown/NotStated,1,110177.5,,,,,,Limited  Liability Company(LLC),447412,Sunflower Bank National Association,Austin,TX,Male Owned,Non-Veteran,,111003.75,11/17/2021
4478027106,04/13/2020,0681,PPP,LONG AND LOW LLC,2538 Elmont Drive,AUSTIN,TX,78741-1709,04/06/2021,Paid in Full,24,100,110000,110000,0,,70134,Horizon Bank SSB,"600, W. 5th St.",Austin,TX,78701,U,Y,Y,New Business or 2 years or less,AUSTIN,TRAVIS,TX,78741-1709,TX-35,20,722410,Unanswered,Unknown/NotStated,,110000,,,,,,Limited  Liability Company(LLC),70134,Horizon Bank SSB,Austin,TX,Male Owned,Non-Veteran,,111005.28,03/10/2021
8634038400,02/13/2021,0681,PPS,UNBARLIEVABLE LLC,511 Rio Grande St Ste 200,Austin,TX,78701-2715,04/07/2022,Paid in Full,60,100,109108.02,109108.02,0,,72188,American Bank of Commerce,530 E Hwy 62/82,WOLFFORTH,TX,79382-9382,U,N,N,Existing or more than 2 years old,Austin,TRAVIS,TX,78701-2715,TX-37,34,722410,Unanswered,Unknown/NotStated,1,109103.02,,,,,,Limited  Liability Company(LLC),72188,American Bank of Commerce,WOLFFORTH,TX,Male Owned,Unanswered,,110246.93,03/15/2022
6295907008,04/06/2020,0681,PPP,"SHOOTERS BILLIARDS & SPORTS BAR, LLC",601 E WHITESTONE BLVD,CEDAR PARK,TX,78613-9015,06/19/2021,Paid in Full,24,100,94120,108940,0,,105536,Susser Bank,"100 Crescent Ct, Ste. 575",DALLAS,TX,75201,U,N,N,Existing or more than 2 years old,CEDAR PARK,WILLIAMSON,TX,78613-9015,TX-31,20,722410,White,Not Hispanic or Latino,,108940,,,,,,Limited  Liability Company(LLC),105536,Susser Bank,DALLAS,TX,Male Owned,Non-Veteran,,110023.43,04/15/2021
2487148302,01/20/2021,0681,PPS,AUSTIN MY HOUSTON LLC,121 E 5th St,Austin,TX,78701-3601,10/08/2021,Paid in Full,60,100,108500,108500,0,,70134,Horizon Bank SSB,"600, W. 5th St.",Austin,TX,78701,U,N,N,Existing or more than 2 years old,Austin,TRAVIS,TX,78701-3601,TX-37,19,722410,Unanswered,Unknown/NotStated,1,108497,,,,,,Limited  Liability Company(LLC),70134,Horizon Bank SSB,Austin,TX,Unanswered,Unanswered,,109166.07,09/13/2021
3625418304,01/22/2021,0681,PPS,SMALL VICTORY LLC,108 E 7th St,Austin,TX,78701-3209,10/08/2021,Paid in Full,60,100,108500,108500,0,,70134,Horizon Bank SSB,"600, W. 5th St.",Austin,TX,78701,U,N,N,Existing or more than 2 years old,Austin,TRAVIS,TX,78701-3209,TX-37,7,722410,Unanswered,Not Hispanic or Latino,1,108494,,,,,,Limited  Liability Company(LLC),70134,Horizon Bank SSB,Austin,TX,Male Owned,Non-Veteran,,109235.39,09/24/2021
8761027001,04/08/2020,0681,PPP,WRIGGLEY'S PUB LLC,109 Old Chisholm Trail,GEORGETOWN,TX,78633,02/05/2021,Paid in Full,24,100,108100,108100,0,,70023,First Texas Bank,900 S Austin Ave,GEORGETOWN,TX,78626-5822,U,N,N,Existing or more than 2 years old,GEORGETOWN,WILLIAMSON,TX,78633-1302,TX-31,18,722410,Unanswered,Not Hispanic or Latino,10025,81075,8500,8500,,,,Limited  Liability Company(LLC),70023,First Texas Bank,GEORGETOWN,TX,Male Owned,Unanswered,,108884.84,01/06/2021
2192017109,04/10/2020,0681,PPP,407 BARLIB LLC,"407 East 6th Street, Suite B",AUSTIN,TX,78701-3739,03/05/2021,Paid in Full,24,100,107500,107500,0,,70134,Horizon Bank SSB,"600, W. 5th St.",Austin,TX,78701,U,N,N,Existing or more than 2 years old,AUSTIN,TRAVIS,TX,78701-3739,TX-37,12,722410,Unanswered,Unknown/NotStated,,107500,,,,,,Limited  Liability Company(LLC),70134,Horizon Bank SSB,Austin,TX,Female Owned,Non-Veteran,,108377.92,02/02/2021
4498057003,04/03/2020,0681,PPP,"WAUGHTAL MANAGEMENT, LLC",801 Springdale Road,AUSTIN,TX,78702-4041,01/09/2021,Paid in Full,24,100,107500,107500,0,,70134,Horizon Bank SSB,"600, W. 5th St.",Austin,TX,78701,U,Y,Y,Existing or more than 2 years old,AUSTIN,TRAVIS,TX,78702-4041,TX-37,9,711310,Unanswered,Unknown/NotStated,,107500,,,,,,Limited  Liability Company(LLC),70134,Horizon Bank SSB,Austin,TX,Unanswered,Unanswered,,106355.07,12/08/2020
3659628404,02/05/2021,0681,PPS,JBCDFRAILICKS LLC,209 Lake Gln,San Marcos,TX,78666-8043,07/22/2021,Paid in Full,60,100,107080,107080,0,,71727,Broadway National Bank,1177 NE Loop 410,SAN ANTONIO,TX,78209-1517,R,N,N,Existing or more than 2 years old,San Marcos,HAYS,TX,78666-8043,TX-15,25,722410,Unanswered,Not Hispanic or Latino,1,107075,,,,,,Limited  Liability Company(LLC),71727,Broadway National Bank,SAN ANTONIO,TX,Male Owned,Veteran,,107445.86,06/15/2021
6432557007,04/06/2020,0681,PPP,"WEST GUYS, LLC",716 West 6th Street,AUSTIN,TX,78701-2708,11/02/2021,Paid in Full,24,100,106400,106400,0,,71653,Vista Bank,5840 W Northwest Hwy,DALLAS,TX,75225-3201,U,N,N,Existing or more than 2 years old,AUSTIN,TRAVIS,TX,78701-2708,TX-37,48,722410,Unanswered,Unknown/NotStated,,106400,,,,,,Limited  Liability Company(LLC),71653,Vista Bank,DALLAS,TX,Unanswered,Unanswered,,46940.17,05/26/2021
4728057206,04/27/2020,0681,PPP,THREE'S COMPANY LLC,1500 EAST SIXTH STREET,AUSTIN,TX,78702-3369,10/09/2021,Paid in Full,24,100,106200,106200,0,,69819,Prosperity Bank,1301 N Mechanic,El Campo,TX,77437,U,Y,Y,Existing or more than 2 years old,AUSTIN,TRAVIS,TX,78702-3369,TX-37,30,722410,Unanswered,Not Hispanic or Latino,,106200,,,,,,Limited  Liability Company(LLC),69819,Prosperity Bank,El Campo,TX,Female Owned,Non-Veteran,,107541.32,08/10/2021
6705898410,02/10/2021,0681,PPP,SHANGRI-LA ATX LLC,1016 E 6th St,Austin,TX,78702-3209,03/12/2022,Paid in Full,60,100,105842,105842,0,,44449,"PNC Bank, National Association",222 Delaware Ave,WILMINGTON,DE,19801-1621,U,Y,Y,Existing or more than 2 years old,Austin,TRAVIS,TX,78702-3209,TX-37,18,722410,Unanswered,Unknown/NotStated,,105842,,,,,,Limited  Liability Company(LLC),760,First Source Federal Credit Union,Rome,NY,Unanswered,Unanswered,,106876.9,02/04/2022
1524057102,04/10/2020,0681,PPP,325 BARTHIRST LLC,"407 East 6th Street, Suite B",AUSTIN,TX,78701-3739,03/05/2021,Paid in Full,24,100,105000,105000,0,,70134,Horizon Bank SSB,"600, W. 5th St.",Austin,TX,78701,U,N,N,Existing or more than 2 years old,AUSTIN,TRAVIS,TX,78701-3739,TX-37,18,722410,Unanswered,Unknown/NotStated,,105000,,,,,,Corporation,70134,Horizon Bank SSB,Austin,TX,Female Owned,Non-Veteran,,105866.25,02/02/2021
4993008308,01/23/2021,0681,PPS,MJS VENTURES LLC,207 E 53rd St,Austin,TX,78751-2043,11/06/2021,Paid in Full,60,100,105000,105000,0,,70134,Horizon Bank SSB,"600, W. 5th St.",Austin,TX,78701,U,Y,N,Existing or more than 2 years old,Austin,TRAVIS,TX,78751-2043,TX-37,6,722410,Unanswered,Not Hispanic or Latino,1,104996,,,,,,Limited  Liability Company(LLC),70134,Horizon Bank SSB,Austin,TX,Female Owned,Non-Veteran,,105810.83,10/29/2021
8795607105,04/15/2020,0681,PPP,HRA SYSTEMS INC.,1320 South Lamar,AUSTIN,TX,78704,02/04/2022,Paid in Full,24,100,103255,103255,0,,122478,Keystone Bank SSB,13715 E. Ladera Blvd.,Bee Cave,TX,78738,U,N,N,Existing or more than 2 years old,AUSTIN,TRAVIS,TX,78704-0001,TX-21,20,722410,Unanswered,Unknown/NotStated,,103255,,,,,,Corporation,122478,Keystone Bank SSB,Bee Cave,TX,Unanswered,Unanswered,,92421.67,03/29/2021
1157598409,02/01/2021,0681,PPS,FOWL BALL TOURING INC.,4425 S Mo Pac Expy Ste 601,Austin,TX,78735-6757,01/21/2022,Paid in Full,60,100,103057,103057,0,,48270,"JPMorgan Chase Bank, National Association",1111 Polaris Pkwy,COLUMBUS,OH,43240-2031,U,N,N,Existing or more than 2 years old,Austin,TRAVIS,TX,78735-6757,TX-37,11,711130,Unanswered,Unknown/NotStated,,103057,,,,,,Subchapter S Corporation,48270,"JPMorgan Chase Bank, National Association",COLUMBUS,OH,Unanswered,Unanswered,,103937.91,12/14/2021
6894088608,03/23/2021,0681,PPS,DIRTYBILL ENTERPRISES LLC,610 W 5th St # 8,Austin,TX,78701-2702,11/06/2021,Paid in Full,60,100,103019,103019,0,,72188,American Bank of Commerce,530 E Hwy 62/82,WOLFFORTH,TX,79382-9382,U,N,N,Existing or more than 2 years old,Austin,TRAVIS,TX,78701-2702,TX-37,11,722410,Unanswered,Unknown/NotStated,1,103013,,,,,,Limited  Liability Company(LLC),72188,American Bank of Commerce,WOLFFORTH,TX,Unanswered,Unanswered,,103620.18,10/26/2021
5239317009,04/05/2020,0681,PPP,YARD BAR BURNET LLC,6700 Burnet Rd,AUSTIN,TX,78757-2427,02/05/2021,Paid in Full,24,100,102500,102500,0,,70134,Horizon Bank SSB,"600, W. 5th St.",Austin,TX,78701,U,N,N,Existing or more than 2 years old,AUSTIN,TRAVIS,TX,78757-2427,TX-37,15,722410,Unanswered,Unknown/NotStated,,102500,,,,,,Limited  Liability Company(LLC),70134,Horizon Bank SSB,Austin,TX,Unanswered,Unanswered,,103277.29,01/07/2021
6062357302,04/30/2020,0681,PPP,"3DOOST, INC.",77 Rainey Street,Austin,TX,78701-4308,08/06/2021,Paid in Full,24,100,102500,102500,0,,69819,Prosperity Bank,1301 N Mechanic,El Campo,TX,77437,U,N,N,Existing or more than 2 years old,Austin,TRAVIS,TX,78701-4308,TX-37,21,722410,Unanswered,Unknown/NotStated,,102500,,,,,,Subchapter S Corporation,69819,Prosperity Bank,El Campo,TX,Unanswered,Unanswered,,97414.65,05/06/2021
1800197106,04/10/2020,0681,PPP,RIVERSIDE ENTERTAINMENT INC,2237 E RIVERSIDE DR Suite 108,AUSTIN,TX,78741-3046,07/21/2021,Paid in Full,24,100,101800,101800,0,,71727,Broadway National Bank,1177 NE Loop 410,SAN ANTONIO,TX,78209-1517,U,Y,Y,Existing or more than 2 years old,AUSTIN,TRAVIS,TX,78741-3046,TX-35,26,722410,Unanswered,Unknown/NotStated,10000,85000,6800,,,,,Corporation,71727,Broadway National Bank,SAN ANTONIO,TX,Male Owned,Non-Veteran,,102948.08,06/01/2021
2912028303,01/21/2021,0681,PPS,MEC AUSTIN INVESTORS LP,801 Springdale Rd,Austin,TX,78702-4041,09/15/2021,Paid in Full,60,100,101500,101500,0,,70134,Horizon Bank SSB,"600, W. 5th St.",Austin,TX,78701,U,Y,Y,Existing or more than 2 years old,Austin,TRAVIS,TX,78702-4041,TX-37,5,722410,Unanswered,Unknown/NotStated,1,101498,,,,,,Limited Liability Partnership,70134,Horizon Bank SSB,Austin,TX,Unanswered,Unanswered,,102052.61,08/06/2021
8040787202,04/28/2020,0681,PPP,"MAYDEN BAR, LLC","3100 ESPERANZA XING, APT 6406",AUSTIN,TX,78758,04/21/2021,Paid in Full,24,100,100320,100319,0,,451098,Stellar Bank,8727 W Sam Houston Pkwy North,HOUSTON,TX,77040-5167,U,N,N,Existing or more than 2 years old,AUSTIN,TRAVIS,TX,78758-0001,TX-37,24,722410,Unanswered,Not Hispanic or Latino,,100319,,,,,,Limited  Liability Company(LLC),451098,Stellar Bank,HOUSTON,TX,Male Owned,Non-Veteran,,101235.8,04/06/2021
3438237307,04/29/2020,0681,PPP,ALFORD AND BRACKEEN LLC,11107 TERRACE BLUFF DR,AUSTIN,TX,78754,04/22/2021,Paid in Full,24,100,99497,99497,0,,48270,"JPMorgan Chase Bank, National Association",1111 Polaris Pkwy,COLUMBUS,OH,43240-2031,U,N,N,Existing or more than 2 years old,AUSTIN,TRAVIS,TX,78754-0001,TX-10,21,722410,Unanswered,Unknown/NotStated,0,99497,0,0,0,0,0,Limited  Liability Company(LLC),194093,"JPMorgan Chase Bank, National Association",CHICAGO,IL,Unanswered,Unanswered,,100379.98,03/23/2021
9583587006,04/09/2020,0681,PPP,BIG HORN SALOON LLC,88 RAINEY ST,AUSTIN,TX,78701-4309,06/15/2021,Paid in Full,24,100,98700,98700,0,,454766,Third Coast Bank,"20202 Hwy 59 North, Ste 190",Humble,TX,77338,U,N,N,Existing or more than 2 years old,AUSTIN,TRAVIS,TX,78701-4309,TX-37,17,722410,Unanswered,Unknown/NotStated,,98700,,,,,,Limited  Liability Company(LLC),454766,Third Coast Bank,Humble,TX,Unanswered,Unanswered,,71251.69,05/18/2021
5332458409,02/08/2021,0681,PPS,LSB2 DOMAIN LTD.,801 Springdale Rd,Austin,TX,78702-4041,10/08/2021,Paid in Full,60,100,98000,98000,0,,70134,Horizon Bank SSB,"600, W. 5th St.",Austin,TX,78701,U,Y,Y,Existing or more than 2 years old,Austin,TRAVIS,TX,78702-4041,TX-37,7,722410,Unanswered,Not Hispanic or Latino,1,97997,,,,,,Limited Liability Partnership,70134,Horizon Bank SSB,Austin,TX,Male Owned,Non-Veteran,,98596.17,09/16/2021
4002847110,04/12/2020,0681,PPP,COMMON INTEREST INC,"8440 BURNET ROAD, SUITE 148",AUSTIN,TX,78757-7002,05/22/2021,Paid in Full,24,100,97875,97875,0,,39848,Cadence Bank,201 S Spring St,TUPELO,MS,38804-4811,U,N,N,New Business or 2 years or less,AUSTIN,TRAVIS,TX,78757-7002,TX-37,23,722410,Unanswered,Not Hispanic or Latino,,97875,,,,,,Corporation,39848,Cadence Bank,TUPELO,MS,Male Owned,Non-Veteran,,98826.56,04/08/2021
3455568604,03/17/2021,0681,PPS,MEDICAL PARKWAY PUB L.L.C.,4112 Medical Pkwy,Austin,TX,78756-3711,12/18/2021,Paid in Full,60,100,97600,97600,0,,51009,First-Citizens Bank & Trust Company,100 E. Tryon Rd DAC - 90,Raleigh,NC,27603-3581,U,N,N,Existing or more than 2 years old,Austin,TRAVIS,TX,78756-3711,TX-37,8,722410,Unanswered,Not Hispanic or Latino,1,97597,,,,,,Limited  Liability Company(LLC),51009,First-Citizens Bank & Trust Company,Raleigh,NC,Female Owned,Non-Veteran,,98201.64,11/03/2021
4457007210,04/27/2020,0681,PPP,POND HOCKEY CLUB LLC,9402 UNITED DR,AUSTIN,TX,78758-7670,09/29/2021,Paid in Full,24,100,96452,96452,0,,68922,First Financial Bank,400 Pine St,ABILENE,TX,79601-5108,U,N,N,Existing or more than 2 years old,AUSTIN,TRAVIS,TX,78758-7670,TX-37,8,711310,Unanswered,Unknown/NotStated,24113,72339,,,,,,Limited  Liability Company(LLC),68922,First Financial Bank,ABILENE,TX,Unanswered,Unanswered,,97646.93,07/20/2021
3635188605,03/17/2021,0681,PPS,THE GRACKLE ATX LLC,1700 E 6th St,Austin,TX,78702-2702,03/12/2022,Paid in Full,60,100,95647,95647,0,,44449,"PNC Bank, National Association",222 Delaware Ave,WILMINGTON,DE,19801-1621,U,Y,Y,Existing or more than 2 years old,Austin,TRAVIS,TX,78702-2702,TX-37,11,722410,Unanswered,Unknown/NotStated,1,95645,,,,,,Limited  Liability Company(LLC),760,First Source Federal Credit Union,Rome,NY,Female Owned,Non-Veteran,,96489.22,02/04/2022
9526938309,01/30/2021,0681,PPS,CYROOS INC,416 E 6th St,Austin,TX,78701-3740,10/09/2021,Paid in Full,60,100,94811.5,94811.5,0,,69819,Prosperity Bank,1301 N Mechanic,El Campo,TX,77437,U,N,N,Existing or more than 2 years old,Austin,TRAVIS,TX,78701-3740,TX-37,14,722410,Unanswered,Unknown/NotStated,1,94805.5,,,,,,Corporation,69819,Prosperity Bank,El Campo,TX,Unanswered,Unanswered,,95331.02,08/24/2021
9570618500,03/12/2021,0681,PPS,SALJAR INC,629 W Ben White Blvd,Austin,TX,78704-7031,12/08/2021,Paid in Full,60,100,94563,94563,0,,71727,Broadway National Bank,1177 NE Loop 410,SAN ANTONIO,TX,78209-1517,U,Y,N,Existing or more than 2 years old,Austin,TRAVIS,TX,78704-7031,TX-21,24,722410,Unanswered,Unknown/NotStated,1,94558,,,,,,Corporation,71727,Broadway National Bank,SAN ANTONIO,TX,Male Owned,Non-Veteran,,95148.77,10/29/2021
2131678307,01/20/2021,0681,PPS,WL STAR BAR LLC,801 Springdale Rd,Austin,TX,78702-4041,09/14/2021,Paid in Full,60,100,94500,94500,0,,70134,Horizon Bank SSB,"600, W. 5th St.",Austin,TX,78701,U,Y,Y,Existing or more than 2 years old,Austin,TRAVIS,TX,78702-4041,TX-37,6,722410,Unanswered,Not Hispanic or Latino,1,94497,,,,,,Limited  Liability Company(LLC),70134,Horizon Bank SSB,Austin,TX,Male Owned,Non-Veteran,,95019.75,08/09/2021
8921598603,03/25/2021,0681,PPS,ALFORD AND BRACKEEN LLC,11107 Terrace Bluff Dr,Austin,TX,78754-2036,10/21/2021,Paid in Full,60,100,94111,94111,0,,48270,"JPMorgan Chase Bank, National Association",1111 Polaris Pkwy,COLUMBUS,OH,43240-2031,U,N,N,Existing or more than 2 years old,Austin,TRAVIS,TX,78754-2036,TX-10,23,722410,Unanswered,Unknown/NotStated,1,94107,,,,,,Limited  Liability Company(LLC),48270,"JPMorgan Chase Bank, National Association",COLUMBUS,OH,Unanswered,Unanswered,,94569.58,09/22/2021
2798718304,01/21/2021,0681,PPS,BLIND SPOT LLC,612 Brazos St Ste B,Austin,TX,78701-3246,10/07/2021,Paid in Full,60,100,93411,93411,0,,69787,Bank of Houston,"4400 Post Oak Pkwy, Ste 250",Houston,TX,77027,U,N,N,Existing or more than 2 years old,Austin,TRAVIS,TX,78701-3246,TX-37,11,722410,Unanswered,Unknown/NotStated,,93409,,,,,,Limited  Liability Company(LLC),69787,Bank of Houston,Houston,TX,Unanswered,Unanswered,,94009.85,09/21/2021
8136897205,04/28/2020,0681,PPP,AUSTIN ICEHOUSE PROJECT ONE LLC,701 W 6th Street,AUSTIN,TX,78701,10/16/2021,Paid in Full,24,100,93200,93200,0,,106661,University FCU,"8303 N Mopac Expwy, Ste A-105",AUSTIN,TX,78759,U,N,N,Existing or more than 2 years old,AUSTIN,TRAVIS,TX,78701-0001,TX-37,17,722410,Unanswered,Unknown/NotStated,,93200,,,,,,Limited  Liability Company(LLC),106661,University FCU,AUSTIN,TX,Unanswered,Unanswered,,94499.62,09/16/2021
4717947000,04/04/2020,0681,PPP,BEST RING LLC,801 Springdale Rd,AUSTIN,TX,78702-4041,12/05/2020,Paid in Full,24,100,92500,92500,0,,70134,Horizon Bank SSB,"600, W. 5th St.",Austin,TX,78701,U,Y,Y,Existing or more than 2 years old,AUSTIN,TRAVIS,TX,78702-4041,TX-37,7,722410,Unanswered,Unknown/NotStated,,92500,,,,,,Limited  Liability Company(LLC),70134,Horizon Bank SSB,Austin,TX,Unanswered,Unanswered,,93044.72,11/09/2020
4988217006,04/04/2020,0681,PPP,"DOUBLE LUCKY, LLC",801 SPRINGDALE RD,AUSTIN,TX,78702-4041,12/05/2020,Paid in Full,24,100,92500,92500,0,,70134,Horizon Bank SSB,"600, W. 5th St.",Austin,TX,78701,U,Y,Y,Existing or more than 2 years old,AUSTIN,TRAVIS,TX,78702-4041,TX-37,12,722410,Unanswered,Not Hispanic or Latino,,92500,,,,,,Limited  Liability Company(LLC),70134,Horizon Bank SSB,Austin,TX,Male Owned,Non-Veteran,,93044.72,11/09/2020
1109667209,04/15/2020,0681,PPP,INNOVATX GROUP LLC,9065 JOLLYVILLE RD STE 102,AUSTIN,TX,78759,05/20/2021,Paid in Full,24,100,92052,92052,0,,48270,"JPMorgan Chase Bank, National Association",1111 Polaris Pkwy,COLUMBUS,OH,43240-2031,U,N,N,Existing or more than 2 years old,AUSTIN,TRAVIS,TX,78759-0001,TX-37,7,711310,Unanswered,Unknown/NotStated,300,80152,,4200,,7400,,Limited  Liability Company(LLC),194093,"JPMorgan Chase Bank, National Association",CHICAGO,IL,Unanswered,Unanswered,,92888.96,04/01/2021
9479018300,01/30/2021,0681,PPS,INNOVATX GROUP LLC,9065 Jollyville Rd Ste 102,Austin,TX,78759-7468,12/21/2021,Paid in Full,60,100,92052,92052,0,,48270,"JPMorgan Chase Bank, National Association",1111 Polaris Pkwy,COLUMBUS,OH,43240-2031,U,N,N,Existing or more than 2 years old,Austin,TRAVIS,TX,78759-7468,TX-37,4,711310,Unanswered,Unknown/NotStated,,92051,,,,,,Limited  Liability Company(LLC),48270,"JPMorgan Chase Bank, National Association",COLUMBUS,OH,Male Owned,Non-Veteran,,92736.1,11/03/2021
8868538607,03/25/2021,0681,PPS,KICK BUTT COFFEE LLC,5775 Airport Blvd Ste 725,Austin,TX,78752-4212,10/16/2021,Paid in Full,60,100,91893,91893,0,,9551,"Bank of America, National Association","100 N Tryon St, Ste 170",CHARLOTTE,NC,28202-4024,U,N,N,Existing or more than 2 years old,Austin,TRAVIS,TX,78752-4212,TX-37,10,722410,White,Not Hispanic or Latino,1,91887,,,,,,Limited  Liability Company(LLC),9551,"Bank of America, National Association",CHARLOTTE,NC,Male Owned,Non-Veteran,,92346.17,09/22/2021
5162997004,04/05/2020,0681,PPP,CANNON SPORTS MANAGMENT LLC,704 CRYSTAL TER,AUSTIN,TX,78733-6125,03/09/2021,Paid in Full,24,100,91200,91200,0,,467147,Valliance Bank,"1601 NW Expwy, Ste 100",OKLAHOMA CITY,OK,73118-1420,U,N,N,Existing or more than 2 years old,AUSTIN,TRAVIS,TX,78733-6125,TX-37,7,711310,Unanswered,Not Hispanic or Latino,,91200,,,,,,Limited  Liability Company(LLC),467147,Valliance Bank,OKLAHOMA CITY,OK,Unanswered,Unanswered,,91970.13,02/09/2021
7904837306,04/30/2020,0681,PPP,MEDICAL PARKWAY PUB L.L.C.,4112 MEDICAL PKWY,AUSTIN,TX,78756-3711,06/12/2021,Paid in Full,24,100,90100,90100,0,,51009,First-Citizens Bank & Trust Company,100 E. Tryon Rd DAC - 90,Raleigh,NC,27603-3581,U,N,N,New Business or 2 years or less,AUSTIN,TRAVIS,TX,78756-3711,TX-37,11,722410,Unanswered,Not Hispanic or Latino,,90100,,,,,,Limited  Liability Company(LLC),51009,First-Citizens Bank & Trust Company,Raleigh,NC,Female Owned,Non-Veteran,,91018.28,05/12/2021
3095257201,04/16/2020,0681,PPP,THE WHITE HORSE HONKY TONK LLC,500 Comal Street,AUSTIN,TX,78702,04/06/2021,Paid in Full,24,100,90000,90000,0,,70134,Horizon Bank SSB,"600, W. 5th St.",Austin,TX,78701,U,Y,Y,Existing or more than 2 years old,AUSTIN,TRAVIS,TX,78702-0001,TX-37,12,722410,Unanswered,Unknown/NotStated,,90000,,,,,,Limited  Liability Company(LLC),70134,Horizon Bank SSB,Austin,TX,Male Owned,Non-Veteran,,90817.5,03/10/2021
1872667104,04/10/2020,0681,PPP,"LAMAR ENTERTAINMENT, INC.",9515 N LAMAR BLVD Ste 200,AUSTIN,TX,78753-4107,07/22/2021,Paid in Full,24,100,89800,89800,0,,71727,Broadway National Bank,1177 NE Loop 410,SAN ANTONIO,TX,78209-1517,U,Y,Y,Existing or more than 2 years old,AUSTIN,TRAVIS,TX,78753-4107,TX-17,28,722410,Unanswered,Unknown/NotStated,,89800,,,,,,Corporation,71727,Broadway National Bank,SAN ANTONIO,TX,Male Owned,Non-Veteran,,90822.72,06/02/2021
7848168503,03/08/2021,0681,PPS,MJV HOSPITALITY LLC,3101 N Interstate 35,Austin,TX,78722-2202,02/09/2022,Paid in Full,60,100,89600,89600,0,,68987,Independent Bank d/b/a Independent Financial,3090 Craig Dr,MCKINNEY,TX,75070-4352,U,Y,N,Existing or more than 2 years old,Austin,TRAVIS,TX,78722-2202,TX-25,18,722410,Unanswered,Unknown/NotStated,1,89596,,,,,,Limited  Liability Company(LLC),68987,Independent Bank d/b/a Independent Financial,MCKINNEY,TX,Male Owned,Unanswered,,90374.04,01/18/2022
8543978405,02/13/2021,0681,PPS,LIBRARY BAR FORT WORTH LLC,700 Rio Grande St,Austin,TX,78701-2720,08/06/2022,Paid in Full,60,100,89311.56,89311.56,0,,454766,Third Coast Bank,"20202 Hwy 59 North, Ste 190",Humble,TX,77338,U,N,N,Existing or more than 2 years old,Austin,TRAVIS,TX,78701-2720,TX-37,14,722410,Unanswered,Unknown/NotStated,1,89307.56,,,,,,Corporation,454766,Third Coast Bank,Humble,TX,Unanswered,Unanswered,,90554.48,07/18/2022
7554198310,01/28/2021,0681,PPS,LAMF COMPANY INC,2105 Hancock Dr,Austin,TX,78756-2506,10/09/2021,Paid in Full,60,100,89252.62,89252.62,0,,69819,Prosperity Bank,1301 N Mechanic,El Campo,TX,77437,U,N,N,Existing or more than 2 years old,Austin,TRAVIS,TX,78756-2506,TX-37,13,722410,White,Not Hispanic or Latino,1,89248.62,,,,,,Corporation,69819,Prosperity Bank,El Campo,TX,Male Owned,Veteran,,89714.78,08/11/2021
2629907305,04/29/2020,0681,PPP,GOOD MATES INC.,86 RAINEY STREET,AUSTIN,TX,78701-4309,06/09/2021,Paid in Full,24,100,89087,89087,0,,69819,Prosperity Bank,1301 N Mechanic,El Campo,TX,77437,U,N,N,New Business or 2 years or less,AUSTIN,TRAVIS,TX,78701-4309,TX-37,16,722410,Unanswered,Unknown/NotStated,,89087,,,,,,Subchapter S Corporation,69819,Prosperity Bank,El Campo,TX,Unanswered,Unanswered,,89975.43,05/10/2021
2268328308,01/20/2021,0681,PPS,FIREHOUSE BAR LLC,605 Brazos St,Austin,TX,78701-3250,08/05/2021,Paid in Full,60,100,89000,89000,0,,70134,Horizon Bank SSB,"600, W. 5th St.",Austin,TX,78701,U,N,N,Existing or more than 2 years old,Austin,TRAVIS,TX,78701-3250,TX-37,5,722410,Unanswered,Unknown/NotStated,1,88997,,,,,,Limited  Liability Company(LLC),70134,Horizon Bank SSB,Austin,TX,Unanswered,Unanswered,,89427.69,07/13/2021
7220937006,04/07/2020,0681,PPP,"WEBBERVILLE SPIRITS, LLC",2211 Webberville Road,AUSTIN,TX,78702-3548,04/06/2021,Paid in Full,24,100,40000,89000,0,,70134,Horizon Bank SSB,"600, W. 5th St.",Austin,TX,78701,U,Y,Y,Existing or more than 2 years old,AUSTIN,TRAVIS,TX,78702-3548,TX-37,19,722410,Unanswered,Unknown/NotStated,,89000,,,,,,Limited  Liability Company(LLC),70134,Horizon Bank SSB,Austin,TX,Male Owned,Unanswered,,82194.86,12/15/2020
2823347307,04/29/2020,0681,PPP,"ANTONE'S HOLDINGS, LLC",305 East 5th Street,Austin,TX,78701-3777,12/09/2021,Paid in Full,24,100,88900,88900,0,,69819,Prosperity Bank,1301 N Mechanic,El Campo,TX,77437,U,N,N,Existing or more than 2 years old,Austin,TRAVIS,TX,78701-3777,TX-37,15,722410,Unanswered,Unknown/NotStated,,88900,,,,,,Limited  Liability Company(LLC),69819,Prosperity Bank,El Campo,TX,Unanswered,Unanswered,,,
4406987810,05/28/2020,0681,PPP,LIBERTY ATX LLC,1618 1/2 E 6TH ST,AUSTIN,TX,78702-3308,06/24/2021,Paid in Full,24,100,88705,88705,0,,44449,"PNC Bank, National Association",222 Delaware Ave,WILMINGTON,DE,19801-1621,U,Y,Y,Existing or more than 2 years old,AUSTIN,TRAVIS,TX,78702-3308,TX-37,17,722410,Unanswered,Unknown/NotStated,1000,86705,,1000,,,,Limited  Liability Company(LLC),760,First Source Federal Credit Union,Rome,NY,Unanswered,Unanswered,,89547.7,05/06/2021
4337758301,01/23/2021,0681,PPS,SAN MARCOS TAVERN INC,804 Chestnut St Ste D,San Marcos,TX,78666-4559,09/29/2021,Paid in Full,60,100,88500,88500,0,,71783,Frost Bank,111 W Houston St,SAN ANTONIO,TX,78205-1414,R,Y,N,Existing or more than 2 years old,San Marcos,HAYS,TX,78666-4559,TX-21,15,722410,Unanswered,Not Hispanic or Latino,1,88497,,,,,,Subchapter S Corporation,71783,Frost Bank,SAN ANTONIO,TX,Male Owned,Non-Veteran,,88958.26,08/04/2021
6276168905,05/01/2021,0681,PPS,KJCW LLC,23120 TX-71,Spicewood,TX,78669,03/16/2022,Paid in Full,60,100,87878,87878,0,,122478,Keystone Bank SSB,13715 E. Ladera Blvd.,Bee Cave,TX,78738,R,N,N,Existing or more than 2 years old,Spicewood,BLANCO,TX,78669,TX-21,6,722410,White,Not Hispanic or Latino,,87878,,,,,,Limited  Liability Company(LLC),122478,Keystone Bank SSB,Bee Cave,TX,Male Owned,Non-Veteran,,88151.4,08/25/2021
2997728408,02/04/2021,0681,PPS,NATE'S AT BUDA MILL AND GRAIN INC,306 S Main St Ste 101,Buda,TX,78610-3867,11/19/2021,Paid in Full,60,100,87356.5,87356.5,0,,69225,"American Bank, National Association",5120 S. Padre Island Dr,CORPUS CHRISTI,TX,78411-4208,R,N,N,Existing or more than 2 years old,Buda,HAYS,TX,78610-3867,TX-21,9,722410,Unanswered,Unknown/NotStated,1,87353.5,,,,,,Corporation,69225,"American Bank, National Association",CORPUS CHRISTI,TX,Male Owned,Non-Veteran,,87926.74,10/06/2021
2771117109,04/11/2020,0681,PPP,"CUS AUSTIN, LLC",501 EAST 6TH STREET,AUSTIN,TX,78701-3741,09/30/2021,Paid in Full,24,100,86089,86089,0,,39099,BankPlus,202 E Jackson St,BELZONI,MS,39038-3524,U,N,N,Existing or more than 2 years old,AUSTIN,TRAVIS,TX,78701-3741,TX-37,5,722410,Unanswered,Not Hispanic or Latino,51653,34436,,,,,,Limited  Liability Company(LLC),29047,"First Bank and Trust, A Division of BankPlus",New Orleans,LA,Female Owned,Non-Veteran,,36731.36,07/14/2021
6445097707,05/01/2020,0681,PPP,MARTIN'S MARISCOS TAMPICO RESTAURANT,10601 N LAMAR BLVD,AUSTIN,TX,78753-3461,,Exemption 4,120,100,59512,85640,0,,9551,"Bank of America, National Association","100 N Tryon St, Ste 170",CHARLOTTE,NC,28202-4024,U,Y,Y,New Business or 2 years or less,AUSTIN,TRAVIS,TX,78753-3461,TX-17,19,722410,White,Hispanic or Latino,,85640,,,,,,Limited  Liability Company(LLC),9551,"Bank of America, National Association",CHARLOTTE,NC,Male Owned,Non-Veteran,,61414.54,07/02/2021
2758538304,01/21/2021,0681,PPS,NINE SUGARS LLC,1404 W 6th St,Austin,TX,78703-5106,07/09/2021,Paid in Full,60,100,85500,85500,0,,70134,Horizon Bank SSB,"600, W. 5th St.",Austin,TX,78701,U,N,N,Existing or more than 2 years old,Austin,TRAVIS,TX,78703-5106,TX-37,14,722410,Unanswered,Unknown/NotStated,1,85497,,,,,,Limited Liability Partnership,70134,Horizon Bank SSB,Austin,TX,Unanswered,Unanswered,,85842,06/15/2021
1713387204,04/15/2020,0681,PPP,"THE MARC ON THE SQUARE, LLC",120 E San Antonio St,SAN MARCOS,TX,78666,03/18/2021,Paid in Full,24,100,55200,84200,0,,71866,Schertz Bank & Trust,519 Main St,SCHERTZ,TX,78154-2144,R,Y,N,Unanswered,SAN MARCOS,HAYS,TX,78666-0001,TX-15,34,711310,White,Not Hispanic or Latino,,84200,,,,,,Limited  Liability Company(LLC),71866,Schertz Bank & Trust,SCHERTZ,TX,Male Owned,Non-Veteran,,84854.89,02/11/2021
2853838810,04/13/2021,0681,PPS,THE MARC ON THE SQUARE LLC,120 E San Antonio St,San Marcos,TX,78666-5509,12/16/2021,Paid in Full,60,100,84200,84200,0,,71866,Schertz Bank & Trust,519 Main St,SCHERTZ,TX,78154-2144,R,Y,N,Existing or more than 2 years old,San Marcos,HAYS,TX,78666-5509,TX-15,34,711310,White,Not Hispanic or Latino,1,84194,,,,,,Limited  Liability Company(LLC),71866,Schertz Bank & Trust,SCHERTZ,TX,Male Owned,Non-Veteran,,84667.78,11/02/2021
4681547104,04/13/2020,0681,PPP,SHINDIG BAR INC,13201 POND SPRINGS RD STE 208,AUSTIN,TX,78729-7104,04/22/2021,Paid in Full,24,100,84200,84200,0,,71783,Frost Bank,111 W Houston St,SAN ANTONIO,TX,78205-1414,U,N,Y,Existing or more than 2 years old,AUSTIN,WILLIAMSON,TX,78729-7104,TX-37,14,722410,Unanswered,Unknown/NotStated,,84200,,,,,,Subchapter S Corporation,71783,Frost Bank,SAN ANTONIO,TX,Male Owned,Non-Veteran,,84975.1,03/25/2021
5140618600,03/20/2021,0681,PPS,WILLIE'S JOINT LLC,824 Main St,Buda,TX,78610-3307,09/17/2021,Paid in Full,60,100,84167,84167,0,,110490,Falcon International Bank,7718 McPherson Rd,LAREDO,TX,78045-2805,R,N,N,Existing or more than 2 years old,Buda,HAYS,TX,78610-3307,TX-21,20,722410,Unanswered,Unknown/NotStated,1,84161,,,,,,Limited  Liability Company(LLC),110490,Falcon International Bank,LAREDO,TX,Male Owned,Unanswered,,84491.98,08/17/2021
3305057700,05/01/2020,0681,PPP,GOURDOUGHS LLC,1503 S. 1st St,Austin,TX,78704,06/17/2021,Paid in Full,24,100,84033.55,84033.55,0,,529050,"Square Capital, LLC","1455 Market Street, Suite 600",San Francisco,CA,94103,U,Y,N,Existing or more than 2 years old,Austin,TRAVIS,TX,78704-0001,TX-21,11,722410,Unanswered,Unknown/NotStated,10504.19,63025.16,10504.2,,,,,Limited  Liability Company(LLC),223542,Celtic Bank Corporation,SALT LAKE CITY,UT,Unanswered,Unanswered,,84880.79,05/06/2021
7718908600,03/24/2021,0681,PPS,HILLTOP BAR AND GRILL,22308 State Highway 71 W,Spicewood,TX,78669-6585,07/31/2021,Paid in Full,60,100,83720,83720,0,,69949,Security State Bank & Trust,201 W Main St,FREDERICKSBURG,TX,78624-3709,U,N,N,Existing or more than 2 years old,Spicewood,TRAVIS,TX,78669-6585,TX-10,10,722410,Unanswered,Unknown/NotStated,1,83714,,,,,,Corporation,69949,Security State Bank & Trust,FREDERICKSBURG,TX,Unanswered,Unanswered,,83982.79,07/23/2021
9470357109,04/15/2020,0681,PPP,OLD PECAN STREET ENTERPRISES INC,504 TRINITY ST,AUSTIN,TX,78701-3714,04/06/2021,Paid in Full,24,100,83500,83500,0,,70134,Horizon Bank SSB,"600, W. 5th St.",Austin,TX,78701,U,N,N,Existing or more than 2 years old,AUSTIN,TRAVIS,TX,78701-3714,TX-37,4,722410,Unanswered,Not Hispanic or Latino,,83500,,,,,,Corporation,70134,Horizon Bank SSB,Austin,TX,Male Owned,Non-Veteran,,84244.54,03/05/2021
5800948503,03/01/2021,0681,PPS,THE AUSTIN BARREL CONCEPT LLC,440 E Saint Elmo Rd Ste A-1,Austin,TX,78745-1260,08/23/2022,Paid in Full,60,100,82968,82968,0,,121536,Customers Bank,40 General Warren Blvd,Malvern,PA,19355,U,N,N,Existing or more than 2 years old,Austin,TRAVIS,TX,78745-1260,TX-37,10,722410,Unanswered,Unknown/NotStated,1,82966,,,,,,Limited  Liability Company(LLC),121536,Customers Bank,Malvern,PA,Unanswered,Unanswered,,84027.26,06/15/2022
1047897310,04/28/2020,0681,PPP,"TAS ENTERTAINMENT, LLC.",13492 Research Blvd #120357,AUSTIN,TX,78750-2252,03/10/2021,Paid in Full,24,100,82500,82500,0,,52905,First Western Bank & Trust,900 S Broadway,MINOT,ND,58701-4658,U,N,N,Unanswered,AUSTIN,WILLIAMSON,TX,78750-2252,TX-10,4,711310,Unanswered,Unknown/NotStated,,78500,,,4000,,,Corporation,52905,First Western Bank & Trust,MINOT,ND,Unanswered,Unanswered,,82995.46,02/12/2021
4767067005,04/04/2020,0681,PPP,MJL INTERESTS LLC,801 Springdale Rd,AUSTIN,TX,78702-4041,12/05/2020,Paid in Full,24,100,82500,82500,0,,70134,Horizon Bank SSB,"600, W. 5th St.",Austin,TX,78701,U,Y,Y,Existing or more than 2 years old,AUSTIN,TRAVIS,TX,78702-4041,TX-37,10,722410,Unanswered,Not Hispanic or Latino,,82500,,,,,,Limited  Liability Company(LLC),70134,Horizon Bank SSB,Austin,TX,Male Owned,Non-Veteran,,83020.83,02/12/2021
3549138703,03/31/2021,0681,PPS,AVANATOR GROUP INC,1700 Grand Avenue Pkwy Ste 240 Bldg 2,Pflugerville,TX,78660-2073,05/12/2022,Paid in Full,60,100,82005,82005,0,,72601,"Zions Bank, A Division of",1 S Main St,SALT LAKE CITY,UT,84133-1109,U,N,N,Existing or more than 2 years old,Pflugerville,TRAVIS,TX,78660-2073,TX-17,15,722410,Unanswered,Not Hispanic or Latino,1,82001,,,,,,Corporation,72601,"Zions Bank, A Division of",SALT LAKE CITY,UT,Male Owned,Non-Veteran,,82881.22,04/27/2022
8304478400,02/13/2021,0681,PPS,TIPSY ALCHEMIST AUSTIN LLC,70 Rainey St # 200,Austin,TX,78701-4737,01/15/2022,Paid in Full,60,100,81104.38,81104.38,0,,71653,Vista Bank,5840 W Northwest Hwy,DALLAS,TX,75225-3201,U,N,N,Existing or more than 2 years old,Austin,TRAVIS,TX,78701-4737,TX-37,18,722410,Unanswered,Unknown/NotStated,1,81102.38,,,,,,Limited  Liability Company(LLC),71653,Vista Bank,DALLAS,TX,Unanswered,Unanswered,,81753.22,12/14/2021
2754548310,01/21/2021,0681,PPS,LAVACA SOUTH LAMAR LP,801 Springdale Rd,Austin,TX,78702-4041,09/15/2021,Paid in Full,60,100,80500,80500,0,,70134,Horizon Bank SSB,"600, W. 5th St.",Austin,TX,78701,U,Y,Y,Existing or more than 2 years old,Austin,TRAVIS,TX,78702-4041,TX-37,4,722410,Unanswered,Not Hispanic or Latino,1,80497,,,,,,Limited Liability Partnership,70134,Horizon Bank SSB,Austin,TX,Male Owned,Non-Veteran,,80940.51,08/09/2021
4791937006,04/04/2020,0681,PPP,"CASINO EL CAMINO, LTD",517 E. 6th Street,AUSTIN,TX,78701-3741,03/05/2021,Paid in Full,24,100,80000,80000,0,,70134,Horizon Bank SSB,"600, W. 5th St.",Austin,TX,78701,U,N,N,Existing or more than 2 years old,AUSTIN,TRAVIS,TX,78701-3741,TX-37,24,722410,Unanswered,Unknown/NotStated,,80000,,,,,,Limited Liability Partnership,70134,Horizon Bank SSB,Austin,TX,Male Owned,Non-Veteran,,80673.33,02/09/2021
4803928607,03/20/2021,0681,PPS,SHINDIG BAR INC,13201 Pond Springs Rd Ste 208,Austin,TX,78729-7122,01/31/2022,Paid in Full,60,100,80000,80000,0,,71783,Frost Bank,111 W Houston St,SAN ANTONIO,TX,78205-1414,U,N,Y,Existing or more than 2 years old,Austin,WILLIAMSON,TX,78729-7122,TX-37,14,722410,Unanswered,Unknown/NotStated,1,79995,,,,,,Subchapter S Corporation,71783,Frost Bank,SAN ANTONIO,TX,Male Owned,Non-Veteran,,80572.05,12/09/2021
4401297108,04/13/2020,0681,PPP,"THE GROWLER BAR, LLC",1300 FM 685 STE 100,PFLUGERVILLE,TX,78660,04/20/2021,Paid in Full,24,100,79977.5,79977.5,0,,39848,Cadence Bank,201 S Spring St,TUPELO,MS,38804-4811,U,N,N,New Business or 2 years or less,PFLUGERVILLE,TRAVIS,TX,78660-0001,TX-17,13,722410,White,Not Hispanic or Latino,,79977.5,,,,,,Limited  Liability Company(LLC),39848,Cadence Bank,TUPELO,MS,Male Owned,Non-Veteran,,80708.41,03/18/2021
5277538307,01/25/2021,0681,PPS,1818 VENTURES LLC,601 E Whitestone Blvd Ste 600,Cedar Park,TX,78613-9047,10/20/2021,Paid in Full,60,100,79912,79912,0,,105536,Susser Bank,"100 Crescent Ct, Ste. 575",DALLAS,TX,75201,U,N,N,Existing or more than 2 years old,Cedar Park,WILLIAMSON,TX,78613-9047,TX-31,14,722410,Unanswered,Unknown/NotStated,,79911,,,,,,Limited  Liability Company(LLC),105536,Susser Bank,DALLAS,TX,Unanswered,Unanswered,,80358.63,08/27/2021
1037658703,03/26/2021,0681,PPS,KPP INTERNATIONAL INC,4134 Felter Ln Ste B,Austin,TX,78744-3210,01/12/2022,Paid in Full,60,100,79873,79873,0,,12096,"Wells Fargo Bank, National Association",101 N Philips Ave,SIOUX FALLS,SD,57104-6738,U,N,Y,Existing or more than 2 years old,Austin,TRAVIS,TX,78744-3210,TX-35,19,722410,Unanswered,Not Hispanic or Latino,,79872,,,,,,Corporation,12096,"Wells Fargo Bank, National Association",SIOUX FALLS,SD,Male Owned,Non-Veteran,,80415.7,12/03/2021
1441927108,04/10/2020,0681,PPP,FSW VENTURES LLC,127 E HOPKINS ST,SAN MARCOS,TX,78666-5611,06/11/2021,Paid in Full,24,100,79700,79700,0,,71727,Broadway National Bank,1177 NE Loop 410,SAN ANTONIO,TX,78209-1517,R,Y,N,Existing or more than 2 years old,SAN MARCOS,HAYS,TX,78666-5611,TX-15,15,722410,White,Not Hispanic or Latino,,79700,,,,,,Limited  Liability Company(LLC),71727,Broadway National Bank,SAN ANTONIO,TX,Male Owned,Non-Veteran,,80567.84,05/18/2021
3577978803,04/15/2021,0681,PPS,JETE INC,545 Manchester Ln,Austin,TX,78737-4543,03/05/2022,Paid in Full,60,100,78432.09,78432.09,0,,69819,Prosperity Bank,1301 N Mechanic,El Campo,TX,77437,R,N,N,Existing or more than 2 years old,Austin,HAYS,TX,78737-4543,TX-25,8,722410,Unanswered,Unknown/NotStated,1,78428.09,,,,,,Subchapter S Corporation,69819,Prosperity Bank,El Campo,TX,Female Owned,Veteran,,79063.84,02/09/2022
2373998410,02/03/2021,0681,PPS,GTOPM LLC,1502 W Ben White Blvd,Austin,TX,78704-7606,11/09/2021,Paid in Full,60,100,78300,78300,0,,70134,Horizon Bank SSB,"600, W. 5th St.",Austin,TX,78701,U,Y,Y,Existing or more than 2 years old,Austin,TRAVIS,TX,78704-7606,TX-21,10,722410,Unanswered,Unknown/NotStated,1,78298,,,,,,Limited  Liability Company(LLC),70134,Horizon Bank SSB,Austin,TX,Male Owned,Non-Veteran,,78819.82,10/04/2021
9845197204,04/28/2020,0681,PPP,SHYSGGROUPLLC,119 E Hutchinson Street,SAN MARCOS,TX,78666,06/24/2021,Paid in Full,24,100,78300,78300,0,,71866,Schertz Bank & Trust,519 Main St,SCHERTZ,TX,78154-2144,R,N,N,Unanswered,SAN MARCOS,HAYS,TX,78666-0001,TX-15,13,722410,Unanswered,Unknown/NotStated,,78300,,,,,,Limited  Liability Company(LLC),71866,Schertz Bank & Trust,SCHERTZ,TX,Male Owned,Unanswered,,79111.27,05/24/2021
1905278305,01/20/2021,0681,PPS,ONE CHORD SONG LLC,4425 S Mo Pac Expy Ste 601,Austin,TX,78735-6757,11/18/2021,Paid in Full,60,100,77610,77610,0,,9551,"Bank of America, National Association","100 N Tryon St, Ste 170",CHARLOTTE,NC,28202-4024,U,N,N,Existing or more than 2 years old,Austin,TRAVIS,TX,78735-6757,TX-37,8,711130,White,Not Hispanic or Latino,,77610,,,,,,Corporation,9551,"Bank of America, National Association",CHARLOTTE,NC,Male Owned,Non-Veteran,,78156.46,10/06/2021
1477957108,04/10/2020,0681,PPP,THE RANCH LLC,710 6TH ST,AUSTIN,TX,78701-2708,04/06/2021,Paid in Full,24,100,77600,77600,0,,70134,Horizon Bank SSB,"600, W. 5th St.",Austin,TX,78701,U,N,N,Existing or more than 2 years old,AUSTIN,TRAVIS,TX,78701-2708,TX-37,30,722410,Unanswered,Not Hispanic or Latino,,77600,,,,,,Limited  Liability Company(LLC),70134,Horizon Bank SSB,Austin,TX,Male Owned,Non-Veteran,,78339.36,03/22/2021
2351177109,04/10/2020,0681,PPP,1523 EL DORADO INC,"407 East 6th Street, Suite B",AUSTIN,TX,78701-3739,03/05/2021,Paid in Full,24,100,77500,77500,0,,70134,Horizon Bank SSB,"600, W. 5th St.",Austin,TX,78701,U,N,N,Existing or more than 2 years old,AUSTIN,TRAVIS,TX,78701-3739,TX-37,14,722410,White,Not Hispanic or Latino,,77500,,,,,,Corporation,70134,Horizon Bank SSB,Austin,TX,Male Owned,Non-Veteran,,78132.92,02/02/2021
4412427007,04/03/2020,0681,PPP,SMALL VICTORY LLC,108 E. 7TH ST,AUSTIN,TX,78701-3209,06/04/2021,Paid in Full,24,100,77500,77500,0,,70134,Horizon Bank SSB,"600, W. 5th St.",Austin,TX,78701,U,N,N,Existing or more than 2 years old,AUSTIN,TRAVIS,TX,78701-3209,TX-37,7,722410,Unanswered,Not Hispanic or Latino,,77500,,,,,,Limited  Liability Company(LLC),70134,Horizon Bank SSB,Austin,TX,Male Owned,Non-Veteran,,78341.74,05/05/2021
5406837010,04/05/2020,0681,PPP,"AUSTIN MY HOUSTON, LLC",121  5TH ST,AUSTIN,TX,78701-3601,03/05/2021,Paid in Full,24,100,77500,77500,0,,70134,Horizon Bank SSB,"600, W. 5th St.",Austin,TX,78701,U,N,N,Existing or more than 2 years old,AUSTIN,TRAVIS,TX,78701-3601,TX-37,19,722410,Unanswered,Not Hispanic or Latino,,77500,,,,,,Limited  Liability Company(LLC),70134,Horizon Bank SSB,Austin,TX,Male Owned,Non-Veteran,,78165.21,02/16/2021
5414547006,04/05/2020,0681,PPP,"MANOR GUYS, LLC",2805 MANOR RD,AUSTIN,TX,78722-1711,03/05/2021,Paid in Full,24,100,77500,77500,0,,70134,Horizon Bank SSB,"600, W. 5th St.",Austin,TX,78701,U,Y,Y,Existing or more than 2 years old,AUSTIN,TRAVIS,TX,78722-1711,TX-25,28,722410,Unanswered,Unknown/NotStated,,77500,,,,,,Limited  Liability Company(LLC),70134,Horizon Bank SSB,Austin,TX,Unanswered,Unanswered,,78165.21,02/16/2021
3871447410,05/08/2020,0681,PPP,UNBARLIEVABLE LLC,76 Rainey Street,AUSTIN,TX,78701,05/29/2021,Paid in Full,24,100,76800,76800,0,,72188,American Bank of Commerce,530 E Hwy 62/82,WOLFFORTH,TX,79382-9382,U,N,N,Unanswered,AUSTIN,TRAVIS,TX,78701-0001,TX-37,19,722410,Unanswered,Unknown/NotStated,,57600,,19200,,,,Limited  Liability Company(LLC),72188,American Bank of Commerce,WOLFFORTH,TX,Male Owned,Unanswered,,77265.01,12/23/2020
3894268610,03/17/2021,0681,PPS,GEJCCJ INC,1110 E Palm Valley Blvd,Round Rock,TX,78664-3234,01/12/2022,Paid in Full,60,100,76678,76678,0,,12096,"Wells Fargo Bank, National Association",101 N Philips Ave,SIOUX FALLS,SD,57104-6738,U,N,N,Existing or more than 2 years old,Round Rock,WILLIAMSON,TX,78664-3234,TX-31,6,722410,White,Hispanic or Latino,1,76674,,,,,,Corporation,12096,"Wells Fargo Bank, National Association",SIOUX FALLS,SD,Female Owned,Non-Veteran,,77222.1,12/03/2021
2391618601,03/15/2021,0681,PPS,KLODGE INC,407 E 6th St Ste B,Austin,TX,78701-3739,08/13/2022,Paid in Full,60,100,76569,76569,0,,529471,Itria Ventures LLC,"One Penn Plaza, Suite 4530",New York,NY,10119,U,N,N,Existing or more than 2 years old,Austin,TRAVIS,TX,78701-3739,TX-37,15,722410,White,Not Hispanic or Latino,1,76564,,,,,,Corporation,529471,Itria Ventures LLC,New York,NY,Male Owned,Unanswered,,77538.87,07/06/2022
4918397302,04/30/2020,0681,PPP,LAWMAN PROMOTIONS LTD,108 Bella Cima Drive,Austin,TX,78734,05/20/2021,Paid in Full,24,100,75960,75960,0,,113190,American Express National Bank,115 West Towne Ridge Parkway,Sandy,UT,84070,U,N,N,Existing or more than 2 years old,Austin,TRAVIS,TX,78734-0001,TX-10,5,711310,Unanswered,Unknown/NotStated,0,75960,0,0,,0,0,Subchapter S Corporation,113190,American Express National Bank,Sandy,UT,Unanswered,Unanswered,,76673.82,04/15/2021
3164228607,03/16/2021,0681,PPS,HOUSE WINE AUSTIN LLC,408 Josephine St,Austin,TX,78704-1017,04/01/2021,Paid in Full,60,100,75814,75814,0,,72188,American Bank of Commerce,530 E Hwy 62/82,WOLFFORTH,TX,79382-9382,U,N,N,Existing or more than 2 years old,Austin,TRAVIS,TX,78704-1017,TX-21,10,722410,White,Not Hispanic or Latino,1,75811,,,,,,Corporation,72188,American Bank of Commerce,WOLFFORTH,TX,Female Owned,Non-Veteran,,76090.25,07/30/2021
4152088403,02/06/2021,0681,PPS,UPSTAIRS CIRCUS ATX LLC,234 W 2nd St,Austin,TX,78701-4160,09/28/2021,Paid in Full,60,100,75734,75734,0,,456756,Cross River Bank,885 Teaneck Rd,TEANECK,NJ,07666-4546,U,N,N,Existing or more than 2 years old,Austin,TRAVIS,TX,78701-4160,TX-37,12,722410,White,Not Hispanic or Latino,1,75730,,,,,,Limited  Liability Company(LLC),456756,Cross River Bank,TEANECK,NJ,Male Owned,Non-Veteran,,76088.81,08/24/2021
5334628405,02/08/2021,0681,PPS,ATX BACKLINE,18105 Foust Dr,Buda,TX,78610-9746,03/16/2022,Paid in Full,60,100,75417,75417,0,,122478,Keystone Bank SSB,13715 E. Ladera Blvd.,Bee Cave,TX,78738,R,N,Y,Existing or more than 2 years old,Buda,HAYS,TX,78610-9746,TX-21,12,711130,White,Not Hispanic or Latino,1,75414,,,,,,Corporation,122478,Keystone Bank SSB,Bee Cave,TX,Male Owned,Non-Veteran,,75812.94,08/25/2021
3889137300,04/29/2020,0681,PPP,MJS VENTURES LLC,207 East 53rd Street,AUSTIN,TX,78751,03/05/2021,Paid in Full,24,100,75000,75000,0,,70134,Horizon Bank SSB,"600, W. 5th St.",Austin,TX,78701,U,Y,N,Existing or more than 2 years old,AUSTIN,TRAVIS,TX,78751-0001,TX-37,7,722410,Unanswered,Not Hispanic or Latino,,75000,,,,,,Limited  Liability Company(LLC),70134,Horizon Bank SSB,Austin,TX,Female Owned,Non-Veteran,,75482.67,02/12/2021
3187207706,05/01/2020,0681,PPP,"INTERNATIONAL MUSICIANS LEAGUE, INC.",501 CONGRESS AVE STE 150,AUSTIN,TX,78701,09/30/2021,Paid in Full,24,100,74962,74962,0,,48270,"JPMorgan Chase Bank, National Association",1111 Polaris Pkwy,COLUMBUS,OH,43240-2031,U,N,N,Existing or more than 2 years old,AUSTIN,TRAVIS,TX,78701-0001,TX-37,4,711130,Unanswered,Unknown/NotStated,,74962,,,,,,Subchapter S Corporation,194093,"JPMorgan Chase Bank, National Association",CHICAGO,IL,Unanswered,Unanswered,,75919.06,08/16/2021
2245408305,01/20/2021,0681,PPS,CONGRESS AVENUE INC,505 Neches St,Austin,TX,78701-3709,09/14/2021,Paid in Full,60,100,74800,74800,0,,70134,Horizon Bank SSB,"600, W. 5th St.",Austin,TX,78701,U,N,N,Existing or more than 2 years old,Austin,TRAVIS,TX,78701-3709,TX-37,14,722410,Unanswered,Unknown/NotStated,,74800,,,,,,Corporation,70134,Horizon Bank SSB,Austin,TX,Unanswered,Unanswered,,75209.32,08/06/2021
8237628309,01/29/2021,0681,PPS,HOOMS INC,208 E 6th St,Austin,TX,78701-3626,10/09/2021,Paid in Full,60,100,74375,74375,0,,69819,Prosperity Bank,1301 N Mechanic,El Campo,TX,77437,U,N,N,Existing or more than 2 years old,Austin,TRAVIS,TX,78701-3626,TX-37,14,722410,Unanswered,Unknown/NotStated,1,74369,,,,,,Corporation,69819,Prosperity Bank,El Campo,TX,Unanswered,Unanswered,,74784.57,08/24/2021
2456338308,01/20/2021,0681,PPS,503 E. 6TH STREET LLC,503 E 6th St,Austin,TX,78701-3732,08/05/2021,Paid in Full,60,100,74200,74200,0,,70134,Horizon Bank SSB,"600, W. 5th St.",Austin,TX,78701,U,N,N,Existing or more than 2 years old,Austin,TRAVIS,TX,78701-3732,TX-37,15,722410,Unanswered,Not Hispanic or Latino,1,74193,,,,,,Limited  Liability Company(LLC),70134,Horizon Bank SSB,Austin,TX,Male Owned,Non-Veteran,,74577.18,07/23/2021
6117417000,04/06/2020,0681,PPP,"WHITESTONE BREWERY, LLC",601 E WHITESTONE BLVD Ste 500,CEDAR PARK,TX,78613-9015,07/20/2021,Paid in Full,24,100,74000,74000,0,,454766,Third Coast Bank,"20202 Hwy 59 North, Ste 190",Humble,TX,77338,U,N,N,Existing or more than 2 years old,CEDAR PARK,WILLIAMSON,TX,78613-9015,TX-31,16,722410,White,Not Hispanic or Latino,,74000,,,,,,Limited  Liability Company(LLC),454766,Third Coast Bank,Humble,TX,Male Owned,Non-Veteran,,74877.72,06/22/2021
3100218409,02/04/2021,0681,PPS,CANNON SPORTS MANAGEMENT LLC,704 Crystal Ter,Austin,TX,78733-6125,05/11/2022,Paid in Full,60,100,73800,73800,0,,467147,Valliance Bank,"1601 NW Expwy, Ste 100",OKLAHOMA CITY,OK,73118-1420,U,N,N,Existing or more than 2 years old,Austin,TRAVIS,TX,78733-6125,TX-37,5,711310,Unanswered,Not Hispanic or Latino,1,73796,,,,,,Limited  Liability Company(LLC),467147,Valliance Bank,OKLAHOMA CITY,OK,Male Owned,Non-Veteran,,74691.75,04/20/2022
2300838309,01/20/2021,0681,PPS,CF LALA LTD,801 Springdale Rd,Austin,TX,78702-4041,09/14/2021,Paid in Full,60,100,73500,73500,0,,70134,Horizon Bank SSB,"600, W. 5th St.",Austin,TX,78701,U,Y,Y,Existing or more than 2 years old,Austin,TRAVIS,TX,78702-4041,TX-37,5,722410,Unanswered,Unknown/NotStated,1,73498,,,,,,Limited Liability Partnership,70134,Horizon Bank SSB,Austin,TX,Unanswered,Unanswered,,73902.21,08/06/2021
3029518303,01/21/2021,0681,PPS,SPRING BREAK '06 LLC,610 Nueces St,Austin,TX,78701-2812,09/14/2021,Paid in Full,60,100,73500,73500,0,,70134,Horizon Bank SSB,"600, W. 5th St.",Austin,TX,78701,U,N,N,Existing or more than 2 years old,Austin,TRAVIS,TX,78701-2812,TX-37,6,722410,Unanswered,Not Hispanic or Latino,1,73498,,,,,,Limited  Liability Company(LLC),70134,Horizon Bank SSB,Austin,TX,Male Owned,Non-Veteran,,73922.62,08/24/2021
7884517110,04/14/2020,0681,PPP,"DIRTYBILL ENTERPRISES, LLC",511 RIO GRANDE STREET,AUSTIN,TX,78701,05/29/2021,Paid in Full,24,100,73500,73500,0,,72188,American Bank of Commerce,530 E Hwy 62/82,WOLFFORTH,TX,79382-9382,U,N,N,Existing or more than 2 years old,AUSTIN,TRAVIS,TX,78701-0001,TX-37,12,722410,Unanswered,Unknown/NotStated,,73500,,,,,,Limited  Liability Company(LLC),72188,American Bank of Commerce,WOLFFORTH,TX,Unanswered,Unanswered,,74017.52,01/07/2021
1907318308,01/20/2021,0681,PPS,SIXTH STREET CONCEPTS LLC,419 E 6th St,Austin,TX,78701-3739,10/16/2021,Paid in Full,60,100,73483.69,73483.69,0,,454766,Third Coast Bank,"20202 Hwy 59 North, Ste 190",Humble,TX,77338,U,N,N,Existing or more than 2 years old,Austin,TRAVIS,TX,78701-3739,TX-37,13,722410,Unanswered,Unknown/NotStated,1,73479.69,,,,,,Limited  Liability Company(LLC),454766,Third Coast Bank,Humble,TX,Unanswered,Unanswered,,73942.96,09/17/2021
1521807107,04/10/2020,0681,PPP,BUCKSHOT 6TH STREET LLC,422 E 6TH ST,AUSTIN,TX,78701-3740,04/06/2021,Paid in Full,24,100,73000,73000,0,,70134,Horizon Bank SSB,"600, W. 5th St.",Austin,TX,78701,U,N,N,Existing or more than 2 years old,AUSTIN,TRAVIS,TX,78701-3740,TX-37,30,722410,Unanswered,Not Hispanic or Latino,,73000,,,,,,Limited  Liability Company(LLC),70134,Horizon Bank SSB,Austin,TX,Unanswered,Unanswered,,73695.53,03/22/2021
4752407008,04/04/2020,0681,PPP,MEC AUSTIN INVESTORS LP,801 Springdale Rd,AUSTIN,TX,78702-4041,12/05/2020,Paid in Full,24,100,72500,72500,0,,70134,Horizon Bank SSB,"600, W. 5th St.",Austin,TX,78701,U,Y,Y,Existing or more than 2 years old,AUSTIN,TRAVIS,TX,78702-4041,TX-37,7,722410,Unanswered,Unknown/NotStated,,72500,,,,,,Limited Liability Partnership,70134,Horizon Bank SSB,Austin,TX,Male Owned,Non-Veteran,,72958.25,02/12/2021
4392007110,04/13/2020,0681,PPP,EL LEONS EAST LLC,1910 E. Cesar Chavez Street,AUSTIN,TX,78702-4502,04/06/2021,Paid in Full,24,100,70000,70000,0,,70134,Horizon Bank SSB,"600, W. 5th St.",Austin,TX,78701,U,Y,Y,Existing or more than 2 years old,AUSTIN,TRAVIS,TX,78702-4502,TX-37,13,722410,Unanswered,Unknown/NotStated,,70000,,,,,,Limited  Liability Company(LLC),70134,Horizon Bank SSB,Austin,TX,Male Owned,Non-Veteran,,70639.72,03/10/2021
2920338705,03/30/2021,0681,PPS,LOGIES ON THE CORNER LP,11701 Bee Caves Rd N/A,Bee Cave,TX,78738-5013,01/31/2022,Paid in Full,60,100,69435,69435,0,,121536,Customers Bank,40 General Warren Blvd,Malvern,PA,19355,U,N,N,Existing or more than 2 years old,Bee Cave,TRAVIS,TX,78738-5013,TX-25,57,722410,Unanswered,Unknown/NotStated,1,69432,,,,,,Corporation,121536,Customers Bank,Malvern,PA,Unanswered,Unanswered,,69946.73,01/04/2022
4191788404,02/06/2021,0681,PPS,FUSE BOX AUSTIN,2023 E Cesar Chavez St,Austin,TX,78702-4511,09/29/2021,Paid in Full,60,100,69400,69400,0,,71783,Frost Bank,111 W Houston St,SAN ANTONIO,TX,78205-1414,U,Y,Y,Existing or more than 2 years old,Austin,TRAVIS,TX,78702-4511,TX-37,6,711310,Unanswered,Unknown/NotStated,,69399,,,,,,Non-Profit Organization,71783,Frost Bank,SAN ANTONIO,TX,Unanswered,Unanswered,Y,69740.35,08/09/2021
1181177307,04/28/2020,0681,PPP,LONGHORN SUBS LTD,2500 W William Cannon Dr STE 203,AUSTIN,TX,78745,08/11/2021,Paid in Full,24,100,68983,68983,0,Subway,110352,First Bank of the Lake,"4558 Osage Beach Pkwy, Ste 100",OSAGE BEACH,MO,65065-2372,U,N,N,Unanswered,AUSTIN,TRAVIS,TX,78745-0001,TX-37,15,722410,Asian,Not Hispanic or Latino,,68983,,,,,,Limited Liability Partnership,110352,First Bank of the Lake,OSAGE BEACH,MO,Male Owned,Non-Veteran,,69776.3,07/06/2021
7167507104,04/14/2020,0681,PPP,FLATLAND CAVALRY INC.,4425 S Mopac Expressway Suite 601,AUSTIN,TX,78735,09/23/2021,Paid in Full,24,100,68300,68300,0,,71316,PlainsCapital Bank,2911 Turtle Creek Blvd. Suite 700,DALLAS,TX,75219,U,N,N,Existing or more than 2 years old,AUSTIN,TRAVIS,TX,78735-0001,TX-21,8,711130,Unanswered,Unknown/NotStated,,68300,,,,,,Corporation,71316,PlainsCapital Bank,DALLAS,TX,Unanswered,Unanswered,,69204.98,08/16/2021
8430837003,04/08/2020,0681,PPP,SELLERS UNDERGROUND LLC,213 W. 4th Street,AUSTIN,TX,78701-3916,09/14/2021,Paid in Full,24,100,68067.5,68067.5,0,,69787,Bank of Houston,"4400 Post Oak Pkwy, Ste 250",Houston,TX,77027,U,N,N,Existing or more than 2 years old,AUSTIN,TRAVIS,TX,78701-3916,TX-37,14,722410,Unanswered,Unknown/NotStated,,51050.63,,17016.87,,,,Limited  Liability Company(LLC),69787,Bank of Houston,Houston,TX,Male Owned,Non-Veteran,,68968.23,08/12/2021
2643507201,04/16/2020,0681,PPP,CYROOS INC,416 E 6TH STREET,AUSTIN,TX,78701-3740,06/09/2021,Paid in Full,24,100,67700,67700,0,,69819,Prosperity Bank,1301 N Mechanic,El Campo,TX,77437,U,N,N,Existing or more than 2 years old,AUSTIN,TRAVIS,TX,78701-3740,TX-37,15,722410,Unanswered,Unknown/NotStated,,67700,,,,,,Corporation,69819,Prosperity Bank,El Campo,TX,Unanswered,Unanswered,,68397.4,05/06/2021
1727037107,04/10/2020,0681,PPP,"SALJAR, INC",629 W BEN WHITE BLVD,AUSTIN,TX,78704-7031,07/22/2021,Paid in Full,24,100,67500,67500,0,,71727,Broadway National Bank,1177 NE Loop 410,SAN ANTONIO,TX,78209-1517,U,Y,Y,Existing or more than 2 years old,AUSTIN,TRAVIS,TX,78704-7031,TX-21,24,722410,Unanswered,Unknown/NotStated,4000,50625,,12875,,,,Corporation,71727,Broadway National Bank,SAN ANTONIO,TX,Male Owned,Non-Veteran,,68261.25,06/01/2021
6040767208,04/27/2020,0681,PPP,"BLIND SPOT, LLC",612 BRAZOS ST,AUSTIN,TX,78701-3246,02/12/2021,Paid in Full,24,100,66722,66722,0,,69787,Bank of Houston,"4400 Post Oak Pkwy, Ste 250",Houston,TX,77027,U,N,N,Unanswered,AUSTIN,TRAVIS,TX,78701-3246,TX-37,11,722410,Unanswered,Unknown/NotStated,,52914,,13808,,,,Limited  Liability Company(LLC),69787,Bank of Houston,Houston,TX,Unanswered,Unanswered,,67193.62,01/14/2021
1834138605,03/13/2021,0681,PPS,407 BARLIB LLC,407 E 6th St Ste B,Austin,TX,78701-3739,01/21/2022,Paid in Full,60,100,65366,65366,0,,529471,Itria Ventures LLC,"One Penn Plaza, Suite 4530",New York,NY,10119,U,N,N,Existing or more than 2 years old,Austin,TRAVIS,TX,78701-3739,TX-37,17,722410,Unanswered,Unknown/NotStated,1,65362,,,,,,Limited  Liability Company(LLC),529471,Itria Ventures LLC,New York,NY,Female Owned,Non-Veteran,,65789.06,01/03/2022
8799817204,04/28/2020,0681,PPP,SPIRITED COCKTAILS CORPORATION,8201 Carranzo Dr,AUSTIN,TX,78735,11/18/2021,Paid in Full,24,100,65262,65264,0,,9551,"Bank of America, National Association","100 N Tryon St, Ste 170",CHARLOTTE,NC,28202-4024,U,N,N,Unanswered,AUSTIN,TRAVIS,TX,78735-0001,TX-21,10,722410,Unanswered,Unknown/NotStated,,65264,,,,,,Limited  Liability Company(LLC),9551,"Bank of America, National Association",CHARLOTTE,NC,Unanswered,Unanswered,,66202.73,10/07/2021
2153097108,04/10/2020,0681,PPP,406 MPBAR LLC,"407 East 6th Street, Suite B",AUSTIN,TX,78701-3739,03/05/2021,Paid in Full,24,100,65000,65000,0,,70134,Horizon Bank SSB,"600, W. 5th St.",Austin,TX,78701,U,N,N,Existing or more than 2 years old,AUSTIN,TRAVIS,TX,78701-3739,TX-37,14,722410,Unanswered,Unknown/NotStated,,65000,,,,,,Corporation,70134,Horizon Bank SSB,Austin,TX,Female Owned,Non-Veteran,,65530.83,02/02/2021
9521777205,04/28/2020,0681,PPP,ONE EYED ODIN,3116 S Congress Ave,AUSTIN,TX,78704-6427,03/12/2021,Paid in Full,24,100,64800,64800,0,,71727,Broadway National Bank,1177 NE Loop 410,SAN ANTONIO,TX,78209-1517,U,N,N,Existing or more than 2 years old,AUSTIN,TRAVIS,TX,78704-6427,TX-21,13,722410,Unanswered,Unknown/NotStated,,58320,,6480,,,,Sole Proprietorship,71727,Broadway National Bank,SAN ANTONIO,TX,Unanswered,Unanswered,,65300.4,02/10/2021
6339628605,03/23/2021,0681,PPS,325 BARTHIRST LLC,407 E 6th St Ste B,Austin,TX,78701-3739,01/21/2022,Paid in Full,60,100,63878,63878,0,,529471,Itria Ventures LLC,"One Penn Plaza, Suite 4530",New York,NY,10119,U,N,N,Existing or more than 2 years old,Austin,TRAVIS,TX,78701-3739,TX-37,22,722410,Unanswered,Unknown/NotStated,1,63874,,,,,,Corporation,529471,Itria Ventures LLC,New York,NY,Female Owned,Non-Veteran,,64360.63,12/29/2021
4746358300,01/23/2021,0681,PPS,SPLIT LEVEL LLC,300 E 6th St,Austin,TX,78701-3628,11/06/2021,Paid in Full,60,100,63511.17,63511.17,0,,69819,Prosperity Bank,1301 N Mechanic,El Campo,TX,77437,U,N,N,Existing or more than 2 years old,Austin,TRAVIS,TX,78701-3628,TX-37,8,722410,Unanswered,Unknown/NotStated,1,63505.17,,,,,,Limited  Liability Company(LLC),69819,Prosperity Bank,El Campo,TX,Unanswered,Unanswered,,63965.32,10/25/2021
2974257105,04/11/2020,0681,PPP,"WALLER ENTERPRISES, LLC",700 E 6TH ST,AUSTIN,TX,78701-3718,03/20/2021,Paid in Full,24,100,63500,63500,0,,71783,Frost Bank,111 W Houston St,SAN ANTONIO,TX,78205-1414,U,N,N,Existing or more than 2 years old,AUSTIN,TRAVIS,TX,78701-3718,TX-37,22,722410,Unanswered,Unknown/NotStated,,63500,,,,,,Limited  Liability Company(LLC),71783,Frost Bank,SAN ANTONIO,TX,Unanswered,Unanswered,,63900.63,02/12/2021
6219377100,04/14/2020,0681,PPP,SAN MARCOS TAVERN INC,804 CHESTNUT ST Suite D,SAN MARCOS,TX,78666-4559,06/23/2021,Paid in Full,24,100,63224,63200,0,,71783,Frost Bank,111 W Houston St,SAN ANTONIO,TX,78205-1414,R,Y,N,Existing or more than 2 years old,SAN MARCOS,HAYS,TX,78666-4559,TX-21,16,722410,Unanswered,Not Hispanic or Latino,,63200,,,,,,Subchapter S Corporation,71783,Frost Bank,SAN ANTONIO,TX,Male Owned,Non-Veteran,,63849.32,05/05/2021
6691358410,02/10/2021,0681,PPS,ET & GJ INC.,4631 Airport Blvd Ste 121,Austin,TX,78751-3442,10/16/2021,Paid in Full,60,100,63100,63100,0,,106661,University FCU,"8303 N Mopac Expwy, Ste A-105",AUSTIN,TX,78759,U,Y,N,Existing or more than 2 years old,Austin,TRAVIS,TX,78751-3442,TX-37,11,722410,Unanswered,Unknown/NotStated,1,63098,,,,,,Corporation,106661,University FCU,AUSTIN,TX,Unanswered,Unanswered,,63466.33,09/09/2021
5093748502,02/27/2021,0681,PPP,KJCW LLC,23120 State Highway 71 W,Spicewood,TX,78669-6460,03/16/2022,Paid in Full,60,100,62770,62770,0,,122478,Keystone Bank SSB,13715 E. Ladera Blvd.,Bee Cave,TX,78738,U,N,N,Existing or more than 2 years old,Spicewood,TRAVIS,TX,78669-6460,TX-25,6,722410,White,Not Hispanic or Latino,,62770,,,,,,Limited  Liability Company(LLC),122478,Keystone Bank SSB,Bee Cave,TX,Male Owned,Non-Veteran,,63048.98,08/17/2021
1891477210,04/15/2020,0681,PPP,"CARMACK CONCEPTS, LLC",715 W 6TH ST,AUSTIN,TX,78701,02/18/2022,Paid in Full,24,100,62500,62500,0,,188567,Loan Source Incorporated,353 East 83rd Street Suite 3H,NEW YORK,NY,10028,U,N,N,New Business or 2 years or less,AUSTIN,TRAVIS,TX,78701-0001,TX-37,3,722410,Unanswered,Not Hispanic or Latino,,62500,,,,,,Limited  Liability Company(LLC),39848,Cadence Bank,TUPELO,MS,Male Owned,Non-Veteran,,63314.06,08/12/2021
4742097007,04/04/2020,0681,PPP,BRAZOS HALL LLC,801 Springdale Rd.,AUSTIN,TX,78702-4041,12/05/2020,Paid in Full,24,100,62500,62500,0,,70134,Horizon Bank SSB,"600, W. 5th St.",Austin,TX,78701,U,Y,Y,Existing or more than 2 years old,AUSTIN,TRAVIS,TX,78702-4041,TX-37,4,711310,Unanswered,Unknown/NotStated,,62500,,,,,,Limited  Liability Company(LLC),70134,Horizon Bank SSB,Austin,TX,Unanswered,Unanswered,,62868.06,11/09/2020
1332337403,05/04/2020,0681,PPP,"NATE'S AT BUDA MILL AND GRAIN, INC.",306 S MAIN ST Ste 101,BUDA,TX,78610-3867,09/21/2021,Paid in Full,24,100,62399,62399,0,,69225,"American Bank, National Association",5120 S. Padre Island Dr,CORPUS CHRISTI,TX,78411-4208,R,N,N,Existing or more than 2 years old,BUDA,HAYS,TX,78610-3492,TX-21,12,722410,Unanswered,Unknown/NotStated,,62399,,,,,,Corporation,69225,"American Bank, National Association",CORPUS CHRISTI,TX,Male Owned,Non-Veteran,,63173.79,08/03/2021
2284598308,01/20/2021,0681,PPS,AJRS L.L.C.,138 NLBJ,SAN MARCOS,TX,78666,10/16/2021,Paid in Full,60,100,61771,61771,0,,9551,"Bank of America, National Association","100 N Tryon St, Ste 170",CHARLOTTE,NC,28202-4024,R,Y,N,Existing or more than 2 years old,SAN MARCOS,HAYS,TX,78666,TX-15,19,722410,Asian,Unknown/NotStated,1,61766,,,,,,Limited  Liability Company(LLC),9551,"Bank of America, National Association",CHARLOTTE,NC,Female Owned,Non-Veteran,,62153.47,09/09/2021
2671778401,02/03/2021,0681,PPS,ESCONDIDO HSB LLC,1201 Old Bastrop Hwy,Austin,TX,78742-2600,02/18/2022,Paid in Full,60,100,60581,60581,0,,188567,Loan Source Incorporated,353 East 83rd Street Suite 3H,NEW YORK,NY,10028,U,Y,Y,Existing or more than 2 years old,Austin,TRAVIS,TX,78742-2600,TX-35,10,722410,White,Not Hispanic or Latino,1,60576,,,,,,Limited  Liability Company(LLC),39848,Cadence Bank,TUPELO,MS,Male Owned,Veteran,,61105.48,12/22/2021
2325807104,04/10/2020,0681,PPP,KLODGE INC,"407 East 6th Street, Suite B",AUSTIN,TX,78701-3739,02/05/2021,Paid in Full,24,100,60000,60000,0,,70134,Horizon Bank SSB,"600, W. 5th St.",Austin,TX,78701,U,N,N,Existing or more than 2 years old,AUSTIN,TRAVIS,TX,78701-3739,TX-37,10,722410,White,Not Hispanic or Latino,,60000,,,,,,Corporation,70134,Horizon Bank SSB,Austin,TX,Male Owned,Unanswered,,60478.33,01/26/2021
8469418304,01/29/2021,0681,PPS,AIN'T MY GINGER LLC,121 E 5th St,Austin,TX,78701-3601,10/08/2021,Paid in Full,60,100,59500,59500,0,,70134,Horizon Bank SSB,"600, W. 5th St.",Austin,TX,78701,U,N,N,Existing or more than 2 years old,Austin,TRAVIS,TX,78701-3601,TX-37,20,722410,Unanswered,Not Hispanic or Latino,,59500,,,,,,Limited  Liability Company(LLC),70134,Horizon Bank SSB,Austin,TX,Male Owned,Non-Veteran,,59861.96,09/13/2021
5344578004,06/28/2020,0681,PPP,INDIAN ROLLER LLC,2001 JONES RD,AUSTIN,TX,78745-2721,03/23/2022,Paid in Full,60,100,59484,59484,0,,456756,Cross River Bank,885 Teaneck Rd,TEANECK,NJ,07666-4546,U,Y,Y,Existing or more than 2 years old,AUSTIN,TRAVIS,TX,78745-2721,TX-37,10,722410,Unanswered,Unknown/NotStated,,59484,,,,,,Limited  Liability Company(LLC),529113,"Kabbage, Inc.",Atlanta,GA,Unanswered,Unanswered,,60398.26,01/13/2022
2285387310,04/29/2020,0681,PPP,"HARTT & SOUL PRODUCTIONS, LLC",7701 BEE CAVES RD,AUSTIN,TX,78746,06/16/2022,Paid in Full,24,100,59100,59100,0,,72188,American Bank of Commerce,530 E Hwy 62/82,WOLFFORTH,TX,79382-9382,U,N,N,Existing or more than 2 years old,AUSTIN,TRAVIS,TX,78746-0001,TX-10,19,711310,Unanswered,Unknown/NotStated,,59100,,,,,,Limited  Liability Company(LLC),72188,American Bank of Commerce,WOLFFORTH,TX,Unanswered,Unanswered,,47271.98,04/05/2021
9600637207,04/28/2020,0681,PPP,ROCK-N-P INC,850 Country Road 255,Georgetown,TX,78633-4082,06/09/2021,Paid in Full,24,100,59100,59100,0,,69819,Prosperity Bank,1301 N Mechanic,El Campo,TX,77437,U,N,N,Existing or more than 2 years old,Georgetown,WILLIAMSON,TX,78633-4082,TX-31,9,711310,Unanswered,Not Hispanic or Latino,,59100,,,,,,Corporation,69819,Prosperity Bank,El Campo,TX,Male Owned,Unanswered,,59716.91,05/18/2021
6887738506,03/04/2021,0681,PPS,ROCK N P INC,850 County Road 255,Georgetown,TX,78633-4082,03/05/2022,Paid in Full,60,100,59092.5,59092.5,0,,69819,Prosperity Bank,1301 N Mechanic,El Campo,TX,77437,U,N,N,Existing or more than 2 years old,Georgetown,WILLIAMSON,TX,78633-4082,TX-31,8,711310,Unanswered,Not Hispanic or Latino,,59092.5,,,,,,Corporation,69819,Prosperity Bank,El Campo,TX,Male Owned,Unanswered,,59623.52,02/09/2022
3432907110,04/11/2020,0681,PPP,FUSE BOX AUSTIN,2023 CESAR CHAVEZ ST,AUSTIN,TX,78702-4511,01/22/2021,Paid in Full,24,100,58700,58700,0,,71783,Frost Bank,111 W Houston St,SAN ANTONIO,TX,78205-1414,U,N,Y,Existing or more than 2 years old,AUSTIN,TRAVIS,TX,78702-4511,TX-37,8,711310,Unanswered,Unknown/NotStated,,58700,,,,,,Non-Profit Organization,71783,Frost Bank,SAN ANTONIO,TX,Unanswered,Unanswered,Y,59089.19,12/21/2020
3753937109,04/12/2020,0681,PPP,"AVANATOR GROUP, INC.",3100 ESPERANZA XING Apt 6406,AUSTIN,TX,78758-0009,04/21/2021,Paid in Full,24,100,58575,58575,0,,451098,Stellar Bank,8727 W Sam Houston Pkwy North,HOUSTON,TX,77040-5167,U,N,N,Existing or more than 2 years old,AUSTIN,TRAVIS,TX,78758-0009,TX-37,13,722410,Unanswered,Not Hispanic or Latino,,58575,,,,,,Corporation,451098,Stellar Bank,HOUSTON,TX,Male Owned,Non-Veteran,,59137.97,04/06/2021
6764117109,04/14/2020,0681,PPP,"REY GUAPO ENTERPRISES, LLC",9520 Spectrum Drive #11308,Austin,TX,78717-0061,07/09/2021,Paid in Full,24,100,58000,58000,0,,68987,Independent Bank d/b/a Independent Financial,3090 Craig Dr,MCKINNEY,TX,75070-4352,U,N,N,Existing or more than 2 years old,Austin,WILLIAMSON,TX,78717-0061,TX-31,1,722410,Unanswered,Unknown/NotStated,2000,48000,,8000,,,,Limited  Liability Company(LLC),68987,Independent Bank d/b/a Independent Financial,MCKINNEY,TX,Male Owned,Unanswered,,58687.94,06/28/2021
8155528408,02/13/2021,0681,PPP,SD CREATIONS LLC,101 E Main St,Round Rock,TX,78664-5242,10/06/2021,Paid in Full,60,100,57900,57900,0,,70023,First Texas Bank,900 S Austin Ave,GEORGETOWN,TX,78626-5822,U,Y,Y,Existing or more than 2 years old,Round Rock,WILLIAMSON,TX,78664-5242,TX-31,10,722410,Unanswered,Not Hispanic or Latino,1,57898,,,,,,Limited  Liability Company(LLC),70023,First Texas Bank,GEORGETOWN,TX,Male Owned,Non-Veteran,,58218.85,09/15/2021
6604177106,04/14/2020,0681,PPP,AUSTIN CHAMBER MUSIC CENTER,7600 BURNET RD Ste 190,AUSTIN,TX,78757-0003,12/09/2020,Paid in Full,24,100,57660,57660,0,,123409,First Internet Bank of Indiana,8701 E 116th St,FISHERS,IN,46038,U,N,N,Existing or more than 2 years old,AUSTIN,TRAVIS,TX,78757-0003,TX-37,5,711310,Unanswered,Unknown/NotStated,,57660,,,,,,Non-Profit Organization,123409,First Internet Bank of Indiana,FISHERS,IN,Male Owned,Non-Veteran,Y,57993.15,11/17/2020
8324558310,01/29/2021,0681,PPS,AUSTIN CHAMBER MUSIC CENTER,7600 Burnet Rd Ste 190,Austin,TX,78757-0003,09/23/2021,Paid in Full,60,100,57660,57660,0,,123409,First Internet Bank of Indiana,8701 E 116th St,FISHERS,IN,46038,U,N,N,Existing or more than 2 years old,Austin,TRAVIS,TX,78757-0003,TX-37,5,711310,Unanswered,Unknown/NotStated,,57660,,,,,,Non-Profit Organization,123409,First Internet Bank of Indiana,FISHERS,IN,Male Owned,Non-Veteran,Y,57964.32,09/07/2021
8856338609,03/25/2021,0681,PPS,MORT SUBITE LLC,1305 W Oltorf St Ste 400,Austin,TX,78704-5362,,Exemption 4,60,100,57575,57575,0,,72188,American Bank of Commerce,530 E Hwy 62/82,WOLFFORTH,TX,79382-9382,U,Y,N,Existing or more than 2 years old,Austin,TRAVIS,TX,78704-5362,TX-21,6,722410,White,Not Hispanic or Latino,1,57571,,,,,,Limited  Liability Company(LLC),72188,American Bank of Commerce,WOLFFORTH,TX,Male Owned,Non-Veteran,,51801.88,02/16/2022
4478867002,04/03/2020,0681,PPP,"CONGRESS AVENUE, INC.",505 NECHES ST,AUSTIN,TX,78701-3709,03/05/2021,Paid in Full,24,100,57500,57500,0,,70134,Horizon Bank SSB,"600, W. 5th St.",Austin,TX,78701,U,N,N,Existing or more than 2 years old,AUSTIN,TRAVIS,TX,78701-3709,TX-37,16,722410,Unanswered,Unknown/NotStated,,57500,,,,,,Corporation,70134,Horizon Bank SSB,Austin,TX,Unanswered,Unanswered,,57871.6,02/12/2021
2957347705,05/01/2020,0681,PPP,NEW TX SALON LLC.,109 CYPRESS CREEK RD STE B6,CEDAR PARK,TX,78613,03/20/2021,Paid in Full,24,100,57365,57365,0,,48270,"JPMorgan Chase Bank, National Association",1111 Polaris Pkwy,COLUMBUS,OH,43240-2031,U,N,N,Existing or more than 2 years old,CEDAR PARK,WILLIAMSON,TX,78613-0001,TX-31,9,722410,Unanswered,Unknown/NotStated,2395,47290,,7680,,,,Corporation,194093,"JPMorgan Chase Bank, National Association",CHICAGO,IL,Unanswered,Unanswered,,57733.67,02/12/2021
8795107010,04/08/2020,0681,PPP,SIXTH STREET CONCEPTS LLC,419 E. 6TH ST,AUSTIN,TX,78701-3739,02/20/2021,Paid in Full,24,100,56400,56400,0,,454766,Third Coast Bank,"20202 Hwy 59 North, Ste 190",Humble,TX,77338,U,N,N,Existing or more than 2 years old,AUSTIN,TRAVIS,TX,78701-3739,TX-37,27,722410,Unanswered,Unknown/NotStated,,56400,,,,,,Limited  Liability Company(LLC),454766,Third Coast Bank,Humble,TX,Unanswered,Unanswered,,56803.3,01/11/2021
1415138404,02/01/2021,0681,PPS,CAN'T STOP THE GOOD TIMES TOURING INC.,4425 S Mo Pac Expy Ste 601,Austin,TX,78735-6757,01/21/2022,Paid in Full,60,100,56270,56270,0,,48270,"JPMorgan Chase Bank, National Association",1111 Polaris Pkwy,COLUMBUS,OH,43240-2031,U,N,N,Existing or more than 2 years old,Austin,TRAVIS,TX,78735-6757,TX-37,12,711130,Unanswered,Unknown/NotStated,,56270,,,,,,Subchapter S Corporation,48270,"JPMorgan Chase Bank, National Association",COLUMBUS,OH,Unanswered,Unanswered,,56750.98,12/14/2021
8092128408,02/12/2021,0681,PPS,FLATLAND CAVALRY INC.,4425 S Mo Pac Expy Ste 601,Austin,TX,78735-6757,08/06/2022,Paid in Full,60,100,56270,56270,0,,71316,PlainsCapital Bank,2911 Turtle Creek Blvd. Suite 700,DALLAS,TX,75219,U,N,N,Existing or more than 2 years old,Austin,TRAVIS,TX,78735-6757,TX-37,8,711130,Unanswered,Unknown/NotStated,,56270,,,,,,Corporation,71316,PlainsCapital Bank,DALLAS,TX,Unanswered,Unanswered,,57074.97,07/14/2022
5945907300,04/30/2020,0681,PPP,JETE INC,6148 W Highway 290,Austin,TX,78735-8644,10/06/2021,Paid in Full,24,100,55957,55957,0,,69819,Prosperity Bank,1301 N Mechanic,El Campo,TX,77437,U,N,N,Existing or more than 2 years old,Austin,TRAVIS,TX,78735-8644,TX-21,10,722410,Unanswered,Unknown/NotStated,,55957,,,,,,Subchapter S Corporation,69819,Prosperity Bank,El Campo,TX,Female Owned,Veteran,,52307.75,09/01/2021
7780348403,02/12/2021,0681,PPS,CADENCE SPORTS INCORPORATED,172 Trademark St,Buda,TX,78610-3561,12/18/2021,Paid in Full,60,100,55732,55732,0,,48270,"JPMorgan Chase Bank, National Association",1111 Polaris Pkwy,COLUMBUS,OH,43240-2031,R,N,N,Existing or more than 2 years old,Buda,HAYS,TX,78610-3561,TX-21,4,711310,White,Not Hispanic or Latino,1,55730,,,,,,Corporation,48270,"JPMorgan Chase Bank, National Association",COLUMBUS,OH,Male Owned,Non-Veteran,,56123.42,11/02/2021
6991688308,01/27/2021,0681,PPS,COPPER TOP TAVERN AUSTIN LLC,15912 Ranch Road 620 N Ste 101,Austin,TX,78717-4911,10/09/2021,Paid in Full,60,100,55719.72,55719.72,0,,69819,Prosperity Bank,1301 N Mechanic,El Campo,TX,77437,U,N,N,Existing or more than 2 years old,Austin,WILLIAMSON,TX,78717-4911,TX-10,8,722410,Unanswered,Unknown/NotStated,1,55715.72,,,,,,Limited  Liability Company(LLC),69819,Prosperity Bank,El Campo,TX,Unanswered,Unanswered,,56038.77,08/30/2021
2610967704,05/01/2020,0681,PPP,SCHOOL HOUSE PUB. LLC,2207 MANOR RD,AUSTIN,TX,78722,07/21/2021,Paid in Full,24,100,55000,55000,0,,48270,"JPMorgan Chase Bank, National Association",1111 Polaris Pkwy,COLUMBUS,OH,43240-2031,U,Y,Y,Existing or more than 2 years old,AUSTIN,TRAVIS,TX,78722-0001,TX-25,150,722410,Unanswered,Hispanic or Latino,4000,41250,,9750,,,,Limited  Liability Company(LLC),194093,"JPMorgan Chase Bank, National Association",CHICAGO,IL,Male Owned,Unanswered,,55576.43,05/24/2021
9857958505,03/12/2021,0681,PPS,THE CANARY ROOST INC,11900 Metric Blvd Ste D,Austin,TX,78758-3121,01/12/2022,Paid in Full,60,100,54957,54957,0,,12096,"Wells Fargo Bank, National Association",101 N Philips Ave,SIOUX FALLS,SD,57104-6738,U,N,Y,Existing or more than 2 years old,Austin,TRAVIS,TX,78758-3121,TX-37,9,722410,White,Hispanic or Latino,1,54955,,,,,,Corporation,12096,"Wells Fargo Bank, National Association",SIOUX FALLS,SD,Female Owned,Non-Veteran,,55351.49,12/03/2021
6656357005,04/07/2020,0681,PPP,HISPANIC ALLIANCE FOR THE PERFORMING ARTS,2235 E. 6th St. Suite 107,AUSTIN,TX,78702-3418,01/23/2021,Paid in Full,24,100,54900,54900,0,,70700,International Bank of Commerce,1200 San Bernardo Ave,LAREDO,TX,78040-6301,U,Y,Y,Existing or more than 2 years old,AUSTIN,TRAVIS,TX,78702-3418,TX-37,4,711130,Unanswered,Unknown/NotStated,13725,41175,,,,,,Non-Profit Organization,70700,International Bank of Commerce,LAREDO,TX,Unanswered,Unanswered,Y,55255.32,12/07/2020
1862008402,02/02/2021,0681,PPS,11E5 LLC,501 N Interstate 35,Austin,TX,78702-3229,09/15/2021,Paid in Full,60,100,54500,54500,0,,70134,Horizon Bank SSB,"600, W. 5th St.",Austin,TX,78701,U,Y,Y,Existing or more than 2 years old,Austin,TRAVIS,TX,78702-3229,TX-37,4,711310,Unanswered,Unknown/NotStated,1,54495,,,,,,Limited  Liability Company(LLC),70134,Horizon Bank SSB,Austin,TX,Male Owned,Unanswered,,54778.56,08/06/2021
8428298407,02/13/2021,0681,PPS,MATCHPOINT-ASYLUM ENTERPRISES LLC,2400 Webberville Rd Ste A,Austin,TX,78702-3577,09/14/2021,Paid in Full,60,100,54000,54000,0,,70134,Horizon Bank SSB,"600, W. 5th St.",Austin,TX,78701,U,Y,Y,Existing or more than 2 years old,Austin,TRAVIS,TX,78702-3577,TX-37,9,722410,Unanswered,Unknown/NotStated,,54000,,,,,,Limited  Liability Company(LLC),70134,Horizon Bank SSB,Austin,TX,Unanswered,Unanswered,,54276,08/17/2021
8816967707,05/01/2020,0681,PPP,J &AMP; R RESTAURANT GROUP LLC,116 N MAIN ST,BUDA,TX,78610-3336,11/19/2021,Charged Off,3,100,53380,53380,0,,456756,Cross River Bank,885 Teaneck Rd,TEANECK,NJ,07666-4546,U,N,N,Existing or more than 2 years old,BUDA,HAYS,TX,78610-3336,TX-21,10,722410,Unanswered,Unknown/NotStated,,53380,,,,,,Limited  Liability Company(LLC),456756,Cross River Bank,TEANECK,NJ,Unanswered,Unanswered,,,
3141638304,01/21/2021,0681,PPS,THE GOLDEN GOOSE AUSTIN LLC,4000 Berkman Dr,Austin,TX,78723-4543,09/14/2021,Paid in Full,60,100,53200,53200,0,,70134,Horizon Bank SSB,"600, W. 5th St.",Austin,TX,78701,U,N,N,Existing or more than 2 years old,Austin,TRAVIS,TX,78723-4543,TX-25,10,722410,Unanswered,Not Hispanic or Latino,1,53198,,,,,,Limited  Liability Company(LLC),70134,Horizon Bank SSB,Austin,TX,Male Owned,Non-Veteran,,53489.64,08/13/2021
4961177301,04/30/2020,0681,PPP,HOOMS INC,208 EAST 6TH ST,AUSTIN,TX,78701-3626,06/09/2021,Paid in Full,24,100,53100,53100,0,,69819,Prosperity Bank,1301 N Mechanic,El Campo,TX,77437,U,N,N,Existing or more than 2 years old,AUSTIN,TRAVIS,TX,78701-3626,TX-37,12,722410,Unanswered,Unknown/NotStated,,53100,,,,,,Corporation,69819,Prosperity Bank,El Campo,TX,Unanswered,Unanswered,,53626.64,05/06/2021
1496317110,04/10/2020,0681,PPP,"BUCKWILD DOWNTOWN, LLC",310 6TH ST,AUSTIN,TX,78701-3628,04/06/2021,Paid in Full,24,100,53000,53000,0,,70134,Horizon Bank SSB,"600, W. 5th St.",Austin,TX,78701,U,N,N,Existing or more than 2 years old,AUSTIN,TRAVIS,TX,78701-3628,TX-37,30,722410,Unanswered,Not Hispanic or Latino,,53000,,,,,,Limited  Liability Company(LLC),70134,Horizon Bank SSB,Austin,TX,Male Owned,Non-Veteran,,53504.97,03/22/2021
8579458600,03/25/2021,0681,PPP,HOTEL BIG CHIEF LLC,3403 Larry Ln,Austin,TX,78722-1604,12/09/2021,Paid in Full,60,100,52885,52885,0,,69819,Prosperity Bank,1301 N Mechanic,El Campo,TX,77437,U,N,N,Existing or more than 2 years old,Austin,TRAVIS,TX,78722-1604,TX-25,4,722410,Unanswered,Not Hispanic or Latino,1,52879,,,,,,Limited  Liability Company(LLC),69819,Prosperity Bank,El Campo,TX,Unanswered,Unanswered,,53221.15,11/17/2021
5109267706,05/01/2020,0681,PPP,SCOREMORE MGMT LLC,5704 W HIGHWAY 290,AUSTIN,TX,78735-8702,04/16/2021,Paid in Full,24,100,52520,52520,0,,9551,"Bank of America, National Association","100 N Tryon St, Ste 170",CHARLOTTE,NC,28202-4024,U,N,N,New Business or 2 years or less,AUSTIN,TRAVIS,TX,78735-8702,TX-21,4,711310,Unanswered,Unknown/NotStated,,52520,,,,,,Limited  Liability Company(LLC),9551,"Bank of America, National Association",CHARLOTTE,NC,Unanswered,Unanswered,,52979.01,03/17/2021
1899728301,01/20/2021,0681,PPS,87 RAINEY LP,801 Springdale Rd,Austin,TX,78702-4041,09/15/2021,Paid in Full,60,100,52500,52500,0,,70134,Horizon Bank SSB,"600, W. 5th St.",Austin,TX,78701,U,Y,Y,Existing or more than 2 years old,Austin,TRAVIS,TX,78702-4041,TX-37,7,722410,Unanswered,Not Hispanic or Latino,1,52498,,,,,,Limited Liability Partnership,70134,Horizon Bank SSB,Austin,TX,Male Owned,Non-Veteran,,52787.29,08/06/2021
3864977407,05/08/2020,0681,PPP,"1901 SOUTH LAMAR, LLC",1901 South Lamar Blvd,Austin,TX,78704,02/05/2021,Paid in Full,24,100,52500,52500,0,,70134,Horizon Bank SSB,"600, W. 5th St.",Austin,TX,78701,U,N,N,Existing or more than 2 years old,Austin,TRAVIS,TX,78704-0001,TX-21,5,722410,Unanswered,Unknown/NotStated,,52500,,,,,,Limited  Liability Company(LLC),70134,Horizon Bank SSB,Austin,TX,Unanswered,Unanswered,,52851.46,01/08/2021
4990417006,04/04/2020,0681,PPP,"CF LALA, LTD",801 SPRINGDALE RD,AUSTIN,TX,78702-4041,12/05/2020,Paid in Full,24,100,52500,52500,0,,70134,Horizon Bank SSB,"600, W. 5th St.",Austin,TX,78701,U,Y,Y,Existing or more than 2 years old,AUSTIN,TRAVIS,TX,78702-4041,TX-37,7,722410,Unanswered,Unknown/NotStated,,52500,,,,,,Limited Liability Partnership,70134,Horizon Bank SSB,Austin,TX,Male Owned,Non-Veteran,,52833.42,02/12/2021
9257687006,04/09/2020,0681,PPP,"8464 HOLDINGS, LLC",4000 Berkman Drive,AUSTIN,TX,78723-4543,01/09/2021,Paid in Full,24,100,52500,52500,0,,70134,Horizon Bank SSB,"600, W. 5th St.",Austin,TX,78701,U,N,N,Existing or more than 2 years old,AUSTIN,TRAVIS,TX,78723-4543,TX-25,21,722410,Unanswered,Unknown/NotStated,,52500,,,,,,Limited  Liability Company(LLC),70134,Horizon Bank SSB,Austin,TX,Male Owned,Non-Veteran,,52885,12/31/2020
4717927005,04/04/2020,0681,PPP,"WINK ENTERPRISES, INC.",1511 Drop Tine Drive,CEDAR PARK,TX,78613-4901,05/29/2021,Paid in Full,24,100,51800,51800,0,,72188,American Bank of Commerce,530 E Hwy 62/82,WOLFFORTH,TX,79382-9382,U,N,N,Existing or more than 2 years old,CEDAR PARK,WILLIAMSON,TX,78613-4901,TX-31,12,722410,Unanswered,Unknown/NotStated,,38850,,12950,,,,Subchapter S Corporation,72188,American Bank of Commerce,WOLFFORTH,TX,Male Owned,Non-Veteran,,52137.76,12/08/2020
8470107306,05/01/2020,0681,PPP,ROCKHOUSE BAR LLC,6900 RANCH ROAD 620 N,AUSTIN,TX,78732-1919,04/16/2021,Paid in Full,24,100,16432,51176,0,,9551,"Bank of America, National Association","100 N Tryon St, Ste 170",CHARLOTTE,NC,28202-4024,U,N,N,New Business or 2 years or less,AUSTIN,TRAVIS,TX,78732-1919,TX-25,7,722410,Unanswered,Unknown/NotStated,,51176,,,,,,Limited  Liability Company(LLC),9551,"Bank of America, National Association",CHARLOTTE,NC,Unanswered,Unanswered,,51623.26,03/17/2021
1736018404,02/02/2021,0681,PPS,1504E6 MANAGEMENT LLC,3403 Larry Ln,Austin,TX,78722-1604,12/18/2021,Paid in Full,60,100,51002,51002,0,,48270,"JPMorgan Chase Bank, National Association",1111 Polaris Pkwy,COLUMBUS,OH,43240-2031,U,Y,Y,Existing or more than 2 years old,Austin,TRAVIS,TX,78722-1604,TX-25,11,722410,Unanswered,Unknown/NotStated,,51001,,,,,,Limited  Liability Company(LLC),48270,"JPMorgan Chase Bank, National Association",COLUMBUS,OH,Unanswered,Unanswered,,51400.47,11/19/2021
4257888403,02/06/2021,0681,PPP,MARCIA BALL BAND INC,1200 Garner Ave,Austin,TX,78704-2134,12/09/2021,Paid in Full,60,100,50718,50718,0,,69819,Prosperity Bank,1301 N Mechanic,El Campo,TX,77437,U,N,N,Existing or more than 2 years old,Austin,TRAVIS,TX,78704-2134,TX-21,7,711130,Unanswered,Not Hispanic or Latino,,50718,,,,,,Subchapter S Corporation,69819,Prosperity Bank,El Campo,TX,Female Owned,Non-Veteran,,51095.95,11/10/2021
2949668507,02/22/2021,0681,PPS,SIDEBAR INC.,602 E 7th St,Austin,TX,78701-3333,03/04/2021,Paid in Full,60,100,50411,50411,0,,44449,"PNC Bank, National Association",222 Delaware Ave,WILMINGTON,DE,19801-1621,U,N,N,Existing or more than 2 years old,Austin,TRAVIS,TX,78701-3333,TX-37,8,722410,Unanswered,Unknown/NotStated,1,50406,,,,,,Corporation,760,First Source Federal Credit Union,Rome,NY,Unanswered,Unanswered,,51013.13,05/02/2022
8298587307,05/01/2020,0681,PPP,"HOPSQUAD BREWING COMPANY, LLC",2307 KRAMER LN,AUSTIN,TX,78758-4004,01/20/2022,Paid in Full,24,100,50255,50255,0,,9551,"Bank of America, National Association","100 N Tryon St, Ste 170",CHARLOTTE,NC,28202-4024,U,N,Y,Existing or more than 2 years old,AUSTIN,TRAVIS,TX,78758-4004,TX-37,9,722410,Unanswered,Hispanic or Latino,,50255,,,,,,Limited  Liability Company(LLC),9551,"Bank of America, National Association",CHARLOTTE,NC,Male Owned,Non-Veteran,,51076.98,12/23/2021
5403827001,04/05/2020,0681,PPP,"AIN'T MY MGMT CO., LLC",121 E 5th,AUSTIN,TX,78701-3601,03/05/2021,Paid in Full,24,100,50000,50000,0,,70134,Horizon Bank SSB,"600, W. 5th St.",Austin,TX,78701,U,N,N,Existing or more than 2 years old,AUSTIN,TRAVIS,TX,78701-3601,TX-37,4,722410,Unanswered,Not Hispanic or Latino,,50000,,,,,,Limited  Liability Company(LLC),70134,Horizon Bank SSB,Austin,TX,Male Owned,Non-Veteran,,50429.17,02/16/2021
9464407104,04/15/2020,0681,PPP,HOUSE WINE AUSTIN LLC,408 Josephine St,AUSTIN,TX,78704,05/29/2021,Paid in Full,24,100,50000,50000,0,,72188,American Bank of Commerce,530 E Hwy 62/82,WOLFFORTH,TX,79382-9382,U,N,N,Existing or more than 2 years old,AUSTIN,TRAVIS,TX,78704-0001,TX-21,9,722410,White,Not Hispanic or Latino,,37500,,12500,,,,Corporation,72188,American Bank of Commerce,WOLFFORTH,TX,Female Owned,Non-Veteran,,50306.08,02/16/2021
5252448504,02/27/2021,0681,PPS,2610 GUADALUPE INC.,2610 Guadalupe St,Austin,TX,78705-4009,10/16/2021,Paid in Full,60,100,49800,49800,0,,106661,University FCU,"8303 N Mopac Expwy, Ste A-105",AUSTIN,TX,78759,U,Y,Y,Existing or more than 2 years old,Austin,TRAVIS,TX,78705-4009,TX-25,8,722410,Unanswered,Unknown/NotStated,1,49798,,,,,,Corporation,106661,University FCU,AUSTIN,TX,Unanswered,Unanswered,,50064.22,09/09/2021
7534358400,02/12/2021,0681,PPS,BOUKAROU INTERNATIONAL LLC,1413 Webberville Rd,Austin,TX,78721-1405,02/16/2022,Paid in Full,60,100,49756,49756,0,,12096,"Wells Fargo Bank, National Association",101 N Philips Ave,SIOUX FALLS,SD,57104-6738,U,Y,Y,Existing or more than 2 years old,Austin,TRAVIS,TX,78721-1405,TX-35,13,722410,White,Not Hispanic or Latino,1,49753,,,,,,Limited  Liability Company(LLC),12096,"Wells Fargo Bank, National Association",SIOUX FALLS,SD,Female Owned,Non-Veteran,,50207.21,01/18/2022
1234668400,02/01/2021,0681,PPS,ALB 613 LLC,2025 E 7th St Apt 115,Austin,TX,78702-3546,11/18/2021,Paid in Full,60,100,49700,49700,0,,48270,"JPMorgan Chase Bank, National Association",1111 Polaris Pkwy,COLUMBUS,OH,43240-2031,U,Y,Y,Existing or more than 2 years old,Austin,TRAVIS,TX,78702-3546,TX-37,8,722410,Unanswered,Unknown/NotStated,1,49696,,,,,,Limited  Liability Company(LLC),48270,"JPMorgan Chase Bank, National Association",COLUMBUS,OH,Unanswered,Unanswered,,50031.47,10/06/2021
4939068608,03/20/2021,0681,PPS,SOUTHWEST ESCARPMENT ENTERPRISES INC.,800 Summit Pass,San Marcos,TX,78666-8736,11/06/2021,Paid in Full,60,100,49213,49213,0,,71727,Broadway National Bank,1177 NE Loop 410,SAN ANTONIO,TX,78209-1517,R,Y,N,Existing or more than 2 years old,San Marcos,HAYS,TX,78666-8736,TX-15,4,722410,Unanswered,Not Hispanic or Latino,1,49210,,,,,,Corporation,71727,Broadway National Bank,SAN ANTONIO,TX,Male Owned,Non-Veteran,,49470,10/04/2021
6159438610,03/20/2021,0681,PPS,HEATHER HAMRICK,1008 Main St,Bastrop,TX,78602-3217,12/17/2021,Paid in Full,60,100,49108,49108,0,,12096,"Wells Fargo Bank, National Association",101 N Philips Ave,SIOUX FALLS,SD,57104-6738,R,N,Y,Existing or more than 2 years old,Bastrop,BASTROP,TX,78602-3217,TX-27,5,722410,Unanswered,Unknown/NotStated,1,49103,,,,,,Limited  Liability Company(LLC),12096,"Wells Fargo Bank, National Association",SIOUX FALLS,SD,Unanswered,Unanswered,,49430.9,11/18/2021
2165848308,01/20/2021,0681,PPS,THE AUSTIN WHEEL LP,801 Springdale Rd,Austin,TX,78702-4041,09/14/2021,Paid in Full,60,100,49000,49000,0,,70134,Horizon Bank SSB,"600, W. 5th St.",Austin,TX,78701,U,Y,Y,Existing or more than 2 years old,Austin,TRAVIS,TX,78702-4041,TX-37,4,722410,Unanswered,Unknown/NotStated,1,48998,,,,,,Limited Liability Partnership,70134,Horizon Bank SSB,Austin,TX,Unanswered,Unanswered,,49268.14,08/06/2021
2634267210,04/16/2020,0681,PPP,SPLIT LEVEL LLC,300 E. 6th Street,AUSTIN,TX,78701-3628,02/09/2021,Paid in Full,24,100,48900,48900,0,,69819,Prosperity Bank,1301 N Mechanic,El Campo,TX,77437,U,N,N,Existing or more than 2 years old,AUSTIN,TRAVIS,TX,78701-3628,TX-37,11,722410,Unanswered,Unknown/NotStated,,48900,,,,,,Limited  Liability Company(LLC),69819,Prosperity Bank,El Campo,TX,Unanswered,Unanswered,,49244.31,01/07/2021
2374858405,02/03/2021,0681,PPS,HOLLY-HOOD LLC,2500 E 6th St,Austin,TX,78702-3934,12/22/2021,Paid in Full,60,100,48600,48600,0,,71783,Frost Bank,111 W Houston St,SAN ANTONIO,TX,78205-1414,U,Y,Y,Existing or more than 2 years old,Austin,TRAVIS,TX,78702-3934,TX-37,10,722410,Unanswered,Hispanic or Latino,,48599,,,,,,Limited  Liability Company(LLC),71783,Frost Bank,SAN ANTONIO,TX,Male Owned,Non-Veteran,,48979.48,11/17/2021
9876937705,05/01/2020,0681,PPP,RAILYARD BAR AND GRILL LLC,116 S Edward Gary St,San Marcos,TX,78666-5704,05/01/2021,Paid in Full,24,100,52200,48100,0,,317954,"Newtek Small Business Finance, Inc.",1981 Marcus Avenue,LAKE SUCCESS,NY,11042,U,Y,N,Existing or more than 2 years old,San Marcos,HAYS,TX,78666-5704,TX-15,25,722410,Unanswered,Not Hispanic or Latino,,48100,,,,,,Limited  Liability Company(LLC),317954,"Newtek Small Business Finance, Inc.",LAKE SUCCESS,NY,Male Owned,Unanswered,,48495.49,03/25/2021
6769788607,03/23/2021,0681,PPS,413 BAR INCORPORATED,407 E 6th St Ste B,Austin,TX,78701-3739,06/15/2022,Paid in Full,60,100,48027,48027,0,,529471,Itria Ventures LLC,"One Penn Plaza, Suite 4530",New York,NY,10119,U,N,N,Existing or more than 2 years old,Austin,TRAVIS,TX,78701-3739,TX-37,29,722410,White,Not Hispanic or Latino,1,48022,,,,,,Corporation,529471,Itria Ventures LLC,New York,NY,Male Owned,Unanswered,,48587.32,05/26/2022
7834257302,04/30/2020,0681,PPP,BITTER BARREL MANAGEMENT LLC,606 MAIDEN LN,AUSTIN,TX,78705-1218,04/08/2021,Paid in Full,24,100,47960,47960,0,,71653,Vista Bank,5840 W Northwest Hwy,DALLAS,TX,75225-3201,U,N,N,Existing or more than 2 years old,AUSTIN,TRAVIS,TX,78705-1218,TX-25,9,722410,Unanswered,Not Hispanic or Latino,,47960,,,,,,Limited  Liability Company(LLC),71653,Vista Bank,DALLAS,TX,Male Owned,Non-Veteran,,48354.19,03/05/2021
1667948309,01/19/2021,0681,PPS,YOUNG & CANCHOLA INC,5420B Airport Blvd,Austin,TX,78751-1409,08/05/2021,Paid in Full,60,100,47883,47883,0,,122478,Keystone Bank SSB,13715 E. Ladera Blvd.,Bee Cave,TX,78738,U,N,N,Existing or more than 2 years old,Austin,TRAVIS,TX,78751-1409,TX-37,4,722410,White,Hispanic or Latino,,47883,,,,,,Subchapter S Corporation,122478,Keystone Bank SSB,Bee Cave,TX,Male Owned,Non-Veteran,,48117.09,07/21/2021
1698168510,02/19/2021,0681,PPS,MIRO STRING QUARTET LLC,11005 Sierra Ridge Ct,Austin,TX,78739-2036,11/18/2021,Paid in Full,60,100,47292,47292,0,,48270,"JPMorgan Chase Bank, National Association",1111 Polaris Pkwy,COLUMBUS,OH,43240-2031,U,N,N,Existing or more than 2 years old,Austin,TRAVIS,TX,78739-2036,TX-25,4,711130,Unanswered,Unknown/NotStated,,47292,,,,,,Subchapter S Corporation,48270,"JPMorgan Chase Bank, National Association",COLUMBUS,OH,Unanswered,Unanswered,,47603.55,10/25/2021
2865787700,05/01/2020,0681,PPP,MIRO STRING QUARTET LLC,11005 SIERRA RIDGE CT,AUSTIN,TX,78739,05/21/2021,Paid in Full,24,100,47292,47292,0,,48270,"JPMorgan Chase Bank, National Association",1111 Polaris Pkwy,COLUMBUS,OH,43240-2031,U,N,N,Existing or more than 2 years old,AUSTIN,TRAVIS,TX,78739-1400,TX-25,4,711130,Unanswered,Unknown/NotStated,,47292,,,,,,Subchapter S Corporation,194093,"JPMorgan Chase Bank, National Association",CHICAGO,IL,Unanswered,Unanswered,,47731,04/08/2021
5575317106,04/13/2020,0681,PPP,LE BAJEC LE LLC,1300 E 6TH ST,AUSTIN,TX,78702-3302,04/09/2021,Paid in Full,24,100,47255,47255,0,,69262,Texas Heritage Bank,1208 S Main St,BOERNE,TX,78006-2814,U,Y,Y,New Business or 2 years or less,AUSTIN,TRAVIS,TX,78702-3302,TX-37,11,722410,Asian,Not Hispanic or Latino,,47255,,,,,,Limited  Liability Company(LLC),69262,Texas Heritage Bank,BOERNE,TX,Unanswered,Non-Veteran,,47682.92,03/10/2021
3414497408,05/07/2020,0681,PPP,STEELE MOYERS LLC,18732 CANDACE LOOP,PFLUGERVILLE,TX,78660,10/21/2021,Paid in Full,24,100,47215,47215,0,,12096,"Wells Fargo Bank, National Association",101 N Philips Ave,SIOUX FALLS,SD,57104-6738,U,N,N,Existing or more than 2 years old,PFLUGERVILLE,TRAVIS,TX,78660-0001,TX-17,11,722410,Unanswered,Unknown/NotStated,,47215,,,,,,Limited  Liability Company(LLC),12096,"Wells Fargo Bank, National Association",SIOUX FALLS,SD,Unanswered,Unanswered,,47854.02,09/21/2021
1438898303,01/17/2021,0681,PPS,LA CRUDA PRODUCTIONS INC.,1111 E 6th St,Austin,TX,78702-3210,08/05/2021,Paid in Full,60,100,47145,47145,0,,122478,Keystone Bank SSB,13715 E. Ladera Blvd.,Bee Cave,TX,78738,U,Y,Y,Existing or more than 2 years old,Austin,TRAVIS,TX,78702-3210,TX-37,5,722410,White,Hispanic or Latino,,47145,,,,,,Subchapter S Corporation,122478,Keystone Bank SSB,Bee Cave,TX,Male Owned,Non-Veteran,,47379.42,07/21/2021
3729767302,04/29/2020,0681,PPP,HANOVERS 2.0 LLC,16912 INTERSTATE 35,AUSTIN,TX,78728-1216,03/16/2021,Paid in Full,24,100,47100,47100,0,,70109,"VeraBank, National Association",201 W Main St,HENDERSON,TX,75652-3106,U,N,N,Existing or more than 2 years old,AUSTIN,TRAVIS,TX,78728-1216,TX-17,25,722410,Asian,Not Hispanic or Latino,,47100,,,,,,Limited  Liability Company(LLC),70109,"VeraBank, National Association",HENDERSON,TX,Female Owned,Non-Veteran,,47457.17,02/02/2021
9663017206,04/28/2020,0681,PPP,STAY CLASSY SAN DIEGO LLC,1909 CYPRESS PT,AUSTIN,TX,78746-7108,06/08/2021,Paid in Full,24,100,45844.79,45844.79,0,,6076,"C3Bank, National Association",3727 Arlington Ave,RIVERSIDE,CA,92506-2608,U,N,N,New Business or 2 years or less,AUSTIN,TRAVIS,TX,78746-7108,TX-10,3,711310,Unanswered,Unknown/NotStated,,45844.79,,,,,,Limited  Liability Company(LLC),6076,"C3Bank, National Association",RIVERSIDE,CA,Unanswered,Unanswered,,46332.53,05/26/2021
7326397106,04/14/2020,0681,PPP,MOONTIME LLC,4525 Ave C,AUSTIN,TX,78751,07/07/2021,Paid in Full,24,100,45600,45600,0,,72188,American Bank of Commerce,530 E Hwy 62/82,WOLFFORTH,TX,79382-9382,U,Y,N,Existing or more than 2 years old,AUSTIN,TRAVIS,TX,78751-0001,TX-37,21,722410,Unanswered,Unknown/NotStated,,34200,,11400,,,,Limited  Liability Company(LLC),72188,American Bank of Commerce,WOLFFORTH,TX,Unanswered,Unanswered,,46128.46,06/22/2021
5137617004,04/05/2020,0681,PPP,"PARLOR AND YARD, LLC",601  6TH ST,AUSTIN,TX,78701-2705,03/05/2021,Paid in Full,24,100,45000,45000,0,,70134,Horizon Bank SSB,"600, W. 5th St.",Austin,TX,78701,U,N,N,Existing or more than 2 years old,AUSTIN,TRAVIS,TX,78701-2705,TX-37,20,722410,Unanswered,Unknown/NotStated,,45000,,,,,,Limited  Liability Company(LLC),70134,Horizon Bank SSB,Austin,TX,Unanswered,Non-Veteran,,45269.58,02/12/2021
8804707201,04/28/2020,0681,PPP,ONSEN PRODUCTIONS LLC,5750 BALCONES DR STE 106 STE 106,AUSTIN,TX,78731-4268,03/20/2021,Paid in Full,24,100,44885,44885,0,,105587,Velocity CU,610 E 11th St,AUSTIN,TX,78701-2621,U,N,N,Existing or more than 2 years old,AUSTIN,TRAVIS,TX,78731-4268,TX-37,2,711130,Unanswered,Unknown/NotStated,,44885,,,,,,Limited  Liability Company(LLC),105587,Velocity CU,AUSTIN,TX,Female Owned,Unanswered,,45239.09,02/17/2021
4152067205,04/27/2020,0681,PPP,BLANCONEGRO LLC,501 North Interstate Highway 35,AUSTIN,TX,78702,08/07/2021,Paid in Full,24,100,44300,44300,0,,106661,University FCU,"8303 N Mopac Expwy, Ste A-105",AUSTIN,TX,78759,U,N,Y,Existing or more than 2 years old,AUSTIN,TRAVIS,TX,78702-0001,TX-37,13,722410,Unanswered,Unknown/NotStated,,44300,,,,,,Limited  Liability Company(LLC),106661,University FCU,AUSTIN,TX,Unanswered,Unanswered,,32900.45,07/15/2021
1903928600,03/13/2021,0681,PPS,402 SECOND FLOOR LLC,407 E 6th St Ste B,Austin,TX,78701-3739,08/13/2022,Paid in Full,60,100,43613,43613,0,,529471,Itria Ventures LLC,"One Penn Plaza, Suite 4530",New York,NY,10119,U,N,N,Existing or more than 2 years old,Austin,TRAVIS,TX,78701-3739,TX-37,13,722410,Unanswered,Unknown/NotStated,1,43611,,,,,,Limited  Liability Company(LLC),529471,Itria Ventures LLC,New York,NY,Male Owned,Non-Veteran,,44200.56,07/14/2022
6203267010,04/06/2020,0681,PPP,"KEY BAR, LTD",617 W. 6th Street,AUSTIN,TX,78701-2705,02/23/2021,Paid in Full,24,100,43170,43170,0,,447956,Texas Partners Bank,1900 NW Loop 410,SAN ANTONIO,TX,78213-2320,U,N,N,Existing or more than 2 years old,AUSTIN,TRAVIS,TX,78701-2705,TX-37,16,722410,Unanswered,Unknown/NotStated,10792,32378,,,,,,Partnership,515712,Texas Partners Bank,AUSTIN,TX,Unanswered,Unanswered,,43456.6,12/15/2020
1589638706,03/27/2021,0681,PPS,JULIE SMITH,12700 Hill Country Blvd Ste T-110,Austin,TX,78738-6765,08/05/2021,Paid in Full,60,100,43000,43000,0,,70134,Horizon Bank SSB,"600, W. 5th St.",Austin,TX,78701,U,N,N,Existing or more than 2 years old,Austin,TRAVIS,TX,78738-6765,TX-25,6,722410,White,Unknown/NotStated,1,42996,,,,,,Limited  Liability Company(LLC),70134,Horizon Bank SSB,Austin,TX,Male Owned,Non-Veteran,,43114.67,07/02/2021
2374538403,02/03/2021,0681,PPS,EXTRA POSITIVE LAND LLC,5405 Rusk Ct,Austin,TX,78723-6043,,Exemption 4,60,100,42759,42759,0,,48270,"JPMorgan Chase Bank, National Association",1111 Polaris Pkwy,COLUMBUS,OH,43240-2031,U,Y,Y,Existing or more than 2 years old,Austin,TRAVIS,TX,78723-6043,TX-25,11,722410,Unanswered,Unknown/NotStated,1,42756,,,,,,Limited  Liability Company(LLC),48270,"JPMorgan Chase Bank, National Association",COLUMBUS,OH,Male Owned,Non-Veteran,,41514.13,05/18/2022
5398987008,04/05/2020,0681,PPP,"AINT MY GINGER, LLC",121 E 5TH ST,AUSTIN,TX,78701-3601,03/05/2021,Paid in Full,24,100,42500,42500,0,,70134,Horizon Bank SSB,"600, W. 5th St.",Austin,TX,78701,U,N,N,New Business or 2 years or less,AUSTIN,TRAVIS,TX,78701-3601,TX-37,20,722410,Unanswered,Not Hispanic or Latino,,42500,,,,,,Limited  Liability Company(LLC),70134,Horizon Bank SSB,Austin,TX,Male Owned,Non-Veteran,,42864.79,02/16/2021
7163238301,01/28/2021,0681,PPS,HANK & ED MANAGEMENT LLC,2301 S 5th St Apt 8,Austin,TX,78704-5187,07/28/2023,Paid in Full,41,100,42335,42335,0,,12096,"Wells Fargo Bank, National Association",101 N Philips Ave,SIOUX FALLS,SD,57104-6738,U,Y,N,Existing or more than 2 years old,Austin,TRAVIS,TX,78704-5187,TX-21,2,711130,Unanswered,Unknown/NotStated,1,42333,,,,,,Limited  Liability Company(LLC),12096,"Wells Fargo Bank, National Association",SIOUX FALLS,SD,Unanswered,Unanswered,,,
2344268306,01/20/2021,0681,PPS,214 WEST 4TH LP,801 Springdale Rd,Austin,TX,78702-4041,09/14/2021,Paid in Full,60,100,42000,42000,0,,70134,Horizon Bank SSB,"600, W. 5th St.",Austin,TX,78701,U,Y,Y,Existing or more than 2 years old,Austin,TRAVIS,TX,78702-4041,TX-37,4,722410,Unanswered,Not Hispanic or Latino,1,41998,,,,,,Limited Liability Partnership,70134,Horizon Bank SSB,Austin,TX,Male Owned,Non-Veteran,,42242.67,08/17/2021
4322158600,03/18/2021,0681,PPS,WESTERN AND SOUTHERN ARTS ASSOCIATES INC.,3007 E 13th St,Austin,TX,78702-2553,10/22/2021,Paid in Full,60,100,41700,41700,0,,71783,Frost Bank,111 W Houston St,SAN ANTONIO,TX,78205-1414,U,Y,Y,Existing or more than 2 years old,Austin,TRAVIS,TX,78702-2553,TX-37,3,711310,White,Not Hispanic or Latino,1,41698,,,,,,Limited  Liability Company(LLC),71783,Frost Bank,SAN ANTONIO,TX,Female Owned,Non-Veteran,,41898.79,09/10/2021
7686987110,04/14/2020,0681,PPP,"WESTERN AND SOUTHERN ARTS ASSOCIATES, INC.",705 E 50th St,Austin,TX,78751-2615,03/23/2021,Paid in Full,24,100,41700,41700,0,,71783,Frost Bank,111 W Houston St,SAN ANTONIO,TX,78205-1414,U,Y,N,Existing or more than 2 years old,Austin,TRAVIS,TX,78751-2615,TX-37,4,711310,White,Not Hispanic or Latino,,41700,,,,,,Limited  Liability Company(LLC),71783,Frost Bank,SAN ANTONIO,TX,Female Owned,Non-Veteran,,41984.57,02/16/2021
7250917001,04/07/2020,0681,PPP,RANDY'S ICE HOUSE INC,1321 W 2nd Street,TAYLOR,TX,76574-2434,06/23/2021,Paid in Full,24,100,41683,41683,0,,44449,"PNC Bank, National Association",222 Delaware Ave,WILMINGTON,DE,19801-1621,U,N,Y,Existing or more than 2 years old,TAYLOR,WILLIAMSON,TX,76574-2434,TX-31,16,722410,Unanswered,Unknown/NotStated,10421,31262,,,,,,Subchapter S Corporation,760,First Source Federal Credit Union,Rome,NY,Unanswered,Unanswered,,42135.72,05/05/2021
6778847302,04/30/2020,0681,PPP,GHOSTLAND OBSERVATORY INC,7602 SILVERCREST CIRCLE,AUSTIN,TX,78757,02/16/2022,Paid in Full,24,100,41667,41667,0,,12096,"Wells Fargo Bank, National Association",101 N Philips Ave,SIOUX FALLS,SD,57104-6738,U,N,N,Existing or more than 2 years old,AUSTIN,TRAVIS,TX,78757-0001,TX-37,2,711130,Unanswered,Unknown/NotStated,,41667,,,,,,Corporation,12096,"Wells Fargo Bank, National Association",SIOUX FALLS,SD,Unanswered,Unanswered,,42359.93,01/04/2022
2340928600,03/15/2021,0681,PPS,406 MPBAR LLC,407 E 6th St Ste B,Austin,TX,78701-3739,01/22/2022,Paid in Full,60,100,41555,41555,0,,529471,Itria Ventures LLC,"One Penn Plaza, Suite 4530",New York,NY,10119,U,N,N,Existing or more than 2 years old,Austin,TRAVIS,TX,78701-3739,TX-37,16,722410,Unanswered,Unknown/NotStated,1,41550,,,,,,Corporation,529471,Itria Ventures LLC,New York,NY,Female Owned,Non-Veteran,,41874.74,12/29/2021
2697117306,04/29/2020,0681,PPP,MATTHEW DEYO,2501 RR 620 S,AUSTIN,TX,78738,06/24/2021,Paid in Full,24,100,41467,41467,0,,44449,"PNC Bank, National Association",222 Delaware Ave,WILMINGTON,DE,19801-1621,U,N,N,Existing or more than 2 years old,AUSTIN,TRAVIS,TX,78738-0001,TX-25,2,722410,Unanswered,Unknown/NotStated,,41467,,,,,,Sole Proprietorship,760,First Source Federal Credit Union,Rome,NY,Unanswered,Unanswered,,41886.28,05/05/2021
5329068910,04/29/2021,0681,PPS,THE LOWBROW PALACE LLC,2205 E 21st St,Austin,TX,78722-2111,05/18/2021,Paid in Full,60,100,41231,41231,0,,48270,"JPMorgan Chase Bank, National Association",1111 Polaris Pkwy,COLUMBUS,OH,43240-2031,U,Y,N,Existing or more than 2 years old,Austin,TRAVIS,TX,78722-2111,TX-25,4,722410,Unanswered,Hispanic or Latino,1,41229,,,,,,Sole Proprietorship,48270,"JPMorgan Chase Bank, National Association",COLUMBUS,OH,Unanswered,Unanswered,,41640.68,05/04/2022
9633818608,03/26/2021,0681,PPS,RESTLESS WIND INC,138 S Lbj Dr,San Marcos,TX,78666-5506,02/16/2022,Paid in Full,60,100,41118,41118,0,,12096,"Wells Fargo Bank, National Association",101 N Philips Ave,SIOUX FALLS,SD,57104-6738,R,Y,N,Existing or more than 2 years old,San Marcos,HAYS,TX,78666-5506,TX-15,11,722410,Unanswered,Unknown/NotStated,1,41114,,,,,,Corporation,12096,"Wells Fargo Bank, National Association",SIOUX FALLS,SD,Unanswered,Unanswered,,41433.43,01/06/2022
9606427008,04/09/2020,0681,PPP,"MORT SUBITE, LLC","1305 W Oltorf, Suite 300",AUSTIN,TX,78704,06/02/2022,Paid in Full,24,100,41100,41100,0,,72188,American Bank of Commerce,530 E Hwy 62/82,WOLFFORTH,TX,79382-9382,U,N,N,Existing or more than 2 years old,AUSTIN,TRAVIS,TX,78704-0001,TX-21,6,722410,Unanswered,Unknown/NotStated,,30825,,10275,,,,Limited  Liability Company(LLC),72188,American Bank of Commerce,WOLFFORTH,TX,Male Owned,Unanswered,,34738.67,07/02/2021
9240667004,04/09/2020,0681,PPP,"THE GOOSE AUSTIN, LLC",4000 Berkman Drive,AUSTIN,TX,78723-4543,01/09/2021,Paid in Full,24,100,40000,40000,0,,70134,Horizon Bank SSB,"600, W. 5th St.",Austin,TX,78701,U,N,N,Existing or more than 2 years old,AUSTIN,TRAVIS,TX,78723-4543,TX-25,12,722410,Unanswered,Not Hispanic or Latino,,40000,,,,,,Limited  Liability Company(LLC),70134,Horizon Bank SSB,Austin,TX,Male Owned,Non-Veteran,,40293.33,12/31/2020
9023497310,05/01/2020,0681,PPP,"COPPER TOP TAVERN AUSTIN, LLC",15912 RR 620 N Ste. 101,Austin,TX,78717-4911,02/09/2021,Paid in Full,24,100,39800,39800,0,,69819,Prosperity Bank,1301 N Mechanic,El Campo,TX,77437,U,N,N,Existing or more than 2 years old,Austin,WILLIAMSON,TX,78717-4911,TX-10,7,722410,Unanswered,Unknown/NotStated,,39800,,,,,,Limited  Liability Company(LLC),69819,Prosperity Bank,El Campo,TX,Unanswered,Unanswered,,40075.87,01/20/2021
9242778405,02/16/2021,0681,PPS,HOUSE OF SONGS ALLIANCE,1406 Summit St,Austin,TX,78741-2518,12/16/2021,Paid in Full,60,100,39622,39622,0,,9551,"Bank of America, National Association","100 N Tryon St, Ste 170",CHARLOTTE,NC,28202-4024,U,Y,Y,Existing or more than 2 years old,Austin,TRAVIS,TX,78741-2518,TX-35,3,711130,Unanswered,Unknown/NotStated,,39622,,,,,,Non-Profit Organization,9551,"Bank of America, National Association",CHARLOTTE,NC,Unanswered,Unanswered,Y,39902.07,11/03/2021
7556598501,03/06/2021,0681,PPS,GERONIMO WEST RECORDS LLC,4425 S Mo Pac Expy Ste 601,Austin,TX,78735-6757,10/16/2021,Paid in Full,60,100,39357,39357,0,,69949,Security State Bank & Trust,201 W Main St,FREDERICKSBURG,TX,78624-3709,U,N,N,Existing or more than 2 years old,Austin,TRAVIS,TX,78735-6757,TX-37,5,711130,White,Not Hispanic or Latino,,39357,,,,,,Limited  Liability Company(LLC),69949,Security State Bank & Trust,FREDERICKSBURG,TX,Male Owned,Non-Veteran,,39576.74,09/29/2021
4054647710,05/01/2020,0681,PPP,CANARY ROOST INC,11900 METRIC BLVD SUITE D,AUSTIN,TX,78758,04/10/2021,Paid in Full,24,100,39257,39257,0,,12096,"Wells Fargo Bank, National Association",101 N Philips Ave,SIOUX FALLS,SD,57104-6738,U,N,N,Existing or more than 2 years old,AUSTIN,TRAVIS,TX,78758-0001,TX-37,10,722410,White,Hispanic or Latino,,39257,,,,,,Corporation,12096,"Wells Fargo Bank, National Association",SIOUX FALLS,SD,Female Owned,Non-Veteran,,39578.58,03/02/2021
5108768403,02/07/2021,0681,PPS,CLUB EL TAHUR LLC,214 E Anderson Ln,Austin,TX,78752-1209,09/28/2021,Paid in Full,60,100,39235,39235,0,,111901,"LendingClub Bank, National Association",2701 N Thanksgiving Way,LEHI,UT,84043,U,Y,Y,Existing or more than 2 years old,Austin,TRAVIS,TX,78752-1209,TX-37,2,722410,Unanswered,Unknown/NotStated,1,39233,,,,,,Limited  Liability Company(LLC),111901,"LendingClub Bank, National Association",LEHI,UT,Unanswered,Unanswered,,39411.56,07/28/2021
1503397405,05/04/2020,0681,PPP,PARKER JAZZ INC,10504 PineHurst Dr,AUSTIN,TX,78747,07/21/2021,Paid in Full,24,100,39162,39162,0,,44449,"PNC Bank, National Association",222 Delaware Ave,WILMINGTON,DE,19801-1621,U,N,N,Existing or more than 2 years old,AUSTIN,TRAVIS,TX,78747-0001,TX-35,6,722410,Unanswered,Unknown/NotStated,1000,37162,1000,,,,,Corporation,760,First Source Federal Credit Union,Rome,NY,Unanswered,Unanswered,,39596.05,06/14/2021
2488177306,04/29/2020,0681,PPP,DEI GRATIA INC,705 Red River St,Austin,TX,78701-3310,11/09/2021,Paid in Full,24,100,39100,39100,0,,69819,Prosperity Bank,1301 N Mechanic,El Campo,TX,77437,U,N,N,Existing or more than 2 years old,Austin,TRAVIS,TX,78701-3310,TX-37,15,722410,Unanswered,Unknown/NotStated,,39100,,,,,,Corporation,69819,Prosperity Bank,El Campo,TX,Unanswered,Unanswered,,39664.54,10/14/2021
3153727101,04/11/2020,0681,PPP,ET & GJ INC,4631 Airport Blvd.,AUSTIN,TX,78751-3412,02/06/2021,Paid in Full,24,100,38500,38500,0,,106661,University FCU,"8303 N Mopac Expwy, Ste A-105",AUSTIN,TX,78759,U,Y,N,Existing or more than 2 years old,AUSTIN,TRAVIS,TX,78751-3412,TX-37,12,722410,Unanswered,Unknown/NotStated,,38500,,,,,,Corporation,106661,University FCU,AUSTIN,TX,Unanswered,Unanswered,,38799.44,01/26/2021
6231137210,04/27/2020,0681,PPP,CENTERFIELD SPORTS BAR & GRILL LLC,200 W Center St,KYLE,TX,78640,05/29/2021,Paid in Full,24,100,38500,38500,0,,72188,American Bank of Commerce,530 E Hwy 62/82,WOLFFORTH,TX,79382-9382,R,N,N,Existing or more than 2 years old,KYLE,HAYS,TX,78640-0001,TX-35,14,722410,Unanswered,Not Hispanic or Latino,,28875,,9625,,,,Limited  Liability Company(LLC),72188,American Bank of Commerce,WOLFFORTH,TX,Male Owned,Non-Veteran,,38831.21,03/10/2021
3745167103,04/12/2020,0681,PPP,"ASHES, THE CIGAR LOUNGE!","16009 FM 1325,Suite 201",Austin,TX,78728,04/23/2022,Paid in Full,3,100,38380,38380,0,,456756,Cross River Bank,885 Teaneck Rd,TEANECK,NJ,07666-4546,U,Y,N,New Business or 2 years or less,Austin,TRAVIS,TX,78728-0001,TX-17,12,722410,Unanswered,Unknown/NotStated,,38380,,,,,,Limited  Liability Company(LLC),456756,Cross River Bank,TEANECK,NJ,Unanswered,Unanswered,,,
2370928405,02/03/2021,0681,PPS,MERIDIAN 105 LLC,13800 Dragline Dr,Austin,TX,78728-7617,01/20/2022,Paid in Full,60,100,37751,37751,0,,9551,"Bank of America, National Association","100 N Tryon St, Ste 170",CHARLOTTE,NC,28202-4024,U,Y,Y,Existing or more than 2 years old,Austin,TRAVIS,TX,78728-7617,TX-17,13,722410,Unanswered,Unknown/NotStated,1,37747,,,,,,Limited  Liability Company(LLC),9551,"Bank of America, National Association",CHARLOTTE,NC,Unanswered,Unanswered,,38068.52,12/09/2021
2871288608,03/15/2021,0681,PPS,409 MPTOUBAR LLC,407 E 6th St Ste B,Austin,TX,78701-3739,08/13/2022,Paid in Full,60,100,75407,37625,0,,529471,Itria Ventures LLC,"One Penn Plaza, Suite 4530",New York,NY,10119,U,N,N,Existing or more than 2 years old,Austin,TRAVIS,TX,78701-3739,TX-37,14,722410,White,Not Hispanic or Latino,1,37620,,,,,,Corporation,529471,Itria Ventures LLC,New York,NY,Female Owned,Non-Veteran,,38097.4,07/06/2022
5144087009,04/05/2020,0681,PPP,"TYPESTEREO, LLC",510 RIO GRANDE ST,AUSTIN,TX,78701-2716,02/05/2021,Paid in Full,24,100,37500,37500,0,,70134,Horizon Bank SSB,"600, W. 5th St.",Austin,TX,78701,U,N,N,Existing or more than 2 years old,AUSTIN,TRAVIS,TX,78701-2716,TX-37,23,722410,Unanswered,Unknown/NotStated,,37500,,,,,,Limited  Liability Company(LLC),70134,Horizon Bank SSB,Austin,TX,Unanswered,Non-Veteran,,37797.92,01/20/2021
9717257204,04/28/2020,0681,PPP,R & B SOUTH SISTERS INC.,202 N LBJ DR Ste A,SAN MARCOS,TX,78666-5778,04/22/2021,Paid in Full,24,100,37500,37500,0,,71783,Frost Bank,111 W Houston St,SAN ANTONIO,TX,78205-1414,R,Y,N,Existing or more than 2 years old,SAN MARCOS,HAYS,TX,78666-5778,TX-15,19,722410,Unanswered,Unknown/NotStated,,37500,,,,,,Corporation,71783,Frost Bank,SAN ANTONIO,TX,Unanswered,Unanswered,,37832.88,03/25/2021
3957238610,03/17/2021,0681,PPS,CONSTANT SATURDAY  LLC,2015 E Riverside Dr,Austin,TX,78741-1338,12/15/2021,Paid in Full,60,100,200,37100,0,,317954,"Newtek Small Business Finance, Inc.",1981 Marcus Avenue,LAKE SUCCESS,NY,11042,U,Y,Y,Existing or more than 2 years old,Austin,TRAVIS,TX,78741-1338,TX-35,6,722410,Unanswered,Unknown/NotStated,,37100,,,,,,Limited  Liability Company(LLC),317954,"Newtek Small Business Finance, Inc.",LAKE SUCCESS,NY,Male Owned,Unanswered,,37287.56,11/10/2021
4296857303,04/29/2020,0681,PPP,"BAR ENTERTAINMENT, INC.",100 N. GUADALUPE ST,SAN MARCOS,TX,78666-5532,07/18/2020,Charged Off,4,100,37092,37092,0,,71558,Ozona Bank,503 11th St,OZONA,TX,76943,R,Y,N,Existing or more than 2 years old,SAN MARCOS,HAYS,TX,78666-5532,TX-15,16,722410,Unanswered,Not Hispanic or Latino,,37092,,,,,,Corporation,71558,Ozona Bank,OZONA,TX,Male Owned,Unanswered,,4199.54,02/10/2021
8496618507,03/10/2021,0681,PPS,LOGANS ON CAMPUS L.P.,11701 FM 2244 Rd Ste 206,Austin,TX,78738-6468,12/15/2021,Paid in Full,60,100,36351,36351,0,,9551,"Bank of America, National Association","100 N Tryon St, Ste 170",CHARLOTTE,NC,28202-4024,U,N,N,Existing or more than 2 years old,Austin,TRAVIS,TX,78738-6468,TX-25,14,722410,Unanswered,Unknown/NotStated,1,36349,,,,,,Limited Liability Partnership,9551,"Bank of America, National Association",CHARLOTTE,NC,Unanswered,Unanswered,,36517.32,08/26/2021
7543557102,04/14/2020,0681,PPP,"SIDEBAR, INC.",602 E 7TH ST,AUSTIN,TX,78701-3333,06/23/2021,Paid in Full,24,100,36007.95,36007.95,0,,44449,"PNC Bank, National Association",222 Delaware Ave,WILMINGTON,DE,19801-1621,U,N,N,Existing or more than 2 years old,AUSTIN,TRAVIS,TX,78701-3333,TX-37,8,722410,Unanswered,Unknown/NotStated,4500.99,27005.96,4501,,,,,Corporation,760,First Source Federal Credit Union,Rome,NY,Unanswered,Unanswered,,36386.03,05/05/2021
5387497008,04/05/2020,0681,PPP,V1 VENTURES LP,319 Colorado,AUSTIN,TX,78701,01/09/2021,Paid in Full,24,100,35700,35700,0,,70134,Horizon Bank SSB,"600, W. 5th St.",Austin,TX,78701,U,N,N,Existing or more than 2 years old,AUSTIN,TRAVIS,TX,78701-0001,TX-37,12,722410,White,Not Hispanic or Latino,,35700,,,,,,Partnership,70134,Horizon Bank SSB,Austin,TX,Male Owned,Non-Veteran,,35941.97,12/09/2020
4576228303,01/23/2021,0681,PPS,TEXAS FOLKLIFE RESOURCES INC.,1708 Houston St,Austin,TX,78756-1219,09/14/2021,Paid in Full,60,100,35600,35600,0,,70134,Horizon Bank SSB,"600, W. 5th St.",Austin,TX,78701,U,N,N,Existing or more than 2 years old,Austin,TRAVIS,TX,78756-1219,TX-37,6,711310,Unanswered,Unknown/NotStated,1,35594,,,,,,Corporation,70134,Horizon Bank SSB,Austin,TX,Male Owned,Unanswered,,35809.64,08/24/2021
4797877002,04/04/2020,0681,PPP,"GTOPM, LLC",1502 W. Ben White Blvd,AUSTIN,TX,78704-7606,03/05/2021,Paid in Full,24,100,35000,35000,0,,70134,Horizon Bank SSB,"600, W. 5th St.",Austin,TX,78701,U,Y,Y,Change of Ownership,AUSTIN,TRAVIS,TX,78704-7606,TX-21,12,722410,Unanswered,Unknown/NotStated,,35000,,,,,,Limited  Liability Company(LLC),70134,Horizon Bank SSB,Austin,TX,Male Owned,Non-Veteran,,35294.58,02/09/2021
1438847706,05/01/2020,0681,PPP,"AARYN WILLIAMS, INC.",1011 OLD MCDADE RD,ELGIN,TX,78621,10/21/2021,Paid in Full,24,100,34670,34670,0,,48270,"JPMorgan Chase Bank, National Association",1111 Polaris Pkwy,COLUMBUS,OH,43240-2031,U,Y,N,Existing or more than 2 years old,ELGIN,BASTROP,TX,78621-0001,TX-10,2,711130,Unanswered,Unknown/NotStated,,34670,,,,,,Subchapter S Corporation,194093,"JPMorgan Chase Bank, National Association",CHICAGO,IL,Unanswered,Unanswered,,35150.39,09/23/2021
2303358509,02/20/2021,0681,PPS,MICHAEL HARMEIER,130 County Road 279,Liberty Hill,TX,78642-4245,03/12/2022,Paid in Full,60,100,34497,34497,0,,12096,"Wells Fargo Bank, National Association",101 N Philips Ave,SIOUX FALLS,SD,57104-6738,U,N,N,Existing or more than 2 years old,Liberty Hill,WILLIAMSON,TX,78642-4245,TX-31,4,711130,Unanswered,Unknown/NotStated,,34497,,,,,,Limited  Liability Company(LLC),12096,"Wells Fargo Bank, National Association",SIOUX FALLS,SD,Unanswered,Unanswered,,34832.52,02/15/2022
5798387200,04/27/2020,0681,PPP,"YOUNG AND CANCHOLA, INC",5420 B. Airport BLVD,AUSTIN,TX,78751,03/12/2021,Paid in Full,24,100,34201,34201,0,,122478,Keystone Bank SSB,13715 E. Ladera Blvd.,Bee Cave,TX,78738,U,N,N,Existing or more than 2 years old,AUSTIN,TRAVIS,TX,78751-0001,TX-37,3,722410,White,Hispanic or Latino,,34201,,,,,,Subchapter S Corporation,122478,Keystone Bank SSB,Bee Cave,TX,Male Owned,Non-Veteran,,34407.16,12/10/2020
6834287306,04/30/2020,0681,PPP,HAJMELI LIMITED LIABILITY COMPANY,13851 West Highway 29,Liberty Hill,TX,78642,02/23/2021,Paid in Full,24,100,34185,34185,0,,106366,Randolph-Brooks FCU,1 IKEA-RBFCU Parkway,LIVE OAK,TX,78233-2792,U,N,N,New Business or 2 years or less,Liberty Hill,WILLIAMSON,TX,78642-0001,TX-31,11,722410,Unanswered,Unknown/NotStated,,34185,,,,,,Corporation,106366,Randolph-Brooks FCU,LIVE OAK,TX,Unanswered,Unanswered,,34442.34,02/02/2021
8983318301,01/30/2021,0681,PPS,LE BRIT INCORPORATED,417 E 6th St,Austin,TX,78701-3739,10/06/2021,Paid in Full,60,100,33950,33950,0,,69819,Prosperity Bank,1301 N Mechanic,El Campo,TX,77437,U,N,N,Existing or more than 2 years old,Austin,TRAVIS,TX,78701-3739,TX-37,6,722410,Unanswered,Unknown/NotStated,1,33943,,,,,,Subchapter S Corporation,69819,Prosperity Bank,El Campo,TX,Unanswered,Unanswered,,34147.19,09/07/2021
2572898908,04/27/2021,0681,PPS,WE HAVE SPIRITS INC.,11940 Manchaca Rd Ste 114,Austin,TX,78748-2720,12/01/2021,Paid in Full,60,100,33800,33800,0,,68921,The First State Bank,402 9th St,ABERNATHY,TX,79311-3419,U,N,N,Existing or more than 2 years old,Austin,TRAVIS,TX,78748-2720,TX-21,9,722410,Unanswered,Unknown/NotStated,1,33797,,,,,,Subchapter S Corporation,68921,The First State Bank,ABERNATHY,TX,Unanswered,Unanswered,,33938.02,09/22/2021
8158107105,04/15/2020,0681,PPP,"BREW PUP, LLC DBA THE SHADY LLAMA",18325 Ranch Road 12,WIMBERLEY,TX,78676,05/21/2021,Paid in Full,24,100,33787,33787,0,,48270,"JPMorgan Chase Bank, National Association",1111 Polaris Pkwy,COLUMBUS,OH,43240-2031,R,N,N,Existing or more than 2 years old,WIMBERLEY,HAYS,TX,78676-0001,TX-21,9,722410,Unanswered,Unknown/NotStated,0,33787,0,0,0,0,0,Limited  Liability Company(LLC),194093,"JPMorgan Chase Bank, National Association",CHICAGO,IL,Unanswered,Unanswered,,34108,04/01/2021
8685667209,04/28/2020,0681,PPP,"LA CRUDA PRODUCTIONS, INC",1111 E 6th St,AUSTIN,TX,78702,03/12/2021,Paid in Full,24,100,33674,33674,0,,122478,Keystone Bank SSB,13715 E. Ladera Blvd.,Bee Cave,TX,78738,U,Y,Y,Existing or more than 2 years old,AUSTIN,TRAVIS,TX,78702-0001,TX-37,6,722410,White,Hispanic or Latino,,33674,,,,,,Subchapter S Corporation,122478,Keystone Bank SSB,Bee Cave,TX,Male Owned,Non-Veteran,,33875.11,12/10/2020
6374287108,04/14/2020,0681,PPP,HOLLY-HOOD LLC,2500 E 6TH ST,AUSTIN,TX,78702-3934,05/22/2021,Paid in Full,24,100,33500,33500,0,,71783,Frost Bank,111 W Houston St,SAN ANTONIO,TX,78205-1414,U,Y,Y,Existing or more than 2 years old,AUSTIN,TRAVIS,TX,78702-3934,TX-37,10,722410,Unanswered,Hispanic or Latino,,33500,,,,,,Limited  Liability Company(LLC),71783,Frost Bank,SAN ANTONIO,TX,Male Owned,Non-Veteran,,33832.25,04/22/2021
5397348303,01/25/2021,0681,PPS,REVOLUTION SPIRITS DISTILLING CO. LLC,12345 Pauls Valley Rd,Austin,TX,78737-9615,10/22/2021,Paid in Full,60,100,33400,33400,0,,71783,Frost Bank,111 W Houston St,SAN ANTONIO,TX,78205-1414,R,N,N,Existing or more than 2 years old,Austin,HAYS,TX,78737-9615,TX-25,3,722410,Unanswered,Unknown/NotStated,,33400,,,,,,Limited  Liability Company(LLC),71783,Frost Bank,SAN ANTONIO,TX,Male Owned,Non-Veteran,,33618.7,09/27/2021
4187367201,04/27/2020,0681,PPP,"AIR AND OPPORTUNITY, INC",407 E. 7th St,AUSTIN,TX,78701,03/12/2021,Paid in Full,24,100,33192,33192,0,,122478,Keystone Bank SSB,13715 E. Ladera Blvd.,Bee Cave,TX,78738,U,N,N,Existing or more than 2 years old,AUSTIN,TRAVIS,TX,78701-0001,TX-37,2,722410,White,Hispanic or Latino,,33192,,,,,,Subchapter S Corporation,122478,Keystone Bank SSB,Bee Cave,TX,Male Owned,Non-Veteran,,33393.92,12/10/2020
5706118505,03/01/2021,0681,PPS,W3 EVENT SPECIALISTS INC,510 S Congress Ave Ste 104,Austin,TX,78704-1737,12/21/2021,Paid in Full,60,100,32792,32792,0,,509316,"Harvest Small Business Finance, LLC",24422 Avenida de la Carlota Suite 400,Laguna Hills,CA,92653,U,Y,N,Existing or more than 2 years old,Austin,TRAVIS,TX,78704-1737,TX-21,4,711310,Unanswered,Unknown/NotStated,,32792,,,,,,Subchapter S Corporation,509316,"Harvest Small Business Finance, LLC",Laguna Hills,CA,Unanswered,Veteran,,33026.49,11/26/2021
6098117400,05/13/2020,0681,PPP,W3 EVENT SPECIALISTS INC,"510 South Congress, Suite 104",Austin,TX,78704-1737,05/22/2021,Paid in Full,24,100,32792,32792,0,,509316,"Harvest Small Business Finance, LLC",24422 Avenida de la Carlota Suite 400,Laguna Hills,CA,92653,U,N,N,Existing or more than 2 years old,Austin,TRAVIS,TX,78704-1737,TX-21,5,711310,Unanswered,Unknown/NotStated,,32792,,,,,,Subchapter S Corporation,509316,"Harvest Small Business Finance, LLC",Laguna Hills,CA,Unanswered,Veteran,,33099.26,04/28/2021
5904438301,01/26/2021,0681,PPS,THE FLATS ROUND ROCK LLC,205 N Mays St,Round Rock,TX,78664-5133,05/19/2022,Paid in Full,60,100,32690,32690,0,,69139,Citizens National Bank,118 S Houston,CAMERON,TX,76520-3932,U,Y,Y,Existing or more than 2 years old,Round Rock,WILLIAMSON,TX,78664-5133,TX-31,11,722410,Unanswered,Not Hispanic or Latino,1,32685,,,,,,Limited  Liability Company(LLC),69139,Citizens National Bank,CAMERON,TX,Male Owned,Non-Veteran,,33090.45,04/14/2022
6238858300,01/26/2021,0681,PPS,D&SW LLC,1000 Pine Creek Dr,Pflugerville,TX,78660-2871,02/19/2022,Paid in Full,60,100,32606,32606,0,,69139,Citizens National Bank,118 S Houston,CAMERON,TX,76520-3932,U,N,N,Existing or more than 2 years old,Pflugerville,TRAVIS,TX,78660-2871,TX-17,6,722410,Unanswered,Unknown/NotStated,1,32601,,,,,,Limited  Liability Company(LLC),69139,Citizens National Bank,CAMERON,TX,Unanswered,Unanswered,,32940.21,02/02/2022
2337207109,04/10/2020,0681,PPP,413 BAR INCORPORATED,"407 East 6th Street, Suite B",AUSTIN,TX,78701-3739,02/05/2021,Paid in Full,24,100,32500,32500,0,,70134,Horizon Bank SSB,"600, W. 5th St.",Austin,TX,78701,U,N,N,Existing or more than 2 years old,AUSTIN,TRAVIS,TX,78701-3739,TX-37,10,722410,White,Not Hispanic or Latino,,32500,,,,,,Corporation,70134,Horizon Bank SSB,Austin,TX,Male Owned,Unanswered,,32759.1,01/26/2021
7492747208,04/28/2020,0681,PPP,"PARTY AT THE MOONTOWER EVENT RENTALS, LLC",1403 Canterbury St,Austin,TX,78702-5301,04/08/2021,Paid in Full,24,100,32355,32355,0,,71653,Vista Bank,5840 W Northwest Hwy,DALLAS,TX,75225-3201,U,Y,Y,Existing or more than 2 years old,Austin,TRAVIS,TX,78702-5301,TX-37,4,722410,Unanswered,Unknown/NotStated,,32355,,,,,,Corporation,71653,Vista Bank,DALLAS,TX,Unanswered,Unanswered,,32619.16,03/01/2021
4678837706,05/01/2020,0681,PPP,NORTH AUSTIN MARTIAL ARTS AND FITNESS ACADEMY INC,12233 RR 620 SUITE 109,AUSTIN,TX,78750,10/20/2021,Paid in Full,24,100,32129,32129,0,,12096,"Wells Fargo Bank, National Association",101 N Philips Ave,SIOUX FALLS,SD,57104-6738,U,N,N,Existing or more than 2 years old,AUSTIN,TRAVIS,TX,78750-0001,TX-10,9,711310,White,Not Hispanic or Latino,,32129,,,,,,Corporation,12096,"Wells Fargo Bank, National Association",SIOUX FALLS,SD,Male Owned,Non-Veteran,,32565.6,09/15/2021
1802567310,04/28/2020,0681,PPP,RUDE MECHANICALS A THEATRE COLLECTIVE,5305 Bolm Road #12,AUSTIN,TX,78721,03/12/2021,Paid in Full,24,100,31995.97,31995.97,0,,122478,Keystone Bank SSB,13715 E. Ladera Blvd.,Bee Cave,TX,78738,U,Y,Y,Existing or more than 2 years old,AUSTIN,TRAVIS,TX,78721-0001,TX-35,7,711310,Unanswered,Unknown/NotStated,,31995.97,,,,,,Professional Association,122478,Keystone Bank SSB,Bee Cave,TX,Unanswered,Unanswered,,32157.29,02/12/2021
2845278503,02/22/2021,0681,PPS,SAM RIGGS BAND LLC,4425 S Mo Pac Expy,Austin,TX,78735-6723,01/06/2022,Paid in Full,60,100,31977.75,31977.75,0,,529050,"Square Capital, LLC","1455 Market Street, Suite 600",San Francisco,CA,94103,U,N,N,Existing or more than 2 years old,Austin,TRAVIS,TX,78735-6723,TX-37,6,711130,Unanswered,Unknown/NotStated,,31977.75,,,,,,Limited  Liability Company(LLC),529050,"Square Capital, LLC",San Francisco,CA,Unanswered,Unanswered,,32236.2,12/20/2021
7235147302,04/30/2020,0681,PPP,SAM RIGGS BAND LLC,4425  S Mopac Expy Suite 601,Austin,TX,78735,09/14/2021,Paid in Full,24,100,31977.75,31977.75,0,,529050,"Square Capital, LLC","1455 Market Street, Suite 600",San Francisco,CA,94103,U,N,N,Existing or more than 2 years old,Austin,TRAVIS,TX,78735-0001,TX-21,5,711130,Unanswered,Unknown/NotStated,,31977.75,,,,,,Limited  Liability Company(LLC),223542,Celtic Bank Corporation,SALT LAKE CITY,UT,Unanswered,Unanswered,,32398.28,08/25/2021
8659728402,02/13/2021,0681,PPS,R & B SOUTH SISTERS INC,202 N Lbj Dr Ste A,San Marcos,TX,78666-5778,03/22/2022,Paid in Full,60,100,31600,31600,0,,71783,Frost Bank,111 W Houston St,SAN ANTONIO,TX,78205-1414,R,Y,N,Existing or more than 2 years old,San Marcos,HAYS,TX,78666-5778,TX-15,19,722410,Unanswered,Unknown/NotStated,1,31597,,,,,,Corporation,71783,Frost Bank,SAN ANTONIO,TX,Unanswered,Unanswered,,31897.82,02/03/2022
3236148509,02/23/2021,0681,PPS,TEST BAR GROUP LLC,1412 E 6th St,Austin,TX,78702-3304,03/12/2022,Paid in Full,60,100,30659,30659,0,,44449,"PNC Bank, National Association",222 Delaware Ave,WILMINGTON,DE,19801-1621,U,Y,Y,Existing or more than 2 years old,Austin,TRAVIS,TX,78702-3304,TX-37,6,722410,Unanswered,Unknown/NotStated,1,30657,,,,,,Limited  Liability Company(LLC),760,First Source Federal Credit Union,Rome,NY,Unanswered,Unanswered,,30951.11,02/04/2022
4175708903,04/28/2021,0681,PPP,WALARD LLC,7201 Marywood Cir,Austin,TX,78723-1528,03/17/2022,Paid in Full,60,100,30368,30368,0,,69139,Citizens National Bank,118 S Houston,CAMERON,TX,76520-3932,U,N,Y,Existing or more than 2 years old,Austin,TRAVIS,TX,78723-1528,TX-25,6,722410,Unanswered,Unknown/NotStated,1,30366,,,,,,Limited  Liability Company(LLC),69139,Citizens National Bank,CAMERON,TX,Unanswered,Unanswered,,30625.28,03/02/2022
2361908005,06/24/2020,0681,PPP,JACKIES BOY,"1415 Bradbury LN , Austin, TX, 78753",Austin,TX,78753,11/03/2021,Paid in Full,60,100,30290,30290,0,,529431,MBE Capital Partners,1 Bridge Plaza N. # 550,Fort Lee,NJ,07024,U,N,N,Existing or more than 2 years old,Austin,TRAVIS,TX,78753-0001,TX-17,1,711130,Unanswered,Unknown/NotStated,,30290,,,,,,Sole Proprietorship,529431,MBE Capital Partners,Fort Lee,NJ,Unanswered,Unanswered,,30696.39,10/28/2021
1673347110,04/10/2020,0681,PPP,402 SECOND FLOOR LLC,"407 East 6th Street, Suite B",AUSTIN,TX,78701-3739,03/05/2021,Paid in Full,24,100,30000,30000,0,,70134,Horizon Bank SSB,"600, W. 5th St.",Austin,TX,78701,U,N,N,Existing or more than 2 years old,AUSTIN,TRAVIS,TX,78701-3739,TX-37,9,722410,White,Not Hispanic or Latino,,30000,,,,,,Limited  Liability Company(LLC),70134,Horizon Bank SSB,Austin,TX,Male Owned,Unanswered,,30265.83,02/24/2021
1871347100,04/10/2020,0681,PPP,309 HEAVENS LLC,"407 East 6th Street, Suite B",AUSTIN,TX,78701-3739,02/05/2021,Paid in Full,24,100,30000,30000,0,,70134,Horizon Bank SSB,"600, W. 5th St.",Austin,TX,78701,U,N,N,Existing or more than 2 years old,AUSTIN,TRAVIS,TX,78701-3739,TX-37,13,722410,White,Not Hispanic or Latino,,30000,,,,,,Corporation,70134,Horizon Bank SSB,Austin,TX,Female Owned,Non-Veteran,,30239.17,01/26/2021
3429578407,02/05/2021,0681,PPS,PRECINCT 3 LLC,1016 Stagecoach Trl,San Marcos,TX,78666-5129,07/08/2021,Paid in Full,60,100,30000,30000,0,,69819,Prosperity Bank,1301 N Mechanic,El Campo,TX,77437,R,N,N,Existing or more than 2 years old,San Marcos,HAYS,TX,78666-5129,TX-15,6,722410,Unanswered,Not Hispanic or Latino,1,29998,,,,,,Limited  Liability Company(LLC),69819,Prosperity Bank,El Campo,TX,Female Owned,Non-Veteran,,30101.92,06/15/2021
4967237002,04/04/2020,0681,PPP,"214 WEST 4TH, LP",801 SPRINGDALE RD,AUSTIN,TX,78702-4041,12/05/2020,Paid in Full,24,100,30000,30000,0,,70134,Horizon Bank SSB,"600, W. 5th St.",Austin,TX,78701,U,Y,Y,Existing or more than 2 years old,AUSTIN,TRAVIS,TX,78702-4041,TX-37,3,722410,Unanswered,Unknown/NotStated,,30000,,,,,,Limited Liability Partnership,70134,Horizon Bank SSB,Austin,TX,Male Owned,Non-Veteran,,30191.5,02/12/2021
1173808400,02/01/2021,0681,PPS,CASTRO HOMES & PROPERTIES FP INC,900 Ranch Road 620 S Ste C104,Lakeway,TX,78734-5618,09/25/2021,Paid in Full,60,100,29469.75,29469.75,0,,447956,Texas Partners Bank,1900 NW Loop 410,SAN ANTONIO,TX,78213-2320,U,N,N,Existing or more than 2 years old,Lakeway,TRAVIS,TX,78734-5618,TX-10,7,722410,Unanswered,Not Hispanic or Latino,1,29465.75,,,,,,Corporation,447956,Texas Partners Bank,SAN ANTONIO,TX,Male Owned,Non-Veteran,,29628.56,08/25/2021
4661857705,05/01/2020,0681,PPP,RESTLESS WIND INC,138 SOUTH LBJ,SAN MARCOS,TX,78666,06/10/2021,Paid in Full,24,100,29458,29458,0,,12096,"Wells Fargo Bank, National Association",101 N Philips Ave,SIOUX FALLS,SD,57104-6738,U,N,N,Existing or more than 2 years old,SAN MARCOS,HAYS,TX,78666-0001,TX-15,14,722410,Unanswered,Unknown/NotStated,,29458,,,,,,Corporation,12096,"Wells Fargo Bank, National Association",SIOUX FALLS,SD,Unanswered,Unanswered,,29759.84,05/18/2021
5951518805,04/19/2021,0681,PPS,ANASTASIA OZAIN-PORTERIE,11011 Domain Dr,Austin,TX,78758-7764,12/18/2021,Paid in Full,60,100,29166,29166,0,,524612,Fountainhead SBF LLC,3216 W. Lake Mary Blvd,LAKE MARY,FL,32746,U,N,Y,Existing or more than 2 years old,Austin,TRAVIS,TX,78758-7764,TX-37,1,722410,Unanswered,Unknown/NotStated,,29166,,,,,,Independent Contractors,524612,Fountainhead SBF LLC,LAKE MARY,FL,Unanswered,Unanswered,,29318.31,11/03/2021
6438458608,03/23/2021,0681,PPS,MEGAN VAUGHN,310 Lake Cliff Trl,Austin,TX,78746-4677,09/14/2021,Paid in Full,60,100,29000,29000,0,,70134,Horizon Bank SSB,"600, W. 5th St.",Austin,TX,78701,U,N,N,Existing or more than 2 years old,Austin,TRAVIS,TX,78746-4677,TX-10,1,722410,Unanswered,Unknown/NotStated,1,28998,,,,,,Self-Employed Individuals,70134,Horizon Bank SSB,Austin,TX,Unanswered,Unanswered,,29114.39,08/13/2021
6534058606,03/23/2021,0681,PPS,BOB WOODY,2204 Point Bluff Dr,Austin,TX,78746-6241,08/05/2021,Paid in Full,60,100,29000,29000,0,,70134,Horizon Bank SSB,"600, W. 5th St.",Austin,TX,78701,U,N,N,Existing or more than 2 years old,Austin,TRAVIS,TX,78746-6241,TX-10,1,722410,Unanswered,Not Hispanic or Latino,1,28998,,,,,,Sole Proprietorship,70134,Horizon Bank SSB,Austin,TX,Male Owned,Non-Veteran,,29097.47,07/23/2021
6662278607,03/23/2021,0681,PPS,COLT WOODY,1806 Congressional Cir,Austin,TX,78746-7101,08/05/2021,Paid in Full,60,100,29000,29000,0,,70134,Horizon Bank SSB,"600, W. 5th St.",Austin,TX,78701,U,N,N,Existing or more than 2 years old,Austin,TRAVIS,TX,78746-7101,TX-10,1,722410,Unanswered,Unknown/NotStated,1,28998,,,,,,Self-Employed Individuals,70134,Horizon Bank SSB,Austin,TX,Unanswered,Unanswered,,29097.47,07/23/2021
7149268608,03/23/2021,0681,PPS,ADAM ROGERS,1018 Harwood Pl,Austin,TX,78704-2613,08/05/2021,Paid in Full,60,100,29000,29000,0,,70134,Horizon Bank SSB,"600, W. 5th St.",Austin,TX,78701,U,N,N,Existing or more than 2 years old,Austin,TRAVIS,TX,78704-2613,TX-21,1,722410,Unanswered,Unknown/NotStated,1,28998,,,,,,Self-Employed Individuals,70134,Horizon Bank SSB,Austin,TX,Unanswered,Unanswered,,29097.47,07/23/2021
5549727205,04/27/2020,0681,PPP,"D&SW, LLC",1000 PINE CREEK DR,PFLUGERVILLE,TX,78660-2871,03/13/2021,Paid in Full,24,100,28714,28714,0,,69139,Citizens National Bank,118 S Houston,CAMERON,TX,76520-3932,U,N,N,New Business or 2 years or less,PFLUGERVILLE,TRAVIS,TX,78660-2871,TX-17,6,722410,Unanswered,Unknown/NotStated,,22714,,6000,,,,Limited  Liability Company(LLC),69139,Citizens National Bank,CAMERON,TX,Unanswered,Unanswered,,28940.52,02/16/2021
8875348302,01/30/2021,0681,PPP,RICHARD ONTIVEROS,105 S Mays St,Round Rock,TX,78664-5833,10/08/2021,Paid in Full,60,100,28620.73,28620.73,0,,70071,The Granger National Bank,201 W Davilla,GRANGER,TX,76530-5544,U,Y,Y,Existing or more than 2 years old,Round Rock,WILLIAMSON,TX,78664-5833,TX-31,3,722410,Unanswered,Unknown/NotStated,1,28618.73,,,,,,Sole Proprietorship,70071,The Granger National Bank,GRANGER,TX,Unanswered,Unanswered,,28797.22,09/15/2021
4110478600,03/18/2021,0681,PPS,ADURO FILM INC,9201 Brown Ln Ste 201,Austin,TX,78754-4037,11/19/2021,Paid in Full,60,100,28610,28610,0,,48270,"JPMorgan Chase Bank, National Association",1111 Polaris Pkwy,COLUMBUS,OH,43240-2031,U,N,N,Existing or more than 2 years old,Austin,TRAVIS,TX,78754-4037,TX-10,2,711130,Unanswered,Unknown/NotStated,,28610,,,,,,Corporation,48270,"JPMorgan Chase Bank, National Association",COLUMBUS,OH,Unanswered,Unanswered,,28767.32,10/08/2021
8697858701,04/08/2021,0681,PPS,VIPER MANAGEMENT SERVICES LLC,5000 Hudson Bend Rd Suite D And E,Austin,TX,78734-1246,12/16/2021,Paid in Full,60,100,28423,28423,0,,9551,"Bank of America, National Association","100 N Tryon St, Ste 170",CHARLOTTE,NC,28202-4024,U,N,N,Existing or more than 2 years old,Austin,TRAVIS,TX,78734-1246,TX-10,5,722410,White,Not Hispanic or Latino,1,28421,,,,,,Limited  Liability Company(LLC),9551,"Bank of America, National Association",CHARLOTTE,NC,Male Owned,Veteran,,28585.75,11/10/2021
3503207404,05/07/2020,0681,PPP,BAND AID SCHOOL OF MUSIC LLC,9302 SAN JUAN PASS MAILING ADDRESS,AUSTIN,TX,78737,10/20/2021,Paid in Full,24,100,28197,28197,0,,12096,"Wells Fargo Bank, National Association",101 N Philips Ave,SIOUX FALLS,SD,57104-6738,R,N,N,Existing or more than 2 years old,AUSTIN,HAYS,TX,78737-0001,TX-25,21,711130,Unanswered,Unknown/NotStated,,28197,,,,,,Corporation,12096,"Wells Fargo Bank, National Association",SIOUX FALLS,SD,Unanswered,Unanswered,,28581.72,09/23/2021
8257407401,05/18/2020,0681,PPP,BALMORHEA MUSIC LLC,1204 CLOVERLEAF DRIVE,AUSTIN,TX,78723,08/12/2021,Paid in Full,24,100,27470,27470,0,,12096,"Wells Fargo Bank, National Association",101 N Philips Ave,SIOUX FALLS,SD,57104-6738,U,N,Y,Existing or more than 2 years old,AUSTIN,TRAVIS,TX,78723-0001,TX-25,2,711130,Unanswered,Unknown/NotStated,,27470,,,,,,Limited  Liability Company(LLC),12096,"Wells Fargo Bank, National Association",SIOUX FALLS,SD,Male Owned,Non-Veteran,,27778.57,07/06/2021
3775468401,02/05/2021,0681,PPS,ELENA'S BAR AND GRILL LLC,14801 W State Highway 29,Liberty Hill,TX,78642-4294,11/23/2021,Paid in Full,60,100,27144,27144,0,,121536,Customers Bank,40 General Warren Blvd,Malvern,PA,19355,U,N,N,Existing or more than 2 years old,Liberty Hill,WILLIAMSON,TX,78642-4294,TX-31,4,722410,Unanswered,Unknown/NotStated,1,27141,,,,,,Limited  Liability Company(LLC),122043,WebBank,SALT LAKE CITY,UT,Female Owned,Unanswered,,27342.56,11/03/2021
3222048306,01/21/2021,0681,PPS,SLOAN AND PARKER HOLDINGS LLC,2900 N Quinlan Park Rd Ste 150,Austin,TX,78732-6087,07/09/2021,Paid in Full,60,100,26474,26474,0,,70134,Horizon Bank SSB,"600, W. 5th St.",Austin,TX,78701,U,N,N,Existing or more than 2 years old,Austin,TRAVIS,TX,78732-6087,TX-10,6,722410,Unanswered,Unknown/NotStated,,26473,,,,,,Limited  Liability Company(LLC),70134,Horizon Bank SSB,Austin,TX,Unanswered,Unanswered,,26579.9,06/15/2021
9240227404,05/19/2020,0681,PPP,"GDDT ENTERPRISES, LLC",5434 BURNET RD,AUSTIN,TX,78756-1602,02/16/2021,Paid in Full,24,100,26400,26400,0,,447613,Frontier Bank of Texas,1213 Hwy 290,ELGIN,TX,78621-2018,U,N,N,Existing or more than 2 years old,AUSTIN,TRAVIS,TX,78756-1602,TX-37,6,722410,Unanswered,Unknown/NotStated,,26400,,,,,,Limited  Liability Company(LLC),447613,Frontier Bank of Texas,ELGIN,TX,Unanswered,Unanswered,,26562.74,01/07/2021
8176498400,02/13/2021,0681,PPS,BREWS & BEANS LLC,13205 Onion Creek Dr,Manchaca,TX,78652-6809,08/17/2021,Paid in Full,60,100,25949,25949,0,,68966,Amarillo National Bank,410 S Taylor St,AMARILLO,TX,79101-1555,U,N,N,Existing or more than 2 years old,Manchaca,TRAVIS,TX,78652-6809,TX-21,5,722410,Unanswered,Not Hispanic or Latino,1,25945,,,,,,Limited  Liability Company(LLC),68966,Amarillo National Bank,AMARILLO,TX,Female Owned,Non-Veteran,,26074.42,08/10/2021
1772857410,05/04/2020,0681,PPP,BOUKAROU INTERNATIONAL,1413 WEBBERVILLE ROAD,AUSTIN,TX,78721,06/09/2021,Paid in Full,24,100,25831,25831,0,,12096,"Wells Fargo Bank, National Association",101 N Philips Ave,SIOUX FALLS,SD,57104-6738,U,Y,Y,Existing or more than 2 years old,AUSTIN,TRAVIS,TX,78721-0001,TX-35,18,722410,White,Not Hispanic or Latino,,25831,,,,,,Limited  Liability Company(LLC),12096,"Wells Fargo Bank, National Association",SIOUX FALLS,SD,Female Owned,Non-Veteran,,22736.05,04/01/2021
8467867201,04/28/2020,0681,PPP,THE PORCH ON HOPKINS LLC,129 E. Hopkins Street,SAN MARCOS,TX,78666,04/16/2021,Paid in Full,24,100,25600,25600,0,,71316,PlainsCapital Bank,2911 Turtle Creek Blvd. Suite 700,DALLAS,TX,75219,R,Y,N,Existing or more than 2 years old,SAN MARCOS,HAYS,TX,78666-0001,TX-15,13,722410,Unanswered,Unknown/NotStated,,25600,,,,,,Limited Liability Partnership,71316,PlainsCapital Bank,DALLAS,TX,Unanswered,Unanswered,,25833.96,03/25/2021
1646297407,05/04/2020,0681,PPP,BUCK'S BACKYARD LLC,1750 S FM 1626,BUDA,TX,78610,10/20/2021,Paid in Full,24,100,25543,25543,0,,12096,"Wells Fargo Bank, National Association",101 N Philips Ave,SIOUX FALLS,SD,57104-6738,R,N,N,Existing or more than 2 years old,BUDA,HAYS,TX,78610-0001,TX-21,17,722410,Unanswered,Unknown/NotStated,,25543,,,,,,Limited  Liability Company(LLC),12096,"Wells Fargo Bank, National Association",SIOUX FALLS,SD,Unanswered,Unanswered,,25881.01,09/15/2021
1510887103,04/10/2020,0681,PPP,503 E 6TH STEET LLC,503   6TH ST,AUSTIN,TX,78701-3732,04/06/2021,Paid in Full,24,100,25000,25000,0,,70134,Horizon Bank SSB,"600, W. 5th St.",Austin,TX,78701,U,N,N,Existing or more than 2 years old,AUSTIN,TRAVIS,TX,78701-3732,TX-37,20,722410,Unanswered,Not Hispanic or Latino,,25000,,,,,,Limited  Liability Company(LLC),70134,Horizon Bank SSB,Austin,TX,Male Owned,Non-Veteran,,25238.19,03/22/2021
1991247208,04/15/2020,0681,PPP,"GREG WILLIAMS ENTERTAINMENT, LLC",1304 Oxford Ave,Austin,TX,78704-2826,07/20/2021,Paid in Full,24,100,25000,25000,0,,71783,Frost Bank,111 W Houston St,SAN ANTONIO,TX,78205-1414,U,N,N,Existing or more than 2 years old,Austin,TRAVIS,TX,78704-2826,TX-21,1,711130,Unanswered,Unknown/NotStated,,25000,,,,,,Corporation,71783,Frost Bank,SAN ANTONIO,TX,Unanswered,Unanswered,,25290.41,06/22/2021
8139408603,03/24/2021,0681,PPP,KIMBERLY HOLIDAY,535 Broken Feather Trl,Pflugerville,TX,78660-3842,03/12/2022,Paid in Full,60,100,25000,25000,0,,317954,"Newtek Small Business Finance, Inc.",1981 Marcus Avenue,LAKE SUCCESS,NY,11042,U,N,N,Existing or more than 2 years old,Pflugerville,TRAVIS,TX,78660-3842,TX-17,1,711130,Black or African American,Not Hispanic or Latino,1,24996,,,,,,Sole Proprietorship,317954,"Newtek Small Business Finance, Inc.",LAKE SUCCESS,NY,Female Owned,Non-Veteran,,25203.47,02/03/2022
8466028310,01/29/2021,0681,PPS,GREG WILLIAMS ENTERTAINMENT LLC,1304 Oxford Ave,Austin,TX,78704-2826,07/21/2021,Paid in Full,60,100,25000,25000,0,,71783,Frost Bank,111 W Houston St,SAN ANTONIO,TX,78205-1414,U,N,N,Existing or more than 2 years old,Austin,TRAVIS,TX,78704-2826,TX-21,1,711130,Unanswered,Unknown/NotStated,1,24997,,,,,,Corporation,71783,Frost Bank,SAN ANTONIO,TX,Unanswered,Unanswered,,25100,06/29/2021
3007347205,04/16/2020,0681,PPP,MDJD ENTERTAINMENT LLC,713 Bryce Canyon Drive,Pflugerville,TX,78660,05/13/2021,Paid in Full,24,100,24978,24978,0,,106137,Amplify CU,"3600 W Parmer Ln, Ste 200",Austin,TX,78727,U,N,N,Existing or more than 2 years old,Pflugerville,TRAVIS,TX,78660-0001,TX-17,10,722410,Unanswered,Hispanic or Latino,,24978,,,,,,Limited  Liability Company(LLC),106137,Amplify CU,Austin,TX,Male Owned,Non-Veteran,,25209.3,04/01/2021
8345727305,05/01/2020,0681,PPP,MINH QUOC LIEN,9706 Parkfield Dr,Austin,TX,78758,06/19/2021,Paid in Full,24,100,24750,24750,0,,122043,WebBank,"215 S State St, Ste 1000",SALT LAKE CITY,UT,84111-2336,U,N,Y,Existing or more than 2 years old,Austin,TRAVIS,TX,78758-0001,TX-37,4,722410,Unanswered,Unknown/NotStated,,24750,,,,,,Sole Proprietorship,122043,WebBank,SALT LAKE CITY,UT,Unanswered,Unanswered,,25005.75,05/12/2021
1074187206,04/15/2020,0681,PPP,LE BRIT INCORPORATED,417 EAST 6TH STREET,AUSTIN,TX,78701-3739,04/08/2021,Paid in Full,24,100,24600,24600,0,,69819,Prosperity Bank,1301 N Mechanic,El Campo,TX,77437,U,N,N,Existing or more than 2 years old,AUSTIN,TRAVIS,TX,78701-3739,TX-37,8,722410,White,Not Hispanic or Latino,,24600,,,,,,Subchapter S Corporation,69819,Prosperity Bank,El Campo,TX,Male Owned,Non-Veteran,,24810.28,03/03/2021
1581257709,05/01/2020,0681,PPP,AUSTIN KICKBOXING LLC DBA AUSTIN KICKBOXING ACADEMY,200 Natali St,AUSTIN,TX,78748,05/20/2021,Paid in Full,24,100,24445,24445,0,,48270,"JPMorgan Chase Bank, National Association",1111 Polaris Pkwy,COLUMBUS,OH,43240-2031,U,N,N,Existing or more than 2 years old,AUSTIN,TRAVIS,TX,78748-0001,TX-21,40,711310,Unanswered,Unknown/NotStated,,15265,,9180,,,,Limited  Liability Company(LLC),194093,"JPMorgan Chase Bank, National Association",CHICAGO,IL,Unanswered,Unanswered,,24681.9,04/23/2021
2955227308,04/29/2020,0681,PPP,"WE HAVE SPIRITS, INC.",11940 MANCHACA RD STE 114,AUSTIN,TX,78748-2722,07/21/2021,Paid in Full,24,100,24200,24200,0,,68921,The First State Bank,402 9th St,ABERNATHY,TX,79311-3419,U,N,N,Unanswered,AUSTIN,TRAVIS,TX,78748-2722,TX-21,9,722410,Unanswered,Unknown/NotStated,,24200,,,,,,Subchapter S Corporation,68921,The First State Bank,ABERNATHY,TX,Unanswered,Unanswered,,24482.33,06/24/2021
7312298509,03/05/2021,0681,PPS,PAPA JACK'S LLC,108 W Center St,Kyle,TX,78640-9450,09/18/2021,Paid in Full,60,100,23975,23975,0,,110490,Falcon International Bank,7718 McPherson Rd,LAREDO,TX,78045-2805,R,N,N,Existing or more than 2 years old,Kyle,HAYS,TX,78640-9450,TX-35,8,722410,Unanswered,Unknown/NotStated,1,23974,,,,,,Limited  Liability Company(LLC),110490,Falcon International Bank,LAREDO,TX,Male Owned,Non-Veteran,,24072.23,08/11/2021
1157168409,02/01/2021,0681,PPP,DRB MUSIC LLC,13612 Cibolo Trce,Austin,TX,78717-5395,04/20/2022,Paid in Full,60,100,23950,23950,0,,48270,"JPMorgan Chase Bank, National Association",1111 Polaris Pkwy,COLUMBUS,OH,43240-2031,U,N,N,Existing or more than 2 years old,Austin,WILLIAMSON,TX,78717-5395,TX-31,2,711130,Unanswered,Unknown/NotStated,,23950,,,,,,Limited  Liability Company(LLC),48270,"JPMorgan Chase Bank, National Association",COLUMBUS,OH,Male Owned,Non-Veteran,,24214.05,03/15/2022
4476617102,04/13/2020,0681,PPP,"LAKEWAY CB , LLC","1310 RR 620 SOUTH, UNIT A-12",AUSTIN,TX,78734,01/25/2021,Paid in Full,24,100,23590,23590,0,,69881,The First National Bank in Falfurrias,200 S St. Mary St,FALFURRIAS,TX,78355-4355,U,N,N,New Business or 2 years or less,AUSTIN,TRAVIS,TX,78734-0001,TX-10,4,722410,Unanswered,Unknown/NotStated,,23590,,,,,,Limited  Liability Company(LLC),69881,The First National Bank in Falfurrias,FALFURRIAS,TX,Male Owned,Unanswered,,23759.83,02/09/2021
1247767300,04/28/2020,0681,PPP,"WESTBAR, INC",300 W. Walter Ave,PFLUGERVILLE,TX,78660,01/08/2021,Paid in Full,24,100,23500,23500,0,,70023,First Texas Bank,900 S Austin Ave,GEORGETOWN,TX,78626-5822,U,N,N,Unanswered,PFLUGERVILLE,TRAVIS,TX,78660-0001,TX-17,11,722410,White,Not Hispanic or Latino,1075,17625,,3500,,600,700,Corporation,70023,First Texas Bank,GEORGETOWN,TX,Male Owned,Non-Veteran,,23639.07,12/10/2020
2872438607,03/15/2021,0681,PPS,309 HEAVENS LLC,407 E 6th St Ste B,Austin,TX,78701-3739,08/13/2022,Paid in Full,60,100,23212,23212,0,,529471,Itria Ventures LLC,"One Penn Plaza, Suite 4530",New York,NY,10119,U,N,N,Existing or more than 2 years old,Austin,TRAVIS,TX,78701-3739,TX-37,15,722410,White,Not Hispanic or Latino,1,23207,,,,,,Corporation,529471,Itria Ventures LLC,New York,NY,Female Owned,Non-Veteran,,23506.02,07/06/2022
9996657709,05/01/2020,0681,PPP,"DOLCETTO, L.L.C.",322 Cheatham St,San Marcos,TX,78666-6912,05/01/2021,Paid in Full,24,100,23100,23100,0,,317954,"Newtek Small Business Finance, Inc.",1981 Marcus Avenue,LAKE SUCCESS,NY,11042,U,Y,Y,Existing or more than 2 years old,San Marcos,HAYS,TX,78666-6912,TX-15,9,722410,Unanswered,Unknown/NotStated,,23100,,,,,,Limited  Liability Company(LLC),317954,"Newtek Small Business Finance, Inc.",LAKE SUCCESS,NY,Unanswered,Unanswered,,23289.29,03/15/2021
9132298707,04/08/2021,0681,PPP,BRENT WILLIAMS,19200 Gildas Cv,Pflugerville,TX,78660-4169,08/13/2022,Paid in Full,60,100,22952,22952,0,,12096,"Wells Fargo Bank, National Association",101 N Philips Ave,SIOUX FALLS,SD,57104-6738,U,N,N,Existing or more than 2 years old,Pflugerville,TRAVIS,TX,78660-4169,TX-17,1,711130,Black or African American,Not Hispanic or Latino,,22952,,,,,,Sole Proprietorship,12096,"Wells Fargo Bank, National Association",SIOUX FALLS,SD,Male Owned,Veteran,,23245.03,07/20/2022
2670898803,04/13/2021,0681,PPS,LAS MANITAS INC.,227 Congress Ave,Austin,TX,78701-4021,02/11/2022,Paid in Full,60,100,22744,22744,0,,106661,University FCU,"8303 N Mopac Expwy, Ste A-105",AUSTIN,TX,78759,U,N,N,Existing or more than 2 years old,Austin,TRAVIS,TX,78701-4021,TX-37,3,722410,Unanswered,Unknown/NotStated,1,22741,,,,,,Subchapter S Corporation,106661,University FCU,AUSTIN,TX,Unanswered,Unanswered,,22914.58,01/11/2022
5113767303,04/30/2020,0681,PPP,"GRAHAM REYNOLDS MUSIC, LLC",3010 E  14TH 1/2 ST,AUSTIN,TX,78702-1602,03/23/2021,Paid in Full,24,100,22500,22500,0,,71783,Frost Bank,111 W Houston St,SAN ANTONIO,TX,78205-1414,U,Y,Y,Existing or more than 2 years old,AUSTIN,TRAVIS,TX,78702-1602,TX-37,4,711130,Unanswered,Not Hispanic or Latino,,22500,,,,,,Limited  Liability Company(LLC),71783,Frost Bank,SAN ANTONIO,TX,Male Owned,Non-Veteran,,22643.34,02/12/2021
2757917302,04/29/2020,0681,PPP,RED RIVER TAVERN INC,710 RED RIVER STREET,AUSTIN,TX,78701-3311,10/06/2021,Paid in Full,24,100,22300,22300,0,,69819,Prosperity Bank,1301 N Mechanic,El Campo,TX,77437,U,N,N,Existing or more than 2 years old,AUSTIN,TRAVIS,TX,78701-3311,TX-37,11,722410,Unanswered,Unknown/NotStated,,22300,,,,,,Corporation,69819,Prosperity Bank,El Campo,TX,Unanswered,Unanswered,,22604.26,09/15/2021
5101667202,04/27/2020,0681,PPP,QUEEN BEE RESTOS,704 West Saint Johns Ave,AUSTIN,TX,78752,07/07/2021,Paid in Full,24,100,22200,22200,0,,72188,American Bank of Commerce,530 E Hwy 62/82,WOLFFORTH,TX,79382-9382,U,Y,Y,Unanswered,AUSTIN,TRAVIS,TX,78752-0001,TX-37,7,722410,Unanswered,Unknown/NotStated,,16650,,5550,,,,Limited  Liability Company(LLC),72188,American Bank of Commerce,WOLFFORTH,TX,Unanswered,Unanswered,,22445.72,06/08/2021
9344258305,01/30/2021,0681,PPS,BART CROW,702 Clifford Dr,Austin,TX,78745-3330,05/19/2022,Paid in Full,60,100,22182,22182,0,,48270,"JPMorgan Chase Bank, National Association",1111 Polaris Pkwy,COLUMBUS,OH,43240-2031,U,Y,Y,Existing or more than 2 years old,Austin,TRAVIS,TX,78745-3330,TX-37,1,711130,Unanswered,Unknown/NotStated,,22182,,,,,,Limited  Liability Company(LLC),48270,"JPMorgan Chase Bank, National Association",COLUMBUS,OH,Unanswered,Unanswered,,22444.67,04/14/2022
4904457001,04/04/2020,0681,PPP,"BILLY RIGGS ENTERPRISES, LLC",222 GREENRIDGE LN,DRIPPING SPRINGS,TX,78620-9241,02/16/2021,Paid in Full,24,100,21800,21800,0,,71727,Broadway National Bank,1177 NE Loop 410,SAN ANTONIO,TX,78209-1517,R,N,N,New Business or 2 years or less,DRIPPING SPRINGS,HAYS,TX,78620-9241,TX-25,2,711130,Unanswered,Not Hispanic or Latino,,17800,,,,4000,,Limited  Liability Company(LLC),71727,Broadway National Bank,SAN ANTONIO,TX,Male Owned,Non-Veteran,,21959.26,12/31/2020
1366198610,03/13/2021,0681,PPS,TOMAR AND THE FCS,8601 High Valley Rd,Austin,TX,78737-1456,04/13/2021,Paid in Full,60,100,21267,21267,0,,12096,"Wells Fargo Bank, National Association",101 N Philips Ave,SIOUX FALLS,SD,57104-6738,U,N,N,Existing or more than 2 years old,Austin,TRAVIS,TX,78737-1456,TX-25,5,711130,Unanswered,Unknown/NotStated,,21267,,,,,,Partnership,12096,"Wells Fargo Bank, National Association",SIOUX FALLS,SD,Unanswered,Unanswered,,21468.6,02/25/2022
6262898508,03/03/2021,0681,PPS,THE RULING CLASS LLC,6507 Burnet Rd,Austin,TX,78757-2839,09/29/2021,Paid in Full,60,100,21000,21000,0,,71783,Frost Bank,111 W Houston St,SAN ANTONIO,TX,78205-1414,U,N,N,Existing or more than 2 years old,Austin,TRAVIS,TX,78757-2839,TX-37,5,722410,Unanswered,Unknown/NotStated,1,20994,,,,,,Limited  Liability Company(LLC),71783,Frost Bank,SAN ANTONIO,TX,Male Owned,Non-Veteran,,21092.63,08/13/2021
1522148805,04/10/2021,0681,PPS,OVATION PRODUCTIONS LLC,4208 Trinity Woods St,Leander,TX,78641-1616,10/16/2021,Paid in Full,60,100,20833,20833,0,,106661,University FCU,"8303 N Mopac Expwy, Ste A-105",AUSTIN,TX,78759,U,N,N,Existing or more than 2 years old,Leander,WILLIAMSON,TX,78641-1616,TX-31,1,711130,Unanswered,Unknown/NotStated,,20833,,,,,,Limited  Liability Company(LLC),106661,University FCU,AUSTIN,TX,Unanswered,Unanswered,,20929.06,09/28/2021
1710768702,03/27/2021,0681,PPS,ALEXIS MASTON,3001 Scofield Ridge Pkwy,Austin,TX,78727-6398,09/16/2021,Paid in Full,60,100,20833,20833,0,,524612,Fountainhead SBF LLC,3216 W. Lake Mary Blvd,LAKE MARY,FL,32746,U,N,N,Existing or more than 2 years old,Austin,TRAVIS,TX,78727-6398,TX-37,1,711310,Unanswered,Unknown/NotStated,,20833,,,,,,Self-Employed Individuals,524612,Fountainhead SBF LLC,LAKE MARY,FL,Female Owned,Non-Veteran,,20906.49,08/11/2021
2792038703,03/30/2021,0681,PPP,ANASTASIA OZAIN-PORTERIE,11011 Domain Dr,Austin,TX,78758-7764,09/17/2021,Paid in Full,60,100,20833,20833,0,,524612,Fountainhead SBF LLC,3216 W. Lake Mary Blvd,LAKE MARY,FL,32746,U,N,Y,Existing or more than 2 years old,Austin,TRAVIS,TX,78758-7764,TX-37,1,722410,Unanswered,Unknown/NotStated,,20833,,,,,,Independent Contractors,524612,Fountainhead SBF LLC,LAKE MARY,FL,Unanswered,Unanswered,,20908.81,08/19/2021
4850058304,01/23/2021,0681,PPS,BRENT WILLIAMS,19200 Gildas Cv,Pflugerville,TX,78660-4169,03/19/2022,Paid in Full,60,100,20833,20833,0,,121536,Customers Bank,40 General Warren Blvd,Malvern,PA,19355,U,N,N,Existing or more than 2 years old,Pflugerville,TRAVIS,TX,78660-4169,TX-17,1,711130,Black or African American,Not Hispanic or Latino,,20833,,,,,,Self-Employed Individuals,529113,"Kabbage, Inc.",Atlanta,GA,Male Owned,Veteran,,20965.42,09/24/2021
6196198609,03/20/2021,0681,PPS,RYAN LEPPER,4317 Cortesia Way,Leander,TX,78641-3954,10/19/2021,Paid in Full,60,100,20833,20833,0,,122043,WebBank,"215 S State St, Ste 1000",SALT LAKE CITY,UT,84111-2336,U,N,N,Existing or more than 2 years old,Leander,TRAVIS,TX,78641-3954,TX-31,1,711310,Unanswered,Unknown/NotStated,,20831,,,,,,Sole Proprietorship,122043,WebBank,SALT LAKE CITY,UT,Unanswered,Unanswered,,20934.27,09/15/2021
6479508900,05/02/2021,0681,PPP,WHITNEY ROSE,505 Meadow Lea Dr,Austin,TX,78745-6417,11/06/2021,Paid in Full,60,100,20833,20833,0,,529192,Benworth Capital,7000 SW 97th Avenue Suite 201,Miami,FL,33173,U,Y,Y,Existing or more than 2 years old,Austin,TRAVIS,TX,78745-6417,TX-37,1,711130,Unanswered,Unknown/NotStated,,20833,,,,,,Self-Employed Individuals,529192,Benworth Capital,Miami,FL,Unanswered,Unanswered,,20911.2,10/27/2021
7709478110,07/23/2020,0681,PPP,BRENT WILLIAMS,19200 Gildas Cove,Pflugerville,TX,78660-4169,03/18/2022,Paid in Full,60,100,20833,20833,0,,593324,Fed � Kabbage,925B Peachtree Street NE,Atlanta,GA,30309,U,N,N,Existing or more than 2 years old,Pflugerville,TRAVIS,TX,78660-4169,TX-17,1,711130,Black or African American,Not Hispanic or Latino,,20833,,,,,,Self-Employed Individuals,529113,"Kabbage, Inc.",Atlanta,GA,Male Owned,Veteran,,21040.19,07/22/2021
9300598104,07/28/2020,0681,PPP,CLUB EL TAHUR LLC,214 E Anderson Lane,Austin,TX,78752-1209,09/29/2021,Paid in Full,60,100,112500,20833,0,,111901,"LendingClub Bank, National Association",2701 N Thanksgiving Way,LEHI,UT,84043,U,Y,Y,Existing or more than 2 years old,Austin,TRAVIS,TX,78752-1209,TX-37,2,722410,Unanswered,Unknown/NotStated,,20833,,,,,,Limited  Liability Company(LLC),111901,"LendingClub Bank, National Association",LEHI,UT,Unanswered,Unanswered,,21045.38,08/02/2021
9534928110,07/28/2020,0681,PPP,STONE TRUTH MUSIC LLC,2516 ENFIELD RD 103,AUSTIN,TX,78703,10/20/2021,Paid in Full,60,100,20833,20833,0,,12096,"Wells Fargo Bank, National Association",101 N Philips Ave,SIOUX FALLS,SD,57104-6738,U,N,N,Existing or more than 2 years old,AUSTIN,TRAVIS,TX,78703-0001,TX-37,8,711130,Unanswered,Unknown/NotStated,,20833,,,,,,Corporation,12096,"Wells Fargo Bank, National Association",SIOUX FALLS,SD,Unanswered,Unanswered,,21068.73,09/16/2021
7856117808,06/04/2020,0681,PPP,STUBTYCOON,2306 Chi Chi's Cove,Round Rock,TX,78664,04/21/2021,Paid in Full,24,100,20832.5,20832.5,0,,113190,American Express National Bank,115 West Towne Ridge Parkway,Sandy,UT,84070,U,N,N,Existing or more than 2 years old,Round Rock,WILLIAMSON,TX,78664-0001,TX-31,1,711130,Unanswered,Unknown/NotStated,1833.25,10999.5,1833.25,1833.25,0,1833.25,2500,Limited  Liability Company(LLC),113190,American Express National Bank,Sandy,UT,Unanswered,Unanswered,,21003.73,04/06/2021
9215008304,01/30/2021,0681,PPS,CHRISTOPHER CROSS,3101 Yellowpine Ter,Austin,TX,78757-1628,08/05/2021,Paid in Full,60,100,20832.5,20832.5,0,,70553,First National Bank Texas,901 E Central Texas Expy,Killeen,TX,76541,U,N,N,Existing or more than 2 years old,Austin,TRAVIS,TX,78757-1628,TX-37,1,711130,Unanswered,Unknown/NotStated,,20832.5,,,,,,Limited  Liability Company(LLC),70553,First National Bank Texas,Killeen,TX,Unanswered,Unanswered,,20922.11,07/07/2021
3336128304,01/22/2021,0681,PPS,COURTNEY OKOLO LLC,3212 Crosscreek Dr Apt 103,Austin,TX,78757-7576,02/17/2022,Paid in Full,60,100,20832,20832,0,,9551,"Bank of America, National Association","100 N Tryon St, Ste 170",CHARLOTTE,NC,28202-4024,U,N,N,Existing or more than 2 years old,Austin,TRAVIS,TX,78757-7576,TX-37,1,711310,Unanswered,Unknown/NotStated,,20830,,,,,,Limited  Liability Company(LLC),9551,"Bank of America, National Association",CHARLOTTE,NC,Unanswered,Unanswered,,21034.61,01/13/2022
4537748706,04/01/2021,0681,PPS,STUBTYCOON,2306 Chi Chi Cv,Round Rock,TX,78664-3923,08/21/2021,Paid in Full,60,100,20832,20832,0,,499141,"Readycap Lending, LLC",200 Connell Drive Suite 4000,BERKELEY HEIGHTS,NJ,07922,U,N,N,Existing or more than 2 years old,Round Rock,WILLIAMSON,TX,78664-3923,TX-31,1,711310,Unanswered,Unknown/NotStated,,20830,,,,,,Limited  Liability Company(LLC),499141,"Readycap Lending, LLC",BERKELEY HEIGHTS,NJ,Unanswered,Unanswered,,20892.5,07/21/2021
5469417402,05/12/2020,0681,PPP,"ROCK HAPPY LIVING, LLC",903 W 10TH ST,GEORGETOWN,TX,78626-5415,04/09/2021,Paid in Full,24,100,41648,20832,0,,71468,"SouthStar Bank, S.S.B.",100 S Main St,MOULTON,TX,77975-4598,U,Y,Y,Unanswered,GEORGETOWN,WILLIAMSON,TX,78626-5415,TX-31,1,711310,Unanswered,Unknown/NotStated,,20832,,,,,,Limited  Liability Company(LLC),71468,"SouthStar Bank, S.S.B.",MOULTON,TX,Unanswered,Unanswered,,20997.51,03/05/2021
7724009005,05/26/2021,0681,PPP,DAVID BLACK,5329 King Henry Dr,Austin,TX,78724-5321,03/22/2022,Paid in Full,60,100,20832,20832,0,,188361,"Prestamos CDFI, LLC",1024 East Buckeye Road Suite 270,Phoenix,AZ,85034,U,Y,Y,Existing or more than 2 years old,Austin,TRAVIS,TX,78724-5321,TX-35,1,711130,Black or African American,Not Hispanic or Latino,1,20829,,,,,,Sole Proprietorship,188361,"Prestamos CDFI, LLC",Phoenix,AZ,Male Owned,Non-Veteran,,20899.13,10/04/2021
8504029003,05/27/2021,0681,PPP,LADONNA LANDRY,18430 Stevie Ray Dr,Round Rock,TX,78664-2077,03/22/2022,Paid in Full,60,100,20832,20832,0,,188361,"Prestamos CDFI, LLC",1024 East Buckeye Road Suite 270,Phoenix,AZ,85034,U,N,N,Existing or more than 2 years old,Round Rock,WILLIAMSON,TX,78664-2077,TX-31,1,711310,Black or African American,Not Hispanic or Latino,1,20828,,,,,,Sole Proprietorship,188361,"Prestamos CDFI, LLC",Phoenix,AZ,Female Owned,Non-Veteran,,20907.23,10/14/2021
8907028905,05/12/2021,0681,PPP,ELBERT ADAMS,150 Klattenhoff Ln Apt 4308,Hutto,TX,78634-4606,03/22/2022,Paid in Full,60,100,20832,20832,0,,188361,"Prestamos CDFI, LLC",1024 East Buckeye Road Suite 270,Phoenix,AZ,85034,U,N,N,Existing or more than 2 years old,Hutto,WILLIAMSON,TX,78634-4606,TX-17,1,711130,Unanswered,Unknown/NotStated,1,20828,,,,,,Sole Proprietorship,188361,"Prestamos CDFI, LLC",Phoenix,AZ,Unanswered,Unanswered,,20933.27,11/10/2021
9137898404,02/16/2021,0681,PPS,STAR EVENTS LLC,15000 Hamilton Pool Rd,Bee Cave,TX,78738-7617,01/13/2022,Paid in Full,60,100,20832,20832,0,,44449,"PNC Bank, National Association",222 Delaware Ave,WILMINGTON,DE,19801-1621,U,N,N,Existing or more than 2 years old,Bee Cave,TRAVIS,TX,78738-7617,TX-25,1,711310,Unanswered,Not Hispanic or Latino,,20831,,,,,,Sole Proprietorship,760,First Source Federal Credit Union,Rome,NY,Male Owned,Non-Veteran,,21000.97,12/09/2021
9441118605,03/26/2021,0681,PPP,GARRETT WHITE,2712 Gholson Dr,Cedar Park,TX,78613-1648,10/19/2022,Charged Off,28,100,20832,20832,0,,529472,"Capital Plus Financial, LLC",2247 Central Drive,Bedford,TX,76021,U,N,N,Existing or more than 2 years old,Cedar Park,TRAVIS,TX,78613-1648,TX-31,1,711130,White,Not Hispanic or Latino,,20832,,,,,,Sole Proprietorship,529472,"Capital Plus Financial, LLC",Bedford,TX,Male Owned,Non-Veteran,,,
9544247104,04/15/2020,0681,PPP,AUSTIN SILENT DISCO LLC,1007 S CONGRESS AVE APT 244,AUSTIN,TX,78704,06/19/2021,Paid in Full,24,100,20832,20832,0,,122043,WebBank,"215 S State St, Ste 1000",SALT LAKE CITY,UT,84111-2336,U,N,N,Existing or more than 2 years old,AUSTIN,TRAVIS,TX,78704-0001,TX-21,1,711310,Unanswered,Unknown/NotStated,,20832,,,,,,Limited  Liability Company(LLC),122043,WebBank,SALT LAKE CITY,UT,Unanswered,Unanswered,,21060.57,05/21/2021
2038577801,05/22/2020,0681,PPP,TAYLOR MADE PRODUCTION LLC,6800 GATE BLVD,AUSTIN,TX,78745-4868,12/05/2020,Paid in Full,24,100,20800,20800,0,,35989,Capitol National Bank,200 Washington Sq North,LANSING,MI,48933-1320,U,N,N,Existing or more than 2 years old,AUSTIN,TRAVIS,TX,78745-4868,TX-37,1,711130,Unanswered,Unknown/NotStated,,20800,,,,,,Sole Proprietorship,35989,Capitol National Bank,LANSING,MI,Unanswered,Unanswered,,20902.84,11/23/2020
2122698409,02/03/2021,0681,PPP,MEGAN VAUGHN,310 Lake Cliff Trl,Austin,TX,78746-4677,07/09/2021,Paid in Full,60,100,20800,20800,0,,70134,Horizon Bank SSB,"600, W. 5th St.",Austin,TX,78701,U,N,N,Existing or more than 2 years old,Austin,TRAVIS,TX,78746-4677,TX-10,1,722410,Unanswered,Unknown/NotStated,1,20798,,,,,,Self-Employed Individuals,70134,Horizon Bank SSB,Austin,TX,Unanswered,Unanswered,,20873.96,06/14/2021
2315448400,02/03/2021,0681,PPS,ENEDELIA SALAZAR,1122 Invasion St,San Marcos,TX,78666-6237,03/09/2021,Paid in Full,60,100,20800,20800,0,,70700,International Bank of Commerce,1200 San Bernardo Ave,LAREDO,TX,78040-6301,R,Y,Y,Existing or more than 2 years old,San Marcos,HAYS,TX,78666-6237,TX-15,1,711130,Unanswered,Unknown/NotStated,1,20798,,,,,,Sole Proprietorship,70700,International Bank of Commerce,LAREDO,TX,Unanswered,Unanswered,,20947.33,11/05/2021
2786028410,02/04/2021,0681,PPP,COLT WOODY,1806 Congressional Cir,Austin,TX,78746-7101,07/09/2021,Paid in Full,60,100,20800,20800,0,,70134,Horizon Bank SSB,"600, W. 5th St.",Austin,TX,78701,U,N,N,Existing or more than 2 years old,Austin,TRAVIS,TX,78746-7101,TX-10,1,722410,Unanswered,Unknown/NotStated,1,20798,,,,,,Self-Employed Individuals,70134,Horizon Bank SSB,Austin,TX,Unanswered,Unanswered,,20873.38,06/14/2021
2852838405,02/04/2021,0681,PPP,BOB WOODY,2204 Point Bluff Dr,Austin,TX,78746-6241,07/09/2021,Paid in Full,60,100,20800,20800,0,,70134,Horizon Bank SSB,"600, W. 5th St.",Austin,TX,78701,U,N,N,Existing or more than 2 years old,Austin,TRAVIS,TX,78746-6241,TX-10,1,722410,Unanswered,Not Hispanic or Latino,1,20798,,,,,,Sole Proprietorship,70134,Horizon Bank SSB,Austin,TX,Male Owned,Non-Veteran,,20873.38,06/14/2021
2879668402,02/04/2021,0681,PPP,ADAM ROGERS,1018 Harwood Pl,Austin,TX,78704-2613,07/09/2021,Paid in Full,60,100,20800,20800,0,,70134,Horizon Bank SSB,"600, W. 5th St.",Austin,TX,78701,U,N,N,Existing or more than 2 years old,Austin,TRAVIS,TX,78704-2613,TX-21,1,722410,Unanswered,Unknown/NotStated,1,20798,,,,,,Self-Employed Individuals,70134,Horizon Bank SSB,Austin,TX,Unanswered,Unanswered,,20873.38,06/14/2021
4953118704,04/01/2021,0681,PPP,RUBEN RAMOS,10614 Slaughter Creek Dr,Austin,TX,78748-2225,07/13/2021,Paid in Full,60,100,20800,20800,0,,71592,Lone Star National Bank,206 W Ferguson,PHARR,TX,78577-2404,U,N,N,Existing or more than 2 years old,Austin,TRAVIS,TX,78748-2225,TX-21,1,711130,Unanswered,Unknown/NotStated,1,20794,,,,,,Self-Employed Individuals,71592,Lone Star National Bank,PHARR,TX,Unanswered,Unanswered,,20830.04,06/15/2021
6483027208,04/28/2020,0681,PPP,IVAN TREVINO,2504 Moreno St,AUSTIN,TX,78723,05/29/2021,Paid in Full,24,100,20800,20800,0,,72188,American Bank of Commerce,530 E Hwy 62/82,WOLFFORTH,TX,79382-9382,U,N,N,Existing or more than 2 years old,AUSTIN,TRAVIS,TX,78723-0001,TX-25,1,711130,Unanswered,Unknown/NotStated,,15600,,5200,,,,Independent Contractors,72188,American Bank of Commerce,WOLFFORTH,TX,Unanswered,Unanswered,,20974.95,03/10/2021
8352497208,04/28/2020,0681,PPP,"CHRISTOPHER CROSS, INC",1600 Barton Springs Rd. #2103,AUSTIN,TX,78704,01/07/2021,Paid in Full,24,100,20800,20800,0,,70553,First National Bank Texas,901 E Central Texas Expy,Killeen,TX,76541,U,N,N,Unanswered,AUSTIN,TRAVIS,TX,78704-0001,TX-21,1,711130,Unanswered,Unknown/NotStated,,20800,,,,,,Limited  Liability Company(LLC),70553,First National Bank Texas,Killeen,TX,Unanswered,Unanswered,,20899.6,02/16/2021
8849117205,04/28/2020,0681,PPP,ENEDELIA SALAZAR,1122 Invasion St,SAN MARCOS,TX,78666,03/09/2021,Paid in Full,24,100,20800,20800,0,,70700,International Bank of Commerce,1200 San Bernardo Ave,LAREDO,TX,78040-6301,R,Y,Y,Existing or more than 2 years old,SAN MARCOS,HAYS,TX,78666-0001,TX-15,1,711130,Unanswered,Unknown/NotStated,,20800,,,,,,Sole Proprietorship,70700,International Bank of Commerce,LAREDO,TX,Unanswered,Unanswered,,20929.73,02/16/2021
6964508000,06/30/2020,0681,PPP,JULIE SMITH DESIGN AND RETAIL LLC,12700 HILL COUNTRY BLVD Suite T110,BEE CAVE,TX,78738-6307,03/02/2022,Paid in Full,60,100,20700,20700,0,,71476,"Guaranty Bank & Trust, National Association",100 W Arkansas,MOUNT PLEASANT,TX,75455-4420,U,N,N,Existing or more than 2 years old,BEE CAVE,TRAVIS,TX,78738-6307,TX-25,6,722410,White,Unknown/NotStated,,20700,,,,,,Limited  Liability Company(LLC),71476,"Guaranty Bank & Trust, National Association",MOUNT PLEASANT,TX,Male Owned,Non-Veteran,,20862.72,04/21/2021
6157438704,04/03/2021,0681,PPP,JORDAN DOTSON,1504 Pennsylvania Ave,Austin,TX,78702-2019,09/29/2021,Paid in Full,60,100,20625,20625,0,,529472,"Capital Plus Financial, LLC",2247 Central Drive,Bedford,TX,76021,U,Y,Y,Existing or more than 2 years old,Austin,TRAVIS,TX,78702-2019,TX-37,1,711130,Black or African American,Not Hispanic or Latino,1,20622,,,,,,Sole Proprietorship,529472,"Capital Plus Financial, LLC",Bedford,TX,Male Owned,Non-Veteran,,20705.21,09/09/2021
4336589009,05/20/2021,0681,PPP,NICHOLE JOHNSON,2623 Eastwood Ln,Round Rock,TX,78664-6217,03/22/2022,Paid in Full,60,100,20582,20582,0,,188361,"Prestamos CDFI, LLC",1024 East Buckeye Road Suite 270,Phoenix,AZ,85034,U,N,N,Existing or more than 2 years old,Round Rock,WILLIAMSON,TX,78664-6217,TX-31,1,711130,Black or African American,Not Hispanic or Latino,1,20578,,,,,,Independent Contractors,188361,"Prestamos CDFI, LLC",Phoenix,AZ,Female Owned,Non-Veteran,,20654.61,10/08/2021
4273679003,05/20/2021,0681,PPP,MARESHA JONES,12408 Deer Falls Dr Apt A,Austin,TX,78729-7204,03/22/2022,Paid in Full,60,100,20572,20572,0,,188361,"Prestamos CDFI, LLC",1024 East Buckeye Road Suite 270,Phoenix,AZ,85034,U,N,Y,Existing or more than 2 years old,Austin,WILLIAMSON,TX,78729-7204,TX-37,1,711130,Black or African American,Not Hispanic or Latino,1,20570,,,,,,Sole Proprietorship,188361,"Prestamos CDFI, LLC",Phoenix,AZ,Female Owned,Non-Veteran,,20660.57,11/02/2021
5672338709,04/02/2021,0681,PPS,THE BAND OF HEATHENS LLC,4608 Madrona Dr,Austin,TX,78731-5230,01/12/2022,Paid in Full,60,100,20567,20567,0,,12096,"Wells Fargo Bank, National Association",101 N Philips Ave,SIOUX FALLS,SD,57104-6738,U,N,N,Existing or more than 2 years old,Austin,TRAVIS,TX,78731-5230,TX-37,2,711130,Unanswered,Unknown/NotStated,,20566,,,,,,Limited  Liability Company(LLC),12096,"Wells Fargo Bank, National Association",SIOUX FALLS,SD,Unanswered,Unanswered,,20702.8,12/03/2021
3607717409,05/07/2020,0681,PPP,MARTHA SUZANNE HANSEN,1611 B Bouldin Ave,AUSTIN,TX,78704,06/22/2021,Paid in Full,24,100,20560,20560,0,,105536,Susser Bank,"100 Crescent Ct, Ste. 575",DALLAS,TX,75201,U,Y,N,Unanswered,AUSTIN,TRAVIS,TX,78704-0001,TX-21,1,711310,Unanswered,Unknown/NotStated,,20560,,,,,,Self-Employed Individuals,105536,Susser Bank,DALLAS,TX,Unanswered,Unanswered,,20749.83,04/15/2021
4707288910,04/29/2021,0681,PPS,EUGENE MCKNIGHT,605 Winterfield Dr Apt 405,Hutto,TX,78634-5610,03/19/2022,Paid in Full,60,100,20302,20302,0,,509316,"Harvest Small Business Finance, LLC",24422 Avenida de la Carlota Suite 400,Laguna Hills,CA,92653,U,N,N,Existing or more than 2 years old,Hutto,WILLIAMSON,TX,78634-5610,TX-17,1,711130,Unanswered,Unknown/NotStated,,20302,,,,,,Sole Proprietorship,509316,"Harvest Small Business Finance, LLC",Laguna Hills,CA,Unanswered,Unanswered,,20466.08,02/25/2022
9749088703,04/09/2021,0681,PPP,EUGENE MCKNIGHT,605 Winterfield Dr Apt 405,Hutto,TX,78634-5610,03/11/2022,Paid in Full,60,100,20302,20302,0,,524612,Fountainhead SBF LLC,3216 W. Lake Mary Blvd,LAKE MARY,FL,32746,U,N,N,Existing or more than 2 years old,Hutto,WILLIAMSON,TX,78634-5610,TX-17,1,711130,Unanswered,Unknown/NotStated,,20302,,,,,,Sole Proprietorship,524612,Fountainhead SBF LLC,LAKE MARY,FL,Unanswered,Unanswered,,20479.08,02/25/2022
6325487407,05/14/2020,0681,PPP,OFF THE WAGON LLC,505 East 6th Street,Austin,TX,78701,03/05/2021,Paid in Full,24,100,20000,20000,0,,70134,Horizon Bank SSB,"600, W. 5th St.",Austin,TX,78701,U,N,N,Existing or more than 2 years old,Austin,TRAVIS,TX,78701-0001,TX-37,10,722410,Unanswered,Unknown/NotStated,,20000,,,,,,Limited  Liability Company(LLC),70134,Horizon Bank SSB,Austin,TX,Unanswered,Unanswered,,20108.33,02/16/2021
7802478801,04/22/2021,0681,PPP,KASANDRA GORE,6908 Lovely Ln,Austin,TX,78744-5706,03/22/2022,Paid in Full,60,100,19790,19790,0,,188361,"Prestamos CDFI, LLC",1024 East Buckeye Road Suite 270,Phoenix,AZ,85034,U,Y,Y,Existing or more than 2 years old,Austin,TRAVIS,TX,78744-5706,TX-35,1,711130,Black or African American,Not Hispanic or Latino,1,19786,,,,,,Sole Proprietorship,188361,"Prestamos CDFI, LLC",Phoenix,AZ,Female Owned,Non-Veteran,,19895,11/10/2021
2791238408,02/04/2021,0681,PPS,"CITY-WIDE GARAGE SALE, LLC",1300 Travis Heights Blvd,Austin,TX,78704-2529,09/24/2021,Paid in Full,60,100,19700,19700,0,,317954,"Newtek Small Business Finance, Inc.",1981 Marcus Avenue,LAKE SUCCESS,NY,11042,U,N,N,Existing or more than 2 years old,Austin,TRAVIS,TX,78704-2529,TX-21,7,711310,Unanswered,Unknown/NotStated,1,19697,,,,,,Limited  Liability Company(LLC),317954,"Newtek Small Business Finance, Inc.",LAKE SUCCESS,NY,Unanswered,Unanswered,,19767.31,08/04/2021
1991548701,03/27/2021,0681,PPS,BEN ERICKSON TOURING LLC,9305 Tea Rose Trl,Austin,TX,78748-5013,03/18/2022,Paid in Full,60,100,19613,19613,0,,456756,Cross River Bank,885 Teaneck Rd,TEANECK,NJ,07666-4546,U,N,N,Existing or more than 2 years old,Austin,TRAVIS,TX,78748-5013,TX-21,1,711310,Unanswered,Unknown/NotStated,,19613,,,,,,Corporation,456756,Cross River Bank,TEANECK,NJ,Unanswered,Unanswered,,19786.02,02/17/2022
2097768305,01/20/2021,0681,PPS,JESSICA BALLADARES-BENNETT,102 Burgess Ln,Austin,TX,78738-6564,07/09/2021,Paid in Full,60,100,19500,19500,0,,70134,Horizon Bank SSB,"600, W. 5th St.",Austin,TX,78701,U,N,N,Existing or more than 2 years old,Austin,TRAVIS,TX,78738-6564,TX-25,1,711310,Unanswered,Unknown/NotStated,1,19497,,,,,,Sole Proprietorship,70134,Horizon Bank SSB,Austin,TX,Female Owned,Unanswered,,19578.54,06/15/2021
9442757201,04/28/2020,0681,PPP,GRAWLIX LLC,330 W MERCER ST,DRIPPING SPRINGS,TX,78620-5590,04/21/2021,Paid in Full,24,100,3200,19400,0,,26378,Sunflower Bank National Association,"8117 Preston Rd, Ste 220",Dallas,TX,75225,R,N,N,New Business or 2 years or less,DRIPPING SPRINGS,HAYS,TX,78620-5590,TX-25,8,722410,Unanswered,Not Hispanic or Latino,,19400,,,,,,Limited  Liability Company(LLC),447412,Sunflower Bank National Association,Austin,TX,Male Owned,Non-Veteran,,19560.05,03/03/2021
6053148107,07/20/2020,0681,PPP,KEEP AUSTIN IRISH LLC,4600 Seton Center Parkway Apt 1712,Austin,TX,78759-5245,08/07/2021,Paid in Full,60,100,19360,19360,0,,188309,CDC Small Business Finance Corporation,2448 Historic Decatur Road Suite 200,San Diego,CA,92106,U,N,N,Existing or more than 2 years old,Austin,TRAVIS,TX,78759-5245,TX-37,1,722410,Unanswered,Hispanic or Latino,,19360,,,,,,Limited  Liability Company(LLC),188309,CDC Small Business Finance Corporation,San Diego,CA,Male Owned,Non-Veteran,,19541.93,07/02/2021
8569188402,02/13/2021,0681,PPP,JAMES DEAN ROBISON,408 Winchester Dr,Dripping Springs,TX,78620-2802,07/20/2021,Paid in Full,60,100,19298,19298,0,,59698,Umpqua Bank,"445 SE Main St, First Fl",ROSEBURG,OR,97470-4934,R,N,N,Existing or more than 2 years old,Dripping Springs,HAYS,TX,78620-2802,TX-25,1,711130,White,Not Hispanic or Latino,,19297,,,,,,Independent Contractors,59698,Umpqua Bank,ROSEBURG,OR,Male Owned,Non-Veteran,,19356.69,06/15/2021
3408678403,02/04/2021,0681,PPS,MERLE SETH BROWER,2103 Old Mill Rd,Cedar Park,TX,78613-5710,09/20/2022,Paid in Full,60,100,18894,18894,0,,121536,Customers Bank,40 General Warren Blvd,Malvern,PA,19355,U,N,N,Existing or more than 2 years old,Cedar Park,TRAVIS,TX,78613-5710,TX-31,1,711310,Unanswered,Unknown/NotStated,,18892,,,,,,Self-Employed Individuals,529113,"Kabbage, Inc.",Atlanta,GA,Unanswered,Unanswered,,19186.47,09/01/2022
7954957806,06/04/2020,0681,PPP,TRACKFORLIFE MEET SERVICES,2103 Old Mill Rd,Cedar Park,TX,78613,03/19/2022,Paid in Full,24,100,18894,18894,0,,593324,Fed � Kabbage,925B Peachtree Street NE,Atlanta,GA,30309,U,N,N,Existing or more than 2 years old,Cedar Park,WILLIAMSON,TX,78613-0001,TX-31,1,711310,Unanswered,Unknown/NotStated,,18894,,,,,,Self-Employed Individuals,529113,"Kabbage, Inc.",Atlanta,GA,Unanswered,Unanswered,,19189.57,01/04/2022
8657487402,05/19/2020,0681,PPP,"NOMAD BAR, LLC",1213 Corona Dr.,Austin,TX,78723,02/17/2022,Paid in Full,24,100,18750,18750,0,,122043,WebBank,"215 S State St, Ste 1000",SALT LAKE CITY,UT,84111-2336,U,Y,Y,Existing or more than 2 years old,Austin,TRAVIS,TX,78723-0001,TX-25,12,722410,Unanswered,Unknown/NotStated,,18750,,,,,,Limited  Liability Company(LLC),122043,WebBank,SALT LAKE CITY,UT,Unanswered,Unanswered,,19059.38,01/04/2022
3133327102,04/11/2020,0681,PPP,"MELHEM ENTERPRISES, LLC",2309 Sage Canyon Drive,CEDAR PARK,TX,78613-6989,02/06/2021,Paid in Full,24,100,18500,18500,0,,106661,University FCU,"8303 N Mopac Expwy, Ste A-105",AUSTIN,TX,78759,U,N,N,Existing or more than 2 years old,CEDAR PARK,WILLIAMSON,TX,78613-6989,TX-31,7,711310,Unanswered,Unknown/NotStated,,18500,,,,,,Corporation,106661,University FCU,AUSTIN,TX,Unanswered,Unanswered,,18642.35,01/25/2021
3247958707,03/31/2021,0681,PPP,CARSON CREEK RANCH LLC,9507 Sherman Rd,Austin,TX,78742-2211,09/14/2021,Paid in Full,60,100,18500,18500,0,,70134,Horizon Bank SSB,"600, W. 5th St.",Austin,TX,78701,U,Y,Y,Existing or more than 2 years old,Austin,TRAVIS,TX,78742-2211,TX-35,2,722410,Unanswered,Unknown/NotStated,1,18498,,,,,,Sole Proprietorship,70134,Horizon Bank SSB,Austin,TX,Unanswered,Unanswered,,18565.26,08/06/2021
1345188401,02/01/2021,0681,PPS,CORY MORROW BAND INC,108 Bedford Dr,Spicewood,TX,78669-3083,08/12/2021,Paid in Full,60,100,18230,18230,0,,451098,Stellar Bank,8727 W Sam Houston Pkwy North,HOUSTON,TX,77040-5167,R,N,N,Existing or more than 2 years old,Spicewood,BURNET,TX,78669-3083,TX-25,2,711130,Unanswered,Unknown/NotStated,,18230,,,,,,Corporation,451098,Stellar Bank,HOUSTON,TX,Unanswered,Unanswered,,18319.12,08/02/2021
5867517109,04/14/2020,0681,PPP,"CORY MORROW BAND, INC.",108 BEDFORD DR,SPICEWOOD,TX,78669-3083,04/21/2021,Paid in Full,24,100,137349.3,18229,0,,451098,Stellar Bank,8727 W Sam Houston Pkwy North,HOUSTON,TX,77040-5167,R,N,N,Existing or more than 2 years old,SPICEWOOD,BURNET,TX,78669-3083,TX-25,13,711130,Unanswered,Unknown/NotStated,,18229,,,,,,Corporation,451098,Stellar Bank,HOUSTON,TX,Unanswered,Unanswered,,18389.01,03/11/2021
4514599005,05/20/2021,0681,PPP,EVENTIVE MANAGEMENT LLC,211 Jack Nicklaus Dr,Austin,TX,78738-1705,03/22/2022,Paid in Full,60,100,18175,18175,0,,188361,"Prestamos CDFI, LLC",1024 East Buckeye Road Suite 270,Phoenix,AZ,85034,U,N,N,Existing or more than 2 years old,Austin,TRAVIS,TX,78738-1705,TX-25,1,711310,White,Not Hispanic or Latino,,18175,,,,,,Limited  Liability Company(LLC),188361,"Prestamos CDFI, LLC",Phoenix,AZ,Female Owned,Non-Veteran,,18242.65,10/14/2021
3090458308,01/21/2021,0681,PPS,MERCER ENTERTAINMENT DISTRICT LLC,100 Commons Rd Ste 7-213,Dripping Springs,TX,78620-4400,04/20/2022,Paid in Full,60,100,17885,17885,0,,26378,Sunflower Bank National Association,"8117 Preston Rd, Ste 220",Dallas,TX,75225,R,Y,N,Existing or more than 2 years old,Dripping Springs,HAYS,TX,78620-4400,TX-25,4,722410,Unanswered,Not Hispanic or Latino,1,17881,,,,,,Limited  Liability Company(LLC),447412,Sunflower Bank National Association,Austin,TX,Male Owned,Unanswered,,18097.14,03/30/2022
7497708703,04/06/2021,0681,PPS,HYDE PARK THEATRE,511 W 43rd St,Austin,TX,78751-4213,11/10/2021,Paid in Full,60,100,17648.7,17648.7,0,,72188,American Bank of Commerce,530 E Hwy 62/82,WOLFFORTH,TX,79382-9382,U,Y,N,Existing or more than 2 years old,Austin,TRAVIS,TX,78751-4213,TX-37,4,711310,Unanswered,Unknown/NotStated,,17648.7,,,,,,Professional Association,72188,American Bank of Commerce,WOLFFORTH,TX,Unanswered,Unanswered,,17716.39,08/27/2021
3976717306,04/29/2020,0681,PPP,CEDAR PARK PUB,2403 S.Bell Blvd # B,CEDAR PARK,TX,78613,02/17/2022,Paid in Full,24,100,17500,17500,0,,4426,Bank OZK,18000 Cantrell Rd,LITTLE ROCK,AR,72223-9729,U,N,N,Existing or more than 2 years old,CEDAR PARK,WILLIAMSON,TX,78613-0001,TX-31,8,722410,Unanswered,Unknown/NotStated,,17500,,,,,,Limited  Liability Company(LLC),4426,Bank OZK,LITTLE ROCK,AR,Unanswered,Unanswered,,17793.42,01/04/2022
7020938400,02/11/2021,0681,PPS,VENI VIDI VINO LLC,409 N Mays St,Round Rock,TX,78664-4316,10/09/2021,Paid in Full,60,100,17500,17500,0,,41195,Midwest Regional Bank,363 Festus Centre Dr,FESTUS,MO,63028-2400,U,Y,Y,Existing or more than 2 years old,Round Rock,WILLIAMSON,TX,78664-4316,TX-31,2,722410,Unanswered,Not Hispanic or Latino,1,17497,,,,,,Limited  Liability Company(LLC),41195,Midwest Regional Bank,FESTUS,MO,Female Owned,Non-Veteran,,17598.68,09/13/2021
7919618309,01/28/2021,0681,PPS,GRAHAM REYNOLDS MUSIC LLC,3010 E 14th 1/2 St,Austin,TX,78702-1602,09/29/2021,Paid in Full,60,100,17400,17400,0,,71783,Frost Bank,111 W Houston St,SAN ANTONIO,TX,78205-1414,U,Y,Y,Existing or more than 2 years old,Austin,TRAVIS,TX,78702-1602,TX-37,2,711130,Unanswered,Not Hispanic or Latino,,17400,,,,,,Limited  Liability Company(LLC),71783,Frost Bank,SAN ANTONIO,TX,Male Owned,Non-Veteran,,17489.62,08/06/2021
1250357405,05/04/2020,0681,PPP,THE BAND OF HEATHENS LLC,4608 MADRONA DR,AUSTIN,TX,78731,05/12/2021,Paid in Full,24,100,17361,17361,0,,12096,"Wells Fargo Bank, National Association",101 N Philips Ave,SIOUX FALLS,SD,57104-6738,U,N,N,Existing or more than 2 years old,AUSTIN,TRAVIS,TX,78731-0001,TX-37,2,711130,Unanswered,Unknown/NotStated,,17361,,,,,,Limited  Liability Company(LLC),12096,"Wells Fargo Bank, National Association",SIOUX FALLS,SD,Unanswered,Unanswered,,17520.34,04/08/2021
2632398206,08/03/2020,0681,PPP,TWO ELM LLC,617 E 7th. st.,AUSTIN,TX,78701-3304,06/17/2021,Paid in Full,60,100,17200,17200,0,,225134,Truist Bank,214 N Tryon St,CHARLOTTE,NC,28202-1078,U,N,N,Unanswered,AUSTIN,TRAVIS,TX,78701-3304,TX-37,20,722410,Unanswered,Unknown/NotStated,,17200,,,,,,Limited Liability Partnership,225134,Truist Bank,CHARLOTTE,NC,Unanswered,Unanswered,,17334.26,05/24/2021
1207678408,02/01/2021,0681,PPP,PARADISE ON ICE LLC,1700 Grand Avenue Pkwy Ste 150,Pflugerville,TX,78660-2776,12/07/2021,Paid in Full,60,100,17142,17142,0,,70410,Woodforest National Bank,1330 Lake Robbins Dr,THE WOODLANDS,TX,77380-3266,U,N,Y,Existing or more than 2 years old,Pflugerville,TRAVIS,TX,78660-2776,TX-17,6,722410,Black or African American,Hispanic or Latino,1,17139,,,,,,Limited  Liability Company(LLC),70410,Woodforest National Bank,THE WOODLANDS,TX,Female Owned,Non-Veteran,,17276.76,11/16/2021
4505787303,04/29/2020,0681,PPP,ELENA'S BAR AND GRILL LLC,14801 W State Hwy 29,Liberty Hill,TX,78642,08/11/2021,Paid in Full,24,100,17125,17125,0,,122043,WebBank,"215 S State St, Ste 1000",SALT LAKE CITY,UT,84111-2336,U,N,N,Existing or more than 2 years old,Liberty Hill,WILLIAMSON,TX,78642-0001,TX-31,4,722410,Unanswered,Unknown/NotStated,,17125,,,,,,Limited  Liability Company(LLC),122043,WebBank,SALT LAKE CITY,UT,Female Owned,Unanswered,,17337.16,07/22/2021
1166168302,01/16/2021,0681,PPS,"LAKEWAY CB , LLC",1310 Ranch Road 620 S,Lakeway,TX,78734-6300,12/13/2021,Paid in Full,60,100,17102,17102,0,,69881,The First National Bank in Falfurrias,200 S St. Mary St,FALFURRIAS,TX,78355-4355,U,N,N,Existing or more than 2 years old,Lakeway,TRAVIS,TX,78734-6300,TX-10,4,722410,Unanswered,Unknown/NotStated,1,17099,,,,,,Limited  Liability Company(LLC),69881,The First National Bank in Falfurrias,FALFURRIAS,TX,Male Owned,Unanswered,,17254.49,12/08/2021
2855108709,03/30/2021,0681,PPS,JAMES NICHOLAS,2716 Barton Creek Blvd,Austin,TX,78735-1600,10/13/2021,Paid in Full,60,100,16978,16978,0,,524612,Fountainhead SBF LLC,3216 W. Lake Mary Blvd,LAKE MARY,FL,32746,U,N,N,Existing or more than 2 years old,Austin,TRAVIS,TX,78735-1600,TX-21,1,711130,Unanswered,Unknown/NotStated,,16978,,,,,,Independent Contractors,524612,Fountainhead SBF LLC,LAKE MARY,FL,Unanswered,Unanswered,,17050.16,09/09/2021
7278928405,02/11/2021,0681,PPS,ROOFTOP ON SIXTH LLC,511 Rio Grande St Ste 200,Austin,TX,78701-2715,04/07/2022,Paid in Full,60,100,16940,16940,0,,72188,American Bank of Commerce,530 E Hwy 62/82,WOLFFORTH,TX,79382-9382,U,N,N,Existing or more than 2 years old,Austin,TRAVIS,TX,78701-2715,TX-37,9,722410,Unanswered,Unknown/NotStated,1,16935,,,,,,Limited  Liability Company(LLC),72188,American Bank of Commerce,WOLFFORTH,TX,Male Owned,Unanswered,,17116.83,03/15/2022
9227238507,03/12/2021,0681,PPP,GOOD KID BAD KID PRODUCTIONS LP,1627 Sun Valley Ct,Lakeway,TX,78734-5267,07/08/2022,Paid in Full,60,100,16908.95,16908.95,0,,69819,Prosperity Bank,1301 N Mechanic,El Campo,TX,77437,U,N,N,Existing or more than 2 years old,Lakeway,TRAVIS,TX,78734-5267,TX-10,2,711130,Unanswered,Unknown/NotStated,,16908.95,,,,,,Partnership,69819,Prosperity Bank,El Campo,TX,Unanswered,Unanswered,,17119.27,06/14/2022
5170018010,06/27/2020,0681,PPP,SPIDER HOUSE LLC,"2908 fruth , Austin, TX, 78705",Austin,TX,78705,12/04/2021,Paid in Full,60,100,125000,16875,0,,529431,MBE Capital Partners,1 Bridge Plaza N. # 550,Fort Lee,NJ,07024,U,N,Y,Existing or more than 2 years old,Austin,TRAVIS,TX,78705-0001,TX-25,17,722410,Unanswered,Unknown/NotStated,,16875,,,,,,Limited  Liability Company(LLC),529431,MBE Capital Partners,Fort Lee,NJ,Unanswered,Unanswered,,17106.56,11/04/2021
9094988406,02/14/2021,0681,PPS,LINE UPON LINE PERCUSSION,7009 Colony Park Dr,Austin,TX,78724-3645,11/19/2021,Paid in Full,60,100,16820,16820,0,,48270,"JPMorgan Chase Bank, National Association",1111 Polaris Pkwy,COLUMBUS,OH,43240-2031,U,Y,Y,Existing or more than 2 years old,Austin,TRAVIS,TX,78724-3645,TX-35,4,711130,Unanswered,Unknown/NotStated,,16820,,,,,,Subchapter S Corporation,48270,"JPMorgan Chase Bank, National Association",COLUMBUS,OH,Unanswered,Unanswered,,16925.31,10/06/2021
4981108001,06/26/2020,0681,PPP,WINE-TO-GO BARTON CREEK INC,1206 Miss Allisons Way,PFLUGERVILLE,TX,78660-3857,12/22/2021,Paid in Full,60,100,16700,16700,0,,71783,Frost Bank,111 W Houston St,SAN ANTONIO,TX,78205-1414,U,N,Y,Existing or more than 2 years old,PFLUGERVILLE,TRAVIS,TX,78660-3857,TX-17,19,722410,Unanswered,Unknown/NotStated,,16700,,,,,,Subchapter S Corporation,71783,Frost Bank,SAN ANTONIO,TX,Unanswered,Unanswered,,16929.22,11/17/2021
7206599007,05/23/2021,0681,PPP,ZACHERY FOX,7860 183A Toll Rd Apt 25304,Leander,TX,78641-1578,03/22/2022,Paid in Full,60,100,16665,16665,0,,188361,"Prestamos CDFI, LLC",1024 East Buckeye Road Suite 270,Phoenix,AZ,85034,U,N,N,Existing or more than 2 years old,Leander,WILLIAMSON,TX,78641-1578,TX-31,1,711130,White,Not Hispanic or Latino,1,16662,,,,,,Sole Proprietorship,188361,"Prestamos CDFI, LLC",Phoenix,AZ,Male Owned,Non-Veteran,,16733.51,10/29/2021
7393717302,04/30/2020,0681,PPP,BASTROP BEER COMPANY LLC,1008 Main Street,BASTROP,TX,78602,03/12/2021,Paid in Full,24,100,16238.23,16238.23,0,,529050,"Square Capital, LLC","1455 Market Street, Suite 600",San Francisco,CA,94103,R,N,Y,Existing or more than 2 years old,BASTROP,BASTROP,TX,78602-0001,TX-27,3,722410,Unanswered,Unknown/NotStated,1779.78,10678.67,1779.78,,2000,,,Limited  Liability Company(LLC),223542,Celtic Bank Corporation,SALT LAKE CITY,UT,Unanswered,Unanswered,,16374.81,03/05/2021
9973358608,03/26/2021,0681,PPS,MGM AFFAIR LLC,11101 Burnet Rd B120,Austin,TX,78758-3479,02/16/2022,Paid in Full,60,100,16159,16159,0,,12096,"Wells Fargo Bank, National Association",101 N Philips Ave,SIOUX FALLS,SD,57104-6738,U,N,Y,Existing or more than 2 years old,Austin,TRAVIS,TX,78758-3479,TX-37,8,722410,White,Hispanic or Latino,,16159,,,,,,Limited  Liability Company(LLC),12096,"Wells Fargo Bank, National Association",SIOUX FALLS,SD,Male Owned,Veteran,,16292.7,01/26/2022
1247827708,05/01/2020,0681,PPP,LINE UPON LINE PERCUSSION,7009 COLONY PARK DR,AUSTIN,TX,78724,05/22/2021,Paid in Full,24,100,16015,16015,0,,48270,"JPMorgan Chase Bank, National Association",1111 Polaris Pkwy,COLUMBUS,OH,43240-2031,U,Y,Y,Existing or more than 2 years old,AUSTIN,TRAVIS,TX,78724-0001,TX-35,4,711130,Unanswered,Unknown/NotStated,,10515,,1000,,4500,,Subchapter S Corporation,194093,"JPMorgan Chase Bank, National Association",CHICAGO,IL,Unanswered,Unanswered,,16160.18,03/31/2021
8516608905,05/11/2021,0681,PPP,DONTE GARDINER,2400 E 6th St,Austin,TX,78702-3982,03/22/2022,Paid in Full,60,100,15832,15832,0,,188361,"Prestamos CDFI, LLC",1024 East Buckeye Road Suite 270,Phoenix,AZ,85034,U,Y,Y,Existing or more than 2 years old,Austin,TRAVIS,TX,78702-3982,TX-37,1,711130,Black or African American,Unknown/NotStated,1,15829,,,,,,Sole Proprietorship,188361,"Prestamos CDFI, LLC",Phoenix,AZ,Male Owned,Non-Veteran,,15898.85,10/29/2021
2997218005,06/24/2020,0681,PPP,BEN ERICKSON TOURING LLC,9305 Tea Rose Trail,Austin,TX,78748-5013,03/23/2021,Paid in Full,60,100,15600,15600,0,,506410,DreamSpring,2000 Zearing Ave. NW,Albuquerque,NM,87104,U,N,N,New Business or 2 years or less,Austin,TRAVIS,TX,78748-5013,TX-21,1,711130,Unanswered,Unknown/NotStated,,15600,,,,,,Corporation,506410,DreamSpring,Albuquerque,NM,Unanswered,Unanswered,,15665.9,02/12/2021
8994168604,03/25/2021,0681,PPP,STUART SIKES,1400 Suffolk Dr,Austin,TX,78723-3145,10/19/2021,Paid in Full,60,100,15314,15314,0,,122043,WebBank,"215 S State St, Ste 1000",SALT LAKE CITY,UT,84111-2336,U,N,Y,Existing or more than 2 years old,Austin,TRAVIS,TX,78723-3145,TX-25,1,711130,Unanswered,Unknown/NotStated,,15314,,,,,,Self-Employed Individuals,122043,WebBank,SALT LAKE CITY,UT,Unanswered,Unanswered,,15383.34,09/17/2021
2675158400,02/03/2021,0681,PPS,THE BLACK VIOLIN LLC,555 E 5th St Apt 2825,Austin,TX,78701-4149,06/24/2021,Paid in Full,60,100,15312,15312,0,,48270,"JPMorgan Chase Bank, National Association",1111 Polaris Pkwy,COLUMBUS,OH,43240-2031,U,N,N,Existing or more than 2 years old,Austin,TRAVIS,TX,78701-4149,TX-37,2,711130,White,Not Hispanic or Latino,,15312,,,,,,Corporation,48270,"JPMorgan Chase Bank, National Association",COLUMBUS,OH,Male Owned,Non-Veteran,,,
5611429007,05/22/2021,0681,PPP,PAUL SMITH,169 Sloan Rd,Buda,TX,78610-4975,11/18/2021,Paid in Full,60,100,15280,15280,0,,509316,"Harvest Small Business Finance, LLC",24422 Avenida de la Carlota Suite 400,Laguna Hills,CA,92653,R,N,N,Existing or more than 2 years old,Buda,HAYS,TX,78610-4975,TX-21,1,711130,Unanswered,Unknown/NotStated,,15280,,,,,,Sole Proprietorship,514546,"BSD Capital, LLC dba Lendistry",Brea,CA,Unanswered,Unanswered,,15330.24,10/06/2021
2083238505,02/19/2021,0681,PPS,MICKY AND THE MOTORCARS LLC,4701 Merion Cricket Dr,Austin,TX,78747-1412,12/18/2021,Paid in Full,60,100,15100,15100,0,,12096,"Wells Fargo Bank, National Association",101 N Philips Ave,SIOUX FALLS,SD,57104-6738,U,N,N,Existing or more than 2 years old,Austin,TRAVIS,TX,78747-1412,TX-35,2,711130,Unanswered,Unknown/NotStated,1,15098,,,,,,Corporation,12096,"Wells Fargo Bank, National Association",SIOUX FALLS,SD,Unanswered,Unanswered,,15213.77,11/26/2021
7779888306,01/28/2021,0681,PPS,LOAD OFF FANNY'S LLC,202 E Market St,Lockhart,TX,78644-2749,02/04/2022,Paid in Full,60,100,15085,15085,0,,70042,Sage Capital Bank,1606 N Sarah DeWitt Dr,GONZALES,TX,78629-2700,R,N,N,Existing or more than 2 years old,Lockhart,CALDWELL,TX,78644-2749,TX-27,5,722410,Unanswered,Unknown/NotStated,1,15082,,,,,,Limited  Liability Company(LLC),70042,Sage Capital Bank,GONZALES,TX,Unanswered,Unanswered,,15231.66,01/18/2022
6949278506,03/04/2021,0681,PPS,NIGHTOWLS MUSIC LLC,2602 Grennock Dr,Austin,TX,78745-5912,12/21/2021,Paid in Full,60,100,15072,15072,0,,48270,"JPMorgan Chase Bank, National Association",1111 Polaris Pkwy,COLUMBUS,OH,43240-2031,U,N,Y,Existing or more than 2 years old,Austin,TRAVIS,TX,78745-5912,TX-37,1,711130,White,Not Hispanic or Latino,,15072,,,,,,Limited  Liability Company(LLC),48270,"JPMorgan Chase Bank, National Association",COLUMBUS,OH,Male Owned,Non-Veteran,,15175.39,11/15/2021
2550127108,04/10/2020,0681,PPP,THE BLACK VIOLIN LLC,555 E 5TH ST APT 2825,AUSTIN,TX,78701,02/18/2021,Paid in Full,24,100,15000,15000,0,,48270,"JPMorgan Chase Bank, National Association",1111 Polaris Pkwy,COLUMBUS,OH,43240-2031,U,N,N,Existing or more than 2 years old,AUSTIN,TRAVIS,TX,78701-0001,TX-37,2,711130,White,Not Hispanic or Latino,1000,13000,0,1000,0,0,0,Corporation,194093,"JPMorgan Chase Bank, National Association",CHICAGO,IL,Male Owned,Non-Veteran,,15115.56,01/25/2021
3586028802,04/15/2021,0681,PPS,AARON MCDONNELL LLC,307 Cowal Dr S,Spicewood,TX,78669-2109,11/20/2021,Paid in Full,60,100,15000,15000,0,,499141,"Readycap Lending, LLC",200 Connell Drive Suite 4000,BERKELEY HEIGHTS,NJ,07922,U,N,N,Existing or more than 2 years old,Spicewood,TRAVIS,TX,78669-2109,TX-10,1,711130,Unanswered,Unknown/NotStated,1,14996,,,,,,Limited  Liability Company(LLC),499141,"Readycap Lending, LLC",BERKELEY HEIGHTS,NJ,Unanswered,Unanswered,,15069.04,10/14/2021
9477037001,04/09/2020,0681,PPP,THE RULING CLASS LLC,6507 BURNET RD,AUSTIN,TX,78757-2835,03/23/2021,Paid in Full,24,100,15000,15000,0,,71783,Frost Bank,111 W Houston St,SAN ANTONIO,TX,78205-1414,U,N,N,Existing or more than 2 years old,AUSTIN,TRAVIS,TX,78757-2835,TX-37,7,722410,Unanswered,Unknown/NotStated,,15000,,,,,,Limited  Liability Company(LLC),71783,Frost Bank,SAN ANTONIO,TX,Male Owned,Non-Veteran,,15111.73,02/16/2021
5056948809,04/17/2021,0681,PPP,ERIKA SALINAS GALVAN,824 Whitehall Dr,Pflugerville,TX,78660-1720,09/18/2021,Paid in Full,60,100,14956,14956,0,,524612,Fountainhead SBF LLC,3216 W. Lake Mary Blvd,LAKE MARY,FL,32746,U,N,N,Existing or more than 2 years old,Pflugerville,TRAVIS,TX,78660-1720,TX-17,1,711310,Unanswered,Unknown/NotStated,,14956,,,,,,Self-Employed Individuals,524612,Fountainhead SBF LLC,LAKE MARY,FL,Unanswered,Unanswered,,15003.36,08/23/2021
1426877206,04/15/2020,0681,PPP,FLAMINGO CANTINA INC,515 E 6th Street,AUSTIN,TX,78701,03/18/2021,Paid in Full,24,100,14938,14938,0,,71316,PlainsCapital Bank,2911 Turtle Creek Blvd. Suite 700,DALLAS,TX,75219,U,N,N,Existing or more than 2 years old,AUSTIN,TRAVIS,TX,78701-0001,TX-37,5,722410,Unanswered,Unknown/NotStated,,14938,,,,,,Corporation,71316,PlainsCapital Bank,DALLAS,TX,Unanswered,Unanswered,,14334.99,02/12/2021
2069357100,04/10/2020,0681,PPP,"VENI VIDI VINO, LLC","409 N. Mays St Round Rock,",ROUND ROCK,TX,78664,05/08/2021,Paid in Full,24,100,14700,14700,0,,41195,Midwest Regional Bank,363 Festus Centre Dr,FESTUS,MO,63028-2400,U,N,Y,Existing or more than 2 years old,ROUND ROCK,WILLIAMSON,TX,78664-0001,TX-31,2,722410,Unanswered,Not Hispanic or Latino,,14700,,,,,,Limited  Liability Company(LLC),41195,Midwest Regional Bank,FESTUS,MO,Female Owned,Non-Veteran,,14846.59,04/20/2021
7655657309,04/30/2020,0681,PPP,MGM AFFAIR LLC,11101 BURNET RD STE B120,AUSTIN,TX,78758,12/21/2021,Paid in Full,24,100,14406,14406,0,,12096,"Wells Fargo Bank, National Association",101 N Philips Ave,SIOUX FALLS,SD,57104-6738,U,N,N,Existing or more than 2 years old,AUSTIN,TRAVIS,TX,78758-0001,TX-37,12,722410,White,Hispanic or Latino,,14406,,,,,,Limited  Liability Company(LLC),12096,"Wells Fargo Bank, National Association",SIOUX FALLS,SD,Male Owned,Veteran,,14617.55,10/26/2021
7771277310,04/30/2020,0681,PPP,2610 GUADALUPE,26 Guadalupe St,AUSTIN,TX,78705,02/06/2021,Paid in Full,24,100,14300,14300,0,,106661,University FCU,"8303 N Mopac Expwy, Ste A-105",AUSTIN,TX,78759,U,N,Y,Existing or more than 2 years old,AUSTIN,TRAVIS,TX,78705-0001,TX-25,6,722410,Unanswered,Unknown/NotStated,,14300,,,,,,Corporation,106661,University FCU,AUSTIN,TX,Unanswered,Unanswered,,14404.47,01/20/2021
6810548303,01/27/2021,0681,PPS,MI CASA SU CASA O'HENRY'S INC.,1300 Colorado St,Austin,TX,78701-1626,02/10/2022,Paid in Full,60,100,13800,13800,0,,72074,Central National Bank,8320 W Hwy 84,WACO,TX,76712-3601,U,Y,N,Existing or more than 2 years old,Austin,TRAVIS,TX,78701-1626,TX-37,2,722410,Unanswered,Unknown/NotStated,,13799,,,,,,Corporation,72074,Central National Bank,WACO,TX,Unanswered,Unanswered,,13927.04,01/06/2022
5806518602,03/20/2021,0681,PPP,DAVID CANNADAY,2220 London Ln,Cedar Park,TX,78613-5733,10/13/2021,Paid in Full,60,100,13609,13609,0,,524612,Fountainhead SBF LLC,3216 W. Lake Mary Blvd,LAKE MARY,FL,32746,U,N,N,Existing or more than 2 years old,Cedar Park,TRAVIS,TX,78613-5733,TX-31,1,711130,Unanswered,Unknown/NotStated,,13609,,,,,,Self-Employed Individuals,524612,Fountainhead SBF LLC,LAKE MARY,FL,Male Owned,Non-Veteran,,13667.59,09/01/2021
5843868808,04/18/2021,0681,PPS,DAVID CANNADAY,2220 London Ln,Cedar Park,TX,78613-5733,01/08/2022,Paid in Full,60,100,13609,13609,0,,524612,Fountainhead SBF LLC,3216 W. Lake Mary Blvd,LAKE MARY,FL,32746,U,N,N,Existing or more than 2 years old,Cedar Park,TRAVIS,TX,78613-5733,TX-31,1,711130,Unanswered,Unknown/NotStated,,13609,,,,,,Self-Employed Individuals,524612,Fountainhead SBF LLC,LAKE MARY,FL,Male Owned,Non-Veteran,,13693.68,12/09/2021
9155207110,04/15/2020,0681,PPP,"PAPA JACK'S, LLC",108 W. CENTER ST,KYLE,TX,78640-9450,05/15/2021,Paid in Full,24,100,13493.72,13493.72,0,,110490,Falcon International Bank,7718 McPherson Rd,LAREDO,TX,78045-2805,R,N,N,Existing or more than 2 years old,KYLE,HAYS,TX,78640-9450,TX-35,8,722410,Unanswered,Unknown/NotStated,3373.43,10120.29,,,,,,Limited  Liability Company(LLC),110490,Falcon International Bank,LAREDO,TX,Male Owned,Unanswered,,13624.16,04/08/2021
6623808804,04/20/2021,0681,PPP,JOHN HOLGUIN,8410 Selway Dr,Austin,TX,78736-3060,12/18/2021,Paid in Full,60,100,13407,13407,0,,48270,"JPMorgan Chase Bank, National Association",1111 Polaris Pkwy,COLUMBUS,OH,43240-2031,U,N,N,Existing or more than 2 years old,Austin,TRAVIS,TX,78736-3060,TX-25,1,711130,Unanswered,Hispanic or Latino,1,13404,,,,,,Sole Proprietorship,48270,"JPMorgan Chase Bank, National Association",COLUMBUS,OH,Male Owned,Non-Veteran,,13484.37,11/22/2021
3322868400,02/04/2021,0681,PPS,KINGDOM SPORTS LLC,704 Crystal Ter,Austin,TX,78733-6125,05/11/2022,Paid in Full,60,100,13400,13400,0,,467147,Valliance Bank,"1601 NW Expwy, Ste 100",OKLAHOMA CITY,OK,73118-1420,U,N,N,Existing or more than 2 years old,Austin,TRAVIS,TX,78733-6125,TX-37,1,711310,Unanswered,Not Hispanic or Latino,1,13396,,,,,,Limited  Liability Company(LLC),467147,Valliance Bank,OKLAHOMA CITY,OK,Male Owned,Non-Veteran,,13561.17,04/19/2022
8016788710,04/07/2021,0681,PPP,LEON O'NEAL,9313 Gynerium Dr N/A,Austin,TX,78717-4656,12/24/2021,Paid in Full,60,100,13244,13244,0,,121536,Customers Bank,40 General Warren Blvd,Malvern,PA,19355,U,N,N,Existing or more than 2 years old,Austin,WILLIAMSON,TX,78717-4656,TX-31,1,711130,Unanswered,Unknown/NotStated,1,13240,,,,,,Sole Proprietorship,121536,Customers Bank,Malvern,PA,Unanswered,Unanswered,,13328.18,12/02/2021
5179687001,04/05/2020,0681,PPP,"KINDGOM SPORTS, LLC",704 CRYSTAL TERR,AUSTIN,TX,78733-6125,03/09/2021,Paid in Full,24,100,13200,13200,0,,467147,Valliance Bank,"1601 NW Expwy, Ste 100",OKLAHOMA CITY,OK,73118-1420,U,N,N,Existing or more than 2 years old,AUSTIN,TRAVIS,TX,78733-6125,TX-37,1,711310,Unanswered,Not Hispanic or Latino,,13200,,,,,,Limited  Liability Company(LLC),467147,Valliance Bank,OKLAHOMA CITY,OK,Male Owned,Non-Veteran,,13311.47,02/09/2021
8486538503,03/10/2021,0681,PPS,ROOFTOP ON THE SQUARE LLC,511 Rio Grande St # 200,Austin,TX,78701-2715,04/07/2022,Paid in Full,60,100,13160,13160,0,,72188,American Bank of Commerce,530 E Hwy 62/82,WOLFFORTH,TX,79382-9382,U,N,N,Existing or more than 2 years old,Austin,TRAVIS,TX,78701-2715,TX-37,10,722410,Unanswered,Unknown/NotStated,1,13155,,,,,,Limited  Liability Company(LLC),72188,American Bank of Commerce,WOLFFORTH,TX,Male Owned,Unanswered,,13290.52,03/15/2022
1251288700,03/26/2021,0681,PPP,JEDD HUGHES,9307 Queenswood Dr,Austin,TX,78748-6037,03/11/2022,Paid in Full,60,100,13135,13135,0,,524612,Fountainhead SBF LLC,3216 W. Lake Mary Blvd,LAKE MARY,FL,32746,U,N,N,Existing or more than 2 years old,Austin,TRAVIS,TX,78748-6037,TX-21,1,711130,Unanswered,Unknown/NotStated,,13135,,,,,,Sole Proprietorship,524612,Fountainhead SBF LLC,LAKE MARY,FL,Unanswered,Unanswered,,13249.93,02/14/2022
3905608808,04/15/2021,0681,PPS,JEDD HUGHES,9307 Queenswood Dr,Austin,TX,78748-6037,03/11/2022,Paid in Full,60,100,13135,13135,0,,524612,Fountainhead SBF LLC,3216 W. Lake Mary Blvd,LAKE MARY,FL,32746,U,N,N,Existing or more than 2 years old,Austin,TRAVIS,TX,78748-6037,TX-21,1,711130,Unanswered,Unknown/NotStated,,13135,,,,,,Sole Proprietorship,524612,Fountainhead SBF LLC,LAKE MARY,FL,Unanswered,Unanswered,,13241.17,02/14/2022
7169838904,05/05/2021,0681,PPP,ALARIC ROBERTSON,8225 Cross Park Dr Unit 142111,Austin,TX,78714-5086,01/31/2022,Paid in Full,60,100,13125,13125,0,,530223,American Lending Center,"1 World Trade Center, Suite 1130",Long Beach,CA,90831,U,N,N,Existing or more than 2 years old,Austin,TRAVIS,TX,78714-5086,TX-35,1,711130,Unanswered,Unknown/NotStated,1,13123,,,,,,Independent Contractors,530223,American Lending Center,Long Beach,CA,Unanswered,Unanswered,,13201.2,12/09/2021
5890978602,03/20/2021,0681,PPS,GOOD CIDER LLC,1916 Tillery St,Austin,TX,78723-5733,03/17/2022,Paid in Full,60,100,13114,13114,0,,509578,PeopleFund,"2921 E. 17th Street Bldg. D, Suite 1",Austin,TX,78702,U,Y,Y,Existing or more than 2 years old,Austin,TRAVIS,TX,78723-5733,TX-35,6,722410,White,Not Hispanic or Latino,,13113,,,,,,Limited  Liability Company(LLC),509578,PeopleFund,Austin,TX,Male Owned,Non-Veteran,,13236.52,03/03/2022
2493378700,03/29/2021,0681,PPP,MATTHEW MCCORMACK,3216 Tamarron Blvd Unit B,Austin,TX,78746-8011,03/11/2022,Paid in Full,60,100,13011,13011,0,,524612,Fountainhead SBF LLC,3216 W. Lake Mary Blvd,LAKE MARY,FL,32746,U,N,N,Existing or more than 2 years old,Austin,TRAVIS,TX,78746-8011,TX-10,1,711130,Unanswered,Unknown/NotStated,,13011,,,,,,Independent Contractors,524612,Fountainhead SBF LLC,LAKE MARY,FL,Unanswered,Unanswered,,13124.85,02/17/2022
6260608803,04/19/2021,0681,PPS,MATTHEW MCCORMACK,3216 Tamarron Blvd Unit B,Austin,TX,78746-8011,04/14/2022,Paid in Full,60,100,13011,13011,0,,524612,Fountainhead SBF LLC,3216 W. Lake Mary Blvd,LAKE MARY,FL,32746,U,N,N,Existing or more than 2 years old,Austin,TRAVIS,TX,78746-8011,TX-10,1,711130,Unanswered,Unknown/NotStated,,13011,,,,,,Independent Contractors,524612,Fountainhead SBF LLC,LAKE MARY,FL,Unanswered,Unanswered,,13124.85,03/10/2022
3880257403,05/08/2020,0681,PPP,"THE AQUARIUM ON EAST 6TH., INC.",403 E 6th St Ste B1,AUSTIN,TX,78701,05/29/2021,Paid in Full,24,100,13000,13000,0,,72188,American Bank of Commerce,530 E Hwy 62/82,WOLFFORTH,TX,79382-9382,U,N,N,Unanswered,AUSTIN,TRAVIS,TX,78701-0001,TX-37,10,722410,Unanswered,Unknown/NotStated,,9750,,3250,,,,Corporation,72188,American Bank of Commerce,WOLFFORTH,TX,Male Owned,Non-Veteran,,13098.66,02/17/2021
8530638507,03/10/2021,0681,PPP,EMILY GIMBLE,505 Neches St,Lockhart,TX,78644-2862,10/19/2021,Paid in Full,60,100,13000,13000,0,,317954,"Newtek Small Business Finance, Inc.",1981 Marcus Avenue,LAKE SUCCESS,NY,11042,R,Y,N,Existing or more than 2 years old,Lockhart,CALDWELL,TX,78644-2862,TX-27,1,711130,Unanswered,Unknown/NotStated,,12998,,,,,,Self-Employed Individuals,317954,"Newtek Small Business Finance, Inc.",LAKE SUCCESS,NY,Unanswered,Unanswered,,13059.58,09/28/2021
8367038405,02/13/2021,0681,PPS,ELANA FREMERMAN,6403 Laird Dr,Austin,TX,78757-3201,12/15/2021,Paid in Full,60,100,12927,12927,0,,9551,"Bank of America, National Association","100 N Tryon St, Ste 170",CHARLOTTE,NC,28202-4024,U,N,N,Existing or more than 2 years old,Austin,TRAVIS,TX,78757-3201,TX-37,1,711130,White,Not Hispanic or Latino,1,12924,,,,,,Limited  Liability Company(LLC),9551,"Bank of America, National Association",CHARLOTTE,NC,Female Owned,Non-Veteran,,12987.21,08/04/2021
9028048909,05/12/2021,0681,PPP,TRAVIS WEBB,2205 Canterbury Cv,Cedar Park,TX,78613-1465,10/19/2022,Charged Off,31,100,12707,12707,0,,188361,"Prestamos CDFI, LLC",1024 East Buckeye Road Suite 270,Phoenix,AZ,85034,U,N,N,Existing or more than 2 years old,Cedar Park,WILLIAMSON,TX,78613-1465,TX-31,1,722410,White,Not Hispanic or Latino,1,12705,,,,,,Independent Contractors,188361,"Prestamos CDFI, LLC",Phoenix,AZ,Male Owned,Non-Veteran,,,
4407148607,03/18/2021,0681,PPP,LOBOXCAR LLC,1308 E 6th St,Austin,TX,78702-3302,11/10/2022,Paid in Full,60,100,12700,12700,0,,71783,Frost Bank,111 W Houston St,SAN ANTONIO,TX,78205-1414,U,Y,Y,Existing or more than 2 years old,Austin,TRAVIS,TX,78702-3302,TX-37,7,722410,Unanswered,Unknown/NotStated,1,12698,,,,,,Limited  Liability Company(LLC),71783,Frost Bank,SAN ANTONIO,TX,Unanswered,Unanswered,,12901.11,10/19/2022
5018827310,04/30/2020,0681,PPP,MERCER ENTERTAINMENT DISTRICT LLC,100 COMMONS RD,DRIPPING SPRINGS,TX,78620-4400,05/21/2021,Paid in Full,24,100,12700,12700,0,,26378,Sunflower Bank National Association,"8117 Preston Rd, Ste 220",Dallas,TX,75225,R,N,N,Existing or more than 2 years old,DRIPPING SPRINGS,HAYS,TX,78620-4400,TX-25,4,722410,Unanswered,Not Hispanic or Latino,,12700,,,,,,Limited  Liability Company(LLC),447412,Sunflower Bank National Association,Austin,TX,Male Owned,Unanswered,,12817.48,04/08/2021
5524978406,02/08/2021,0681,PPS,BLUESHARK INVESTMENTS LLC,1567 Main St Ste 800,Buda,TX,78610-3462,09/28/2021,Paid in Full,60,100,12691,12691,0,,509578,PeopleFund,"2921 E. 17th Street Bldg. D, Suite 1",Austin,TX,78702,R,N,N,Existing or more than 2 years old,Buda,HAYS,TX,78610-3462,TX-21,2,722410,Unanswered,Hispanic or Latino,,12689,,,,,,Limited  Liability Company(LLC),509578,PeopleFund,Austin,TX,Male Owned,Non-Veteran,,12758.45,08/24/2021
4764109001,05/20/2021,0681,PPP,LUCIEN PAYNE,136 Bonnet Blvd,Georgetown,TX,78628-2358,03/22/2022,Paid in Full,60,100,12615,12615,0,,188361,"Prestamos CDFI, LLC",1024 East Buckeye Road Suite 270,Phoenix,AZ,85034,U,N,N,Existing or more than 2 years old,Georgetown,WILLIAMSON,TX,78628-2358,TX-31,1,711130,Black or African American,Not Hispanic or Latino,1,12612,,,,,,Sole Proprietorship,188361,"Prestamos CDFI, LLC",Phoenix,AZ,Male Owned,Non-Veteran,,12658.45,09/27/2021
6207258403,02/10/2021,0681,PPS,CHUNAE INC,2113 Wells Branch Pkwy Ste 600,Austin,TX,78728-6971,09/28/2021,Paid in Full,60,100,12600,12600,0,,9551,"Bank of America, National Association","100 N Tryon St, Ste 170",CHARLOTTE,NC,28202-4024,U,Y,Y,Existing or more than 2 years old,Austin,TRAVIS,TX,78728-6971,TX-37,7,722410,Asian,Not Hispanic or Latino,1,12597,,,,,,Corporation,9551,"Bank of America, National Association",CHARLOTTE,NC,Female Owned,Non-Veteran,,12666.97,08/26/2021
1548528908,04/26/2021,0681,PPP,ARTHUR HENRY,1403 E Applegate Dr,Austin,TX,78753-4010,03/22/2022,Paid in Full,60,100,12555,12555,0,,188361,"Prestamos CDFI, LLC",1024 East Buckeye Road Suite 270,Phoenix,AZ,85034,U,Y,Y,Existing or more than 2 years old,Austin,TRAVIS,TX,78753-4010,TX-17,1,711130,White,Not Hispanic or Latino,,12554,,,,,,Independent Contractors,188361,"Prestamos CDFI, LLC",Phoenix,AZ,Male Owned,Non-Veteran,,12654.05,02/15/2022
1087917308,04/28/2020,0681,PPP,THIRD SPACE SALON LLC,1013 WEST LYNN ST,AUSTIN,TX,78703-3948,06/18/2021,Paid in Full,24,100,12500,12500,0,,26378,Sunflower Bank National Association,"8117 Preston Rd, Ste 220",Dallas,TX,75225,U,N,N,Existing or more than 2 years old,AUSTIN,TRAVIS,TX,78703-3948,TX-37,2,722410,Unanswered,Unknown/NotStated,,12500,,,,,,Limited  Liability Company(LLC),447412,Sunflower Bank National Association,Austin,TX,Unanswered,Unanswered,,12631.25,05/19/2021
5185477407,05/11/2020,0681,PPP,SEISMIC DANCE EVENT LLC,STE A 2912 GARWOOD ST,AUSTIN,TX,78702-3623,11/19/2021,Paid in Full,24,100,12500,12500,0,,9551,"Bank of America, National Association","100 N Tryon St, Ste 170",CHARLOTTE,NC,28202-4024,U,N,Y,New Business or 2 years or less,AUSTIN,TRAVIS,TX,78702-3623,TX-37,5,711130,Unanswered,Unknown/NotStated,,12500,,,,,,Limited  Liability Company(LLC),9551,"Bank of America, National Association",CHARLOTTE,NC,Unanswered,Unanswered,,12675.34,10/07/2021
5443037005,04/05/2020,0681,PPP,"YARD BAR, LLC",6304,AUSTIN,TX,78746,06/04/2021,Paid in Full,24,100,12500,12500,0,,70134,Horizon Bank SSB,"600, W. 5th St.",Austin,TX,78701,U,N,N,Existing or more than 2 years old,AUSTIN,TRAVIS,TX,78746-0001,TX-10,1,722410,White,Not Hispanic or Latino,,12500,,,,,,Limited  Liability Company(LLC),70134,Horizon Bank SSB,Austin,TX,Female Owned,Non-Veteran,,12635.42,05/04/2021
8487578408,02/13/2021,0681,PPP,JARROD DIXON,2916 Castellan Ln,Round Rock,TX,78665-5689,04/14/2022,Paid in Full,60,100,12500,12500,0,,317954,"Newtek Small Business Finance, Inc.",1981 Marcus Avenue,LAKE SUCCESS,NY,11042,U,N,N,Existing or more than 2 years old,Round Rock,WILLIAMSON,TX,78665-5689,TX-31,1,711130,Unanswered,Unknown/NotStated,,12499,,,,,,Sole Proprietorship,317954,"Newtek Small Business Finance, Inc.",LAKE SUCCESS,NY,Unanswered,Unanswered,,12613.19,03/08/2022
8573919003,05/27/2021,0681,PPS,MICHAEL MILLER,4304 Wildridge Circlenull 4304 Wildridge Circlenull,Austin,TX,78759,10/16/2021,Paid in Full,60,100,12500,12500,0,,71432,Texas National Bank,201 S Texas Ave,MERCEDES,TX,78570-3123,U,N,N,Existing or more than 2 years old,Austin,TRAVIS,TX,78759,TX-10,1,711130,White,Unknown/NotStated,,12500,,,,,,Sole Proprietorship,71432,Texas National Bank,MERCEDES,TX,Male Owned,Non-Veteran,,12529.51,09/08/2021
6728248907,05/02/2021,0681,PPS,DELON E BOWEN,1830 Prairie Rock Way,Round Rock,TX,78664-7790,05/19/2022,Paid in Full,60,100,12168,12168,0,,529192,Benworth Capital,7000 SW 97th Avenue Suite 201,Miami,FL,33173,U,N,N,Existing or more than 2 years old,Round Rock,WILLIAMSON,TX,78664-7790,TX-31,1,711130,Black or African American,Not Hispanic or Latino,,12168,,,,,,Self-Employed Individuals,529192,Benworth Capital,Miami,FL,Male Owned,Unanswered,,12283.35,04/20/2022
2686617700,05/01/2020,0681,PPP,"GRACKLE REALTY, LLC",1307 WALNUT AVE UNIT A,AUSTIN,TX,78702,05/21/2021,Paid in Full,24,100,12120,12120,0,,48270,"JPMorgan Chase Bank, National Association",1111 Polaris Pkwy,COLUMBUS,OH,43240-2031,U,Y,N,New Business or 2 years or less,AUSTIN,TRAVIS,TX,78702-0001,TX-37,1,722410,Unanswered,Unknown/NotStated,,9696,,,,2424,,Limited  Liability Company(LLC),194093,"JPMorgan Chase Bank, National Association",CHICAGO,IL,Unanswered,Unanswered,,12234.82,04/15/2021
4988267402,05/11/2020,0681,PPP,THE ROOFTOP ON SIXTH LLC,"403 E 6th St, Ste B2",AUSTIN,TX,78701,05/29/2021,Paid in Full,24,100,12100,12100,0,,72188,American Bank of Commerce,530 E Hwy 62/82,WOLFFORTH,TX,79382-9382,U,N,N,Unanswered,AUSTIN,TRAVIS,TX,78701-0001,TX-37,4,722410,Unanswered,Unknown/NotStated,,9075,,3025,,,,Limited  Liability Company(LLC),72188,American Bank of Commerce,WOLFFORTH,TX,Male Owned,Unanswered,,12173.93,12/30/2020
2502547710,05/01/2020,0681,PPP,AS EVENT CENTER LLC,4111 County Road 258,LIBERTY HILL,TX,78642,03/20/2021,Paid in Full,24,100,12055,12055,0,,48270,"JPMorgan Chase Bank, National Association",1111 Polaris Pkwy,COLUMBUS,OH,43240-2031,U,N,N,Existing or more than 2 years old,LIBERTY HILL,WILLIAMSON,TX,78642-0001,TX-31,2,711310,Unanswered,Unknown/NotStated,1769,9649,637,,,,,Corporation,194093,"JPMorgan Chase Bank, National Association",CHICAGO,IL,Male Owned,Non-Veteran,,12131.88,02/12/2021
1046828305,01/16/2021,0681,PPS,PLANTS N CRAFTS EXPOSITION COMPANY,1300 Travis Heights Blvd,Austin,TX,78704-2529,09/24/2021,Paid in Full,60,100,26200,12000,0,,317954,"Newtek Small Business Finance, Inc.",1981 Marcus Avenue,LAKE SUCCESS,NY,11042,U,N,N,Existing or more than 2 years old,Austin,TRAVIS,TX,78704-2529,TX-21,8,711310,Unanswered,Unknown/NotStated,1,11997,,,,,,Subchapter S Corporation,317954,"Newtek Small Business Finance, Inc.",LAKE SUCCESS,NY,Unanswered,Unanswered,,12045.67,08/03/2021
8505907300,05/01/2020,0681,PPP,ETZKIN EVENTS,17704 Village Drive,Dripping Springs,TX,78620,07/15/2021,Paid in Full,24,100,12000,12000,0,,122043,WebBank,"215 S State St, Ste 1000",SALT LAKE CITY,UT,84111-2336,R,N,N,Existing or more than 2 years old,Dripping Springs,HAYS,TX,78620-0001,TX-25,1,711310,Unanswered,Unknown/NotStated,,12000,,,,,,Subchapter S Corporation,122043,WebBank,SALT LAKE CITY,UT,Unanswered,Unanswered,,12138.67,06/22/2021
2567508510,02/20/2021,0681,PPS,WEN BAR MANAGEMENT LLC,2110 W Slaughter Ln Ste 109,Austin,TX,78748-5980,10/16/2021,Paid in Full,60,100,11665,11665,0,,9551,"Bank of America, National Association","100 N Tryon St, Ste 170",CHARLOTTE,NC,28202-4024,U,N,N,Existing or more than 2 years old,Austin,TRAVIS,TX,78748-5980,TX-21,1,722410,Asian,Not Hispanic or Latino,,11664,,,,,,Limited  Liability Company(LLC),9551,"Bank of America, National Association",CHARLOTTE,NC,Male Owned,Non-Veteran,,11726.04,09/01/2021
7624197310,04/30/2020,0681,PPP,FRIO RECORDS LLC,133 SILVERADO DR,GEORGETOWN,TX,78633,04/10/2021,Paid in Full,24,100,11399,11399,0,,12096,"Wells Fargo Bank, National Association",101 N Philips Ave,SIOUX FALLS,SD,57104-6738,U,N,N,Existing or more than 2 years old,GEORGETOWN,WILLIAMSON,TX,78633-1302,TX-31,5,711130,Unanswered,Unknown/NotStated,,11399,,,,,,Limited  Liability Company(LLC),12096,"Wells Fargo Bank, National Association",SIOUX FALLS,SD,Unanswered,Unanswered,,11497.69,03/18/2021
7962487306,04/30/2020,0681,PPP,THE PREMIER ENTERTAINMENT GROUP,12233 RANCH RD 620 N #114,AUSTIN,TX,78750,11/18/2021,Paid in Full,24,100,11399,11399,0,,12096,"Wells Fargo Bank, National Association",101 N Philips Ave,SIOUX FALLS,SD,57104-6738,U,N,N,Existing or more than 2 years old,AUSTIN,TRAVIS,TX,78750-0001,TX-10,2,711130,Unanswered,Unknown/NotStated,,11399,,,,,,Limited  Liability Company(LLC),12096,"Wells Fargo Bank, National Association",SIOUX FALLS,SD,Unanswered,Unanswered,,11560.15,10/06/2021
3965819004,05/20/2021,0681,PPP,STEPHANIE N WILLIAMS,509 Algerita Dr. unit B,Georgetown,TX,78628,03/22/2022,Paid in Full,60,100,11250,11250,0,,188361,"Prestamos CDFI, LLC",1024 East Buckeye Road Suite 270,Phoenix,AZ,85034,U,N,N,Existing or more than 2 years old,Georgetown,WILLIAMSON,TX,78628,TX-31,1,722410,Black or African American,Hispanic or Latino,1,11246,,,,,,Limited  Liability Company(LLC),188361,"Prestamos CDFI, LLC",Phoenix,AZ,Female Owned,Non-Veteran,,11292.19,10/06/2021
5611237300,04/30/2020,0681,PPP,VINO E LAGO LLC,1300 CONSTANT SPRINGS DR,AUSTIN,TX,78746-6618,06/14/2022,Paid in Full,24,100,11123,11123,0,,456756,Cross River Bank,885 Teaneck Rd,TEANECK,NJ,07666-4546,U,N,N,Unanswered,AUSTIN,TRAVIS,TX,78746-6618,TX-10,10,722410,White,Not Hispanic or Latino,,11123,,,,,,Limited  Liability Company(LLC),456756,Cross River Bank,TEANECK,NJ,Male Owned,Unanswered,,11157.97,06/01/2021
4875758505,02/26/2021,0681,PPS,FAST BALL ON TOUR LTD,148 Black Bear Ct,Dripping Springs,TX,78620-3791,09/28/2021,Paid in Full,60,100,11057,11057,0,,529471,Itria Ventures LLC,"One Penn Plaza, Suite 4530",New York,NY,10119,R,N,N,Existing or more than 2 years old,Dripping Springs,HAYS,TX,78620-3791,TX-25,3,711130,Unanswered,Unknown/NotStated,,11057,,,,,,Limited  Liability Company(LLC),529471,Itria Ventures LLC,New York,NY,Unanswered,Unanswered,,11105.53,08/23/2021
8644069006,05/28/2021,0681,PPP,DERRIAN WALTON,1009 W 26th St Unit 303NULL 1009 West 26th Street Unit 303null,Austin,TX,78705-4344,02/19/2022,Paid in Full,60,100,11036,11036,0,,71432,Texas National Bank,201 S Texas Ave,MERCEDES,TX,78570-3123,U,Y,Y,Existing or more than 2 years old,Austin,TRAVIS,TX,78705-4344,TX-25,1,711130,Unanswered,Unknown/NotStated,,11036,,,,,,Sole Proprietorship,71432,Texas National Bank,MERCEDES,TX,Unanswered,Unanswered,,11103.44,01/24/2022
8220958808,04/22/2021,0681,PPP,SAMANTHA SYLVAIN,7916 Tisdale Dr,Austin,TX,78757-8415,03/22/2022,Paid in Full,60,100,11017,11017,0,,188361,"Prestamos CDFI, LLC",1024 East Buckeye Road Suite 270,Phoenix,AZ,85034,U,Y,N,Existing or more than 2 years old,Austin,TRAVIS,TX,78757-8415,TX-37,1,711310,White,Not Hispanic or Latino,1,11013,,,,,,Sole Proprietorship,188361,"Prestamos CDFI, LLC",Phoenix,AZ,Female Owned,Non-Veteran,,11065.35,10/08/2021
9127317906,06/19/2020,0681,PPP,"CLARK LX, LLC",2703 ZARAGOSA ST,AUSTIN,TX,78702-3930,08/11/2021,Paid in Full,60,100,11015,11015,0,,433860,Quontic Bank,"3105 Broadway, 2nd Fl",Astoria,NY,11106,U,Y,Y,Unanswered,AUSTIN,TRAVIS,TX,78702-3930,TX-37,1,711130,Unanswered,Unknown/NotStated,,11015,,,,,,Limited  Liability Company(LLC),529029,Intuit Financing Inc.,Mountainview,CA,Unanswered,Unanswered,,11131.79,07/14/2021
6307527206,04/27/2020,0681,PPP,KIERSTEN VALENCE,1900 Simond Ave Apt 2062,AUSTIN,TX,78723,05/19/2021,Paid in Full,24,100,10990,10990,0,,105536,Susser Bank,"100 Crescent Ct, Ste. 575",DALLAS,TX,75201,U,N,N,Unanswered,AUSTIN,TRAVIS,TX,78723-0001,TX-25,1,711130,Unanswered,Unknown/NotStated,,10990,,,,,,Sole Proprietorship,105536,Susser Bank,DALLAS,TX,Unanswered,Unanswered,,11081.83,03/08/2021
7396268507,03/05/2021,0681,PPP,SAKE MAMA INC,519 E 6th St,Austin,TX,78701-3741,07/10/2021,Paid in Full,60,100,10750,10750,0,,440691,Metro City Bank,5114 Buford Hwy,DORAVILLE,GA,30340-1105,U,N,N,Existing or more than 2 years old,Austin,TRAVIS,TX,78701-3741,TX-37,10,722410,Asian,Not Hispanic or Latino,,10750,,,,,,Corporation,440691,Metro City Bank,DORAVILLE,GA,Female Owned,Non-Veteran,,10783.87,06/29/2021
3888977401,05/08/2020,0681,PPP,"GROOVE KNIGHT PRODUCTIONS, LLC",1311 Roaring Frk,Leander,TX,78641,03/23/2022,Paid in Full,24,100,10704,10704,0,,456756,Cross River Bank,885 Teaneck Rd,TEANECK,NJ,07666-4546,U,N,N,Existing or more than 2 years old,Leander,WILLIAMSON,TX,78641-0001,TX-31,2,711130,Unanswered,Unknown/NotStated,,10704,,,,,,Limited  Liability Company(LLC),529113,"Kabbage, Inc.",Atlanta,GA,Male Owned,Non-Veteran,,10769.4,12/23/2020
8940728600,03/25/2021,0681,PPS,VIRGINIA DRAKE,358 Scenic Way,Wimberley,TX,78676-3304,10/16/2021,Paid in Full,60,100,10658,10658,0,,106661,University FCU,"8303 N Mopac Expwy, Ste A-105",AUSTIN,TX,78759,R,N,N,Existing or more than 2 years old,Wimberley,HAYS,TX,78676-3304,TX-21,1,711130,Unanswered,Unknown/NotStated,,10658,,,,,,Limited  Liability Company(LLC),106661,University FCU,AUSTIN,TX,Unanswered,Unanswered,,10711.88,09/27/2021
1509567202,04/15/2020,0681,PPP,KATY BOHLS DBA NONE,1103 S WALNUT,GEORGETOWN,TX,78626,02/19/2022,Paid in Full,24,100,10657.5,10657.5,0,,188567,Loan Source Incorporated,353 East 83rd Street Suite 3H,NEW YORK,NY,10028,U,N,N,New Business or 2 years or less,GEORGETOWN,WILLIAMSON,TX,78626-0199,TX-31,1,711310,Unanswered,Unknown/NotStated,,10657.5,,,,,,Sole Proprietorship,39848,Cadence Bank,TUPELO,MS,Unanswered,Unanswered,,10796.49,08/11/2021
3482958108,07/14/2020,0681,PPP,TIGRESS PUB LLC,5613 colinton ave,AUSTIN,TX,78754,10/20/2021,Paid in Full,60,100,10642,10642,0,,48270,"JPMorgan Chase Bank, National Association",1111 Polaris Pkwy,COLUMBUS,OH,43240-2031,U,Y,Y,Existing or more than 2 years old,AUSTIN,TRAVIS,TX,78754-0001,TX-10,2,722410,Unanswered,Unknown/NotStated,1677,3030,0,4000,0,0,1935,Limited  Liability Company(LLC),194093,"JPMorgan Chase Bank, National Association",CHICAGO,IL,Unanswered,Unanswered,,10761.65,09/02/2021
7600038506,03/06/2021,0681,PPP,787 PRODUCTIONS L.L.C.,11608 Hobbiton Trl,Austin,TX,78739-5645,11/11/2021,Paid in Full,60,100,10569,10569,0,,106661,University FCU,"8303 N Mopac Expwy, Ste A-105",AUSTIN,TX,78759,U,N,N,Existing or more than 2 years old,Austin,TRAVIS,TX,78739-5645,TX-25,2,711310,Unanswered,Unknown/NotStated,,10569,,,,,,Limited  Liability Company(LLC),106661,University FCU,AUSTIN,TX,Female Owned,Non-Veteran,,10634.47,10/19/2021
6552097310,04/30/2020,0681,PPP,LISA CLARK,101 MEADOWLARK ST SOUTH,LAKEWAY,TX,78734-4736,05/12/2021,Paid in Full,24,100,10500,10500,0,,68987,Independent Bank d/b/a Independent Financial,3090 Craig Dr,MCKINNEY,TX,75070-4352,U,N,N,Existing or more than 2 years old,LAKEWAY,TRAVIS,TX,78734-4736,TX-10,1,711130,Unanswered,Not Hispanic or Latino,,10500,,,,,,Sole Proprietorship,68987,Independent Bank d/b/a Independent Financial,MCKINNEY,TX,Female Owned,Non-Veteran,,10597.71,04/08/2021
6942138409,02/11/2021,0681,PPS,CHORUS AUSTIN INC,11900 Jollyville Rd,Austin,TX,78759-2304,10/09/2021,Paid in Full,60,100,10500,10500,0,,72188,American Bank of Commerce,530 E Hwy 62/82,WOLFFORTH,TX,79382-9382,U,N,N,Existing or more than 2 years old,Austin,TRAVIS,TX,78759-2304,TX-37,2,711130,Unanswered,Unknown/NotStated,,10499,,,,,,Corporation,72188,American Bank of Commerce,WOLFFORTH,TX,Unanswered,Unanswered,,10559.26,09/17/2021
3937737200,04/27/2020,0681,PPP,"BYRNE ROCK MOBILE DJ SERVICE, LLC",8602 El Rey Boulevard,Austin,TX,78737,02/18/2021,Paid in Full,24,100,8010,10415,0,,105591,A+ FCU,6420 US Hwy 290 E,AUSTIN,TX,78723-1030,R,N,N,New Business or 2 years or less,Austin,HAYS,TX,78737-0001,TX-25,1,711130,Unanswered,Unknown/NotStated,,10415,,,,,,Corporation,105591,A+ FCU,AUSTIN,TX,Unanswered,Unanswered,,10488.48,01/14/2021
1967937410,05/05/2020,0681,PPP,YES! HOSPITALITY LP,1701 Guadalupe Street,AUSTIN,TX,78701,02/06/2021,Paid in Full,24,100,10300,10300,0,,106661,University FCU,"8303 N Mopac Expwy, Ste A-105",AUSTIN,TX,78759,U,Y,N,Existing or more than 2 years old,AUSTIN,TRAVIS,TX,78701-0001,TX-37,12,722410,Unanswered,Unknown/NotStated,,10300,,,,,,Partnership,106661,University FCU,AUSTIN,TX,Male Owned,Unanswered,,10372.39,01/20/2021
3262318701,03/31/2021,0681,PPS,NUTTY BROWN ENTERPRISES LP,12225 W Highway 290,Austin,TX,78737-9148,06/29/2021,Paid in Full,60,100,10269.92,10269.92,0,,69949,Security State Bank & Trust,201 W Main St,FREDERICKSBURG,TX,78624-3709,R,N,N,Existing or more than 2 years old,Austin,HAYS,TX,78737-9148,TX-25,1,711310,White,Unknown/NotStated,,10269.92,,,,,,Limited Liability Partnership,69949,Security State Bank & Trust,FREDERICKSBURG,TX,Male Owned,Unanswered,,10291.32,06/23/2021
6204648908,05/01/2021,0681,PPS,GLENN REXACH,1118 Strickland Dr N/A,Austin,TX,78748-4800,11/23/2021,Paid in Full,60,100,10203,10203,0,,121536,Customers Bank,40 General Warren Blvd,Malvern,PA,19355,U,N,N,Existing or more than 2 years old,Austin,TRAVIS,TX,78748-4800,TX-21,1,711130,Unanswered,Unknown/NotStated,1,10200,,,,,,Sole Proprietorship,121536,Customers Bank,Malvern,PA,Unanswered,Unanswered,,10234.03,09/15/2021
3186567304,04/29/2020,0681,PPP,PUERTO RICAN CULTURAL CENTER,15228 QUIET POND CT,AUSTIN,TX,78728,06/23/2021,Paid in Full,24,100,10092,10092,0,,44449,"PNC Bank, National Association",222 Delaware Ave,WILMINGTON,DE,19801-1621,U,N,N,Existing or more than 2 years old,AUSTIN,TRAVIS,TX,78728-0001,TX-17,1,711130,Unanswered,Unknown/NotStated,,9092,1000,,,,,Non-Profit Organization,760,First Source Federal Credit Union,Rome,NY,Unanswered,Unanswered,Y,10194.32,05/05/2021
5791017409,05/13/2020,0681,PPP,NICK DANIELS III,801 Chisholm Valley Dr.,Round Rock,TX,78681-7469,11/16/2021,Paid in Full,24,100,10047.5,10047.5,0,,224512,"LiftFund, Inc.",2014 S. Hackberry,San Antonio,TX,78210,U,Y,Y,Existing or more than 2 years old,Round Rock,WILLIAMSON,TX,78681-7469,TX-31,1,711130,Black or African American,Unknown/NotStated,,10047.5,,,,,,Sole Proprietorship,224512,"LiftFund, Inc.",San Antonio,TX,Unanswered,Unanswered,,10182.08,09/20/2021
1598407408,05/04/2020,0681,PPP,JOHN BRADLEY ERNST,402 TWIN CREEK CV,MANCHACA,TX,78652-3769,05/25/2021,Paid in Full,24,100,10000,10000,0,,105587,Velocity CU,610 E 11th St,AUSTIN,TX,78701-2621,U,N,N,Existing or more than 2 years old,MANCHACA,TRAVIS,TX,78652-3769,TX-21,1,711310,Unanswered,Unknown/NotStated,,10000,,,,,,Sole Proprietorship,105587,Velocity CU,AUSTIN,TX,Male Owned,Unanswered,,10089.72,04/05/2021
6324887309,04/30/2020,0681,PPP,"SLOAN AND PARKER HOLDINGS, LLC",3208 INDIGO WATERS DR,AUSTIN,TX,78732-1908,03/05/2021,Paid in Full,24,100,10000,10000,0,,70134,Horizon Bank SSB,"600, W. 5th St.",Austin,TX,78701,U,N,N,Unanswered,AUSTIN,TRAVIS,TX,78732-1908,TX-25,4,722410,Unanswered,Unknown/NotStated,,10000,,,,,,Limited  Liability Company(LLC),70134,Horizon Bank SSB,Austin,TX,Unanswered,Unanswered,,10060,02/16/2021
8504957106,04/15/2020,0681,PPP,"SIXTH STREET BUSINESS PARTNERS, LLC",217 EAST 6TH STREET,AUSTIN,TX,78701,03/06/2021,Paid in Full,24,100,10000,10000,0,,70042,Sage Capital Bank,1606 N Sarah DeWitt Dr,GONZALES,TX,78629-2700,U,N,N,Existing or more than 2 years old,AUSTIN,TRAVIS,TX,78701-0001,TX-37,48,722410,Black or African American,Not Hispanic or Latino,,10000,,,,,,Limited  Liability Company(LLC),70042,Sage Capital Bank,GONZALES,TX,Male Owned,Non-Veteran,,10087.22,02/24/2021
9539277707,05/01/2020,0681,PPP,LUSTER HAIR LOUNGE LLC,3720 Far W Blvd,Austin,TX,78731-3025,03/23/2021,Paid in Full,24,100,10000,10000,0,,317954,"Newtek Small Business Finance, Inc.",1981 Marcus Avenue,LAKE SUCCESS,NY,11042,U,N,N,New Business or 2 years or less,Austin,TRAVIS,TX,78731-3025,TX-37,2,722410,Unanswered,Unknown/NotStated,,10000,,,,,,Limited  Liability Company(LLC),317954,"Newtek Small Business Finance, Inc.",LAKE SUCCESS,NY,Unanswered,Unanswered,,10074.44,02/19/2021
3527538508,02/24/2021,0681,PPP,RONTON LLC,16009 FM 1325 Ste 200-5,Austin,TX,78728-2878,05/19/2022,Paid in Full,60,100,9962,9962,0,,69139,Citizens National Bank,118 S Houston,CAMERON,TX,76520-3932,U,N,N,Existing or more than 2 years old,Austin,WILLIAMSON,TX,78728-2878,TX-10,5,722410,White,Not Hispanic or Latino,,9962,,,,,,Limited  Liability Company(LLC),69139,Citizens National Bank,CAMERON,TX,Male Owned,Non-Veteran,,10074.63,04/14/2022
8292898704,04/07/2021,0681,PPP,JOHN MOON,6514 Saint Stephens Dr,Austin,TX,78746-1716,12/08/2021,Paid in Full,60,100,9871,9871,0,,106661,University FCU,"8303 N Mopac Expwy, Ste A-105",AUSTIN,TX,78759,U,N,N,Existing or more than 2 years old,Austin,TRAVIS,TX,78746-1716,TX-10,1,711310,Unanswered,Unknown/NotStated,,9870,,,,,,Sole Proprietorship,106661,University FCU,AUSTIN,TX,Unanswered,Unanswered,,9927.48,11/02/2021
5499008710,04/02/2021,0681,PPP,JESUS CHAPA,10409 Walpole Ln,Austin,TX,78739-1553,12/18/2021,Paid in Full,60,100,9825,9825,0,,524612,Fountainhead SBF LLC,3216 W. Lake Mary Blvd,LAKE MARY,FL,32746,U,N,N,Existing or more than 2 years old,Austin,TRAVIS,TX,78739-1553,TX-25,1,711130,Unanswered,Unknown/NotStated,,9825,,,,,,Sole Proprietorship,524612,Fountainhead SBF LLC,LAKE MARY,FL,Unanswered,Unanswered,,9885.04,11/22/2021
9262748807,04/23/2021,0681,PPS,JESUS CHAPA,10409 Walpole Ln,Austin,TX,78739-1553,10/13/2021,Paid in Full,60,100,9825,9825,0,,524612,Fountainhead SBF LLC,3216 W. Lake Mary Blvd,LAKE MARY,FL,32746,U,N,N,Existing or more than 2 years old,Austin,TRAVIS,TX,78739-1553,TX-25,1,711130,Unanswered,Unknown/NotStated,,9825,,,,,,Sole Proprietorship,524612,Fountainhead SBF LLC,LAKE MARY,FL,Unanswered,Unanswered,,9859.39,09/09/2021
9655247009,04/09/2020,0681,PPP,"LIBER COCKTAILS, LLC","2204 FORBES DR, STE 103-104",AUSTIN,TX,78754-5157,02/20/2021,Paid in Full,24,100,9800,9800,0,,71330,City Bank,5219 City Bank Pkwy,LUBBOCK,TX,79407-3544,U,N,N,Existing or more than 2 years old,AUSTIN,TRAVIS,TX,78754-5157,TX-37,2,722410,Unanswered,Unknown/NotStated,980,7840,,980,,,,Partnership,71330,City Bank,LUBBOCK,TX,Unanswered,Unanswered,,9877.58,01/28/2021
6704758401,02/10/2021,0681,PPS,BYRNE ROCK MOBILE DJ SERVICE LLC,8602 El Rey Blvd,Austin,TX,78737-1325,04/20/2022,Paid in Full,60,100,9615,9615,0,,26378,Sunflower Bank National Association,"8117 Preston Rd, Ste 220",Dallas,TX,75225,U,N,N,Existing or more than 2 years old,Austin,TRAVIS,TX,78737-1325,TX-25,1,711130,Unanswered,Unknown/NotStated,1,9612,,,,,,Corporation,447412,Sunflower Bank National Association,Austin,TX,Unanswered,Unanswered,,9720.23,03/16/2022
3538938102,07/14/2020,0681,PPP,JONATHAN DERRINGTON,3302 Ross Cv.,Round Rock,TX,78664-6239,03/19/2022,Paid in Full,60,100,9446,9446,0,,593324,Fed � Kabbage,925B Peachtree Street NE,Atlanta,GA,30309,U,N,N,Existing or more than 2 years old,Round Rock,WILLIAMSON,TX,78664-6239,TX-31,1,711130,White,Not Hispanic or Latino,,9446,,,,,,Self-Employed Individuals,529113,"Kabbage, Inc.",Atlanta,GA,Male Owned,Non-Veteran,,9492.84,01/20/2021
6880828408,02/11/2021,0681,PPS,JONATHAN DERRINGTON,3302 Ross Cv,Round Rock,TX,78664-6239,03/18/2022,Paid in Full,60,100,9446,9446,0,,121536,Customers Bank,40 General Warren Blvd,Malvern,PA,19355,U,N,N,Existing or more than 2 years old,Round Rock,WILLIAMSON,TX,78664-6239,TX-31,1,711130,White,Not Hispanic or Latino,1,9444,,,,,,Self-Employed Individuals,121536,Customers Bank,Malvern,PA,Male Owned,Non-Veteran,,9481.71,07/06/2021
1484599010,05/13/2021,0681,PPP,SOUTHERN MADE DAIQUIRIS,120 Mindy Way,Liberty Hill,TX,78642-4526,03/22/2022,Paid in Full,60,100,9415,9415,0,,188361,"Prestamos CDFI, LLC",1024 East Buckeye Road Suite 270,Phoenix,AZ,85034,U,N,N,Existing or more than 2 years old,Liberty Hill,WILLIAMSON,TX,78642-4526,TX-31,1,722410,Unanswered,Unknown/NotStated,,9413,,,,,,Limited  Liability Company(LLC),188361,"Prestamos CDFI, LLC",Phoenix,AZ,Male Owned,Veteran,,9484.57,02/15/2022
4983987407,05/11/2020,0681,PPP,THE ROOFTOP ON THE SQUARE LLC,126 S Guadalupe St,SAN MARCOS,TX,78666,05/29/2021,Paid in Full,24,100,9400,9400,0,,72188,American Bank of Commerce,530 E Hwy 62/82,WOLFFORTH,TX,79382-9382,R,Y,N,Unanswered,SAN MARCOS,HAYS,TX,78666-0001,TX-15,4,722410,Unanswered,Unknown/NotStated,,7050,,2350,,,,Limited  Liability Company(LLC),72188,American Bank of Commerce,WOLFFORTH,TX,Male Owned,Unanswered,,9470.82,02/19/2021
9047308300,01/30/2021,0681,PPS,SUNNY SWEENEY MUSIC LLC,2001 S Lamar Blvd Ste B,Austin,TX,78704-2901,02/08/2022,Paid in Full,60,100,9352.5,9352.5,0,,20214,"Farmers State Bank of Alto Pass, Illinois",55 N Elm St,ALTO PASS,IL,62905-2034,U,N,N,Existing or more than 2 years old,Austin,TRAVIS,TX,78704-2901,TX-21,1,711130,Unanswered,Unknown/NotStated,,9352.5,,,,,,Limited  Liability Company(LLC),20214,"Farmers State Bank of Alto Pass, Illinois",ALTO PASS,IL,Female Owned,Unanswered,,9438.34,01/04/2022
5538787402,05/12/2020,0681,PPP,WHITNEY SMITH,1700 Virginia Avenue,Austin,TX,78704-1452,01/16/2021,Paid in Full,24,100,9298.52,9298.52,0,,69112,Texas Bank,400 Fisk Ave,BROWNWOOD,TX,76801-2930,U,N,N,Existing or more than 2 years old,Austin,TRAVIS,TX,78704-1452,TX-21,1,711130,Unanswered,Unknown/NotStated,,6973.89,,2324.63,,,,Independent Contractors,71453,Texas Bank,WEATHERFORD,TX,Female Owned,Unanswered,,9351.25,12/08/2020
8359957403,05/18/2020,0681,PPP,RICKFORD C REDMOND,11000 Centennial,Austin,TX,78728,08/11/2021,Paid in Full,24,100,10415,9281,0,,368915,Veritex Community Bank,8214 Westchester Dr Ste 800,Dallas,TX,75225,U,N,N,Existing or more than 2 years old,Austin,TRAVIS,TX,78728,TX-17,2,711310,White,Not Hispanic or Latino,,9281,,,,,,Sole Proprietorship,368915,Veritex Community Bank,Dallas,TX,Male Owned,Non-Veteran,,9387.8,07/21/2021
2817248606,03/15/2021,0681,PPP,"HUSTLE FOR THE CAUSE, LLC.",5800 Eden Dr,Austin,TX,78747-4119,09/15/2021,Paid in Full,60,100,8932.5,8932.5,0,,79224,"Middlesex Federal Savings, F.A.",One College Ave,SOMERVILLE,MA,02144-1961,U,N,N,Existing or more than 2 years old,Austin,TRAVIS,TX,78747-4119,TX-35,1,711310,American Indian or Alaska Native,Hispanic or Latino,,8932.5,,,,,,Limited  Liability Company(LLC),79224,"Middlesex Federal Savings, F.A.",SOMERVILLE,MA,Female Owned,Non-Veteran,,8968.72,08/20/2021
7734549007,05/26/2021,0681,PPP,TAMIKO FREEMAN-SAMPLE,525 Paladen Pl,Round Rock,TX,78664-3971,03/22/2022,Paid in Full,60,100,8857,8857,0,,188361,"Prestamos CDFI, LLC",1024 East Buckeye Road Suite 270,Phoenix,AZ,85034,U,N,N,Existing or more than 2 years old,Round Rock,TRAVIS,TX,78664-3971,TX-31,1,711130,Black or African American,Unknown/NotStated,1,8854,,,,,,Sole Proprietorship,188361,"Prestamos CDFI, LLC",Phoenix,AZ,Female Owned,Veteran,,8918.26,02/14/2022
8838188303,01/30/2021,0681,PPP,KEEP AUSTIN LIVE,500,AUSTIN,TX,78745,07/16/2021,Paid in Full,60,100,8790,8790,0,,529471,Itria Ventures LLC,"One Penn Plaza, Suite 4530",New York,NY,10119,U,N,Y,Existing or more than 2 years old,AUSTIN,TRAVIS,TX,78745,TX-21,1,711310,Black or African American,Not Hispanic or Latino,,8787,,,,,,Sole Proprietorship,529471,Itria Ventures LLC,New York,NY,Unanswered,Unanswered,,8823.45,06/28/2021
8813928108,07/27/2020,0681,PPP,DAVIS MCLARTY AGENCY,4609 Eagle Feather Dr,AUSTIN,TX,78735-6474,02/06/2021,Paid in Full,60,100,8700,8700,0,,106661,University FCU,"8303 N Mopac Expwy, Ste A-105",AUSTIN,TX,78759,U,N,N,Existing or more than 2 years old,AUSTIN,TRAVIS,TX,78735-6474,TX-21,1,711130,Unanswered,Unknown/NotStated,,8700,,,,,,Sole Proprietorship,106661,University FCU,AUSTIN,TX,Unanswered,Unanswered,,8741.81,01/20/2021
9613647002,04/09/2020,0681,PPP,BIJOU LOUNGE LLC,415 E. 6TH ST,AUSTIN,TX,78701-3739,02/25/2021,Paid in Full,24,100,8700,8700,0,,454766,Third Coast Bank,"20202 Hwy 59 North, Ste 190",Humble,TX,77338,U,N,N,New Business or 2 years or less,AUSTIN,TRAVIS,TX,78701-3739,TX-37,10,722410,Unanswered,Unknown/NotStated,,8700,,,,,,Limited  Liability Company(LLC),454766,Third Coast Bank,Humble,TX,Unanswered,Unanswered,,8485.25,02/10/2021
2159737307,04/29/2020,0681,PPP,SHINYRIBS,6705 Hwy 290 West Ste 502 #114,Austin,TX,78735,11/18/2021,Paid in Full,24,100,8666.67,8666.67,0,,529050,"Square Capital, LLC","1455 Market Street, Suite 600",San Francisco,CA,94103,U,N,N,Existing or more than 2 years old,Austin,TRAVIS,TX,78735-0001,TX-21,1,711130,Unanswered,Unknown/NotStated,,8666.67,,,,,,Limited  Liability Company(LLC),223542,Celtic Bank Corporation,SALT LAKE CITY,UT,Unanswered,Unanswered,,8774.71,07/29/2021
5603058508,03/01/2021,0681,PPS,SHINYRIBS LLC,6705 W Highway 290 Ste 502 PMB 114,Austin,TX,78735-8407,10/11/2022,Paid in Full,60,100,8666.67,8666.67,0,,529050,"Square Capital, LLC","1455 Market Street, Suite 600",San Francisco,CA,94103,U,N,N,Existing or more than 2 years old,Austin,TRAVIS,TX,78735-8407,TX-21,1,711130,Unanswered,Unknown/NotStated,,8666.67,,,,,,Limited  Liability Company(LLC),529050,"Square Capital, LLC",San Francisco,CA,Unanswered,Unanswered,,8798.45,09/09/2022
3903869002,05/20/2021,0681,PPP,BRIAN MENDES,20129 Navarre Ter,Pflugerville,TX,78660-7883,01/06/2022,Paid in Full,60,100,8628,8628,0,,529472,"Capital Plus Financial, LLC",2247 Central Drive,Bedford,TX,76021,U,N,N,Existing or more than 2 years old,Pflugerville,TRAVIS,TX,78660-7883,TX-17,1,711130,Unanswered,Unknown/NotStated,,8628,,,,,,Sole Proprietorship,529472,"Capital Plus Financial, LLC",Bedford,TX,Male Owned,Non-Veteran,,8654.12,10/06/2021
1478208300,01/17/2021,0681,PPS,MINJASOUND LLC,16212 Spring Branch Trl,Austin,TX,78734-3527,08/19/2021,Paid in Full,60,100,8500,8500,0,,317954,"Newtek Small Business Finance, Inc.",1981 Marcus Avenue,LAKE SUCCESS,NY,11042,U,N,N,Existing or more than 2 years old,Austin,TRAVIS,TX,78734-3527,TX-10,1,711130,Unanswered,Unknown/NotStated,,8499,,,,,,Limited  Liability Company(LLC),317954,"Newtek Small Business Finance, Inc.",LAKE SUCCESS,NY,Unanswered,Unanswered,,8541.56,07/28/2021
6084777104,04/14/2020,0681,PPP,"THE EASTERN, LLC",7701 Rialto Blvd #92,AUSTIN,TX,78735-7409,02/17/2022,Paid in Full,24,100,8200,8200,0,,58899,First United Bank and Trust Company,1400 W Main St,DURANT,OK,74701-4906,U,N,N,Existing or more than 2 years old,AUSTIN,TRAVIS,TX,78735-7409,TX-21,4,722410,Unanswered,Unknown/NotStated,,8200,,,,,,Limited  Liability Company(LLC),58899,First United Bank and Trust Company,DURANT,OK,Unanswered,Unanswered,,8343.78,01/25/2022
2982878905,04/27/2021,0681,PPS,GIRLS ROCK CAMP AUSTIN,2200 S Pleasant Valley Rd Apt 102,Austin,TX,78741-4601,11/11/2021,Paid in Full,60,100,8187,8187,0,,106661,University FCU,"8303 N Mopac Expwy, Ste A-105",AUSTIN,TX,78759,U,Y,Y,Existing or more than 2 years old,Austin,TRAVIS,TX,78741-4601,TX-35,5,711130,Unanswered,Unknown/NotStated,,8186,,,,,,Non-Profit Organization,106661,University FCU,AUSTIN,TX,Unanswered,Unanswered,Y,8227.25,10/25/2021
4058458705,03/31/2021,0681,PPS,DAVID DERRICK,2706 Robin Rd,Manchaca,TX,78652-4173,11/11/2021,Paid in Full,60,100,8184,8184,0,,106661,University FCU,"8303 N Mopac Expwy, Ste A-105",AUSTIN,TX,78759,R,N,N,Existing or more than 2 years old,Manchaca,HAYS,TX,78652-4173,TX-21,1,711130,Unanswered,Unknown/NotStated,1,8181,,,,,,Sole Proprietorship,106661,University FCU,AUSTIN,TX,Unanswered,Unanswered,,8226.74,10/08/2021
4570768006,06/26/2020,0681,PPP,BUCKETS DELI AND SPORTS BAR,2020 EAST CESAR CHAVEZ STREET,AUSTIN,TX,78702-4512,02/16/2022,Paid in Full,60,100,8141,8141,0,,12096,"Wells Fargo Bank, National Association",101 N Philips Ave,SIOUX FALLS,SD,57104-6738,U,Y,Y,Existing or more than 2 years old,AUSTIN,TRAVIS,TX,78702-4512,TX-37,6,722410,Unanswered,Unknown/NotStated,,8141,,,,,,Limited  Liability Company(LLC),12096,"Wells Fargo Bank, National Association",SIOUX FALLS,SD,Unanswered,Unanswered,,8265.01,01/04/2022
7033727301,04/30/2020,0681,PPP,"CHORUS AUSTIN, INC",11900 Jollyville Rd,AUSTIN,TX,78720,05/29/2021,Paid in Full,24,100,8100,8100,0,,72188,American Bank of Commerce,530 E Hwy 62/82,WOLFFORTH,TX,79382-9382,U,N,N,Unanswered,AUSTIN,TRAVIS,TX,78720-0001,TX-37,3,711130,Unanswered,Unknown/NotStated,,6075,,2025,,,,Corporation,72188,American Bank of Commerce,WOLFFORTH,TX,Unanswered,Unanswered,,8150.93,02/16/2021
3686158803,04/15/2021,0681,PPP,MARK KAZANOFF,2607 Tip Cv,Austin,TX,78704-4546,09/15/2021,Paid in Full,60,100,8022,8022,0,,106661,University FCU,"8303 N Mopac Expwy, Ste A-105",AUSTIN,TX,78759,U,N,N,Existing or more than 2 years old,Austin,TRAVIS,TX,78704-4546,TX-21,1,711130,Unanswered,Unknown/NotStated,,8022,,,,,,Sole Proprietorship,106661,University FCU,AUSTIN,TX,Unanswered,Unanswered,,8050.3,08/25/2021
1769498709,03/27/2021,0681,PPS,BLAKE SESSIONS,9009 North Plaza Unit 120,Austin,TX,78753-5230,10/08/2022,Paid in Full,60,100,8020.2,8020.2,0,,454766,Third Coast Bank,"20202 Hwy 59 North, Ste 190",Humble,TX,77338,U,Y,Y,Existing or more than 2 years old,Austin,TRAVIS,TX,78753-5230,TX-17,1,711130,Unanswered,Unknown/NotStated,,8019.2,,,,,,Sole Proprietorship,454766,Third Coast Bank,Humble,TX,Unanswered,Unanswered,,8139.61,09/26/2022
9562049001,05/29/2021,0681,PPP,SAMUEL CAROTHERS,1607 Greenwood Ave,Austin,TX,78721-1121,,Exemption 4,60,100,8020,8020,0,,509316,"Harvest Small Business Finance, LLC",24422 Avenida de la Carlota Suite 400,Laguna Hills,CA,92653,U,Y,Y,Existing or more than 2 years old,Austin,TRAVIS,TX,78721-1121,TX-35,1,711130,Unanswered,Unknown/NotStated,,8020,,,,,,Self-Employed Individuals,514546,"BSD Capital, LLC dba Lendistry",Brea,CA,Male Owned,Non-Veteran,,,
9583088909,05/12/2021,0681,PPP,JOSHUA PATTON,148 Creekside Dr,Liberty Hill,TX,78642-3951,10/19/2022,Charged Off,33,100,7915,7915,0,,188361,"Prestamos CDFI, LLC",1024 East Buckeye Road Suite 270,Phoenix,AZ,85034,U,N,N,Existing or more than 2 years old,Liberty Hill,WILLIAMSON,TX,78642-3951,TX-31,1,711130,White,Not Hispanic or Latino,1,7912,,,,,,Sole Proprietorship,188361,"Prestamos CDFI, LLC",Phoenix,AZ,Male Owned,Non-Veteran,,,
4996218100,07/17/2020,0681,PPP,JULIA W. LITTLETON,GRAPEVINE DR 707 Grapevine Dr,CEDAR PARK,TX,78613-2608,03/23/2021,Paid in Full,60,100,7900,7900,0,,317954,"Newtek Small Business Finance, Inc.",1981 Marcus Avenue,LAKE SUCCESS,NY,11042,U,N,N,Existing or more than 2 years old,CEDAR PARK,WILLIAMSON,TX,78613-2608,TX-31,1,711130,Unanswered,Unknown/NotStated,,7900,,,,,,Sole Proprietorship,317954,"Newtek Small Business Finance, Inc.",LAKE SUCCESS,NY,Unanswered,Unanswered,,7946.96,02/23/2021
6013298308,01/26/2021,0681,PPS,DOUGLAS REID UMSTATTD,8801 Mountain Ridge Dr,Austin,TX,78759-7242,08/13/2021,Paid in Full,60,100,7850,7850,0,,447956,Texas Partners Bank,1900 NW Loop 410,SAN ANTONIO,TX,78213-2320,U,N,N,Existing or more than 2 years old,Austin,TRAVIS,TX,78759-7242,TX-37,1,711130,Unanswered,Not Hispanic or Latino,,7850,,,,,,Independent Contractors,447956,Texas Partners Bank,SAN ANTONIO,TX,Male Owned,Non-Veteran,,7887.94,07/28/2021
9550679005,05/29/2021,0681,PPS,BRADLEY MUSIC STUDIO LLC,15102 Bowling Ln,Austin,TX,78734-3634,12/16/2021,Paid in Full,60,100,7832,7832,0,,509578,PeopleFund,"2921 E. 17th Street Bldg. D, Suite 1",Austin,TX,78702,U,N,N,Existing or more than 2 years old,Austin,TRAVIS,TX,78734-3634,TX-10,2,711130,Unanswered,Unknown/NotStated,,7832,,,,,,Limited  Liability Company(LLC),509578,PeopleFund,Austin,TX,Unanswered,Unanswered,,7865.04,11/02/2021
3135128003,06/24/2020,0681,PPP,DAN MCMURROUGH,1801 LAVACA ST #13B,AUSTIN,TX,78701-1303,09/23/2021,Paid in Full,60,100,7800,7800,0,,58899,First United Bank and Trust Company,1400 W Main St,DURANT,OK,74701-4906,U,Y,N,Existing or more than 2 years old,AUSTIN,TRAVIS,TX,78701-1303,TX-37,1,711130,Unanswered,Unknown/NotStated,,7800,,,,,,Sole Proprietorship,58899,First United Bank and Trust Company,DURANT,OK,Unanswered,Unanswered,,7884.2,08/06/2021
9862988301,01/31/2021,0681,PPS,ALAN GIBSON,2407 S Congress Ave Ste E PMB 309,Austin,TX,78704-5500,02/11/2022,Paid in Full,60,100,7700,7700,0,,106661,University FCU,"8303 N Mopac Expwy, Ste A-105",AUSTIN,TX,78759,U,Y,Y,Existing or more than 2 years old,Austin,TRAVIS,TX,78704-5500,TX-21,1,711130,Unanswered,Unknown/NotStated,,7700,,,,,,Sole Proprietorship,106661,University FCU,AUSTIN,TX,Unanswered,Unanswered,,7771.87,01/12/2022
6325348908,05/01/2021,0681,PPP,JEROME DEAN,7060 Milo Waynull 7060 Milo Waynull,Kyle,TX,78640,09/21/2022,Paid in Full,60,100,7661,7661,0,,499141,"Readycap Lending, LLC",200 Connell Drive Suite 4000,BERKELEY HEIGHTS,NJ,07922,R,Y,N,Existing or more than 2 years old,Kyle,HAYS,TX,78640,TX-21,1,711130,Unanswered,Unknown/NotStated,,7661,,,,,,Independent Contractors,499141,"Readycap Lending, LLC",BERKELEY HEIGHTS,NJ,Unanswered,Unanswered,,7757.97,08/15/2022
5200169007,05/21/2021,0681,PPS,KENNETH ORTS,306 Drake Ln,Taylor,TX,76574-1628,03/22/2022,Paid in Full,60,100,7530,7530,0,,188361,"Prestamos CDFI, LLC",1024 East Buckeye Road Suite 270,Phoenix,AZ,85034,U,Y,Y,Existing or more than 2 years old,Taylor,WILLIAMSON,TX,76574-1628,TX-31,1,711130,White,Not Hispanic or Latino,,7529,,,,,,Sole Proprietorship,188361,"Prestamos CDFI, LLC",Phoenix,AZ,Male Owned,Non-Veteran,,7566.6,11/29/2021
7829587803,06/04/2020,0681,PPP,TEXAS EARLY MUSIC PROJECT,13915 BURNET RD STE 402,AUSTIN,TX,78728-6500,12/21/2021,Paid in Full,24,100,7435,7435,0,,433860,Quontic Bank,"3105 Broadway, 2nd Fl",Astoria,NY,11106,U,N,N,Unanswered,AUSTIN,TRAVIS,TX,78728-6500,TX-37,2,711130,Unanswered,Unknown/NotStated,,7435,,,,,,Non-Profit Organization,529029,Intuit Financing Inc.,Mountainview,CA,Unanswered,Unanswered,Y,7542.15,11/17/2021
7156188606,03/23/2021,0681,PPS,DAN TOROSIAN,1900 Larchmont Dr,Austin,TX,78704-5916,11/20/2021,Paid in Full,60,100,7427,7427,0,,121536,Customers Bank,40 General Warren Blvd,Malvern,PA,19355,U,Y,N,Existing or more than 2 years old,Austin,TRAVIS,TX,78704-5916,TX-21,1,711130,Unanswered,Unknown/NotStated,,7427,,,,,,Sole Proprietorship,122043,WebBank,SALT LAKE CITY,UT,Unanswered,Unanswered,,7473.39,11/10/2021
2474188304,01/20/2021,0681,PPP,NICHOLE STRATTON,1801 Alexander Ave Apt 4222,Austin,TX,78702-2464,08/07/2021,Paid in Full,60,100,7205.12,7205.12,0,,95870,1st MidAmerica CU,731 E Bethalto Dr,BETHALTO,IL,62010-1872,U,Y,N,Existing or more than 2 years old,Austin,TRAVIS,TX,78702-2464,TX-37,1,711310,White,Not Hispanic or Latino,,7205.12,,,,,,Independent Contractors,95870,1st MidAmerica CU,BETHALTO,IL,Female Owned,Non-Veteran,,7242.23,07/30/2021
5745778409,02/09/2021,0681,PPS,"HADDAD KRENEK VENTURES, LLC.",2012 Amur Dr,Austin,TX,78745-2084,02/05/2022,Paid in Full,60,100,7102,7102,0,,71727,Broadway National Bank,1177 NE Loop 410,SAN ANTONIO,TX,78209-1517,U,N,N,Existing or more than 2 years old,Austin,TRAVIS,TX,78745-2084,TX-37,2,711310,Unanswered,Unknown/NotStated,1,7097,,,,,,Corporation,71727,Broadway National Bank,SAN ANTONIO,TX,Male Owned,Non-Veteran,,7164.34,01/06/2022
5450597900,06/15/2020,0681,PPP,THE CATHEDRAL LLC,2403 East 16th Street,Austin,TX,78702,,Exemption 4,75,100,7092.5,7092.5,0,,529253,"Fundbox, Inc.","560 Mission Street, 13th Floor",San Francisco,CA,94105,U,Y,N,New Business or 2 years or less,Austin,TRAVIS,TX,78702-0001,TX-37,2,711310,Unanswered,Unknown/NotStated,,7092.5,,,,,,Limited  Liability Company(LLC),529253,"Fundbox, Inc.",San Francisco,CA,Unanswered,Unanswered,,3540.83,08/11/2021
8731788502,03/10/2021,0681,PPP,KENDRICK HACKETT,5733 Clyde Ln,Austin,TX,78754-6010,01/06/2022,Paid in Full,60,100,7030,7030,0,,529472,"Capital Plus Financial, LLC",2247 Central Drive,Bedford,TX,76021,U,Y,N,Existing or more than 2 years old,Austin,TRAVIS,TX,78754-6010,TX-10,1,711310,Black or African American,Not Hispanic or Latino,1,7027,,,,,,Sole Proprietorship,529472,"Capital Plus Financial, LLC",Bedford,TX,Male Owned,Non-Veteran,,7071.01,10/07/2021
3564888910,04/28/2021,0681,PPS,LEE MYERS,1307 Whippoorwill Dr,Cedar Park,TX,78613-5109,11/11/2021,Paid in Full,60,100,7014,7014,0,,529192,Benworth Capital,7000 SW 97th Avenue Suite 201,Miami,FL,33173,U,N,N,Existing or more than 2 years old,Cedar Park,WILLIAMSON,TX,78613-5109,TX-31,1,711130,Unanswered,Unknown/NotStated,,7014,,,,,,Sole Proprietorship,529192,Benworth Capital,Miami,FL,Unanswered,Unanswered,,7035.71,08/25/2021
7379758706,04/06/2021,0681,PPP,LEE MYERS,1307 Whippoorwill Dr,Cedar Park,TX,78613-5109,09/17/2021,Paid in Full,60,100,7014,7014,0,,524612,Fountainhead SBF LLC,3216 W. Lake Mary Blvd,LAKE MARY,FL,32746,U,N,N,Existing or more than 2 years old,Cedar Park,WILLIAMSON,TX,78613-5109,TX-31,1,711130,Unanswered,Unknown/NotStated,,7014,,,,,,Sole Proprietorship,524612,Fountainhead SBF LLC,LAKE MARY,FL,Unanswered,Unanswered,,7037.19,08/13/2021
3568797701,05/01/2020,0681,PPP,SALON DELEON LLC,6117 toye dr,Del valle,TX,78617,03/12/2021,Paid in Full,24,100,6875,6875,0,,529050,"Square Capital, LLC","1455 Market Street, Suite 600",San Francisco,CA,94103,U,Y,Y,New Business or 2 years or less,Del valle,TRAVIS,TX,78617-0001,TX-27,1,722410,Unanswered,Unknown/NotStated,,5156.25,1718.75,,,,,Corporation,223542,Celtic Bank Corporation,SALT LAKE CITY,UT,Unanswered,Unanswered,,6919.83,02/12/2021
4620708706,04/01/2021,0681,PPP,SARAH MULLEN,648 Oak Hill Cemetery Rd,Bastrop,TX,78602-3626,09/18/2021,Paid in Full,60,100,6816,6816,0,,524612,Fountainhead SBF LLC,3216 W. Lake Mary Blvd,LAKE MARY,FL,32746,R,N,Y,Existing or more than 2 years old,Bastrop,BASTROP,TX,78602-3626,TX-27,1,711130,Unanswered,Unknown/NotStated,,6816,,,,,,Sole Proprietorship,524612,Fountainhead SBF LLC,LAKE MARY,FL,Female Owned,Non-Veteran,,6838.72,08/11/2021
6167478807,04/19/2021,0681,PPS,SARAH MULLEN,648 Oak Hill Cemetery Rd,Bastrop,TX,78602-3626,01/11/2022,Paid in Full,60,100,6816,6816,0,,529192,Benworth Capital,7000 SW 97th Avenue Suite 201,Miami,FL,33173,R,N,Y,Existing or more than 2 years old,Bastrop,BASTROP,TX,78602-3626,TX-27,1,711130,Unanswered,Unknown/NotStated,,6816,,,,,,Sole Proprietorship,529192,Benworth Capital,Miami,FL,Female Owned,Non-Veteran,,6862.87,01/03/2022
3318088606,03/16/2021,0681,PPP,JAMES LOESSBERG,306 Gladeview Dr,Round Rock,TX,78681-4915,06/29/2021,Paid in Full,60,100,6805.31,6805.31,0,,69080,The Commercial National Bank of Brady,105 E 2nd St,BRADY,TX,76825-4931,U,N,N,Existing or more than 2 years old,Round Rock,WILLIAMSON,TX,78681-4915,TX-31,1,711130,Unanswered,Unknown/NotStated,,6805.31,,,,,,Sole Proprietorship,69080,The Commercial National Bank of Brady,BRADY,TX,Unanswered,Unanswered,,6823.4,06/23/2021
1545387400,05/04/2020,0681,PPP,"IN ADISCHIN EVENTS, LLC",2600 Blue Rock Trl,Dripping Springs,TX,78620,10/23/2021,Paid in Full,24,100,6800,6800,0,,123499,BayFirst National Bank,700 Central Avenue,Saint Petersburg,FL,33701,R,N,N,Unanswered,Dripping Springs,HAYS,TX,78620-0001,TX-25,1,711310,Unanswered,Not Hispanic or Latino,,6800,,,,,,Limited  Liability Company(LLC),123499,BayFirst National Bank,Saint Petersburg,FL,Unanswered,Unanswered,,6887.19,08/31/2021
4976138103,07/17/2020,0681,PPP,ARTS MOBLEY LLC,9305 Hunters Trace East,AUSTIN,TX,78758-6521,02/06/2021,Paid in Full,60,100,6800,6800,0,,106661,University FCU,"8303 N Mopac Expwy, Ste A-105",AUSTIN,TX,78759,U,Y,Y,Existing or more than 2 years old,AUSTIN,TRAVIS,TX,78758-6521,TX-37,1,711130,Unanswered,Unknown/NotStated,,6800,,,,,,Limited  Liability Company(LLC),106661,University FCU,AUSTIN,TX,Unanswered,Unanswered,,6835.13,01/26/2021
5204117204,04/27/2020,0681,PPP,KURT BAUMER,202 WOODS LN,CEDAR PARK,TX,78613-6204,01/16/2021,Paid in Full,24,100,6800,6800,0,,69819,Prosperity Bank,1301 N Mechanic,El Campo,TX,77437,U,N,Y,Existing or more than 2 years old,CEDAR PARK,WILLIAMSON,TX,78613-6204,TX-31,1,711130,Unanswered,Not Hispanic or Latino,,6800,,,,,,Sole Proprietorship,123367,Prosperity Bank,Midland,TX,Male Owned,Non-Veteran,,6840.99,12/02/2020
6411678408,02/10/2021,0681,PPS,ARTS MOBLEY LLC,9305 Hunters Trce E,Austin,TX,78758-6525,10/16/2021,Paid in Full,60,100,6800,6800,0,,106661,University FCU,"8303 N Mopac Expwy, Ste A-105",AUSTIN,TX,78759,U,Y,Y,Existing or more than 2 years old,Austin,TRAVIS,TX,78758-6525,TX-37,1,711130,Unanswered,Unknown/NotStated,,6800,,,,,,Limited  Liability Company(LLC),106661,University FCU,AUSTIN,TX,Unanswered,Unanswered,,6841.93,09/22/2021
7325848801,04/21/2021,0681,PPS,MEGAN PRITCHETT,7825,AUSTIN,TX,78745,09/17/2022,Paid in Full,60,100,6580,6580,0,,529471,Itria Ventures LLC,"One Penn Plaza, Suite 4530",New York,NY,10119,U,N,Y,Existing or more than 2 years old,AUSTIN,TRAVIS,TX,78745,TX-21,1,711130,White,Not Hispanic or Latino,,6580,,,,,,Sole Proprietorship,529471,Itria Ventures LLC,New York,NY,Female Owned,Non-Veteran,,6660.61,08/04/2022
2946318708,03/30/2021,0681,PPS,COREY GRAY,15450 Farm to Market Rd. 1325,Austin,TX,78728,09/16/2021,Paid in Full,60,100,6562,6562,0,,524612,Fountainhead SBF LLC,3216 W. Lake Mary Blvd,LAKE MARY,FL,32746,U,N,N,Existing or more than 2 years old,Austin,WILLIAMSON,TX,78728,TX-17,1,711130,White,Not Hispanic or Latino,,6562,,,,,,Self-Employed Individuals,524612,Fountainhead SBF LLC,LAKE MARY,FL,Male Owned,Non-Veteran,,6584.42,08/11/2021
5494618205,08/07/2020,0681,PPP,JEFFREY BRYANT,2329 AMUR DR,AUSTIN,TX,78745-2065,08/19/2021,Paid in Full,60,100,6535.72,6535.72,0,,456756,Cross River Bank,885 Teaneck Rd,TEANECK,NJ,07666-4546,U,N,N,Unanswered,AUSTIN,TRAVIS,TX,78745-2065,TX-37,1,711130,Unanswered,Unknown/NotStated,,6535.72,,,,,,Sole Proprietorship,456756,Cross River Bank,TEANECK,NJ,Unanswered,Unanswered,,6597.68,07/27/2021
2773608800,04/13/2021,0681,PPS,GARY HEIMBAUER,13711 Letti Ln N/A,Pflugerville,TX,78660-8833,11/20/2021,Paid in Full,60,100,6496,6496,0,,121536,Customers Bank,40 General Warren Blvd,Malvern,PA,19355,U,N,N,Existing or more than 2 years old,Pflugerville,TRAVIS,TX,78660-8833,TX-17,1,711130,Unanswered,Unknown/NotStated,,6495,,,,,,Self-Employed Individuals,121536,Customers Bank,Malvern,PA,Unanswered,Unanswered,,6529.46,11/03/2021
6926518307,01/27/2021,0681,PPS,AUSTIN KIMBLE,1012 Wessex Way,Austin,TX,78748-6462,09/22/2021,Paid in Full,60,100,6432,6432,0,,72601,"Zions Bank, A Division of",1 S Main St,SALT LAKE CITY,UT,84133-1109,U,N,Y,Existing or more than 2 years old,Austin,TRAVIS,TX,78748-6462,TX-21,1,711130,Unanswered,Unknown/NotStated,1,6431,,,,,,Sole Proprietorship,72601,"Zions Bank, A Division of",SALT LAKE CITY,UT,Unanswered,Unanswered,,6469.71,09/01/2021
5491098601,03/20/2021,0681,PPP,RACHEL KOLAR,303 Nelray Blvd,Austin,TX,78751-1122,11/11/2021,Paid in Full,60,100,6423,6423,0,,106661,University FCU,"8303 N Mopac Expwy, Ste A-105",AUSTIN,TX,78759,U,Y,N,Existing or more than 2 years old,Austin,TRAVIS,TX,78751-1122,TX-37,1,711130,Unanswered,Unknown/NotStated,,6422,,,,,,Self-Employed Individuals,106661,University FCU,AUSTIN,TX,Unanswered,Unanswered,,6461.89,10/27/2021
2006488702,03/27/2021,0681,PPP,JONATHAN GROSSMAN,2115 Allred Dr,Austin,TX,78748-1302,09/08/2022,Paid in Full,60,100,6413.75,6413.75,0,,529050,"Square Capital, LLC","1455 Market Street, Suite 600",San Francisco,CA,94103,U,N,N,Existing or more than 2 years old,Austin,TRAVIS,TX,78748-1302,TX-21,1,711130,Unanswered,Unknown/NotStated,,6412.75,,,,,,Sole Proprietorship,529050,"Square Capital, LLC",San Francisco,CA,Unanswered,Unanswered,,6504.42,08/31/2022
6515707206,04/28/2020,0681,PPP,AUSTIN PORTERFIELD KIMBLE,1012 Wessex Way,AUSTIN,TX,78748,02/06/2021,Paid in Full,24,100,6400,6400,0,,106661,University FCU,"8303 N Mopac Expwy, Ste A-105",AUSTIN,TX,78759,U,N,Y,Existing or more than 2 years old,AUSTIN,TRAVIS,TX,78748-0001,TX-21,1,711130,Unanswered,Unknown/NotStated,,6400,,,,,,Sole Proprietorship,106661,University FCU,AUSTIN,TX,Unanswered,Unanswered,,6446.4,01/19/2021
3768559010,05/20/2021,0681,PPP,HEDRAS RAMOS,1701 Oak Hill Ln Apt 635,Austin,TX,78744-2231,03/22/2022,Paid in Full,60,100,6322,6322,0,,188361,"Prestamos CDFI, LLC",1024 East Buckeye Road Suite 270,Phoenix,AZ,85034,U,N,Y,Existing or more than 2 years old,Austin,TRAVIS,TX,78744-2231,TX-35,1,711130,White,Hispanic or Latino,1,6320,,,,,,Independent Contractors,188361,"Prestamos CDFI, LLC",Phoenix,AZ,Male Owned,Non-Veteran,,6348.52,10/29/2021
4183178910,04/28/2021,0681,PPS,MICHAEL RODRIGUEZ,17338 Bishopsgate Dr,Pflugerville,TX,78660-1770,11/06/2021,Paid in Full,60,100,6250,6250,0,,529192,Benworth Capital,7000 SW 97th Avenue Suite 201,Miami,FL,33173,U,N,N,Existing or more than 2 years old,Pflugerville,TRAVIS,TX,78660-1770,TX-17,1,711130,Unanswered,Unknown/NotStated,,6250,,,,,,Sole Proprietorship,529192,Benworth Capital,Miami,FL,Unanswered,Unanswered,,6280.48,10/27/2021
8555728909,05/11/2021,0681,PPP,MICHAEL WADE,13505 Sierra Wind Ln,Elgin,TX,78621-6013,,Exemption 4,60,100,6250,6250,0,,188361,"Prestamos CDFI, LLC",1024 East Buckeye Road Suite 270,Phoenix,AZ,85034,U,N,N,Existing or more than 2 years old,Elgin,TRAVIS,TX,78621-6013,TX-10,1,711310,Black or African American,Not Hispanic or Latino,,6249,,,,,,Sole Proprietorship,188361,"Prestamos CDFI, LLC",Phoenix,AZ,Male Owned,Non-Veteran,,,
9880918709,04/09/2021,0681,PPP,MICHAEL RODRIGUEZ,17338 Bishopsgate Dr,Pflugerville,TX,78660-1770,10/13/2021,Paid in Full,60,100,6250,6250,0,,524612,Fountainhead SBF LLC,3216 W. Lake Mary Blvd,LAKE MARY,FL,32746,U,N,N,Existing or more than 2 years old,Pflugerville,TRAVIS,TX,78660-1770,TX-17,1,711130,Unanswered,Unknown/NotStated,,6250,,,,,,Sole Proprietorship,524612,Fountainhead SBF LLC,LAKE MARY,FL,Unanswered,Unanswered,,6275.35,09/10/2021
6317227301,04/30/2020,0681,PPP,"SANTA BARBARA TRIATHLON, INC.",205 SAN DONATO CV,AUSTIN,TX,78738,08/23/2021,Paid in Full,24,100,5832,5832,0,,5852,Montecito Bank & Trust,1000 State St,SANTA BARBARA,CA,93101-2711,U,N,N,Existing or more than 2 years old,AUSTIN,TRAVIS,TX,78738-0001,TX-25,1,711310,White,Not Hispanic or Latino,,5832,,,,,,Corporation,5852,Montecito Bank & Trust,SANTA BARBARA,CA,Male Owned,Non-Veteran,,5869.01,02/16/2021
4776737802,05/28/2020,0681,PPP,MICHAEL ROSCH,2901 Goodwin Ave,Austin,TX,78702-3014,03/23/2022,Paid in Full,24,100,5809,5809,0,,456756,Cross River Bank,885 Teaneck Rd,TEANECK,NJ,07666-4546,U,Y,Y,Existing or more than 2 years old,Austin,TRAVIS,TX,78702-3014,TX-37,1,711130,Unanswered,Unknown/NotStated,,5809,,,,,,Self-Employed Individuals,529113,"Kabbage, Inc.",Atlanta,GA,Unanswered,Unanswered,,5843.69,01/08/2021
1355998902,04/24/2021,0681,PPS,MARK RODRIGUEZ,17355 Tobermory Dr,Pflugerville,TX,78660-1725,11/06/2021,Paid in Full,60,100,5770,5770,0,,529192,Benworth Capital,7000 SW 97th Avenue Suite 201,Miami,FL,33173,U,N,N,Existing or more than 2 years old,Pflugerville,TRAVIS,TX,78660-1725,TX-17,1,711130,Unanswered,Unknown/NotStated,,5770,,,,,,Sole Proprietorship,529192,Benworth Capital,Miami,FL,Unanswered,Unanswered,,5798.77,10/27/2021
4756478708,04/01/2021,0681,PPP,MARK RODRIGUEZ,17355 Tobermory Dr,Pflugerville,TX,78660-1725,12/18/2021,Paid in Full,60,100,5770,5770,0,,524612,Fountainhead SBF LLC,3216 W. Lake Mary Blvd,LAKE MARY,FL,32746,U,N,N,Existing or more than 2 years old,Pflugerville,TRAVIS,TX,78660-1725,TX-17,1,711130,Unanswered,Unknown/NotStated,,5770,,,,,,Sole Proprietorship,524612,Fountainhead SBF LLC,LAKE MARY,FL,Unanswered,Unanswered,,5802.86,11/05/2021
8458438805,04/22/2021,0681,PPP,REANELL TARMANN,1811 S West Dr,Leander,TX,78641-2111,03/22/2022,Paid in Full,60,100,5625,5625,0,,188361,"Prestamos CDFI, LLC",1024 East Buckeye Road Suite 270,Phoenix,AZ,85034,U,N,N,Existing or more than 2 years old,Leander,WILLIAMSON,TX,78641-2111,TX-31,1,711310,White,Not Hispanic or Latino,1,5619,,,,,,Independent Contractors,188361,"Prestamos CDFI, LLC",Phoenix,AZ,Female Owned,Non-Veteran,,5667.66,02/03/2022
1914189006,05/14/2021,0681,PPP,SIVAD DAVIS,1836 Mathers Mill Trl,Round Rock,TX,78664-7583,03/22/2022,Paid in Full,60,100,5520,5520,0,,188361,"Prestamos CDFI, LLC",1024 East Buckeye Road Suite 270,Phoenix,AZ,85034,U,N,N,Existing or more than 2 years old,Round Rock,WILLIAMSON,TX,78664-7583,TX-31,1,711130,Black or African American,Not Hispanic or Latino,1,5515,,,,,,Sole Proprietorship,188361,"Prestamos CDFI, LLC",Phoenix,AZ,Male Owned,Non-Veteran,,5552.66,12/23/2021
6016688008,06/29/2020,0681,PPP,ALLRHYTHMS,1215 W Slaughter Ln APT 834,AUSTIN,TX,78761,07/08/2021,Paid in Full,60,100,5500,5500,0,,106661,University FCU,"8303 N Mopac Expwy, Ste A-105",AUSTIN,TX,78759,U,N,N,Existing or more than 2 years old,AUSTIN,TRAVIS,TX,78761-2000,TX-37,4,711310,Unanswered,Unknown/NotStated,,5500,,,,,,Sole Proprietorship,106661,University FCU,AUSTIN,TX,Unanswered,Unanswered,,5552.86,06/15/2021
5901808702,04/03/2021,0681,PPS,KATHERINE CABARCAS,137 W Saint Elmo Rd Apt C213,Austin,TX,78745-1972,10/16/2021,Paid in Full,60,100,5408,5408,0,,106661,University FCU,"8303 N Mopac Expwy, Ste A-105",AUSTIN,TX,78759,U,Y,Y,Existing or more than 2 years old,Austin,TRAVIS,TX,78745-1972,TX-37,1,711310,Unanswered,Unknown/NotStated,1,5406,,,,,,Sole Proprietorship,106661,University FCU,AUSTIN,TX,Unanswered,Unanswered,,5432.49,09/17/2021
9924018604,03/26/2021,0681,PPP,SARAH BOBAN,2601 Del Rio Dr,Austin,TX,78733-1221,11/11/2021,Paid in Full,60,100,5395,5395,0,,106661,University FCU,"8303 N Mopac Expwy, Ste A-105",AUSTIN,TX,78759,U,N,N,Existing or more than 2 years old,Austin,TRAVIS,TX,78733-1221,TX-37,1,711130,Unanswered,Unknown/NotStated,,5395,,,,,,Sole Proprietorship,106661,University FCU,AUSTIN,TX,Unanswered,Unanswered,,5423.47,10/06/2021
7825678304,01/28/2021,0681,PPS,SOUND GUY PRODUCTIONS LLC,915 Peyton Pl,Cedar Park,TX,78613-3257,02/16/2022,Paid in Full,60,100,5382,5382,0,,12096,"Wells Fargo Bank, National Association",101 N Philips Ave,SIOUX FALLS,SD,57104-6738,U,N,N,Existing or more than 2 years old,Cedar Park,WILLIAMSON,TX,78613-3257,TX-31,1,711130,Unanswered,Unknown/NotStated,,5382,,,,,,Limited  Liability Company(LLC),12096,"Wells Fargo Bank, National Association",SIOUX FALLS,SD,Male Owned,Unanswered,,5434.79,01/26/2022
4802759010,05/20/2021,0681,PPP,ROBERT L. DANIEL JR.,4105 Victory Dr Apt C107,Austin,TX,78704-7567,03/22/2022,Paid in Full,60,100,5362,5362,0,,188361,"Prestamos CDFI, LLC",1024 East Buckeye Road Suite 270,Phoenix,AZ,85034,U,Y,N,Existing or more than 2 years old,Austin,TRAVIS,TX,78704-7567,TX-21,1,711130,White,Not Hispanic or Latino,1,5360,,,,,,Sole Proprietorship,188361,"Prestamos CDFI, LLC",Phoenix,AZ,Male Owned,Non-Veteran,,5398.49,02/03/2022
9010538110,07/27/2020,0681,PPP,RYLAN KETURI,2400 Thornton Road Unit A,AUSTIN,TX,78704-4908,03/12/2021,Paid in Full,60,100,5179.9,5179.9,0,,122478,Keystone Bank SSB,13715 E. Ladera Blvd.,Bee Cave,TX,78738,U,N,N,Unanswered,AUSTIN,TRAVIS,TX,78704-4908,TX-21,1,711130,Unanswered,Unknown/NotStated,,5179.9,,,,,,Sole Proprietorship,122478,Keystone Bank SSB,Bee Cave,TX,Unanswered,Unanswered,,5202.78,01/07/2021
6174067107,04/14/2020,0681,PPP,LIBERTY TAVERN LLC,117 N MAIN STREET,ELGIN,TX,78621,11/20/2021,Charged Off,2,100,5102.5,5102.5,0,,188567,Loan Source Incorporated,353 East 83rd Street Suite 3H,NEW YORK,NY,10028,R,Y,N,New Business or 2 years or less,ELGIN,BASTROP,TX,78621-0001,TX-10,2,722410,Unanswered,Unknown/NotStated,,5102.5,,,,,,Limited  Liability Company(LLC),39848,Cadence Bank,TUPELO,MS,Unanswered,Unanswered,,,
2365988505,02/20/2021,0681,PPS,ANNA WESTBROOK,8405 Bent Tree Rd Apt 3611,Austin,TX,78759-8255,10/16/2021,Paid in Full,60,100,5100,5100,0,,106661,University FCU,"8303 N Mopac Expwy, Ste A-105",AUSTIN,TX,78759,U,N,N,Existing or more than 2 years old,Austin,TRAVIS,TX,78759-8255,TX-37,1,711130,Unanswered,Unknown/NotStated,,5100,,,,,,Sole Proprietorship,106661,University FCU,AUSTIN,TX,Unanswered,Unanswered,,5130.88,09/29/2021
2576798202,08/02/2020,0681,PPP,ANNA WESTBROOK,8405 Bent Tree Apt 3611,AUSTIN,TX,78759,02/06/2021,Paid in Full,60,100,5100,5100,0,,106661,University FCU,"8303 N Mopac Expwy, Ste A-105",AUSTIN,TX,78759,U,N,N,New Business or 2 years or less,AUSTIN,TRAVIS,TX,78759-0001,TX-37,1,711130,Unanswered,Unknown/NotStated,,5100,,,,,,Sole Proprietorship,106661,University FCU,AUSTIN,TX,Unanswered,Unanswered,,5123.66,01/20/2021
5466488707,04/02/2021,0681,PPP,JAVI ARREDONDO,1404 Cedar Ave,Austin,TX,78702-1838,11/06/2021,Paid in Full,60,100,4928,4928,0,,524612,Fountainhead SBF LLC,3216 W. Lake Mary Blvd,LAKE MARY,FL,32746,U,Y,Y,Existing or more than 2 years old,Austin,TRAVIS,TX,78702-1838,TX-37,1,711130,Unanswered,Unknown/NotStated,,4928,,,,,,Sole Proprietorship,524612,Fountainhead SBF LLC,LAKE MARY,FL,Male Owned,Non-Veteran,,4952.23,10/08/2021
9016968808,04/23/2021,0681,PPS,JAVI ARREDONDO,1404 Cedar Ave,Austin,TX,78702-1838,01/11/2022,Paid in Full,60,100,4928,4928,0,,529192,Benworth Capital,7000 SW 97th Avenue Suite 201,Miami,FL,33173,U,Y,Y,Existing or more than 2 years old,Austin,TRAVIS,TX,78702-1838,TX-37,1,711130,Unanswered,Unknown/NotStated,,4928,,,,,,Sole Proprietorship,529192,Benworth Capital,Miami,FL,Male Owned,Non-Veteran,,4958.51,12/09/2021
9069568309,01/30/2021,0681,PPP,SUMANTH SWAMINATHAN,1809,AUSTIN,TX,78704,08/13/2021,Paid in Full,60,100,4850,4850,0,,529471,Itria Ventures LLC,"One Penn Plaza, Suite 4530",New York,NY,10119,U,N,N,Existing or more than 2 years old,AUSTIN,TRAVIS,TX,78704,TX-21,1,711130,Unanswered,Not Hispanic or Latino,,4850,,,,,,Sole Proprietorship,529471,Itria Ventures LLC,New York,NY,Male Owned,Unanswered,,4871.82,07/19/2021
1339168802,04/10/2021,0681,PPP,DAVID FLORES,6120 Felix Ave,Austin,TX,78741-3310,10/13/2021,Paid in Full,60,100,4844,4844,0,,524612,Fountainhead SBF LLC,3216 W. Lake Mary Blvd,LAKE MARY,FL,32746,U,Y,Y,Existing or more than 2 years old,Austin,TRAVIS,TX,78741-3310,TX-35,1,711130,Unanswered,Unknown/NotStated,,4844,,,,,,Self-Employed Individuals,524612,Fountainhead SBF LLC,LAKE MARY,FL,Unanswered,Unanswered,,4862.43,09/07/2021
3104348900,04/27/2021,0681,PPS,DAVID FLORES,6120 Felix Ave,Austin,TX,78741-3310,10/13/2021,Paid in Full,60,100,4844,4844,0,,524612,Fountainhead SBF LLC,3216 W. Lake Mary Blvd,LAKE MARY,FL,32746,U,Y,Y,Existing or more than 2 years old,Austin,TRAVIS,TX,78741-3310,TX-35,1,711130,Unanswered,Unknown/NotStated,,4844,,,,,,Self-Employed Individuals,524612,Fountainhead SBF LLC,LAKE MARY,FL,Unanswered,Unanswered,,4860.55,09/07/2021
1321448903,04/24/2021,0681,PPP,KYLE THOMPSON,5206 Fort Mason Dr,Austin,TX,78745-2360,01/21/2022,Paid in Full,60,100,4828,4828,0,,529192,Benworth Capital,7000 SW 97th Avenue Suite 201,Miami,FL,33173,U,N,Y,Existing or more than 2 years old,Austin,TRAVIS,TX,78745-2360,TX-37,1,711130,Unanswered,Unknown/NotStated,,4828,,,,,,Self-Employed Individuals,529192,Benworth Capital,Miami,FL,Unanswered,Unanswered,,4860.41,01/03/2022
3060198203,08/03/2020,0681,PPP,ELENA KARAKOUSOGLOU,6105 Shadow Valley Dr A,AUSTIN,TX,78731,06/05/2021,Paid in Full,60,100,4800,4800,0,,106661,University FCU,"8303 N Mopac Expwy, Ste A-105",AUSTIN,TX,78759,U,N,N,Existing or more than 2 years old,AUSTIN,TRAVIS,TX,78731-0001,TX-37,1,711130,Unanswered,Unknown/NotStated,,4800,,,,,,Independent Contractors,106661,University FCU,AUSTIN,TX,Unanswered,Unanswered,,4837.33,05/17/2021
5414677903,06/15/2020,0681,PPP,SOUTHERN LIBERACE TOURING LLC,2304 W 8TH UNIT 1,AUSTIN,TX,78703,08/12/2021,Paid in Full,60,100,4793,4793,0,,12096,"Wells Fargo Bank, National Association",101 N Philips Ave,SIOUX FALLS,SD,57104-6738,U,N,N,New Business or 2 years or less,AUSTIN,TRAVIS,TX,78703-0001,TX-37,1,711130,Unanswered,Unknown/NotStated,,4793,,,,,,Limited  Liability Company(LLC),12096,"Wells Fargo Bank, National Association",SIOUX FALLS,SD,Unanswered,Unanswered,,4845.26,07/27/2021
9553808006,07/07/2020,0681,PPP,"STEVEN PARKER, LLC",12026 WYCLIFF LN,AUSTIN,TX,78727-5957,01/29/2021,Paid in Full,60,100,4782.5,4782.5,0,,456756,Cross River Bank,885 Teaneck Rd,TEANECK,NJ,07666-4546,U,N,N,Unanswered,AUSTIN,TRAVIS,TX,78727-5957,TX-37,1,711310,Unanswered,Unknown/NotStated,,4782.5,,,,,,Limited  Liability Company(LLC),456756,Cross River Bank,TEANECK,NJ,Unanswered,Unanswered,,4801.89,12/09/2020
6818168606,03/23/2021,0681,PPP,BONNIE MONTGOMERY,602 Wayside Dr Unit B N/A,Wimberley,TX,78676-0020,11/23/2021,Paid in Full,60,100,4668,4668,0,,121536,Customers Bank,40 General Warren Blvd,Malvern,PA,19355,R,N,N,Existing or more than 2 years old,Wimberley,HAYS,TX,78676-0020,TX-21,1,711130,Unanswered,Unknown/NotStated,1,4664,,,,,,Sole Proprietorship,121536,Customers Bank,Malvern,PA,Unanswered,Unanswered,,4695.75,11/03/2021
8095929000,05/27/2021,0681,PPS,BONNIE MONTGOMERY,602 Wayside Dr Unit B N/A,Wimberley,TX,78676-0206,11/23/2021,Paid in Full,60,100,4668,4668,0,,121536,Customers Bank,40 General Warren Blvd,Malvern,PA,19355,R,N,N,Existing or more than 2 years old,Wimberley,HAYS,TX,78676-0206,TX-21,1,711130,Unanswered,Unknown/NotStated,1,4664,,,,,,Sole Proprietorship,262380,"Leader Bank, National Association",ARLINGTON,MA,Unanswered,Unanswered,,4684.88,11/03/2021
1683007204,04/15/2020,0681,PPP,MC3 BREWING LLC,100 COMMONS RD ste 7-213,DRIPPING SPRINGS,TX,78620-2904,05/22/2021,Paid in Full,24,100,4600,4600,0,,26378,Sunflower Bank National Association,"8117 Preston Rd, Ste 220",Dallas,TX,75225,R,N,N,Existing or more than 2 years old,DRIPPING SPRINGS,HAYS,TX,78620-2904,TX-25,4,722410,Unanswered,Not Hispanic or Latino,,4600,,,,,,Limited  Liability Company(LLC),447412,Sunflower Bank National Association,Austin,TX,Male Owned,Unanswered,,4645.11,04/15/2021
3559497300,04/29/2020,0681,PPP,HOT TOMATOES ENTERTAINMENT CORP,874 LATTERIDGE DR.,AUSTIN,TX,78748,06/09/2021,Paid in Full,24,100,4590,4590,0,,12096,"Wells Fargo Bank, National Association",101 N Philips Ave,SIOUX FALLS,SD,57104-6738,U,N,Y,Existing or more than 2 years old,AUSTIN,TRAVIS,TX,78748-0001,TX-21,2,711130,Unanswered,Unknown/NotStated,,4590,,,,,,Corporation,12096,"Wells Fargo Bank, National Association",SIOUX FALLS,SD,Unanswered,Unanswered,,4611.98,02/12/2021
1480368606,03/13/2021,0681,PPS,HOT TOMATOES ENTERTAINMENT CORP,874 Latteridge Dr,Austin,TX,78748-4908,01/12/2022,Paid in Full,60,100,4587,4587,0,,12096,"Wells Fargo Bank, National Association",101 N Philips Ave,SIOUX FALLS,SD,57104-6738,U,N,N,Existing or more than 2 years old,Austin,TRAVIS,TX,78748-4908,TX-21,2,711130,Unanswered,Unknown/NotStated,,4587,,,,,,Corporation,12096,"Wells Fargo Bank, National Association",SIOUX FALLS,SD,Unanswered,Unanswered,,4619.93,12/03/2021
8618027303,05/01/2020,0681,PPP,"INSIGHT HOME STAGING, LLC",12607 TAYLOR DR,BUDA,TX,78610-2453,11/19/2021,Paid in Full,24,100,4375,4375,0,,9551,"Bank of America, National Association","100 N Tryon St, Ste 170",CHARLOTTE,NC,28202-4024,R,N,N,Existing or more than 2 years old,BUDA,HAYS,TX,78610-2453,TX-21,2,711310,Unanswered,Unknown/NotStated,,4375,,,,,,Limited  Liability Company(LLC),9551,"Bank of America, National Association",CHARLOTTE,NC,Unanswered,Unanswered,,,
9772728507,03/12/2021,0681,PPP,LENA GABRIELLE WEINSTEIN,2925 Higgins St N/A,Austin,TX,78722-1408,11/23/2021,Paid in Full,60,100,4349,4349,0,,121536,Customers Bank,40 General Warren Blvd,Malvern,PA,19355,U,Y,N,Existing or more than 2 years old,Austin,TRAVIS,TX,78722-1408,TX-25,1,711130,Unanswered,Unknown/NotStated,1,4347,,,,,,Sole Proprietorship,121536,Customers Bank,Malvern,PA,Unanswered,Unanswered,,4369.73,09/14/2021
5844418804,04/18/2021,0681,PPS,ERIKA WENNERSTROM,3005 S Lamar Blvd,Austin,TX,78704-8864,12/18/2021,Paid in Full,60,100,4298,4298,0,,509316,"Harvest Small Business Finance, LLC",24422 Avenida de la Carlota Suite 400,Laguna Hills,CA,92653,U,N,N,Existing or more than 2 years old,Austin,TRAVIS,TX,78704-8864,TX-21,1,711130,Unanswered,Unknown/NotStated,,4298,,,,,,Self-Employed Individuals,509316,"Harvest Small Business Finance, LLC",Laguna Hills,CA,Unanswered,Unanswered,,4322.14,11/22/2021
7287498605,03/23/2021,0681,PPP,ERIKA WENNERSTROM,3005 S Lamar Blvd,Austin,TX,78704-8864,10/20/2021,Paid in Full,60,100,4298,4298,0,,509316,"Harvest Small Business Finance, LLC",24422 Avenida de la Carlota Suite 400,Laguna Hills,CA,92653,U,N,N,Existing or more than 2 years old,Austin,TRAVIS,TX,78704-8864,TX-21,1,711130,Unanswered,Unknown/NotStated,,4298,,,,,,Self-Employed Individuals,509316,"Harvest Small Business Finance, LLC",Laguna Hills,CA,Unanswered,Unanswered,,4319.2,09/28/2021
1239997408,05/04/2020,0681,PPP,HBR MANAGEMENT LLC,661 LEDGESTONE DR,AUSTIN,TX,78737,05/12/2021,Paid in Full,24,100,4240,4240,0,,12096,"Wells Fargo Bank, National Association",101 N Philips Ave,SIOUX FALLS,SD,57104-6738,R,N,N,Existing or more than 2 years old,AUSTIN,HAYS,TX,78737-0001,TX-25,1,711130,Unanswered,Unknown/NotStated,,4240,,,,,,Corporation,12096,"Wells Fargo Bank, National Association",SIOUX FALLS,SD,Unanswered,Unanswered,,4278.92,04/08/2021
1668428602,03/13/2021,0681,PPS,CLARA BRILL,6707 Capriola Dr,Austin,TX,78745-3719,08/17/2021,Paid in Full,60,100,4240,4240,0,,367936,Santa Cruz County Bank,75 RIVER ST,SANTA CRUZ,CA,95060,U,N,Y,Existing or more than 2 years old,Austin,TRAVIS,TX,78745-3719,TX-37,1,711130,White,Not Hispanic or Latino,,4240,,,,,,Sole Proprietorship,367936,Santa Cruz County Bank,SANTA CRUZ,CA,Female Owned,Non-Veteran,,4253.94,07/26/2021
1935988002,06/23/2020,0681,PPP,THOMAS TAYLOR,1605 Newfield Lane,Austin,TX,78703-3318,06/11/2021,Paid in Full,60,100,4200,4200,0,,71727,Broadway National Bank,1177 NE Loop 410,SAN ANTONIO,TX,78209-1517,U,N,N,Existing or more than 2 years old,Austin,TRAVIS,TX,78703-3318,TX-37,1,711130,White,Not Hispanic or Latino,,4200,,,,,,Sole Proprietorship,71727,Broadway National Bank,SAN ANTONIO,TX,Male Owned,Non-Veteran,,4238.27,05/20/2021
7815178608,03/24/2021,0681,PPP,TERESA MORALEZ,1700A Northwood Rd,Austin,TX,78703-1816,09/24/2021,Paid in Full,60,100,5800,4200,0,,317954,"Newtek Small Business Finance, Inc.",1981 Marcus Avenue,LAKE SUCCESS,NY,11042,U,N,N,Existing or more than 2 years old,Austin,TRAVIS,TX,78703-1816,TX-37,1,711130,White,Hispanic or Latino,,4200,,,,,,Self-Employed Individuals,317954,"Newtek Small Business Finance, Inc.",LAKE SUCCESS,NY,Female Owned,Non-Veteran,,4214.82,08/19/2021
1521837410,05/04/2020,0681,PPP,MICHAEL ANTHONY ZEOLI,10962 LONG BRANCH DRIVE,AUSTIN,TX,78736,06/10/2021,Paid in Full,24,100,4167,4167,0,,12096,"Wells Fargo Bank, National Association",101 N Philips Ave,SIOUX FALLS,SD,57104-6738,U,N,N,Existing or more than 2 years old,AUSTIN,TRAVIS,TX,78736-0001,TX-25,1,711130,Unanswered,Unknown/NotStated,,4167,,,,,,Sole Proprietorship,12096,"Wells Fargo Bank, National Association",SIOUX FALLS,SD,Unanswered,Unanswered,,4201.71,04/30/2021
1537099007,05/13/2021,0681,PPP,LINDA MENDOZA,1407 E 2nd St,Austin,TX,78702-4309,,Exemption 4,60,100,4165,4165,0,,188361,"Prestamos CDFI, LLC",1024 East Buckeye Road Suite 270,Phoenix,AZ,85034,U,Y,Y,Existing or more than 2 years old,Austin,TRAVIS,TX,78702-4309,TX-37,1,711310,Unanswered,Hispanic or Latino,1,4162,,,,,,Sole Proprietorship,188361,"Prestamos CDFI, LLC",Phoenix,AZ,Female Owned,Non-Veteran,,,
5269877700,05/01/2020,0681,PPP,"DRIFTER PRODUCTIONS, LLC",1229 GAVIOTA LN,LEANDER,TX,78641-3406,06/16/2022,Paid in Full,24,100,4120,4120,0,,9551,"Bank of America, National Association","100 N Tryon St, Ste 170",CHARLOTTE,NC,28202-4024,U,N,N,New Business or 2 years or less,LEANDER,WILLIAMSON,TX,78641-3406,TX-31,2,711310,Unanswered,Unknown/NotStated,,4120,,,,,,Limited  Liability Company(LLC),9551,"Bank of America, National Association",CHARLOTTE,NC,Unanswered,Unanswered,,,
9483228710,04/08/2021,0681,PPP,JASMINE BONDURANT,3701 Quick Hill Rd Apt 12203,Austin,TX,78728-0004,01/06/2022,Paid in Full,60,100,4117,4117,0,,529472,"Capital Plus Financial, LLC",2247 Central Drive,Bedford,TX,76021,U,Y,N,Existing or more than 2 years old,Austin,WILLIAMSON,TX,78728-0004,TX-10,1,711130,Black or African American,Not Hispanic or Latino,1,4114,,,,,,Sole Proprietorship,529472,"Capital Plus Financial, LLC",Bedford,TX,Female Owned,Non-Veteran,,4137.7,10/07/2021
3061318204,08/03/2020,0681,PPP,SONJA LARSON,6105 Shadow Valley Dr A,AUSTIN,TX,78731,06/05/2021,Paid in Full,60,100,4100,4100,0,,106661,University FCU,"8303 N Mopac Expwy, Ste A-105",AUSTIN,TX,78759,U,N,N,Existing or more than 2 years old,AUSTIN,TRAVIS,TX,78731-0001,TX-37,1,711130,Unanswered,Unknown/NotStated,,4100,,,,,,Independent Contractors,106661,University FCU,AUSTIN,TX,Unanswered,Unanswered,,4131.89,05/17/2021
1499998106,07/09/2020,0681,PPP,ANDRE HAYWARD,7011 West Parmer Lane Apt. 1020,Austin,TX,78729-6905,01/21/2022,Charged Off,36,100,4000,4000,0,,593324,Fed � Kabbage,925B Peachtree Street NE,Atlanta,GA,30309,U,N,N,Existing or more than 2 years old,Austin,WILLIAMSON,TX,78729-6905,TX-37,1,711130,Unanswered,Unknown/NotStated,,4000,,,,,,Independent Contractors,529113,"Kabbage, Inc.",Atlanta,GA,Unanswered,Unanswered,,,
4572137209,04/27/2020,0681,PPP,ALEPH YONKER,2668 FM 1704,Elgin,TX,78621,04/06/2021,Paid in Full,24,100,4000,4000,0,,58694,Vision Bank,"101, E Main St",Ada,OK,74820,R,N,N,New Business or 2 years or less,Elgin,BASTROP,TX,78621-0001,TX-10,1,711130,Unanswered,Not Hispanic or Latino,400,3600,,,,,,Sole Proprietorship,58694,Vision Bank,Ada,OK,Male Owned,Non-Veteran,,4035.56,03/24/2021
9819138309,01/31/2021,0681,PPS,ANDRE HAYWARD,7011 W Parmer Ln Apt 1020,Austin,TX,78729-6959,02/24/2021,Charged Off,41,100,4000,4000,0,,593324,Fed � Kabbage,925B Peachtree Street NE,Atlanta,GA,30309,U,N,N,Existing or more than 2 years old,Austin,WILLIAMSON,TX,78729-6959,TX-37,1,711130,Unanswered,Unknown/NotStated,1,3998,,,,,,Independent Contractors,529113,"Kabbage, Inc.",Atlanta,GA,Unanswered,Unanswered,,,
3384858207,08/04/2020,0681,PPP,SAM PACE MUSIC,7601 Rialto Boulevard,Austin,TX,78735,,Exemption 4,71,100,3996.05,3996.05,0,,529253,"Fundbox, Inc.","560 Mission Street, 13th Floor",San Francisco,CA,94105,U,N,N,Existing or more than 2 years old,Austin,TRAVIS,TX,78735-0001,TX-21,1,711130,Unanswered,Unknown/NotStated,,3996.05,,,,,,Self-Employed Individuals,529253,"Fundbox, Inc.",San Francisco,CA,Unanswered,Unanswered,,2979.28,07/22/2021
5034237800,05/29/2020,0681,PPP,THE RIVERBOAT GAMBLERS,5205 RAVENSDALE LANE,AUSTIN,TX,78723-4030,05/22/2021,Paid in Full,24,100,3827,3827,0,,39848,Cadence Bank,201 S Spring St,TUPELO,MS,38804-4811,U,Y,Y,New Business or 2 years or less,AUSTIN,TRAVIS,TX,78723-4030,TX-25,2,711130,Unanswered,Unknown/NotStated,,3827,,,,,,Limited Liability Partnership,39848,Cadence Bank,TUPELO,MS,Unanswered,Unanswered,,3858.89,03/31/2021
5086419005,05/21/2021,0681,PPP,SPENCER REICHMAN,4210 Lostridge Dr,Austin,TX,78731-1306,09/29/2021,Paid in Full,60,100,3827,3827,0,,529472,"Capital Plus Financial, LLC",2247 Central Drive,Bedford,TX,76021,U,N,N,Existing or more than 2 years old,Austin,TRAVIS,TX,78731-1306,TX-37,1,711130,Unanswered,Unknown/NotStated,,3827,,,,,,Independent Contractors,529472,"Capital Plus Financial, LLC",Bedford,TX,Unanswered,Unanswered,,3833.91,09/01/2021
9375277209,04/28/2020,0681,PPP,"CLARA BRILL, MUSICIAN",6707 Capriola Dr.,AUSTIN,TX,78745,08/17/2021,Paid in Full,24,100,3749.98,3749,0,,367936,Santa Cruz County Bank,75 RIVER ST,SANTA CRUZ,CA,95060,U,N,Y,Unanswered,Austin,TRAVIS,TX,78745-0001,TX-37,1,711130,White,Not Hispanic or Latino,,3749,,,,,,Sole Proprietorship,367936,Santa Cruz County Bank,SANTA CRUZ,CA,Female Owned,Non-Veteran,,3793.89,07/27/2021
5804737903,06/16/2020,0681,PPP,GILBERTO LOPEZ,920 old mill,Cedar park,TX,78613,10/08/2021,Paid in Full,60,100,3715.71,3715.71,0,,529050,"Square Capital, LLC","1455 Market Street, Suite 600",San Francisco,CA,94103,U,N,N,Existing or more than 2 years old,Cedar park,WILLIAMSON,TX,78613-0001,TX-31,1,722410,Unanswered,Unknown/NotStated,464.46,2786.78,464.47,,,,,Sole Proprietorship,223542,Celtic Bank Corporation,SALT LAKE CITY,UT,Unanswered,Unanswered,,3761.42,09/09/2021
8100828505,03/08/2021,0681,PPP,MIDNIGHT RIVER CHOIR,507 River Hills Dr,San Marcos,TX,78666-9560,08/13/2022,Paid in Full,60,100,3657,3657,0,,12096,"Wells Fargo Bank, National Association",101 N Philips Ave,SIOUX FALLS,SD,57104-6738,R,Y,N,Existing or more than 2 years old,San Marcos,HAYS,TX,78666-9560,TX-15,2,711130,White,Not Hispanic or Latino,,3655,,,,,,Partnership,12096,"Wells Fargo Bank, National Association",SIOUX FALLS,SD,Male Owned,Non-Veteran,,3706.59,07/20/2022
3870249007,05/20/2021,0681,PPP,LUIS CUEVAS,7330 Bluff Springs Rd Apt 6219,Austin,TX,78744-0070,03/22/2022,Paid in Full,60,100,3647,3647,0,,188361,"Prestamos CDFI, LLC",1024 East Buckeye Road Suite 270,Phoenix,AZ,85034,U,Y,Y,Existing or more than 2 years old,Austin,TRAVIS,TX,78744-0070,TX-35,1,711130,Unanswered,Unknown/NotStated,1,3644,,,,,,Independent Contractors,188361,"Prestamos CDFI, LLC",Phoenix,AZ,Unanswered,Unanswered,,3659.87,10/08/2021
5092658606,03/20/2021,0681,PPS,BRANDON STEIGERWALD,502 W 8th St,Austin,TX,78701-2820,11/20/2021,Paid in Full,60,100,3593,3593,0,,506410,DreamSpring,2000 Zearing Ave. NW,Albuquerque,NM,87104,U,N,N,Existing or more than 2 years old,Austin,TRAVIS,TX,78701-2820,TX-37,1,711130,Asian,Not Hispanic or Latino,,3593,,,,,,Sole Proprietorship,506410,DreamSpring,Albuquerque,NM,Male Owned,Non-Veteran,,3613.86,10/22/2021
6804478408,02/11/2021,0681,PPP,AARON MCDONNELL LLC,307 Cowal Dr S,Spicewood,TX,78669-2109,11/20/2021,Paid in Full,60,100,3590,3590,0,,499141,"Readycap Lending, LLC",200 Connell Drive Suite 4000,BERKELEY HEIGHTS,NJ,07922,U,N,N,Existing or more than 2 years old,Spicewood,TRAVIS,TX,78669-2109,TX-10,7,711130,Unanswered,Unknown/NotStated,1,3587,,,,,,Limited  Liability Company(LLC),499141,"Readycap Lending, LLC",BERKELEY HEIGHTS,NJ,Unanswered,Unanswered,,3613.31,10/14/2021
2340878304,01/20/2021,0681,PPP,MEGAN PRITCHETT,7825,AUSTIN,TX,78745,08/13/2022,Paid in Full,60,100,3550,3550,0,,529471,Itria Ventures LLC,"One Penn Plaza, Suite 4530",New York,NY,10119,U,N,Y,Existing or more than 2 years old,AUSTIN,TRAVIS,TX,78745,TX-21,1,711130,White,Not Hispanic or Latino,,3550,,,,,,Sole Proprietorship,529471,Itria Ventures LLC,New York,NY,Female Owned,Non-Veteran,,3599.7,07/07/2022
2839798706,03/30/2021,0681,PPP,GREG DUBINOVSKIY,10800 Lakeline Blvd N/A,Austin,TX,78717-1007,08/23/2022,Paid in Full,60,100,3470,3470,0,,121536,Customers Bank,40 General Warren Blvd,Malvern,PA,19355,U,N,N,Existing or more than 2 years old,Austin,WILLIAMSON,TX,78717-1007,TX-31,1,711130,Unanswered,Unknown/NotStated,1,3468,,,,,,Independent Contractors,121536,Customers Bank,Malvern,PA,Unanswered,Unanswered,,3514.78,07/21/2022
5325467908,06/15/2020,0681,PPP,GERALD HOLMES,1406 wooten dr.,austin,TX,78757-8327,07/08/2023,Paid in Full,22,100,3461,3461,0,,456756,Cross River Bank,885 Teaneck Rd,TEANECK,NJ,07666-4546,U,Y,Y,Existing or more than 2 years old,austin,TRAVIS,TX,78757-8327,TX-37,1,711130,Unanswered,Unknown/NotStated,,3461,,,,,,Self-Employed Individuals,529113,"Kabbage, Inc.",Atlanta,GA,Unanswered,Unanswered,,,
6987937410,05/15/2020,0681,PPP,TODD PHELPS,500 4TH ST,AUSTIN,TX,78701-3720,08/06/2021,Paid in Full,24,100,3400,3400,0,,58899,First United Bank and Trust Company,1400 W Main St,DURANT,OK,74701-4906,U,N,N,Existing or more than 2 years old,AUSTIN,TRAVIS,TX,78701-3720,TX-37,1,711130,Unanswered,Unknown/NotStated,,3400,,,,,,Independent Contractors,58899,First United Bank and Trust Company,DURANT,OK,Unanswered,Unanswered,,3440.61,07/29/2021
1607498804,04/10/2021,0681,PPP,NICHOLAS DIAZ,1207 Newton St,Austin,TX,78704-3027,11/06/2021,Paid in Full,60,100,3357,3357,0,,524612,Fountainhead SBF LLC,3216 W. Lake Mary Blvd,LAKE MARY,FL,32746,U,Y,N,Existing or more than 2 years old,Austin,TRAVIS,TX,78704-3027,TX-21,1,711130,Unanswered,Unknown/NotStated,,3357,,,,,,Independent Contractors,524612,Fountainhead SBF LLC,LAKE MARY,FL,Male Owned,Non-Veteran,,3374.9,10/29/2021
2806728907,04/27/2021,0681,PPS,NICHOLAS DIAZ,1207 Newton St,Austin,TX,78704-3027,11/06/2021,Paid in Full,60,100,3357,3357,0,,524612,Fountainhead SBF LLC,3216 W. Lake Mary Blvd,LAKE MARY,FL,32746,U,Y,N,Existing or more than 2 years old,Austin,TRAVIS,TX,78704-3027,TX-21,1,711130,Unanswered,Unknown/NotStated,,3357,,,,,,Independent Contractors,524612,Fountainhead SBF LLC,LAKE MARY,FL,Male Owned,Non-Veteran,,3373.6,10/29/2021
5717838700,04/02/2021,0681,PPP,ZACHARY ANDERSON,8731 Birmingham Drivenull,Austin,TX,78748,12/18/2021,Paid in Full,60,100,3323.54,3324,0,,499141,"Readycap Lending, LLC",200 Connell Drive Suite 4000,BERKELEY HEIGHTS,NJ,07922,U,N,N,Existing or more than 2 years old,Austin,TRAVIS,TX,78748,TX-21,1,711130,Unanswered,Unknown/NotStated,,3324,,,,,,Sole Proprietorship,499141,"Readycap Lending, LLC",BERKELEY HEIGHTS,NJ,Male Owned,Non-Veteran,,3343.12,11/05/2021
3888749002,05/20/2021,0681,PPS,ERIC HOLDEN,5418 Salem Walk Dr,Austin,TX,78745-3048,11/20/2021,Paid in Full,60,100,3321,3321,0,,506410,DreamSpring,2000 Zearing Ave. NW,Albuquerque,NM,87104,U,Y,Y,Existing or more than 2 years old,Austin,TRAVIS,TX,78745-3048,TX-37,1,711130,Unanswered,Unknown/NotStated,,3321,,,,,,Self-Employed Individuals,506410,DreamSpring,Albuquerque,NM,Unanswered,Unanswered,,3330.5,10/06/2021
4268068802,04/16/2021,0681,PPP,ERIC HOLDEN,5418 Salem Walk Dr,Austin,TX,78745-3048,11/20/2021,Paid in Full,60,100,3321,3321,0,,506410,DreamSpring,2000 Zearing Ave. NW,Albuquerque,NM,87104,U,Y,Y,Existing or more than 2 years old,Austin,TRAVIS,TX,78745-3048,TX-37,1,711130,Unanswered,Unknown/NotStated,,3321,,,,,,Self-Employed Individuals,506410,DreamSpring,Albuquerque,NM,Unanswered,Unanswered,,3335.94,10/12/2021
6184308804,04/19/2021,0681,PPP,EDUARDO RODRIGUEZ,10101 W Parmer Ln,Austin,TX,78717-5000,11/06/2021,Paid in Full,60,100,3309,3309,0,,529192,Benworth Capital,7000 SW 97th Avenue Suite 201,Miami,FL,33173,U,N,N,Existing or more than 2 years old,Austin,WILLIAMSON,TX,78717-5000,TX-31,1,711130,White,Hispanic or Latino,,3309,,,,,,Sole Proprietorship,529192,Benworth Capital,Miami,FL,Male Owned,Non-Veteran,,3325.5,10/20/2021
6891669007,05/23/2021,0681,PPS,EDUARDO RODRIGUEZ,10101 W Parmer Ln,Austin,TX,78717-4637,09/30/2021,Paid in Full,60,100,3309,3309,0,,529472,"Capital Plus Financial, LLC",2247 Central Drive,Bedford,TX,76021,U,N,N,Existing or more than 2 years old,Austin,WILLIAMSON,TX,78717-4637,TX-31,1,711130,White,Hispanic or Latino,,3309,,,,,,Sole Proprietorship,529472,"Capital Plus Financial, LLC",Bedford,TX,Male Owned,Non-Veteran,,3316.54,09/09/2021
7029177408,05/15/2020,0681,PPP,CHRISTOPHER JOHN MUNOZ,204 Avalanche Avenue,GEORGETOWN,TX,78626,06/23/2021,Paid in Full,24,100,3300,3300,0,,72188,American Bank of Commerce,530 E Hwy 62/82,WOLFFORTH,TX,79382-9382,U,N,N,Unanswered,GEORGETOWN,WILLIAMSON,TX,78626-0199,TX-31,1,711130,Unanswered,Unknown/NotStated,,2475,,825,,,,Independent Contractors,72188,American Bank of Commerce,WOLFFORTH,TX,Unanswered,Unanswered,,3333,05/20/2021
5566617710,05/01/2020,0681,PPP,"THE GROWLING WOLF, LLC",700 N LBJ DR STE 111,SAN MARCOS,TX,78666-4657,04/16/2021,Paid in Full,24,100,3283,3283,0,,9551,"Bank of America, National Association","100 N Tryon St, Ste 170",CHARLOTTE,NC,28202-4024,U,Y,Y,New Business or 2 years or less,SAN MARCOS,HAYS,TX,78666-4657,TX-15,1,722410,Unanswered,Unknown/NotStated,,3283,,,,,,Limited  Liability Company(LLC),9551,"Bank of America, National Association",CHARLOTTE,NC,Unanswered,Unanswered,,3309.89,02/25/2021
4305617206,04/27/2020,0681,PPP,"ANGELCAT PRODUCTIONS, INC.",9507 Longvale Drive,Austin,TX,78729,01/20/2021,Paid in Full,24,100,3230,3230,0,,105591,A+ FCU,6420 US Hwy 290 E,AUSTIN,TX,78723-1030,U,N,N,Existing or more than 2 years old,Austin,WILLIAMSON,TX,78729-0001,TX-37,1,711130,Unanswered,Unknown/NotStated,,3230,,,,,,Corporation,105591,A+ FCU,AUSTIN,TX,Unanswered,Unanswered,,3250.19,12/17/2020
4675907305,04/30/2020,0681,PPP,MKMP MANAGEMENT LIMITED,2110 WHITE HORSE TRL Unit D,AUSTIN,TX,78757-2762,05/07/2021,Paid in Full,24,100,3200,3200,0,,70535,Pinnacle Bank,"250, W Lancaster Ave, Ste 170",Fort Worth,TX,76102,U,N,N,Unanswered,AUSTIN,TRAVIS,TX,78757-2762,TX-37,2,711130,Unanswered,Unknown/NotStated,,3200,,,,,,Subchapter S Corporation,70535,Pinnacle Bank,Fort Worth,TX,Unanswered,Unanswered,,3230.76,04/20/2021
4564607306,04/29/2020,0681,PPP,"KRISTIN LA VOIE PHOTOGRAPHY, INC",1432 Siena Sunset Rd,Leander,TX,78641,06/19/2021,Paid in Full,24,100,3180,3180,0,,122043,WebBank,"215 S State St, Ste 1000",SALT LAKE CITY,UT,84111-2336,U,N,N,Existing or more than 2 years old,Leander,WILLIAMSON,TX,78641-0001,TX-31,1,711310,Unanswered,Unknown/NotStated,,3180,,,,,,Subchapter S Corporation,122043,WebBank,SALT LAKE CITY,UT,Unanswered,Unanswered,,3212.6,05/06/2021
5510338804,04/17/2021,0681,PPS,DAVID THACKER,7117 Wood Hollow Dr Apt 213,Austin,TX,78731-2548,04/19/2022,Paid in Full,60,100,3125,3125,0,,188567,Loan Source Incorporated,353 East 83rd Street Suite 3H,NEW YORK,NY,10028,U,Y,N,Existing or more than 2 years old,Austin,TRAVIS,TX,78731-2548,TX-37,1,711130,White,Not Hispanic or Latino,1,3122,,,,,,Sole Proprietorship,29599,Northeast Bank,LEWISTON,ME,Male Owned,Non-Veteran,,3152.4,03/10/2022
5985807800,05/31/2020,0681,PPP,JONATHAN ORON,3371 HARPERS FERRY LANE,AUSTIN,TX,78745-5843,02/17/2021,Paid in Full,24,100,3066,3066,0,,456756,Cross River Bank,885 Teaneck Rd,TEANECK,NJ,07666-4546,U,N,N,Unanswered,AUSTIN,TRAVIS,TX,78745-5843,TX-37,1,711130,Unanswered,Not Hispanic or Latino,,3066,,,,,,Self-Employed Individuals,456756,Cross River Bank,TEANECK,NJ,Male Owned,Unanswered,,3083.89,01/08/2021
8379888704,04/07/2021,0681,PPP,SAMEER DURRANI,2414 Ventura Dr Apt 216,Austin,TX,78741-7103,02/18/2022,Paid in Full,60,100,3057,3057,0,,188567,Loan Source Incorporated,353 East 83rd Street Suite 3H,NEW YORK,NY,10028,U,Y,Y,Existing or more than 2 years old,Austin,TRAVIS,TX,78741-7103,TX-35,1,711130,Unanswered,Unknown/NotStated,,3057,,,,,,Sole Proprietorship,39848,Cadence Bank,TUPELO,MS,Unanswered,Unanswered,,3081.2,01/28/2022
6410187307,04/30/2020,0681,PPP,MONIK FUNPICSCORPORATION,6701 BURNET ROAD 511,AUSTIN,TX,78757,11/19/2021,Paid in Full,24,100,3052,3052,0,,456756,Cross River Bank,885 Teaneck Rd,TEANECK,NJ,07666-4546,U,N,N,Unanswered,AUSTIN,TRAVIS,TX,78757-0001,TX-37,2,711130,Unanswered,Unknown/NotStated,,3052,,,,,,Corporation,456756,Cross River Bank,TEANECK,NJ,Unanswered,Unanswered,,3095.31,10/06/2021
7339518405,02/11/2021,0681,PPP,DAVID THACKER,7117 Wood Hollow Dr Apt 213,Austin,TX,78731-2426,04/19/2022,Paid in Full,60,100,3047,3047,0,,188567,Loan Source Incorporated,353 East 83rd Street Suite 3H,NEW YORK,NY,10028,U,Y,Y,Existing or more than 2 years old,Austin,TRAVIS,TX,78731-2426,TX-37,1,711130,White,Not Hispanic or Latino,1,3044,,,,,,Sole Proprietorship,29599,Northeast Bank,LEWISTON,ME,Male Owned,Non-Veteran,,3080.31,03/24/2022
1357418406,02/01/2021,0681,PPP,ELENA ANTINELLI,2501 Ware Rd,Austin,TX,78741-5720,09/24/2021,Paid in Full,60,100,3000,3000,0,,317954,"Newtek Small Business Finance, Inc.",1981 Marcus Avenue,LAKE SUCCESS,NY,11042,U,Y,Y,Existing or more than 2 years old,Austin,TRAVIS,TX,78741-5720,TX-35,1,711130,Unanswered,Unknown/NotStated,1,2998,,,,,,Sole Proprietorship,317954,"Newtek Small Business Finance, Inc.",LAKE SUCCESS,NY,Unanswered,Unanswered,,3011.42,08/02/2021
2066307308,04/29/2020,0681,PPP,"MERCER STREET DANCEHALL, LLC",23490 PR 12,DRIFTWOOD,TX,78619-0001,08/20/2021,Paid in Full,24,100,3000,3000,0,,26378,Sunflower Bank National Association,"8117 Preston Rd, Ste 220",Dallas,TX,75225,R,N,N,Existing or more than 2 years old,DRIFTWOOD,HAYS,TX,78619-0001,TX-21,6,722410,Unanswered,Unknown/NotStated,,3000,,,,,,Limited Liability Partnership,447412,Sunflower Bank National Association,Austin,TX,Male Owned,Non-Veteran,,3036.42,07/21/2021
2292887403,05/05/2020,0681,PPP,ERIC HISAW,4901 PEWTER LN,AUSTIN,TX,78744-2940,11/03/2021,Paid in Full,24,100,3000,3000,0,,443578,Town Center Bank,20181 S LaGrange Rd,FRANKFORT,IL,60423-3102,U,Y,Y,Unanswered,AUSTIN,TRAVIS,TX,78744-2940,TX-35,1,711130,Unanswered,Unknown/NotStated,,3000,,,,,,Sole Proprietorship,443578,Town Center Bank,FRANKFORT,IL,Unanswered,Unanswered,,3050.08,01/04/2022
3812068007,06/25/2020,0681,PPP,DANDYSOUNDS,1735 W FITZHUGH RD,DRIPPING SPRINGS,TX,78620-3213,02/11/2021,Paid in Full,60,100,3000,3000,0,,111901,"LendingClub Bank, National Association",2701 N Thanksgiving Way,LEHI,UT,84043,R,N,N,Existing or more than 2 years old,DRIPPING SPRINGS,HAYS,TX,78620-3213,TX-25,1,711130,Unanswered,Unknown/NotStated,,3000,,,,,,Sole Proprietorship,111901,"LendingClub Bank, National Association",LEHI,UT,Unanswered,Unanswered,,3016.17,01/06/2021
8453479008,05/27/2021,0681,PPP,SETH JONES,817 Bethel Way,Pflugerville,TX,78660-7835,03/22/2022,Paid in Full,60,100,3000,3000,0,,188361,"Prestamos CDFI, LLC",1024 East Buckeye Road Suite 270,Phoenix,AZ,85034,U,N,N,Existing or more than 2 years old,Pflugerville,TRAVIS,TX,78660-7835,TX-17,1,711130,Unanswered,Not Hispanic or Latino,,2997,,,,,,Independent Contractors,188361,"Prestamos CDFI, LLC",Phoenix,AZ,Male Owned,Non-Veteran,,3012.42,11/02/2021
9887228303,01/31/2021,0681,PPS,DANIEL DUSZYNSKI,1735 W Fitzhugh Rd,Dripping Springs,TX,78620-3213,,Exemption 4,60,100,3000,3000,0,,111901,"LendingClub Bank, National Association",2701 N Thanksgiving Way,LEHI,UT,84043,R,N,N,Existing or more than 2 years old,Dripping Springs,HAYS,TX,78620-3213,TX-25,1,711130,Unanswered,Unknown/NotStated,1,2998,,,,,,Sole Proprietorship,111901,"LendingClub Bank, National Association",LEHI,UT,Unanswered,Unanswered,,,
7260727301,04/30/2020,0681,PPP,SHARON DENISE WELLS - LOTT,4905 Whispering Valley Drive,AUSTIN,TX,78727,01/08/2021,Paid in Full,24,100,2900,2900,0,,106661,University FCU,"8303 N Mopac Expwy, Ste A-105",AUSTIN,TX,78759,U,N,N,Existing or more than 2 years old,AUSTIN,TRAVIS,TX,78727-0001,TX-37,1,711130,Unanswered,Unknown/NotStated,,2900,,,,,,Sole Proprietorship,106661,University FCU,AUSTIN,TX,Unanswered,Unanswered,,2918.45,12/22/2020
7171318606,03/23/2021,0681,PPP,KADY RAIN PRODUCTIONS LLC,1107 Speer Ln,Austin,TX,78745-3774,10/16/2021,Paid in Full,60,100,2872,2872,0,,106661,University FCU,"8303 N Mopac Expwy, Ste A-105",AUSTIN,TX,78759,U,N,Y,Existing or more than 2 years old,Austin,TRAVIS,TX,78745-3774,TX-37,1,711130,Unanswered,Unknown/NotStated,,2872,,,,,,Single Member LLC,106661,University FCU,AUSTIN,TX,Unanswered,Unanswered,,2886.84,09/28/2021
7276728400,02/11/2021,0681,PPS,JEFF HELLMER,608 Terrell Hill Dr,Austin,TX,78704-6234,01/13/2022,Paid in Full,60,100,2832,2832,0,,44449,"PNC Bank, National Association",222 Delaware Ave,WILMINGTON,DE,19801-1621,U,Y,N,Existing or more than 2 years old,Austin,TRAVIS,TX,78704-6234,TX-21,1,711130,Unanswered,Unknown/NotStated,,2832,,,,,,Sole Proprietorship,760,First Source Federal Credit Union,Rome,NY,Unanswered,Unanswered,,2854.66,12/02/2021
2500907402,05/06/2020,0681,PPP,CHRISTOPHER HOLSTON,2301 South Lamar Blvd Apt 316,Austin,TX,78704,04/19/2022,Paid in Full,24,100,2822,2822,0,,456756,Cross River Bank,885 Teaneck Rd,TEANECK,NJ,07666-4546,U,N,N,Unanswered,Austin,TRAVIS,TX,78704-0001,TX-21,1,711130,Unanswered,Unknown/NotStated,,2822,,,,,,Sole Proprietorship,456756,Cross River Bank,TEANECK,NJ,Unanswered,Unanswered,,2873.8,03/16/2022
2475408202,08/02/2020,0681,PPP,BRANNEN TEMPLE,2022 Travis Heights Boulevard,Austin,TX,78704,10/22/2021,Paid in Full,60,100,2787.5,2787.5,0,,529253,"Fundbox, Inc.","560 Mission Street, 13th Floor",San Francisco,CA,94105,U,N,N,Existing or more than 2 years old,Austin,TRAVIS,TX,78704-0001,TX-21,1,711130,Unanswered,Unknown/NotStated,,2787.5,,,,,,Sole Proprietorship,529253,"Fundbox, Inc.",San Francisco,CA,Unanswered,Unanswered,,2814.68,07/29/2021
4741278802,04/16/2021,0681,PPS,PHILIP OWEN,6901 Aries Ln,Austin,TX,78724-4305,11/11/2021,Paid in Full,60,100,2781,2781,0,,529192,Benworth Capital,7000 SW 97th Avenue Suite 201,Miami,FL,33173,U,Y,Y,Existing or more than 2 years old,Austin,TRAVIS,TX,78724-4305,TX-35,1,711130,Unanswered,Unknown/NotStated,,2781,,,,,,Sole Proprietorship,529192,Benworth Capital,Miami,FL,Male Owned,Non-Veteran,,2790.9,08/25/2021
6883598602,03/23/2021,0681,PPP,PHILIP OWEN,6901 Aries Ln,Austin,TX,78724-4305,09/18/2021,Paid in Full,60,100,2781,2781,0,,524612,Fountainhead SBF LLC,3216 W. Lake Mary Blvd,LAKE MARY,FL,32746,U,Y,Y,Existing or more than 2 years old,Austin,TRAVIS,TX,78724-4305,TX-35,1,711130,Unanswered,Unknown/NotStated,,2781,,,,,,Sole Proprietorship,524612,Fountainhead SBF LLC,LAKE MARY,FL,Male Owned,Non-Veteran,,2791.27,08/12/2021
3990808802,04/15/2021,0681,PPP,WILLIAM FORTNEY,9628 Covey Ridge Ln,Austin,TX,78758-5806,10/16/2021,Paid in Full,60,100,2699,2699,0,,106661,University FCU,"8303 N Mopac Expwy, Ste A-105",AUSTIN,TX,78759,U,Y,Y,Existing or more than 2 years old,Austin,TRAVIS,TX,78758-5806,TX-37,1,711130,Unanswered,Unknown/NotStated,1,2696,,,,,,Sole Proprietorship,106661,University FCU,AUSTIN,TX,Unanswered,Unanswered,,2710.85,09/22/2021
9810408507,03/12/2021,0681,PPP,CHANTELLE TALL,2323 Wolf Ranch Pkwy,Georgetown,TX,78628-2063,03/23/2022,Paid in Full,60,100,2520,2520,0,,106550,Texell CU,17 South 1st St,TEMPLE,TX,76501-7603,U,N,N,Existing or more than 2 years old,Georgetown,WILLIAMSON,TX,78628-2063,TX-31,1,711130,Unanswered,Unknown/NotStated,,2520,,,,,,Sole Proprietorship,106550,Texell CU,TEMPLE,TX,Female Owned,Non-Veteran,,2536.92,11/16/2021
6683887006,04/07/2020,0681,PPP,ROMALA ENTERPRISES,407 blue creek dr,SAN MARCOS,TX,78666-3406,03/09/2021,Paid in Full,24,100,5112,2478,0,,71558,Ozona Bank,503 11th St,OZONA,TX,76943,R,N,N,Existing or more than 2 years old,SAN MARCOS,HAYS,TX,78666-3406,TX-15,1,711130,Unanswered,Unknown/NotStated,,2478,,,,,,Sole Proprietorship,71558,Ozona Bank,OZONA,TX,Unanswered,Unanswered,,2499.54,02/25/2021
1367708610,03/13/2021,0681,PPS,LUIS PARRA,9101 La Cresada Dr Apt 2213,Austin,TX,78749-4053,11/20/2021,Paid in Full,60,100,2402,2402,0,,121536,Customers Bank,40 General Warren Blvd,Malvern,PA,19355,U,N,N,Existing or more than 2 years old,Austin,TRAVIS,TX,78749-4053,TX-37,1,711130,Unanswered,Unknown/NotStated,,2402,,,,,,Independent Contractors,121536,Customers Bank,Malvern,PA,Unanswered,Unanswered,,2416.74,11/03/2021
2578648501,02/20/2021,0681,PPS,AKIN FRANCIS,2322 Lafayette Ave,Austin,TX,78722-2338,11/11/2021,Paid in Full,60,100,2400,2400,0,,106661,University FCU,"8303 N Mopac Expwy, Ste A-105",AUSTIN,TX,78759,U,Y,N,Existing or more than 2 years old,Austin,TRAVIS,TX,78722-2338,TX-25,1,711130,Unanswered,Unknown/NotStated,1,2399,,,,,,Independent Contractors,106661,University FCU,AUSTIN,TX,Unanswered,Unanswered,,2416.13,10/25/2021
6891238109,07/22/2020,0681,PPP,AKIN S FRANCIS,1905 Hamilton Ave,AUSTIN,TX,78702-2819,02/06/2021,Paid in Full,60,100,2400,2400,0,,106661,University FCU,"8303 N Mopac Expwy, Ste A-105",AUSTIN,TX,78759,U,Y,Y,Existing or more than 2 years old,AUSTIN,TRAVIS,TX,78702-2819,TX-35,1,711130,Unanswered,Unknown/NotStated,,2400,,,,,,Independent Contractors,106661,University FCU,AUSTIN,TX,Unanswered,Unanswered,,2411.67,01/20/2021
2239167400,05/05/2020,0681,PPP,TXDJS,800 2nd St,Lockhart,TX,78644,03/18/2022,Charged Off,1,100,2358,2358,0,,593324,Fed � Kabbage,925B Peachtree Street NE,Atlanta,GA,30309,R,Y,Y,Existing or more than 2 years old,Lockhart,CALDWELL,TX,78644-0001,TX-27,1,711130,Unanswered,Unknown/NotStated,,2358,,,,,,Independent Contractors,529113,"Kabbage, Inc.",Atlanta,GA,Unanswered,Unanswered,,,
4997978107,07/17/2020,0681,PPP,CHRISTIAN GARCIA,SULPHUR RIVER LOOP 133 Sulphur River loop,HUTTO,TX,78634-4466,03/24/2021,Paid in Full,60,100,9500,2300,0,,317954,"Newtek Small Business Finance, Inc.",1981 Marcus Avenue,LAKE SUCCESS,NY,11042,U,N,N,New Business or 2 years or less,HUTTO,WILLIAMSON,TX,78634-4466,TX-31,1,711130,Unanswered,Unknown/NotStated,,2300,,,,,,Sole Proprietorship,317954,"Newtek Small Business Finance, Inc.",LAKE SUCCESS,NY,Unanswered,Unanswered,,2313.67,02/23/2021
6912008600,03/23/2021,0681,PPP,KENNY PETERS,2103 Taylor Simonetti Ave,Austin,TX,78728-6804,09/28/2021,Paid in Full,60,100,2232,2232,0,,509316,"Harvest Small Business Finance, LLC",24422 Avenida de la Carlota Suite 400,Laguna Hills,CA,92653,U,N,N,Existing or more than 2 years old,Austin,TRAVIS,TX,78728-6804,TX-17,1,711130,Unanswered,Unknown/NotStated,,2232,,,,,,Independent Contractors,509316,"Harvest Small Business Finance, LLC",Laguna Hills,CA,Male Owned,Non-Veteran,,2239.28,08/12/2021
7672468810,04/22/2021,0681,PPS,KENNY PETERS,2103 Taylor Simonetti Ave,Austin,TX,78728-6804,10/21/2021,Paid in Full,60,100,2232,2232,0,,509316,"Harvest Small Business Finance, LLC",24422 Avenida de la Carlota Suite 400,Laguna Hills,CA,92653,U,N,N,Existing or more than 2 years old,Austin,TRAVIS,TX,78728-6804,TX-17,1,711130,Unanswered,Unknown/NotStated,,2232,,,,,,Independent Contractors,509316,"Harvest Small Business Finance, LLC",Laguna Hills,CA,Male Owned,Non-Veteran,,2240.07,09/09/2021
1173108903,04/24/2021,0681,PPP,MARIO CASTELLANOS,11013 Zoeller Dr,Austin,TX,78747-4050,03/19/2022,Paid in Full,60,100,2229,2229,0,,506410,DreamSpring,2000 Zearing Ave. NW,Albuquerque,NM,87104,U,N,N,Existing or more than 2 years old,Austin,TRAVIS,TX,78747-4050,TX-35,1,711130,Unanswered,Unknown/NotStated,,2229,,,,,,Self-Employed Individuals,506410,DreamSpring,Albuquerque,NM,Male Owned,Unanswered,,2246.34,02/02/2022
8713348909,05/12/2021,0681,PPS,MARIO CASTELLANOS,11013 Zoeller Dr,Austin,TX,78747-4050,07/08/2023,Charged Off,35,100,2229,2229,0,,529192,Benworth Capital,7000 SW 97th Avenue Suite 201,Miami,FL,33173,U,N,N,Existing or more than 2 years old,Austin,TRAVIS,TX,78747-4050,TX-35,1,711130,Unanswered,Unknown/NotStated,,2229,,,,,,Self-Employed Individuals,529192,Benworth Capital,Miami,FL,Male Owned,Unanswered,,,
5584778701,04/02/2021,0681,PPP,DRUNKLUCK LLC,4903 Bayside Dr,Austin,TX,78744-2912,04/10/2021,Paid in Full,60,100,2228,2228,0,,44449,"PNC Bank, National Association",222 Delaware Ave,WILMINGTON,DE,19801-1621,U,Y,Y,Existing or more than 2 years old,Austin,TRAVIS,TX,78744-2912,TX-35,2,711310,Unanswered,Unknown/NotStated,1,2225,,,,,,Limited  Liability Company(LLC),760,First Source Federal Credit Union,Rome,NY,Unanswered,Unanswered,,2252.38,05/06/2022
1159128205,07/29/2020,0681,PPP,MELVIN BROWN,MAIZE LN 11500 Maize Ln,ELGIN,TX,78621-4143,07/13/2022,Paid in Full,60,100,18500,2200,0,,317954,"Newtek Small Business Finance, Inc.",1981 Marcus Avenue,LAKE SUCCESS,NY,11042,U,N,Y,Existing or more than 2 years old,ELGIN,TRAVIS,TX,78621-4143,TX-10,3,711130,Unanswered,Unknown/NotStated,,2200,,,,,,Sole Proprietorship,317954,"Newtek Small Business Finance, Inc.",LAKE SUCCESS,NY,Unanswered,Unanswered,,2240.15,06/09/2022
2611508606,03/15/2021,0681,PPP,KENNETH RABA,13501 Ranch Road 12,Wimberley,TX,78676-5353,11/11/2021,Paid in Full,60,100,2000,2200,0,,317954,"Newtek Small Business Finance, Inc.",1981 Marcus Avenue,LAKE SUCCESS,NY,11042,R,N,N,Existing or more than 2 years old,Wimberley,HAYS,TX,78676-5353,TX-21,1,711130,Unanswered,Unknown/NotStated,1,2197,,,,,,Sole Proprietorship,317954,"Newtek Small Business Finance, Inc.",LAKE SUCCESS,NY,Unanswered,Unanswered,,2210.21,10/08/2021
4853957302,04/30/2020,0681,PPP,"D & M MANAGEMENT, LLC",1400 OLD SETTLERS BLVD Suite 116,ROUND ROCK,TX,78664-2860,05/07/2021,Paid in Full,24,100,2200,2200,0,,70535,Pinnacle Bank,"250, W Lancaster Ave, Ste 170",Fort Worth,TX,76102,U,N,N,New Business or 2 years or less,ROUND ROCK,WILLIAMSON,TX,78664-2860,TX-31,1,711130,Unanswered,Unknown/NotStated,,,2200,,,,,Limited  Liability Company(LLC),70535,Pinnacle Bank,Fort Worth,TX,Unanswered,Unanswered,,2221.57,04/27/2021
6478479005,05/22/2021,0681,PPP,JASON SMITH,7101 N Interstate 35 Apt 236,Austin,TX,78752-3396,12/17/2022,Paid in Full,60,100,2107,2107,0,,188361,"Prestamos CDFI, LLC",1024 East Buckeye Road Suite 270,Phoenix,AZ,85034,U,Y,N,Existing or more than 2 years old,Austin,TRAVIS,TX,78752-3396,TX-37,1,711310,Black or African American,Not Hispanic or Latino,,2105,,,,,,Independent Contractors,188361,"Prestamos CDFI, LLC",Phoenix,AZ,Male Owned,Non-Veteran,,2135.5,10/11/2022
6063907205,04/27/2020,0681,PPP,STEPHANIE PHILLIPS,P.O. Box 2857,Wimberley,TX,78676,11/20/2021,Charged Off,1,100,2100,2100,0,,71584,"TransPecos Banks, SSB.",217 W Third St,Pecos,TX,79772-3120,R,N,N,Existing or more than 2 years old,Wimberley,HAYS,TX,78676-0001,TX-21,1,711130,Unanswered,Unknown/NotStated,,2100,,,,,,Sole Proprietorship,71584,"TransPecos Banks, SSB.",Pecos,TX,Unanswered,Unanswered,,,
6052758601,03/20/2021,0681,PPS,AUBRE SALAS,2902 Hemphill Park Apt B,Austin,TX,78705-3768,09/08/2022,Paid in Full,60,100,1796.75,1796.75,0,,529050,"Square Capital, LLC","1455 Market Street, Suite 600",San Francisco,CA,94103,U,Y,Y,Existing or more than 2 years old,Austin,TRAVIS,TX,78705-3768,TX-25,1,711310,Unanswered,Unknown/NotStated,1,1792.75,,,,,,Sole Proprietorship,529050,"Square Capital, LLC",San Francisco,CA,Unanswered,Unanswered,,1822.45,08/26/2022
2544197307,04/29/2020,0681,PPP,AUBRE SALAS,608 Brentwood St Unit B,AUSTIN,TX,78752,06/17/2021,Paid in Full,24,100,1775.19,1775.19,0,,529050,"Square Capital, LLC","1455 Market Street, Suite 600",San Francisco,CA,94103,U,N,N,Existing or more than 2 years old,AUSTIN,TRAVIS,TX,78752-0001,TX-37,1,711310,Unanswered,Unknown/NotStated,221.9,1331.39,221.9,,,,,Sole Proprietorship,223542,Celtic Bank Corporation,SALT LAKE CITY,UT,Unanswered,Unanswered,,1794.94,06/10/2021
5027539006,05/21/2021,0681,PPP,BRAYON POTILLO,417 Apache Pass,Hutto,TX,78634-5482,02/08/2022,Paid in Full,60,100,1748,1748,0,,529472,"Capital Plus Financial, LLC",2247 Central Drive,Bedford,TX,76021,U,N,N,Existing or more than 2 years old,Hutto,WILLIAMSON,TX,78634-5482,TX-31,1,711130,Unanswered,Unknown/NotStated,,1748,,,,,,Self-Employed Individuals,529472,"Capital Plus Financial, LLC",Bedford,TX,Unanswered,Unanswered,,1756.35,12/08/2021
5742378902,04/30/2021,0681,PPP,TRENTON ANTHONY,500 E Saint Elmo Rd # 126,Austin,TX,78745-1224,12/08/2021,Paid in Full,60,100,1738,1738,0,,106661,University FCU,"8303 N Mopac Expwy, Ste A-105",AUSTIN,TX,78759,U,N,Y,Existing or more than 2 years old,Austin,TRAVIS,TX,78745-1224,TX-37,1,711130,Unanswered,Unknown/NotStated,,1737,,,,,,Sole Proprietorship,106661,University FCU,AUSTIN,TX,Unanswered,Unanswered,,1746.79,11/02/2021
1544889006,05/13/2021,0681,PPP,KATE CALLAHAN,5701 S Mo Pac Expy Apt 1538,Austin,TX,78749-1448,03/22/2022,Paid in Full,60,100,1722,1722,0,,188361,"Prestamos CDFI, LLC",1024 East Buckeye Road Suite 270,Phoenix,AZ,85034,U,N,N,Existing or more than 2 years old,Austin,TRAVIS,TX,78749-1448,TX-21,1,711310,Unanswered,Not Hispanic or Latino,1,1721,,,,,,Sole Proprietorship,188361,"Prestamos CDFI, LLC",Phoenix,AZ,Female Owned,Non-Veteran,,1734.53,02/14/2022
1145698908,04/24/2021,0681,PPP,JORDAN COOK,512 Krebs Ln,Austin,TX,78704-7014,02/16/2023,Charged Off,39,100,1667,1667,0,,506410,DreamSpring,2000 Zearing Ave. NW,Albuquerque,NM,87104,U,N,N,Existing or more than 2 years old,Austin,TRAVIS,TX,78704-7014,TX-21,1,711130,Unanswered,Unknown/NotStated,,1667,,,,,,Self-Employed Individuals,506410,DreamSpring,Albuquerque,NM,Unanswered,Unanswered,,,
7288199008,05/25/2021,0681,PPS,JORDAN COOK,512 Krebs Ln,Austin,TX,78704-7014,12/08/2022,Paid in Full,60,100,1667,1667,0,,529472,"Capital Plus Financial, LLC",2247 Central Drive,Bedford,TX,76021,U,N,N,Existing or more than 2 years old,Austin,TRAVIS,TX,78704-7014,TX-21,1,711130,Unanswered,Unknown/NotStated,,1667,,,,,,Self-Employed Individuals,529472,"Capital Plus Financial, LLC",Bedford,TX,Unanswered,Unanswered,,1690.25,11/03/2022
6663348606,03/23/2021,0681,PPP,SCOTT M EISEMAN,7601 Rialto Blvd Apt 2021,Austin,TX,78735-7432,11/20/2021,Paid in Full,60,100,1600,1600,0,,71584,"TransPecos Banks, SSB.",217 W Third St,Pecos,TX,79772-3120,U,N,N,Existing or more than 2 years old,Austin,TRAVIS,TX,78735-7432,TX-21,1,711310,Unanswered,Unknown/NotStated,,1600,,,,,,Limited  Liability Company(LLC),71584,"TransPecos Banks, SSB.",Pecos,TX,Unanswered,Unanswered,,1609.91,11/05/2021
7765998902,05/07/2021,0681,PPS,SCOTT M EISEMAN,7601 Rialto Blvd Apt 2021,Austin,TX,78735-7432,11/20/2021,Paid in Full,60,100,1600,1600,0,,71584,"TransPecos Banks, SSB.",217 W Third St,Pecos,TX,79772-3120,U,N,N,Existing or more than 2 years old,Austin,TRAVIS,TX,78735-7432,TX-21,1,711310,Unanswered,Unknown/NotStated,,1600,,,,,,Limited  Liability Company(LLC),71584,"TransPecos Banks, SSB.",Pecos,TX,Unanswered,Unanswered,,1607.82,11/05/2021
5169007003,04/05/2020,0681,PPP,FLORIDA YOUTH SPORTS,704 CRYSTAL TER,AUSTIN,TX,78733-6125,09/18/2021,Paid in Full,24,100,1400,1400,0,,467147,Valliance Bank,"1601 NW Expwy, Ste 100",OKLAHOMA CITY,OK,73118-1420,U,N,N,New Business or 2 years or less,AUSTIN,TRAVIS,TX,78733-6125,TX-37,1,711310,Unanswered,Not Hispanic or Latino,,1400,,,,,,Limited  Liability Company(LLC),467147,Valliance Bank,OKLAHOMA CITY,OK,Male Owned,Non-Veteran,,1419.06,08/17/2021
9256747009,04/09/2020,0681,PPP,HOLD OUT BREWING LLC,1208 W 4TH ST,AUSTIN,TX,78703-5203,05/21/2021,Paid in Full,24,100,1400,1400,0,,71783,Frost Bank,111 W Houston St,SAN ANTONIO,TX,78205-1414,U,N,N,Existing or more than 2 years old,AUSTIN,TRAVIS,TX,78703-5203,TX-37,4,722410,Unanswered,Unknown/NotStated,,1400,,,,,,Limited  Liability Company(LLC),71783,Frost Bank,SAN ANTONIO,TX,Male Owned,Non-Veteran,,1413.96,04/19/2021
5799008701,04/03/2021,0681,PPP,CORY LAFITTE,3302 Gallop Cv,Austin,TX,78745-4601,09/25/2021,Paid in Full,60,100,25000,1300,0,,317954,"Newtek Small Business Finance, Inc.",1981 Marcus Avenue,LAKE SUCCESS,NY,11042,U,N,Y,Existing or more than 2 years old,Austin,TRAVIS,TX,78745-4601,TX-37,5,711130,Unanswered,Unknown/NotStated,1,1295,,,,,,Sole Proprietorship,317954,"Newtek Small Business Finance, Inc.",LAKE SUCCESS,NY,Unanswered,Unanswered,,1303.5,08/26/2021
7398197202,04/28/2020,0681,PPP,"CHARLES RICHARD JESSEE, JR.",8208 ALUM ROCK DR,AUSTIN,TX,78747-3706,03/11/2021,Paid in Full,24,100,1300,1300,0,,73510,The First Bank and Trust Company,359 W Main St,LEBANON,VA,24266,U,N,N,Existing or more than 2 years old,AUSTIN,TRAVIS,TX,78747-3706,TX-35,1,711130,Unanswered,Unknown/NotStated,,1300,,,,,,Sole Proprietorship,73510,The First Bank and Trust Company,LEBANON,VA,Unanswered,Unanswered,,1310.91,03/02/2021
1742628308,01/19/2021,0681,PPP,CUTTAMUZIK,4509 E Saint Elmo Rd Apt 2106,Austin,TX,78744-1615,04/26/2023,Charged Off,33,100,1250,1250,0,,529471,Itria Ventures LLC,"One Penn Plaza, Suite 4530",New York,NY,10119,U,Y,Y,Existing or more than 2 years old,Austin,TRAVIS,TX,78744-1615,TX-35,1,711130,Black or African American,Not Hispanic or Latino,1,1247,,,,,,Sole Proprietorship,529471,Itria Ventures LLC,New York,NY,Male Owned,Non-Veteran,,,
2485478804,04/12/2021,0681,PPS,MICHELLE REID,113 Beech Creek Ln,Leander,TX,78641-4097,09/21/2021,Paid in Full,60,100,1154,1154,0,,524612,Fountainhead SBF LLC,3216 W. Lake Mary Blvd,LAKE MARY,FL,32746,U,N,N,Existing or more than 2 years old,Leander,WILLIAMSON,TX,78641-4097,TX-31,1,711130,Unanswered,Unknown/NotStated,,1154,,,,,,Sole Proprietorship,524612,Fountainhead SBF LLC,LAKE MARY,FL,Unanswered,Unanswered,,1157.72,08/18/2021
4424728606,03/18/2021,0681,PPP,MICHELLE REID,113 Beech Creek Ln,Leander,TX,78641-4097,09/16/2021,Paid in Full,60,100,1154,1154,0,,524612,Fountainhead SBF LLC,3216 W. Lake Mary Blvd,LAKE MARY,FL,32746,U,N,N,Existing or more than 2 years old,Leander,WILLIAMSON,TX,78641-4097,TX-31,1,711130,Unanswered,Unknown/NotStated,,1154,,,,,,Sole Proprietorship,524612,Fountainhead SBF LLC,LAKE MARY,FL,Unanswered,Unanswered,,1158.62,08/18/2021
4857928210,08/07/2020,0681,PPP,ALEXANDER AULSON,2200 S Pleasant Valley Rd 313,Austin,TX,78741-4601,08/05/2023,Charged Off,21,100,1148,1148,0,,596038,Lendistry-Federal Reserve Contract,777 South Alameda Street,Los Angeles,CA,90021,U,Y,Y,Existing or more than 2 years old,Austin,TRAVIS,TX,78741-4601,TX-35,1,711310,Unanswered,Unknown/NotStated,,1148,,,,,,Independent Contractors,529113,"Kabbage, Inc.",Atlanta,GA,Unanswered,Unanswered,,,
9108688608,03/25/2021,0681,PPP,ANSLEY LEE,5310 Evans Ave,Austin,TX,78751-2132,10/20/2022,Paid in Full,60,100,995,995,0,,59698,Umpqua Bank,"445 SE Main St, First Fl",ROSEBURG,OR,97470-4934,U,N,N,Existing or more than 2 years old,Austin,TRAVIS,TX,78751-2132,TX-37,1,711130,White,Not Hispanic or Latino,1,991,,,,,,Independent Contractors,59698,Umpqua Bank,ROSEBURG,OR,Female Owned,Unanswered,,1008.96,09/01/2022
7191918900,05/07/2021,0681,PPP,ELAINE STAPLETON,1800 Co Rd 153,Georgetown,TX,78626,09/24/2021,Paid in Full,60,100,900,900,0,,317954,"Newtek Small Business Finance, Inc.",1981 Marcus Avenue,LAKE SUCCESS,NY,11042,U,Y,N,Existing or more than 2 years old,Georgetown,WILLIAMSON,TX,78626,TX-31,1,711130,White,Not Hispanic or Latino,1,896,,,,,,Sole Proprietorship,317954,"Newtek Small Business Finance, Inc.",LAKE SUCCESS,NY,Female Owned,Non-Veteran,,902.25,08/17/2021
6392098709,04/04/2021,0681,PPS,CUTTAMUZIK,4509 E Saint Elmo Rd Apt 2106,Austin,TX,78744-1639,01/13/2023,Charged Off,35,100,3125,687.5,0,,529471,Itria Ventures LLC,"One Penn Plaza, Suite 4530",New York,NY,10119,U,Y,Y,Existing or more than 2 years old,Austin,TRAVIS,TX,78744-1639,TX-35,1,711130,Black or African American,Not Hispanic or Latino,1,684.5,,,,,,Sole Proprietorship,529471,Itria Ventures LLC,New York,NY,Male Owned,Non-Veteran,,,
6821197206,04/28/2020,0681,PPP,HILL COUNTRY BRASS,500 Anchor Hill Rd.,SAN MARCOS,TX,78666-8364,01/09/2021,Paid in Full,24,100,600,600,0,,70042,Sage Capital Bank,1606 N Sarah DeWitt Dr,GONZALES,TX,78629-2700,R,Y,N,Existing or more than 2 years old,SAN MARCOS,HAYS,TX,78666-8364,TX-21,1,711130,Unanswered,Unknown/NotStated,,600,,,,,,Sole Proprietorship,70042,Sage Capital Bank,GONZALES,TX,Unanswered,Unanswered,,603.87,12/17/2020
4311719004,05/20/2021,0681,PPP,JOSHUA MORTON,2300 Rising Sun Cv N/A,Round Rock,TX,78664-2317,02/11/2023,Paid in Full,60,100,111,111,0,,121536,Customers Bank,40 General Warren Blvd,Malvern,PA,19355,U,N,N,Existing or more than 2 years old,Round Rock,WILLIAMSON,TX,78664-2317,TX-31,1,711130,Unanswered,Unknown/NotStated,,109,,,,,,Sole Proprietorship,262380,"Leader Bank, National Association",ARLINGTON,MA,Unanswered,Unanswered,,112.78,01/31/2023
