total_awarded_usd,recipient_name,recipient_name_raw,address,city,state,zip,entity_type,awarded_date
10000000,"ACE SL, LLC","ACE SL, LLC - SVOG",18111 Lexington Boulevard,Sugar Land,TX,77479,Live venue operator or promoter,2021-11-19
10000000,"Alamo South Lamar, L.P.","Alamo South Lamar, L.P. - SVOG",1120 South Lamar Blvd,Austin,TX,78704,Motion picture theater operator,2021-07-20
10000000,"ATG San Antonio, LLC","ATG San Antonio, LLC - SVOG",208 E Houston St,San Antonio,TX,78205,Live venue operator or promoter,2021-11-19
10000000,"California Cinema Investments, LLC","California Cinema Investments, LLC - SVOG","14951 N Dallas Pkwy, Ste 300",Dallas,TX,75254,Motion picture theater operator,2021-08-20
10000000,"Center Operating Company, L.P.","Center Operating Company, L.P. - SVOG",2500 Victory Avenue,Dallas,TX,75219,Live venue operator or promoter,2021-07-16
10000000,"CINERGY ENTERTAINMENT ODESSA, INC.","CINERGY ENTERTAINMENT ODESSA, INC. - SVOG",5720 Lyndon B Johnson SUite 625,Dallas,TX,75240,Motion picture theater operator,2021-08-03
10000000,"Circuit of the Americas, LLC dba Germania Insurance Amphitheater","Circuit of the Americas, LLC dba Germania Insurance Amphitheater - SVOG",9201 Circuit of the Americas Blvd.,Austin,TX,78617,Live venue operator or promoter,2021-10-30
10000000,Flix Entertainment LLC,Flix Entertainment LLC - SVOG,2000 S Interstate 35 STE Q11,Round Rock,TX,78681,Motion picture theater operator,2021-07-26
10000000,Florida Cinema Investments LLC,Florida Cinema Investments LLC - SVOG,"14951 N Dallas Pkwy, Suite 300",Dallas,TX,75254,Motion picture theater operator,2021-08-25
10000000,Fort Worth Zoological Association,Fort Worth Zoological Association - SVOG,1989 Colonial Parkway,Fort Worth,TX,76110,Museum Operator,2021-07-12
10000000,"Gary Osier Presents, Inc","Gary Osier Presents, Inc - SVOG",5020 Park Ln,Dallas,TX,75220,Talent representative,2021-07-02
10000000,"G-Squared Event Holdings, LLC","G-Squared Event Holdings, LLC - SVOG",1742 York Creek Drive,Houston,TX,77014,Live venue operator or promoter,2021-06-19
10000000,Harris County Sports & Convention Corporation,Harris County Sports & Convention Corporation - SVOG,One NRG Park NRG Stadium,Houston,TX,77054,Live venue operator or promoter,2021-07-20
10000000,"Houston Zoo, Inc.","Houston Zoo, Inc. - SVOG",1513 Cambridge St.,Houston,TX,77030,Museum Operator,2021-07-09
10000000,"LOOK Cinemas I, LLC","LOOK Cinemas I, LLC - SVOG",9301 Meadowbrook Drv,Dallas,TX,75220,Motion picture theater operator,2021-06-29
10000000,"LOOK Cinemas II, LLC","LOOK Cinemas II, LLC - SVOG",9301 Meadowbrook Dr.,Dallas,TX,75251,Motion picture theater operator,2021-06-29
10000000,"Medieval Knights, LLC","Medieval Knights, LLC - SVOG","5020 Riverside Drive, Bldg 3, Suite 400",Irving,TX,75039,Talent representative,2022-01-27
10000000,"Medieval Times U.S.A., Inc.","Medieval Times U.S.A., Inc. - SVOG","5020 Riverside Drive, Bldg 3, Suite 400",Irving,TX,75039,Live venue operator or promoter,2022-01-27
10000000,"Messina Touring Group, LLC","Messina Touring Group, LLC - SVOG","6836 Bee Cave Rd Bldg III, Ste 300",Austin,TX,78746,Live venue operator or promoter,2021-07-30
10000000,"PERFORMING ARTS FORT WORTH, INC.","PERFORMING ARTS FORT WORTH, INC. - SVOG",330 E 4TH STREET,FORT WORTH,TX,76102,Live venue operator or promoter,2021-07-03
10000000,Premiere Cinema Corp.,Premiere Cinema Corp. - SVOG,109 W 4th,Big Spring,TX,79720,Motion picture theater operator,2021-12-27
10000000,"Premiere Cinemas Holding Group, LLC","Premiere Cinemas Holding Group, LLC - SVOG",109 W 4th St,Big Spring,TX,79720,Motion picture theater operator,2021-12-27
10000000,"Premiere Renaissance Cinema, LLC","Premiere Renaissance Cinema, LLC - SVOG",109 West 4th St,Big Spring,TX,79720,Motion picture theater operator,2021-12-27
10000000,San Antonio Zoological Society,San Antonio Zoological Society - SVOG,3903 N. St. Mary's Street,San Antonio,TX,78212,Museum Operator,2021-07-16
10000000,"Santikos Theaters, L.L.C.","Santikos Theaters, L.L.C. - SVOG",4630 N Loop 1604 W Ste 501,San Antonio,TX,78249,Motion picture theater operator,2021-06-18
10000000,"Showbiz Cinemas, LLC","Showbiz Cinemas, LLC - SVOG","12400 Coit Rd., Ste. 860",Dallas,TX,75251,Motion picture theater operator,2021-06-16
10000000,Texas Cinema Investments LLC,Texas Cinema Investments LLC - SVOG,14951 N Dallas Pkwy Suite 300,Dallas,TX,75254,Motion picture theater operator,2021-08-24
10000000,The Bomb Factory Dallas LP,The Bomb Factory Dallas LP - SVOG,2713 Canton St,Dallas,TX,75226,Live venue operator or promoter,2021-09-04
10000000,The University of Texas at Austin,The University of Texas at Austin - SVOG,"3925 West Braker Lane Office of Sponsored Projects, Building 156, Suite 3.340, MC: A9000",Austin,TX,78759,Live venue operator or promoter,2021-07-19
10000000,"Two is One, One is None LLC","Two is One, One is None LLC - SVOG",320 West Las Colinas BVLD Suite 200,Irving,TX,75039,Motion picture theater operator,2021-07-01
9955413,PEACHEZ INC.,PEACHEZ INC. - SVOG,2704 CLEARMEADOW ST,BEDFORD,TX,75203,Live venue operator or promoter,2021-06-27
9827117.1,Houston Museum of Natural Science,Houston Museum of Natural Science - SVOG,5555 Hermann Park Dr,Houston,TX,77030,Museum Operator,2021-07-12
9794842.65,Houston Ballet Foundation,Houston Ballet Foundation - SVOG,601 Preston St.,Houston,TX,77002,Live performing arts organization operator,2021-07-02
9730908,"MercyMe, Inc.","MercyMe, Inc. - SVOG",1200 Chianti Ln,Roanoke,TX,76262,Live performing arts organization operator,2021-11-08
9499588,The Center for the Performing Arts at The Woodlands DBA The Cynthia Wo,The Center for the Performing Arts at The Woodlands DBA The Cynthia Wo - SVOG,2005 Lake Robbins Drive,The Woodlands,TX,77380,Live venue operator or promoter,2021-06-19
9418577.42,"Encore Live, LLC","Encore Live, LLC - SVOG",600 E Exchange Ave Suite 100,Fort Worth,TX,76164,Live venue operator or promoter,2021-06-02
9399544.8,"Alamo Bloc, LLC","Alamo Bloc, LLC - SVOG",700 W 7th Street #U240,Los Angeles,TX,78751,Motion picture theater operator,2021-07-10
9377910.49,The Hobby Center Foundation,The Hobby Center Foundation - SVOG,800 Bagby Suite 300,Houston,TX,77002,Live venue operator or promoter,2021-07-16
9300000,"Dallas Summer Musicals, Inc.","Dallas Summer Musicals, Inc. - SVOG",909 1st Avenue,Dallas,TX,75210,Live performing arts organization operator,2021-07-19
9271606.05,CINESTARZ ENTERTAINMENT LLC,CINESTARZ ENTERTAINMENT LLC - SVOG,1250 WONDER WORLD DRIVE,SAN MARCOS,TX,78666,Motion picture theater operator,2021-08-24
9203317.2,Alamo Lakeline LLC,Alamo Lakeline LLC - SVOG,"14028 North U.S. Highway 183, Building F",Austin,TX,78717,Motion picture theater operator,2021-07-16
9163827.45,USA Cinema Investments Holding Inc,USA Cinema Investments Holding Inc - SVOG,14951 N Dallas Pkwy Suite 300,Dallas,TX,75254,Motion picture theater operator,2021-08-25
9119831.18,"CINERGY CINEMAS MIDLAND, LP","CINERGY CINEMAS MIDLAND, LP - SVOG",5720 LBJ Freeway,Dallas,TX,75240,Motion picture theater operator,2021-08-03
8249694.85,Double Feature Partners LP,Double Feature Partners LP - SVOG,2603 Berenson Lane,Austin,TX,78746,Motion picture theater operator,2021-06-30
8195133.71,"GIBSONTON THEATER, LLC","GIBSONTON THEATER, LLC - SVOG",12770 Coit Rd Ste 970,Dallas,TX,75251,Motion picture theater operator,2021-08-18
8000000,"Manned Space Flight Education Foundation, Inc.","Manned Space Flight Education Foundation, Inc. - SVOG",1601 NASA Parkway,Houston,TX,77058,Museum Operator,2021-06-29
8000000,SXSW LLC,SXSW LLC - SVOG,1400 Lavaca Street,Austin,TX,78701,Live venue operator or promoter,2021-07-23
7980165.4,"Santikos Enterprises, LLC","Santikos Enterprises, LLC - SVOG",303 Pearl Parkway,San Antonio,TX,78215,Motion picture theater operator,2021-09-07
7736376.15,BuenaVista Music LLC,BuenaVista Music LLC - SVOG,1403 Rio Grande St,Austin,TX,78701,Live venue operator or promoter,2021-08-18
7720075.83,Bexar County Performing Arts Center Foundation,Bexar County Performing Arts Center Foundation - SVOG,115 Auditorium Cr.,San Antonio,TX,78205,Live venue operator or promoter,2021-07-13
7523373.75,"City of Hidalgo, Texas Municipal Facilities Corporation","City of Hidalgo, Texas Municipal Facilities Corporation - SVOG",2600 N 10th St,Hidalgo,TX,78557,Live venue operator or promoter,2022-04-25
7521384.63,Houston Symphony Society,Houston Symphony Society - SVOG,615 Louisiana St. #102,Houston,TX,77002,Live performing arts organization operator,2021-07-20
7437578.63,"Alamo Mueller, LLC","Alamo Mueller, LLC - SVOG","1911 Aldrich, Ste 120",Austin,TX,78723,Motion picture theater operator,2021-07-20
7423818.75,"Alamo Drafthouse Raleigh, LLC","Alamo Drafthouse Raleigh, LLC - SVOG",2116 NEW BERN AVE,Raleigh,TX,78751,Motion picture theater operator,2021-07-20
7323378.15,FLIX BREWHOUSE IOWA LLC,FLIX BREWHOUSE IOWA LLC - SVOG,2000 S. Interstate Hwy. 35 Ste Q11,Round Rock,TX,78681,Motion picture theater operator,2021-07-30
7275379.93,"Dallas Center For the Performing Arts Foundation, Inc.","Dallas Center For the Performing Arts Foundation, Inc. - SVOG",700 N. Pearl St Suit N1800,Dallas,TX,75201,Live venue operator or promoter,2021-07-15
7273543.87,"Premiere Partnership Holdings, LLC","Premiere Partnership Holdings, LLC - SVOG",109 W 4th St,Big Spring,TX,79720,Motion picture theater operator,2021-12-27
7188857.79,"White Oak Entertainment, LLC","White Oak Entertainment, LLC - SVOG",2915 N Main St,Houston,TX,77009,Live venue operator or promoter,2021-07-16
6995141.1,Flix Brewhouse Indiana LLC,Flix Brewhouse Indiana LLC - SVOG,2000 S. Interstate 35 Suite Q11,Round Rock,TX,78726,Motion picture theater operator,2021-08-04
6946739.36,Flix Brewhouse LLC,Flix Brewhouse LLC - SVOG,2000 South IH 35 STE Q-11,Round Rock,TX,78681,Motion picture theater operator,2021-08-01
6803572.05,"CINERGY ENTERTAINMENT AMARILLO, INC.","CINERGY ENTERTAINMENT AMARILLO, INC. - SVOG",5720 LBJ Freeway Suite 625,Dallas,TX,75240,Motion picture theater operator,2021-08-03
6637496.4,Dallas Zoological Society,Dallas Zoological Society - SVOG,650 South R.L. Thornton Freeway,Dallas,TX,75203,Museum Operator,2021-06-30
6554852.15,Austin Theatre Alliance,Austin Theatre Alliance - SVOG,713 Congress Avenue,Austin,TX,78701,Live venue operator or promoter,2021-07-19
6553023.77,Texas State Aquarium Association,Texas State Aquarium Association - SVOG,2710 N. Shoreline Blvd.,Corpus Christi,TX,78402,Museum Operator,2021-07-08
6486531.08,Theatre Under the Stars Inc.,Theatre Under the Stars Inc. - SVOG,800 Bagby St STE 200,Houston,TX,77002,Live performing arts organization operator,2021-07-03
6237551.28,Night Culture Inc.,Night Culture Inc. - SVOG,6400 Richmond Ave.,Houston,TX,77057,Live venue operator or promoter,2021-07-14
6147999,"Museum of Fine Arts, Houston","Museum of Fine Arts, Houston - SVOG",P.O. Box 6826,Houston,TX,77265,Museum Operator,2021-07-02
6141856.05,"Viper Arena, LLC","Viper Arena, LLC - SVOG",4900 S. I69C,Edinburg,TX,78539,Live venue operator or promoter,2021-10-30
5970370.95,Cinco Pelicluas LLC,Cinco Pelicluas LLC - SVOG,6770 Abrams Road,Dallas,TX,75231,Motion picture theater operator,2021-07-01
5957033.63,Dos Peliculas LLC,Dos Peliculas LLC - SVOG,1005 South Botham Jean BVLD (previously named South Lamar),Dallas,TX,75215,Motion picture theater operator,2021-07-01
5925110.85,"Dallas Symphony Association, Inc.","Dallas Symphony Association, Inc. - SVOG",2301 Flora Street,Dallas,TX,75201,Live performing arts organization operator,2021-07-07
5884573.73,SCG-WR LLC,SCG-WR LLC - SVOG,8920 Fry Road,Cypress,TX,77433,Motion picture theater operator,2021-08-20
5797273.3,"Film Alley 5S, Ltd.","Film Alley 5S, Ltd. - SVOG",335 Cochran Road,Weatherford,TX,76085,Motion picture theater operator,2021-07-12
5595874.88,SCGM Inc.,SCGM Inc. - SVOG,4811 Highway 6,Missouri City,TX,77459,Motion picture theater operator,2021-08-20
5487895.3,Reel Dinner Partners- Corpus Christi LLC,Reel Dinner Partners- Corpus Christi LLC - SVOG,7601 S STAPLES ST,CORPUS CHRISTI,TX,78413,Motion picture theater operator,2021-07-13
5466122.33,"LOOK Cinemas IV, LLC","LOOK Cinemas IV, LLC - SVOG",9301 Meadowbrook Dr.,Dallas,TX,75220,Motion picture theater operator,2021-06-29
5458875.4,Texas Cinema Corporation,Texas Cinema Corporation - SVOG,1250 WONDER WORLD DRIVE,San Marcos,TX,78666,Motion picture theater operator,2021-09-02
5288276.24,Perot Museum of Nature and Science,Perot Museum of Nature and Science - SVOG,2201 N. Field Street,Dallas,TX,75201,Museum Operator,2021-07-28
5154865,"Dallas Backup, Inc.","Dallas Backup, Inc. - SVOG",8721 Forney Rd,Dallas,TX,75227,Theatrical producer,2021-09-02
5139759.31,Triple Tap Alamo LaCenterra LLC,Triple Tap Alamo LaCenterra LLC - SVOG,2707 Commercial Center Blvd STE K100,Katy,TX,77007,Motion picture theater operator,2021-08-10
5124674.65,Dallas County Historical Foundation dba The Sixth Floor Museum at Deal,Dallas County Historical Foundation dba The Sixth Floor Museum at Deal - SVOG,411 Elm Street,Dallas,TX,75202,Museum Operator,2021-09-28
5114203.5,Irving Theater Operations,Irving Theater Operations - SVOG,8505 Walton Blvd,Irving,TX,75063,Motion picture theater operator,2022-04-04
5018895.58,"Stubbs Austin Restaurant Co.,LC","Stubbs Austin Restaurant Co.,LC - SVOG",801 Red River St.,Austin,TX,78701,Live venue operator or promoter,2021-07-27
4923049.8,New York CI LLC,New York CI LLC - SVOG,14951 N Dallas Pkwy Suite 300,Dallas,TX,75254,Motion picture theater operator,2021-08-24
4899897.33,Flix Brewhouse Texas V LLC,Flix Brewhouse Texas V LLC - SVOG,"2000 S Interstate 35, STE Q11",Round Rock,TX,78681,Motion picture theater operator,2021-08-01
4758449.63,"LOOK Prestonwood Holdings, LLC","LOOK Prestonwood Holdings, LLC - SVOG",5409 Beltline,Dallas,TX,75254,Motion picture theater operator,2021-07-30
4724513.33,Violet Crown Cinemas LLC,Violet Crown Cinemas LLC - SVOG,1614 W. 5th Street,Austin,TX,78703,Motion picture theater operator,2021-07-10
4656289.05,SCG-B Inc.,SCG-B Inc. - SVOG,702 Baybrook Mall,Friendswood,TX,77546,Motion picture theater operator,2021-08-21
4555074.64,"El Paso Texas Alamo Operations, LLC","El Paso Texas Alamo Operations, LLC - SVOG",250 E Montecillo Blvd,El Paso,TX,77007,Motion picture theater operator,2021-08-10
4488237.68,"The Children's Museum, Inc.","The Children's Museum, Inc. - SVOG",1500 Binz,Houston,TX,77004,Museum Operator,2021-07-16
4424528.71,"Lubbock Noret Premiere Cinema, LP","Lubbock Noret Premiere Cinema, LP - SVOG",109 West 4th St,Big Spring,TX,79720,Motion picture theater operator,2021-08-31
4300068.26,Triple Tap Alamo Lubbock LLC,Triple Tap Alamo Lubbock LLC - SVOG,120 W Loop 289,Lubbock,TX,77007,Motion picture theater operator,2021-08-10
4279730.6,Zachary Scott Theatre Center,Zachary Scott Theatre Center - SVOG,1510 Toomey Road,Austin,TX,78704,Live performing arts organization operator,2021-07-08
4276294.43,City Base 10 LLC,City Base 10 LLC - SVOG,2623 SE Military Dr,San Antonio,TX,78223,Motion picture theater operator,2021-07-13
4251436,Escapade 2001 Houston LLC,Escapade 2001 Houston LLC - SVOG,11903 Eastex Frwy,Houston,TX,77039,Live venue operator or promoter,2021-08-26
4221388.1,"2301 Main Operator, LLC","2301 Main Operator, LLC - SVOG",2301 Main St. Suite 400,Houston,TX,77002,Live venue operator or promoter,2021-08-25
4074757.67,RED TAIL LIVE LLC,RED TAIL LIVE LLC - SVOG,1200 SUMMIT AVENUE SUITE 330,FORT WORTH,TX,76102,Live venue operator or promoter,2021-09-23
3991045,HV LLC,HV LLC - SVOG,700 Vazquez Ln,Donna,TX,78537,Live venue operator or promoter,2021-06-21
3977821.58,"CINERGY CINEMAS, LP","CINERGY CINEMAS, LP - SVOG",5720 LBJ Freeway Suite 625,Dallas,TX,75240,Motion picture theater operator,2021-08-03
3948248.5,Alley Theatre,Alley Theatre - SVOG,615 Texas Ave.,Houston,TX,77002,Live performing arts organization operator,2021-07-02
3830559.4,"Woodlands Ops, LLC","Woodlands Ops, LLC - SVOG",16051 Old Conroe Road,Conroe,TX,77384,Motion picture theater operator,2021-08-19
3772023.5,Lava Cantina The Colony LLC,Lava Cantina The Colony LLC - SVOG,5805 Grandscape Blvd,The Colony,TX,75056,Live venue operator or promoter,2021-08-02
3758584.65,Times Square Cinema LLC,Times Square Cinema LLC - SVOG,5201 S. Broadway Suite 170,Tyler,TX,75703,Motion picture theater operator,2021-07-06
3754463.4,"Reel Dinner Partners- Laredo, LLC","Reel Dinner Partners- Laredo, LLC - SVOG",11210 East Point Drive,Laredo,TX,78006,Motion picture theater operator,2021-07-14
3749399.94,Kessler Entertainment Group LLC,Kessler Entertainment Group LLC - SVOG,1230 W Davis Street,Dallas,TX,75208,Live venue operator or promoter,2021-06-05
3708160.11,Southern USA Falun Dafa Association,Southern USA Falun Dafa Association - SVOG,7001 CORPORATE DR STE 206 Ste 206,HOUSTON,TX,77036,Live venue operator or promoter,2021-08-21
3684694.73,"RIO ENTERTAINMENT, INC.","RIO ENTERTAINMENT, INC. - SVOG",P. O. Box D,Beeville,TX,78104,Motion picture theater operator,2021-07-07
3668587.74,"The Bob Bullock Texas State History Museum, a division of the Texas St","The Bob Bullock Texas State History Museum, a division of the Texas St - SVOG",PO Box 12874,Austin,TX,78711,Museum Operator,2021-07-17
3638429.58,LJ Productions LLC,LJ Productions LLC - SVOG,1300 N 10th St Suite 480G,Mcallen,TX,78501,Live venue operator or promoter,2021-08-03
3531045.03,The Ensemble Theatre,The Ensemble Theatre - SVOG,3535 Main Street,Houston,TX,77002,Live performing arts organization operator,2021-10-03
3241819.81,SMBG - Sherman,SMBG - Sherman - SVOG,110 E FM 1417,Sherman,TX,75090,Motion picture theater operator,2021-07-25
3171870.53,"Greater Austin Performing Arts Center, Inc","Greater Austin Performing Arts Center, Inc - SVOG",701 W Riverside Dr,Austin,TX,78704,Live venue operator or promoter,2021-07-03
3135908.25,Tres Peliculas LLC,Tres Peliculas LLC - SVOG,320 West Las Colinas BVLD Suite 200,Irving,TX,75039,Motion picture theater operator,2021-07-01
3128651.25,"CINERGY ENTERTAINMENT TULSA, INC.","CINERGY ENTERTAINMENT TULSA, INC. - SVOG",5720 LBJ Freeway Suite 625,Dallas,TX,75240,Motion picture theater operator,2021-07-16
3056045.19,Hometown Cinemas LLC,Hometown Cinemas LLC - SVOG,3801 N Capital of Tx hwy E240-60,Austin,TX,78746,Motion picture theater operator,2021-06-12
3037265.1,"Sky Cinema Dripping Springs, LLC","Sky Cinema Dripping Springs, LLC - SVOG",166 Hargraves Dr,Austin,TX,78703,Motion picture theater operator,2021-07-21
2969751.15,Multievents Arena LTD,Multievents Arena LTD - SVOG,1818 RODEO DR,MESQUITE,TX,75149,Live venue operator or promoter,2021-08-27
2915053.93,SPRINGTOWN ENTERTAINMENT LLC,SPRINGTOWN ENTERTAINMENT LLC - SVOG,1250 WONDER WORLD DRIVE,SAN MARCOS,TX,78666,Motion picture theater operator,2021-07-22
2840077.67,"FF Entertainment, LLC","FF Entertainment, LLC - SVOG",411 Radam Lane,Austin,TX,78745,Live venue operator or promoter,2021-09-21
2822892.17,Richardson Movies & Concession LLC,Richardson Movies & Concession LLC - SVOG,2661 Midway Rd STE 200,Carrollton,TX,75006,Motion picture theater operator,2022-04-08
2755664.2,Dallas Museum of Art,Dallas Museum of Art - SVOG,1717 N Harwood,Dallas,TX,75201,Museum Operator,2021-07-12
2752481.25,"WYLIE CINEMA COMPANY, LLC","WYLIE CINEMA COMPANY, LLC - SVOG",711 WOODBRIDGE PKWY,WYLIE,TX,75098,Motion picture theater operator,2021-11-22
2735144.65,"SP Weatherford Theatre, Ltd.","SP Weatherford Theatre, Ltd. - SVOG",335 Cochran Road,Weatherford,TX,76085,Motion picture theater operator,2021-07-13
2723826.6,Texas-Ohio Corporation,Texas-Ohio Corporation - SVOG,6532 E northwest Hwy.,Dallas,TX,75231,Live venue operator or promoter,2021-07-20
2680796.12,City of Allen,City of Allen - SVOG,305 CENTURY PARKWAY,ALLEN,TX,75013,Live venue operator or promoter,2021-09-07
2678788.13,Waco Hippodrome Inc,Waco Hippodrome Inc - SVOG,724 Austin Avenue,Waco,TX,76703,Live venue operator or promoter,2021-07-15
2669736.7,"Big City Entertainment, L.P.","Big City Entertainment, L.P. - SVOG",813 St Emanuel St,Houston,TX,77003,Live venue operator or promoter,2021-06-22
2644785.71,Promociones Zirandaro,Promociones Zirandaro - SVOG,21820 Gentry Rd.,Cypress,TX,77429,Live venue operator or promoter,2021-08-26
2634743.88,"C3 Management, LLC","C3 Management, LLC - SVOG","1645 E. 6th Street, Ste 150",Austin,TX,78702,Talent representative,2021-06-28
2606337.7,"Houston Grand Opera Association, Inc.","Houston Grand Opera Association, Inc. - SVOG",510 Preston St Ste. 500,Houston,TX,77002,Live performing arts organization operator,2021-07-06
2600904.6,Illusion Touring Entertainment LLC,Illusion Touring Entertainment LLC - SVOG,1300 N 10th St Suite 480-G,McAllen,TX,78501,Live venue operator or promoter,2021-08-19
2593167.75,"Power to Exhale, LLC.","Power to Exhale, LLC. - SVOG",19718 Cherrywood Bend Drive,Cypress,TX,77433,Live venue operator or promoter,2021-07-28
2590417.75,McLennan County Fair,McLennan County Fair - SVOG,4601 Bosque Blvd.,Waco,TX,76710,Live venue operator or promoter,2021-07-17
2566106.17,"Kona Coast Ventures, LTD","Kona Coast Ventures, LTD - SVOG",11860 FM 306,New Braunfels,TX,78132,Live venue operator or promoter,2021-06-21
2522800.29,GMBG2 Operating LLC,GMBG2 Operating LLC - SVOG,117 Wrangler Drive Ste 100,Coppell,TX,75019,Live venue operator or promoter,2021-07-12
2491053.6,Lady Lex Museum on the Bay Association,Lady Lex Museum on the Bay Association - SVOG,PO Box 23076,Corpus Christi,TX,78403,Museum Operator,2021-10-15
2443139,CLUB OPERATIONS LLC,CLUB OPERATIONS LLC - SVOG,10310 TECHNOLOGY BLVD E,DALLAS,TX,75220,Live venue operator or promoter,2021-08-08
2422960.98,G.C.S. Entertainment Inc.,G.C.S. Entertainment Inc. - SVOG,421 E 6TH STREET,AUSTIN,TX,78701,Live venue operator or promoter,2021-09-23
2413618.15,Dallas Theater Center,Dallas Theater Center - SVOG,2400 Flora Street 8th Floor,Dallas,TX,75201,Live performing arts organization operator,2021-07-08
2392015.18,"Casa Manana, Inc.","Casa Manana, Inc. - SVOG",3101 West Lancaster Ave,Fort Worth,TX,76107,Theatrical producer,2021-07-13
2386551.6,"Northshore Entertainment, Inc.","Northshore Entertainment, Inc. - SVOG",251 Buddy Ganem Dr,Portland,TX,78374,Motion picture theater operator,2021-07-28
2346696.13,"Highland Concerts, LLC","Highland Concerts, LLC - SVOG",PO Box 601416,Dallas,TX,75360,Live venue operator or promoter,2021-06-17
2291457.38,Houston First Corporation,Houston First Corporation - SVOG,701 Avenida de las Americas 2nd Floor,Houston,TX,77010,Live venue operator or promoter,2021-07-13
2291288.8,Fort Worth Symphony Orchestra Association,Fort Worth Symphony Orchestra Association - SVOG,"330 E 4th St, Ste 200",Fort Worth,TX,76102,Live performing arts organization operator,2021-08-18
2290058.98,Strategic Entertainment Group,Strategic Entertainment Group - SVOG,335 Cochran Rd,Weatherford,TX,76085,Motion picture theater operator,2021-08-10
2200822.65,Violet Crown Cinema Charlottesville LLC,Violet Crown Cinema Charlottesville LLC - SVOG,1614 W. 5th Street,Austin,TX,78703,Motion picture theater operator,2021-07-13
2153213.49,"Loyd Brigance Grass Sales, Inc. dba Majestic Theatres","Loyd Brigance Grass Sales, Inc. dba Majestic Theatres - SVOG",752 CR 3103,Greenville,TX,75402,Motion picture theater operator,2021-07-21
2150107.76,SMBG Bay City LLC,SMBG Bay City LLC - SVOG,6655 7TH Street,Bay City,TX,77414,Motion picture theater operator,2021-07-25
2136562.63,CINELOUNGE FREMONT LLC,CINELOUNGE FREMONT LLC - SVOG,3905 RUTH RIDGE ROAD,PLANO,TX,75054,Motion picture theater operator,2021-08-18
2135039.19,Ballet Austin Incorporated,Ballet Austin Incorporated - SVOG,501 West Third Street,Austin,TX,78701,Live performing arts organization operator,2021-07-21
2105035.2,SCG-CS Inc.,SCG-CS Inc. - SVOG,1037 University Drive,College Station,TX,77840,Motion picture theater operator,2021-08-20
2048018.85,Valley Zoological Society,Valley Zoological Society - SVOG,500 E Ringgold St,Brownsville,TX,78520,Museum Operator,2021-08-05
1932304.51,Global Paradise Entertainment Group LP,Global Paradise Entertainment Group LP - SVOG,1116 Bally Mote Dr,Dallas,TX,75218,Live venue operator or promoter,2021-07-21
1916892,Violet Crown Cinema Austin LLC,Violet Crown Cinema Austin LLC - SVOG,1614 W. 5th Street,Austin,TX,78703,Motion picture theater operator,2021-07-13
1900040.17,"Austin Hawk, LP","Austin Hawk, LP - SVOG",912 Red River St,Austin,TX,78701,Live venue operator or promoter,2021-07-02
1894905.18,Fort Worth Museum of Science and History,Fort Worth Museum of Science and History - SVOG,1600 Gendy Street,Fort Worth,TX,76107,Museum Operator,2021-07-14
1890611.8,SP Bastrop Theatre LP,SP Bastrop Theatre LP - SVOG,335 Cochran Rd,Weatherford,TX,76085,Motion picture theater operator,2021-07-12
1882199.1,Brewster Street Ltd,Brewster Street Ltd - SVOG,615 S Upper Broadway,Corpus Christi,TX,78401,Live venue operator or promoter,2021-07-15
1881487.21,COWBOYS FAR WEST LTD.,COWBOYS FAR WEST LTD. - SVOG,3030 NE Loop 410,San Antonio,TX,78218,Live venue operator or promoter,2021-07-07
1860840,"The Coliseum, Inc.","The Coliseum, Inc. - SVOG",9111 FM 812,Austin,TX,78719,Live venue operator or promoter,2021-10-30
1833291.28,"National American Miss, Inc","National American Miss, Inc - SVOG",6243 Ella Lee Ln.,Huston,TX,77057,Live venue operator or promoter,2021-10-29
1827343.08,Society for the Performing Arts,Society for the Performing Arts - SVOG,615 Louisiana Street Suite 100,Houston,TX,77002,Live performing arts organization operator,2021-06-29
1802587.73,"1720 Main Operator, LLC","1720 Main Operator, LLC - SVOG",1720 Main St.,Houston,TX,77022,Live venue operator or promoter,2021-09-02
1778474,Bell County Expo Center,Bell County Expo Center - SVOG,301 W Loop 121,Belton,TX,76513,Live venue operator or promoter,2021-07-28
1748956,"Sulphur Springs Theatre, LLC (DBA Brightstar Cinemas)","Sulphur Springs Theatre, LLC (DBA Brightstar Cinemas) - SVOG",12400 Coit Rd. Ste 800,Dallas,TX,75251,Motion picture theater operator,2021-07-16
1710401.96,SMBG Corsicana LLC,SMBG Corsicana LLC - SVOG,3501 Corsicana Crossing Blvd,Corsicana,TX,75109,Motion picture theater operator,2021-07-16
1707032.48,TREE FITTY GROUP LLC,TREE FITTY GROUP LLC - SVOG,2709 Elm Street,Dallas,TX,75226,Live venue operator or promoter,2021-07-20
1694786.03,Antone's Holdings LLC,Antone's Holdings LLC - SVOG,305 E 5th Street,Austin,TX,78701,Live venue operator or promoter,2021-07-09
1685225.95,DOUBLE DARE LIVE LLC,DOUBLE DARE LIVE LLC - SVOG,1200 SUMMIT AVE SUITE 330,FORT WORTH,TX,76102,Theatrical producer,2021-10-06
1661247.55,San Antonio Children's Museum,San Antonio Children's Museum - SVOG,2800 Broadway,San Antonio,TX,78209,Museum Operator,2021-07-07
1636973.83,"1894, Inc.","1894, Inc. - SVOG",2020 Post office Street,Galveston,TX,77551,Live performing arts organization operator,2021-08-03
1631256.15,Heard Entertainment Texas LLC,Heard Entertainment Texas LLC - SVOG,606 E 7th St,Austin,TX,78701,Live venue operator or promoter,2021-07-12
1619560.88,"BZ Clarity Holdings, LLC","BZ Clarity Holdings, LLC - SVOG",3009 Post Oak Blvd. Suite 1200,Houston,TX,77056,Theatrical producer,2021-07-07
1616874.35,"Sherwood Forest Faire, LLC","Sherwood Forest Faire, LLC - SVOG",PO Box 339,Round Rock,TX,78680,Live venue operator or promoter,2021-06-30
1616182.94,Loud Noises LTD,Loud Noises LTD - SVOG,2410 N St Mary's Street,San Antonio,TX,78212,Live venue operator or promoter,2021-08-23
1612982.21,DuOpt Bentonville Limited Liability Company,DuOpt Bentonville Limited Liability Company - SVOG,405 North Lamar Boulevard Suite 200,Austin,TX,78703,Motion picture theater operator,2021-07-23
1606705.34,"Floore's Country Store, L.P.","Floore's Country Store, L.P. - SVOG",14492 Old Bandera Rd,Helotes,TX,78023,Live venue operator or promoter,2021-06-29
1594516.05,Mish Mash Inc.,Mish Mash Inc. - SVOG,11506 Century Oaks Terrace,Austin,TX,78758,Live venue operator or promoter,2021-07-14
1586020,The University of Texas at El Paso,The University of Texas at El Paso - SVOG,500 W University Ave,El PASO,TX,79968,Live venue operator or promoter,2021-08-09
1578994.37,Amarillo Civic Center Complex,Amarillo Civic Center Complex - SVOG,401 S. Buchanan,Amarillo,TX,79101,Live venue operator or promoter,2021-09-30
1542136.23,Grand Avenue Theaters LLC,Grand Avenue Theaters LLC - SVOG,2809 Oakmark Dr,Belton,TX,76513,Motion picture theater operator,2021-06-29
1539984.23,"Pete's Management - FTW, LLC","Pete's Management - FTW, LLC - SVOG",621 Houston Street,Fort Worth,TX,76102,Live venue operator or promoter,2021-08-26
1537360.43,University of Texas Permian Basin,University of Texas Permian Basin - SVOG,4901 E. University,Odessa,TX,79762,Live venue operator or promoter,2021-08-11
1513715.18,TCG Entertainment LLC,TCG Entertainment LLC - SVOG,414 woodlake drive,Allen,TX,75013,Theatrical producer,2021-06-22
1485011.8,Triple Lake Waters LLC,Triple Lake Waters LLC - SVOG,1001 Lakewood Hills Terrace,Austin,TX,78732,Motion picture theater operator,2021-09-04
1484822.8,"Texas Ballet Theater, INc.","Texas Ballet Theater, INc. - SVOG",1540 Mall Circle,Fort Worth,TX,76116,Live performing arts organization operator,2021-07-09
1470569.4,"Old Concrete Street, Ltd","Old Concrete Street, Ltd - SVOG",615 S Upper Broadway,Corpus Christi,TX,78401,Live venue operator or promoter,2021-06-28
1469951.24,LST Marketing Texas LLC,LST Marketing Texas LLC - SVOG,4514 Travis Walk Suite 350,Dallas,TX,75205,Talent representative,2021-07-16
1459516.93,Jacob Henson,Jacob Henson - SVOG,655 Cimarron Sq,Poteet,TX,78065,Motion picture theater operator,2021-07-13
1431260.68,"Buccaneer Commission, Inc.","Buccaneer Commission, Inc. - SVOG",PO Box 30404,Corpus Christi,TX,78463,Live venue operator or promoter,2021-06-28
1401754.06,"Pete's Management - Houston, LLC","Pete's Management - Houston, LLC - SVOG",1201 Fannin Street Suite 310,Houston,TX,77002,Live venue operator or promoter,2021-09-23
1392826.18,"Alamo Trust, Inc.","Alamo Trust, Inc. - SVOG",321 Alamo Plaza Suite 200,San Antonio,TX,78205,Museum Operator,2021-07-14
1365534.18,"Esther's Follies, Inc.","Esther's Follies, Inc. - SVOG",525 E 6th St,Austin,TX,78701,Live venue operator or promoter,2021-06-24
1327000,Poteet Strawberry Festival Association Inc.,Poteet Strawberry Festival Association Inc. - SVOG,9199 N. St. Hwy 16 P.O. Box 227,POTEET,TX,78065,Live venue operator or promoter,2021-07-20
1315669.98,A.D. PLAYERS,A.D. PLAYERS - SVOG,5420 Westheimer Rd.,Houston,TX,77056,Live performing arts organization operator,2021-07-27
1314549.18,Primetime Entertainment LLC.,Primetime Entertainment LLC. - SVOG,8902 Seawall Blvd.,Galveston,TX,77554,Motion picture theater operator,2021-08-03
1308559.4,"Southwest Festivals, Inc.","Southwest Festivals, Inc. - SVOG",2511 FM 66,Waxahachie,TX,75167,Live venue operator or promoter,2021-08-22
1305955.3,LEGNA ENTERTAINMENT,LEGNA ENTERTAINMENT - SVOG,3506 UTAH AVE,DALLAS,TX,75056,Live venue operator or promoter,2021-08-02
1303593.67,Melody Mountain Ranch Inc,Melody Mountain Ranch Inc - SVOG,4217 CR 423,STEPHENVILLE,TX,76401,Live venue operator or promoter,2021-07-18
1288208.48,LYVE PRODUCTION LLC,LYVE PRODUCTION LLC - SVOG,1001 TEXAS AVE STE 1300,HOUSTON,TX,77002,Live venue operator or promoter,2021-07-19
1276418.39,"Couer Operator, LLC","Couer Operator, LLC - SVOG",5002 Washington Ave,Houston,TX,77007,Live venue operator or promoter,2021-11-01
1256820.33,Stages,Stages - SVOG,800 Rosine Street,Houston,TX,77019,Live venue operator or promoter,2021-06-26
1255564.15,"Jazz in the Basement, LP","Jazz in the Basement, LP - SVOG",204 W Ridgewood Ct,San Antonio,TX,78215,Live venue operator or promoter,2021-06-15
1246761.21,"MARSZ MOVIES, LLC","MARSZ MOVIES, LLC - SVOG",403 Cherry Hills Drive,Rockport,TX,78382,Motion picture theater operator,2021-07-27
1226764,"City of Richardson, TX dba Charles W. Eisemann Center for Performing Arts","City of Richardson, TX dba Charles W. Eisemann Center for Performing Arts - SVOG",Eisemann Center 2351 Performance Drive,Richardson,TX,75082,Live venue operator or promoter,2021-07-16
1222516.92,"Lizard Lounge Dallas, Inc.","Lizard Lounge Dallas, Inc. - SVOG",8703 Allenbrook Ct.,Dallas,TX,75243,Live venue operator or promoter,2021-06-29
1201794.81,"ALW ENTERTAINMENT, INC","ALW ENTERTAINMENT, INC - SVOG",1415 E BELT LINE ROAD,CARROLLTON,TX,75006,Live venue operator or promoter,2021-07-20
1170760.45,Iguana Promotions LLC,Iguana Promotions LLC - SVOG,1818 Rodeo Drive,Mesquite,TX,75149,Live venue operator or promoter,2021-08-26
1158649.1,Eleven Entertainment DFW LLC,Eleven Entertainment DFW LLC - SVOG,2633 McKinney Ave STE 130-712,Dallas,TX,75204,Live venue operator or promoter,2021-07-26
1146440.65,Continental South Congress Corp,Continental South Congress Corp - SVOG,1315 S. Congress Ave,Austin,TX,78704,Live venue operator or promoter,2021-07-13
1139576.25,Real Tone Agency LLC,Real Tone Agency LLC - SVOG,1130 Reagan Terrace,Austin,TX,78704,Talent representative,2021-08-23
1132342.88,City of Dallas - Majestic Theatre,City of Dallas - Majestic Theatre - SVOG,1925 Elm Street,Dallas,TX,75201,Live venue operator or promoter,2021-07-13
1097766.45,"Rally in the Alley, LTD DBA Speakeasy","Rally in the Alley, LTD DBA Speakeasy - SVOG",412 Congress Avenue,Austin,TX,78768,Live venue operator or promoter,2021-08-19
1096421.75,Dallas Childrens Theater Inc,Dallas Childrens Theater Inc - SVOG,5938 Skillman,Dallas,TX,75231,Theatrical producer,2021-07-13
1093712.15,"Cinetex, Inc.","Cinetex, Inc. - SVOG",108 N. Lamar Street,Daingerfield,TX,75638,Motion picture theater operator,2021-07-15
1087202.04,"Marsz Movies Management, LLC","Marsz Movies Management, LLC - SVOG",403 Cherry Hills Drive,Rockport,TX,78382,Motion picture theater operator,2021-09-08
1080032.4,117 CONCEPTS LLC,117 CONCEPTS LLC - SVOG,1250 WONDER WORLD DRIVE,SAN MARCOS,TX,78666,Motion picture theater operator,2021-09-03
1073768.17,"Cozy Theatre Circuit, Inc. dba Westwood Cinema 6","Cozy Theatre Circuit, Inc. dba Westwood Cinema 6 - SVOG",2100 Hwy 290 W,Brenham,TX,77833,Motion picture theater operator,2021-07-30
1057392.33,Witte Museum,Witte Museum - SVOG,3801 Broadway,San Antonio,TX,78209,Museum Operator,2021-07-08
1044963.29,Granbury Theatre Company Inc.,Granbury Theatre Company Inc. - SVOG,PO Box 182,Granbury,TX,76048,Theatrical producer,2021-07-21
1044936,"Conway Movie Company, LLC","Conway Movie Company, LLC - SVOG",71 Hallbrook Way,Spring,TX,77389,Motion picture theater operator,2021-07-14
1038336,"The Greek Bros., Inc.","The Greek Bros., Inc. - SVOG",133 S. Mechanic Street,El Campo,TX,77437,Live venue operator or promoter,2021-07-23
1037363.85,FOUR DAY WEEKEND INCORPORATED,FOUR DAY WEEKEND INCORPORATED - SVOG,6363 MERCEDES AVE,DALLAS,TX,75214,Live venue operator or promoter,2021-07-12
1036075.08,"Austin Symphony Orchestra , Inc.","Austin Symphony Orchestra , Inc. - SVOG",1806 Rio Grande,austin,TX,78701,Live performing arts organization operator,2021-07-16
1033691.63,Triple N Management LLC,Triple N Management LLC - SVOG,1001 Lakewood Hills Terrace,Austin,TX,78732,Motion picture theater operator,2021-07-08
1033134.65,"Face To Face, Inc.","Face To Face, Inc. - SVOG",4221 Shilling Way,Dallas,TX,75237,Theatrical producer,2021-07-07
1029841.38,Cinema Lounge,Cinema Lounge - SVOG,511 South 8th Street,Waco,TX,76706,Live venue operator or promoter,2021-07-08
1028758.43,Red 11 Music LLC,Red 11 Music LLC - SVOG,1617 W 6TH ST STE A,Austin,TX,78703,Talent representative,2021-06-28
1010809.1,Victory Boulevard Corporation,Victory Boulevard Corporation - SVOG,4005 BROADWAY STE A,SAN ANTONIO,TX,78209,Theatrical producer,2021-07-08
1000085.45,Zpryme LLC,Zpryme LLC - SVOG,100 Congress Ave Suite 2000,Austin,TX,78701,Live venue operator or promoter,2021-10-30
999193.58,"Mt. Pleasant Cinema V, L.P.","Mt. Pleasant Cinema V, L.P. - SVOG",P.O. BOX 967,OMAHA,TX,75571,Motion picture theater operator,2021-07-14
998041.34,"Amy Chandy Consulting, LLC","Amy Chandy Consulting, LLC - SVOG",11625 Custer Road #110-354,Frisco,TX,75035,Talent representative,2021-07-23
995847.08,"Oil Palace, Inc","Oil Palace, Inc - SVOG",10408 Highway 64 East,Tyler,TX,75707,Live venue operator or promoter,2021-08-25
987505.2,Cheer Up Charlies LLC,Cheer Up Charlies LLC - SVOG,900 Red River Street,Austin,TX,78702,Live venue operator or promoter,2021-08-16
975000,Foothills Entertainment Company,Foothills Entertainment Company - SVOG,1607 US Highway 259 N,Kilgore,TX,75662,Motion picture theater operator,2021-07-23
950932.61,"BASE Holograms, LLC","BASE Holograms, LLC - SVOG",3009 Post Oak Blvd Suite 1200,Houston,TX,77056,Theatrical producer,2021-07-09
948972.41,CENTER STAGE ENTERTAINMENT LLC,CENTER STAGE ENTERTAINMENT LLC - SVOG,6632 SUNSET RD,North Richland Hills,TX,76182,Live venue operator or promoter,2021-08-24
946658.4,Lone Star Flight Museum,Lone Star Flight Museum - SVOG,11551 Aerospace Ave,Houston,TX,77034,Museum Operator,2021-07-08
942638.7,"Music Hall Arlington, LLC","Music Hall Arlington, LLC - SVOG",224 N Center St,Arlington,TX,76011,Live performing arts organization operator,2021-06-19
927592.43,King William Association,King William Association - SVOG,122 Madison,San Antonio,TX,78204,Live venue operator or promoter,2021-10-20
926993.62,Triple Tap Ventures LLC,Triple Tap Ventures LLC - SVOG,2500 Summer Street Suite 1210,Houston,TX,77007,Motion picture theater operator,2021-07-01
922292.79,"McAllen, City of","McAllen, City of - SVOG",1300 West Houston Avenue,McAllen,TX,78501,Live venue operator or promoter,2021-07-20
920164.73,One World,One World - SVOG,7701 Bee Caves Rd,Austin,TX,78746,Live venue operator or promoter,2021-06-29
906937.93,"Ticket Time, Inc","Ticket Time, Inc - SVOG",106 Blue Fox Road,The Woodlands,TX,77380,Live venue operator or promoter,2021-07-01
890192.52,Hank's Restaurant Group LP,Hank's Restaurant Group LP - SVOG,1310 N Central Expressway,McKinney,TX,75092,Live venue operator or promoter,2021-07-12
873412.36,Deep Ellum Art Company LLC,Deep Ellum Art Company LLC - SVOG,3200 Commerce St.,Dallas,TX,75226,Live venue operator or promoter,2021-08-17
857778.1,The Center for Transportation and Commerce,The Center for Transportation and Commerce - SVOG,2602 Santa Fe Place,Galveston,TX,77550,Museum Operator,2021-08-27
856592.85,City of Stafford,City of Stafford - SVOG,2610 South Main St,Stafford,TX,77477,Live venue operator or promoter,2021-07-15
855999.81,"Schulman Theatres, Inc.","Schulman Theatres, Inc. - SVOG",335 Cochran Road,Weatherford,TX,76085,Motion picture theater operator,2021-07-12
846978.78,"Alamo El Paso Holdings, LLC","Alamo El Paso Holdings, LLC - SVOG",250 E Montecillo Blvd,El Paso,TX,79925,Motion picture theater operator,2022-03-18
844819.88,"Last Concert Cafe, LLC","Last Concert Cafe, LLC - SVOG",1403 Nance Street,Houston,TX,77002,Live venue operator or promoter,2021-07-23
841206.54,Talented Friends,Talented Friends - SVOG,931 Salmon Drive,Dallas,TX,75208,Talent representative,2021-07-30
836862.85,HARDER CONCEPTS LLC,HARDER CONCEPTS LLC - SVOG,5800 LEGACY DRIVE,PLANO,TX,75024,Live venue operator or promoter,2021-08-05
836058.17,TAG Presents llc,TAG Presents llc - SVOG,5010 S Congress Ave Apt 1425,Austin,TX,78745,Live venue operator or promoter,2021-07-13
821021.42,"Mammoth Mastodon, Inc.","Mammoth Mastodon, Inc. - SVOG",315 Congress Ave.,Austin,TX,78701,Live venue operator or promoter,2021-07-09
820921.85,Main Street Theater Houston,Main Street Theater Houston - SVOG,2540 Times Blvd.,Houston,TX,77005,Live performing arts organization operator,2021-07-12
816074.5,Aka Sam's Incorporated,Aka Sam's Incorporated - SVOG,330 E. Grayson St.,San Antonio,TX,78215,Live venue operator or promoter,2021-07-09
810237.83,Magik Childrens Theatre of San Antonio,Magik Childrens Theatre of San Antonio - SVOG,420 S Alamo St.,San Antonio,TX,78205,Live venue operator or promoter,2021-06-23
804370.5,Alamo Tempe Holdings LLC,Alamo Tempe Holdings LLC - SVOG,1870 W Bitters Rd Ste 103,San Antonio,TX,78248,Motion picture theater operator,2022-04-14
803084.53,"Bowlski's Lakewood, LLC","Bowlski's Lakewood, LLC - SVOG",1825 Abrams Pkwy Suite A,Dallas,TX,75214,Live venue operator or promoter,2021-08-02
801171,Cullen Performance Hall,Cullen Performance Hall - SVOG,4300 University Dr,Houston,TX,77204,Live venue operator or promoter,2021-07-12
800765.92,vip sports getaway llc,vip sports getaway llc - SVOG,104 spinks road,abilene,TX,79603,Live venue operator or promoter,2021-06-18
796360.27,Artisan Productions Inc,Artisan Productions Inc - SVOG,444 E Pipeline Rd,Hurst,TX,76053,Live venue operator or promoter,2021-08-23
794167.88,"Je'Caryous Johnson Entertainment, LLC","Je'Caryous Johnson Entertainment, LLC - SVOG",12335 GLENLEIGH DR,HOUSTON,TX,77014,Live venue operator or promoter,2021-06-23
792000,"Downtown Fort Worth Initiatives, Inc.","Downtown Fort Worth Initiatives, Inc. - SVOG","777 TAYLOR ST STE 100, Suite 100 Suite 100",Fort Worth,TX,76102,Live venue operator or promoter,2021-07-30
775873,Texas Panhandle Heritage Foundation,Texas Panhandle Heritage Foundation - SVOG,1514 5th Ave.,Canyon,TX,79015,Live performing arts organization operator,2021-07-07
774741.58,"NUTTY BROWN ENTERPRISES, LP","NUTTY BROWN ENTERPRISES, LP - SVOG",12225 HWY 290 WEST,AUSTIN,TX,78737,Live venue operator or promoter,2021-08-22
774116.76,"Harber Presents, LLC","Harber Presents, LLC - SVOG",7167 Waterlily Ln,Frisco,TX,75033,Live venue operator or promoter,2021-06-19
772647.13,O'Sheas Pub and Grill LLC DBA O'Sheas Irish Pub,O'Sheas Pub and Grill LLC DBA O'Sheas Irish Pub - SVOG,310 Grapevine Highway,Hurst,TX,76054,Live venue operator or promoter,2021-07-16
771288.16,"Belmont, The","Belmont, The - SVOG",305 W 6th Street,Austin,TX,78701,Live venue operator or promoter,2021-08-24
760716.6,Main Street Music Inc,Main Street Music Inc - SVOG,24523 Emerald Pool Falls Dr,Tomball,TX,77375,Live venue operator or promoter,2021-07-08
749500,"Old Settler's Music Festival, Inc","Old Settler's Music Festival, Inc - SVOG",1616 FM 3158,Dale,TX,78616,Live venue operator or promoter,2021-07-09
739679.04,Cleburne Performing Arts Foundation,Cleburne Performing Arts Foundation - SVOG,1512 Crestridge Dr,Cleburne,TX,76033,Live performing arts organization operator,2021-07-08
734279.16,"Georgetown Palace Theatre, Inc","Georgetown Palace Theatre, Inc - SVOG",810 S Austin Ave,Georgetown,TX,78626,Live performing arts organization operator,2021-08-05
726616.9,"HRA Systems, Inc","HRA Systems, Inc - SVOG",1320 South Lamar,Austin,TX,78704,Live venue operator or promoter,2021-07-02
725444.23,Sound Garage LLC,Sound Garage LLC - SVOG,1305 Milam Way,Carrllton,TX,75006,Theatrical producer,2021-06-20
724164.08,Madrigal Music LLC,Madrigal Music LLC - SVOG,6767 Gato Rd.,El Paso,TX,79932,Talent representative,2021-11-02
718161.28,Capital and Gains Entertainment LLC,Capital and Gains Entertainment LLC - SVOG,10402 Ashwood Ave,EL Paso,TX,79935,Live venue operator or promoter,2021-06-12
716098.05,Roanoke Chop Shop LP,Roanoke Chop Shop LP - SVOG,309 S OAK ST,ROANOKE,TX,76262,Live venue operator or promoter,2021-07-16
710523,River Road Entertainment District Corporation,River Road Entertainment District Corporation - SVOG,1791 Hueco Springs Loop Road,New Braunfels,TX,78132,Live venue operator or promoter,2021-09-29
703852.78,"Pete's Management Addison, Inc.","Pete's Management Addison, Inc. - SVOG",4980 Beltline Road Suite 200,Addison,TX,75254,Live venue operator or promoter,2021-09-30
701240.63,MATCH Midtown Arts & Theater Center Houston,MATCH Midtown Arts & Theater Center Houston - SVOG,3400 Main St,Houston,TX,77002,Live venue operator or promoter,2021-06-17
700442.52,English Fine Bone China Society Houston,English Fine Bone China Society Houston - SVOG,1617 W ALABAMA ST,HOUSTON,TX,77006,Museum Operator,2021-07-03
699414.08,"The Black Academy of Arts and Letters, Inc.","The Black Academy of Arts and Letters, Inc. - SVOG",650 South Griffin Street,Dallas,TX,75202,Live performing arts organization operator,2021-06-29
698438.13,Austin Lyric Opera,Austin Lyric Opera - SVOG,3009 Industrial Terrace #100,Austin,TX,78758,Theatrical producer,2021-07-02
697427.84,FunAsia Entertainment LLC,FunAsia Entertainment LLC - SVOG,6850 TPC Drive Suite 108,McKinney,TX,75070,Live performing arts organization operator,2021-08-30
690000,Zion Main LLC,Zion Main LLC - SVOG,16 pinedale,houston,TX,77006,Live venue operator or promoter,2021-08-18
689584.8,"Dallas Black Dance Theatre, Inc","Dallas Black Dance Theatre, Inc - SVOG",2700 Ann Williams Way,Dallas,TX,75201,Live performing arts organization operator,2021-07-09
688507.93,"The Brilliant Lecture Series, Inc","The Brilliant Lecture Series, Inc - SVOG",1824 W 25th Street,Houston,TX,77008,Theatrical producer,2021-06-28
679709.21,Science Spectrum,Science Spectrum - SVOG,2579 South Loop 289 #250,Lubbock,TX,79423,Museum Operator,2021-07-16
674886.75,Andy's Operations LLC,Andy's Operations LLC - SVOG,122 N LOCUSST ST Ste 200,DENTON,TX,76201,Live venue operator or promoter,2021-09-20
670858.88,Aviation Cinemas Inc.,Aviation Cinemas Inc. - SVOG,231 W. Jefferson Blvd,Dallas,TX,75208,Motion picture theater operator,2021-06-19
670133.25,Redline Cheer and Dance Company llc,Redline Cheer and Dance Company llc - SVOG,2607 Wolflin Ave #150,Amarillo,TX,79109,Live performing arts organization operator,2021-07-13
664977.03,Alamo GIlbert Holdings LLC,Alamo GIlbert Holdings LLC - SVOG,1870 W Bitters Rd STE 103,San Antonio,TX,78248,Motion picture theater operator,2022-04-22
664150.35,Avanator Group Inc,Avanator Group Inc - SVOG,"1700 Grand Avenue Pkwy, Suite 240",Pflugerville,TX,78660,Live venue operator or promoter,2021-08-05
662630,"ALL THINGS MUSIC GROUP, INC.","ALL THINGS MUSIC GROUP, INC. - SVOG",3111 N. HOUSTON ST. #1213,DALLAS,TX,75219,Talent representative,2021-06-16
662361.02,"The Paramount Organization, Inc.","The Paramount Organization, Inc. - SVOG",17803 La Cantera Terrace Apt. 7301,San Antonio,TX,78256,Live venue operator or promoter,2021-07-01
662051.48,San Angelo Performing Arts Coalition Inc.,San Angelo Performing Arts Coalition Inc. - SVOG,82 Gillis St,San Angelo,TX,76903,Live venue operator or promoter,2021-07-13
657952.83,Gainesville Theaters Operating Inc,Gainesville Theaters Operating Inc - SVOG,4319 N I-35,Gainesville,TX,76240,Motion picture theater operator,2021-06-16
652939.65,Dahlia Ltd dba C-Boy's Heart & Soul,Dahlia Ltd dba C-Boy's Heart & Soul - SVOG,2008 S. Congress Ave,Austin,TX,78746,Live venue operator or promoter,2021-07-07
650702.26,"El Leon's East, LLC","El Leon's East, LLC - SVOG",1910 E. Cesar Chavez St.,Austin,TX,78702,Live venue operator or promoter,2021-06-28
648705.72,The Secret Group LLC,The Secret Group LLC - SVOG,2101 Polk St STE A,Houston,TX,77003,Live venue operator or promoter,2021-07-09
647116.34,"Reclaimant, LLC","Reclaimant, LLC - SVOG",9506 Larchrest Drive,Dallas,TX,75238,Live venue operator or promoter,2021-07-08
644045.99,Entertainment Showcase,Entertainment Showcase - SVOG,511 Starr St,Corpus Christi,TX,78401,Live venue operator or promoter,2021-07-17
643020.53,"Liveway Productions, Inc.","Liveway Productions, Inc. - SVOG",4307 South Main,Stafford,TX,77477,Live venue operator or promoter,2021-06-22
641502,"Constant Saturday, LLC","Constant Saturday, LLC - SVOG",2015 E Riverside Dr. Building #4,Austin,TX,78741,Live venue operator or promoter,2021-06-16
631380.26,3v Movie & Eatery LLC,3v Movie & Eatery LLC - SVOG,1010 E Belt Line Rd,Richardson,TX,75081,Motion picture theater operator,2021-08-30
623964.15,Third String Entertainment LLC,Third String Entertainment LLC - SVOG,209 S Walton Street,Dallas,TX,75211,Live venue operator or promoter,2021-07-12
615000,"Luckenbach Texas, Inc.","Luckenbach Texas, Inc. - SVOG",412 Luckenbach Town Loop,Fredericksburg,TX,78624,Live venue operator or promoter,2021-07-19
612463.93,"Greg Williams Entertainment, LLC","Greg Williams Entertainment, LLC - SVOG",1304 Oxford Ave,Austin,TX,78704,Talent representative,2022-04-04
607274.56,STS Warehouse LLC,STS Warehouse LLC - SVOG,211 W. 4th St,Austin,TX,78701,Live venue operator or promoter,2021-08-26
603345.41,"BlancoNegro, LLC DBA The North Door","BlancoNegro, LLC DBA The North Door - SVOG",501 N IH 35,Austin,TX,78702,Live venue operator or promoter,2021-06-13
601715.23,HANOVERS 2.0 LLC,HANOVERS 2.0 LLC - SVOG,16912 N Interstate 35,Austin,TX,78727,Live venue operator or promoter,2021-07-15
599610.82,DPH Theater Holdings LLC dba Cactus Theater,DPH Theater Holdings LLC dba Cactus Theater - SVOG,3409 Mesa Road,Lubbock,TX,79403,Live venue operator or promoter,2021-06-19
581773.57,John P. McGovern Museum of Health & Medical Science,John P. McGovern Museum of Health & Medical Science - SVOG,1515 Hermann Drive,Houston,TX,77004,Museum Operator,2021-07-16
579207.38,POCKET SANDWICH THEATER COMPANY,POCKET SANDWICH THEATER COMPANY - SVOG,5400 E. Mockingbird Lane Suite 119,DALLAS,TX,75206,Theatrical producer,2021-06-19
577259.88,Symphony Society of San Antonio,Symphony Society of San Antonio - SVOG,PO Box 658,San Antonio,TX,78253,Live performing arts organization operator,2021-08-10
576887.4,RealMusic Events LLC,RealMusic Events LLC - SVOG,2912 Garwood Street Suite A,Austin,TX,78702,Live venue operator or promoter,2021-06-16
568954.88,"Splendid Sun Produtions, LLC","Splendid Sun Produtions, LLC - SVOG",2205 E 21st Street,Austin,TX,78722,Live venue operator or promoter,2021-06-08
568105.2,French Smith DBA Roadway Productions,French Smith DBA Roadway Productions - SVOG,12305 Twin Creek Dr.,Manchaca,TX,78652,Live venue operator or promoter,2021-06-30
567386.48,"TeCo Theatrical Productions, Inc.","TeCo Theatrical Productions, Inc. - SVOG",215 S Tyler Street,Dallas,TX,75208,Live performing arts organization operator,2021-06-27
566418,LIE MANAGEMENT LLC,LIE MANAGEMENT LLC - SVOG,2402 N LINCOLN TRACE AVE SE,Smyrna,TX,75207,Talent representative,2021-06-23
564840.5,Parker Jazz Inc,Parker Jazz Inc - SVOG,117 W 4th Street STE 107B,Austin,TX,78701,Live venue operator or promoter,2021-06-28
557812.71,JCCS Events LLC,JCCS Events LLC - SVOG,1122 Glenbay Ct,La Porte,TX,77571,Live venue operator or promoter,2021-08-01
555300.97,TRUE NORTH PRESENTS INCORPORATED,TRUE NORTH PRESENTS INCORPORATED - SVOG,20817 Bay Shore Drive,Flint,TX,75762,Live performing arts organization operator,2021-06-12
554734.58,The Foundation for Jones Hall,The Foundation for Jones Hall - SVOG,615 Louisiana St,Houston,TX,77002,Live venue operator or promoter,2021-06-28
553753.92,Pasmaa Theater Investment LLC,Pasmaa Theater Investment LLC - SVOG,8505 WALTON BLVD,Irving,TX,75063,Motion picture theater operator,2021-07-08
553507.08,Film Society of Austin Theater LLC,Film Society of Austin Theater LLC - SVOG,1901 E 51st St,Austin,TX,78723,Motion picture theater operator,2021-06-18
552118.85,2911 Main LTD,2911 Main LTD - SVOG,2911 Main,Dallas,TX,75226,Live venue operator or promoter,2021-07-27
546924.15,Butler Productions Inc.,Butler Productions Inc. - SVOG,425 Commerce St,Fort Worth,TX,76102,Live venue operator or promoter,2021-07-22
539308.8,Tin Star Entertainment Ltd.,Tin Star Entertainment Ltd. - SVOG,120 E. Hill St. undefined,Keller,TX,76248,Live venue operator or promoter,2021-06-28
538105.09,"Rainmaker Entertainment Group, LLC","Rainmaker Entertainment Group, LLC - SVOG",PO BOX 342229,Lakeway,TX,78734,Talent representative,2021-06-21
534511.04,Brauntex Performing Arts Theatre Association,Brauntex Performing Arts Theatre Association - SVOG,290 W San Antonio Street,New Braunfels,TX,78130,Live performing arts organization operator,2021-07-10
531349,Sunset Room LLC,Sunset Room LLC - SVOG,310 East 3rd St.,Austin,TX,78701,Live venue operator or promoter,2021-07-15
526495.31,Blanton Museum of Art,Blanton Museum of Art - SVOG,"200 E. Martin Luther King Jr. Blvd., Stop D1303",Austin,TX,78712,Museum Operator,2021-07-27
521210.25,Moontime LLC dba The Hole in the Wall,Moontime LLC dba The Hole in the Wall - SVOG,2538 Guadalupe Street,Austin,TX,78705,Live venue operator or promoter,2021-08-26
520604.03,ALT VISION INCORPORATED,ALT VISION INCORPORATED - SVOG,1110 South Lamar Boulevard STE 1466,Austin,TX,78704,Talent representative,2021-06-21
516793.05,"E3G Eatertainment, LLC","E3G Eatertainment, LLC - SVOG",3005 Morton St,Fort Worth,TX,76107,Live venue operator or promoter,2021-08-08
507564.97,Hooms Inc.,Hooms Inc. - SVOG,208 E 6th Street,Austin,TX,78701,Live venue operator or promoter,2021-08-09
507378.38,"Yagas Entertainment, LLC","Yagas Entertainment, LLC - SVOG",2314 Strand Street,Galveston,TX,77550,Live venue operator or promoter,2021-07-23
506556,"Lola's IV, Inc","Lola's IV, Inc - SVOG",2736 W 6th St,Fort Worth,TX,76107,Live venue operator or promoter,2021-08-02
505481.13,ENDZONE MANAGMENT,ENDZONE MANAGMENT - SVOG,10145 N HWT 16,POTEET,TX,78065,Talent representative,2021-10-26
504910.15,VORTEX Repertory Company,VORTEX Repertory Company - SVOG,2307 Manor Rd,Austin,TX,78722,Live venue operator or promoter,2021-07-16
504324.36,Levitation Partners LLC,Levitation Partners LLC - SVOG,2307 East 13th Street,Austin,TX,78702,Live venue operator or promoter,2021-07-14
498921.38,Coalition Entertainment LLC,Coalition Entertainment LLC - SVOG,2615 1/2 Hibernia Street,Dallas,TX,85204,Talent representative,2021-07-10
497033.11,Woodlawn Theatre Inc.,Woodlawn Theatre Inc. - SVOG,1920 Fredericksburg Road,San Antonio,TX,78201,Live performing arts organization operator,2021-07-08
496802.64,MPN Alamo LLC,MPN Alamo LLC - SVOG,113 Ridge Road,Wilson,TX,79381,Motion picture theater operator,2021-12-03
496705.72,"Leebro, LTD. (dba Starlight Ranch)","Leebro, LTD. (dba Starlight Ranch) - SVOG",7701 I 40 E,Amarillo,TX,79118,Live venue operator or promoter,2021-07-07
494992,Stargazer Productions LLC,Stargazer Productions LLC - SVOG,6604 Myrtle Beach Dr.,Plano,TX,75093,Talent representative,2021-10-26
492139.83,"Farmers Branch Community Theatre, Inc.","Farmers Branch Community Theatre, Inc. - SVOG",2535 Valley View Lane,Farmers Branch,TX,75234,Theatrical producer,2021-07-06
486000,"North Shore Cinema 8 Co., L.L.C.","North Shore Cinema 8 Co., L.L.C. - SVOG",251 Buddy Ganem Dr,Portland,TX,78374,Motion picture theater operator,2022-04-12
483705.84,sharon burke,sharon burke - SVOG,22308 Highway 71 W,Spicewood,TX,78669,Live venue operator or promoter,2021-07-28
481264.88,"Longhorn Ballroom, LLC","Longhorn Ballroom, LLC - SVOG",5815 Lewis St,Dallas,TX,75206,Live venue operator or promoter,2021-06-25
479164.75,RCPJMPLLC,RCPJMPLLC - SVOG,4553 North Loop 1604 W,San Antonio,TX,78249,Live venue operator or promoter,2021-07-03
476853.55,Bucks Backyard LLC,Bucks Backyard LLC - SVOG,1750 S FM 1626,Buda,TX,78610,Live venue operator or promoter,2021-07-13
466598.81,Seismic Dance Event LLC,Seismic Dance Event LLC - SVOG,2912 Garwood Street Suite A,Austin,TX,78702,Live venue operator or promoter,2021-07-03
463564.29,"Corpus Christi Symphony Society, Inc","Corpus Christi Symphony Society, Inc - SVOG","555 N Carancuhua Street, Suite 410",Corpus Christi,TX,78401,Live performing arts organization operator,2021-07-09
461425.68,360 Advertising LLC,360 Advertising LLC - SVOG,P.O. Box 741028,Houston,TX,77274,Live venue operator or promoter,2021-07-07
456193.15,Sci-Tech Discovery Center Inc,Sci-Tech Discovery Center Inc - SVOG,8004 N DALLAS PKWY #100,FRISCO,TX,75034,Museum Operator,2021-07-23
453142.75,San Antonio Little Theatre Inc.,San Antonio Little Theatre Inc. - SVOG,800 W. Ashby Pl.,San Antonio,TX,78212,Live performing arts organization operator,2021-07-07
450885.03,Thunderbird Entertainment Inc,Thunderbird Entertainment Inc - SVOG,4508 WIllow Bark Way,El Paso,TX,79922,Live venue operator or promoter,2021-11-02
445118.63,Lucky Loser Touring LLC,Lucky Loser Touring LLC - SVOG,"5000 El Dorado Pkwy, Suite 150-216",Frisco,TX,75033,Live performing arts organization operator,2021-11-04
444785.98,"Roadhouse Tickets, Inc.","Roadhouse Tickets, Inc. - SVOG",26 HWY 289,Comfort,TX,78013,Live venue operator or promoter,2021-06-25
443530.92,City of Dallas- Moody Performance Hall,City of Dallas- Moody Performance Hall - SVOG,2520 Flora St.,Dallas,TX,75201,Live venue operator or promoter,2021-07-16
441497.19,ONEORBIT LLC,ONEORBIT LLC - SVOG,2715 Centenary Street,Houston,TX,77005,Talent representative,2021-07-02
437964.17,DONALD CALDWELL,DONALD CALDWELL - SVOG,PO Box 2526,LUBBOCK,TX,79408,Live venue operator or promoter,2021-06-28
437013.06,"Austin Oddities Entertainment, LLC","Austin Oddities Entertainment, LLC - SVOG",1916 W Mulberry Ave,San Antonio,TX,78201,Talent representative,2021-08-20
435251.8,"Kerrville Folk Festival Foundation, Inc.","Kerrville Folk Festival Foundation, Inc. - SVOG",3876 Medina Hwy.,Kerrville,TX,78028,Live venue operator or promoter,2021-07-08
431332.58,Continental Main Ltd,Continental Main Ltd - SVOG,3700 Main St,Houston,TX,77002,Live venue operator or promoter,2021-07-02
430890.05,Houston Family Arts Center DBA Stageworks Theatre,Houston Family Arts Center DBA Stageworks Theatre - SVOG,10760 Grant Road,Houston,TX,77070,Live performing arts organization operator,2021-06-17
430363.13,"The Parish Austin, LLC","The Parish Austin, LLC - SVOG",214 E 6th St,Austin,TX,78701,Live venue operator or promoter,2021-06-19
429965.55,"Scatpack, lp","Scatpack, lp - SVOG",111 West 4th St. Ste. 11,Fort Worth,TX,76102,Live venue operator or promoter,2021-07-02
429703.73,"EMO NIGHT BROOKLYN, LLC","EMO NIGHT BROOKLYN, LLC - SVOG","1700 E 4TH ST, APT 2261",AUSTIN,TX,78702,Live venue operator or promoter,2021-06-14
428925,GCE Presents,GCE Presents - SVOG,5818 Nickel Bend Ln,Rosenberg,TX,77469,Live venue operator or promoter,2021-07-08
423780.75,Replay Holdings LLC,Replay Holdings LLC - SVOG,409 E. Sycamore,Detnon,TX,76201,Live venue operator or promoter,2021-07-16
420374.8,"Clear River Music, LLC","Clear River Music, LLC - SVOG",26 HWY 289,comfort,TX,78013,Live venue operator or promoter,2021-06-25
419713.2,Butler IV Productions Inc.,Butler IV Productions Inc. - SVOG,5321 E. Mockingbird Ln #220,Dallas,TX,75206,Live venue operator or promoter,2021-07-09
419551.36,Lubbock Moonlight Musicals,Lubbock Moonlight Musicals - SVOG,2806 AVENUE A,LUBBOCK,TX,79404,Live venue operator or promoter,2021-06-29
418225.56,"Cultural Activities Center, Inc","Cultural Activities Center, Inc - SVOG",3011 N. 3rd St,Temple,TX,76051,Live performing arts organization operator,2021-07-30
416841.02,ALLISON TUCKER DBA THE SILENT PARTNER,ALLISON TUCKER DBA THE SILENT PARTNER - SVOG,4909 RAND,DALLAS,TX,75216,Live venue operator or promoter,2021-08-30
416739.48,Dei Gratia Inc,Dei Gratia Inc - SVOG,705 Red River St,Austin,TX,78701,Live venue operator or promoter,2021-07-07
412561.67,Improv Productions LLC,Improv Productions LLC - SVOG,617 Congress Ave,Austin,TX,78701,Live venue operator or promoter,2021-06-18
411900.75,Instrumental Entertainment,Instrumental Entertainment - SVOG,813 Exposition Avenue,Dallas,TX,75226,Live venue operator or promoter,2021-07-16
408735.17,"Bravo Productions Entertainment, Inc.","Bravo Productions Entertainment, Inc. - SVOG",16357 Lauder Ln,Dallas,TX,75248,Talent representative,2021-07-29
407831.83,"The 4 Star Concert Hall, LLC","The 4 Star Concert Hall, LLC - SVOG",209 S Market St,Brenham,TX,77833,Live venue operator or promoter,2021-07-28
405430.03,Texas International Theatrical Arts Society,Texas International Theatrical Arts Society - SVOG,700 N. Pearl Street Suite N1800,Dallas,TX,75201,Live performing arts organization operator,2021-07-27
396750.15,Hotluck LLC,Hotluck LLC - SVOG,1208 East 7th Street 2nd Floor,Austin,TX,78702,Live venue operator or promoter,2021-07-10
396553.42,Sin On Wheels LLC,Sin On Wheels LLC - SVOG,3510 Commerce Street,Dallas,TX,75226,Live venue operator or promoter,2021-07-07
395686.4,Tom's Daiquiri Place Inc.,Tom's Daiquiri Place Inc. - SVOG,1808 Buddy Holly Ave 1806 buddy Holly Ave,Lubbock,TX,79401,Live venue operator or promoter,2021-08-04
394003.14,"Double C Cinema, Inc.","Double C Cinema, Inc. - SVOG",303 WILD HORSE RD,DECATUR,TX,76234,Motion picture theater operator,2021-06-19
393014.46,"EABDBL, LP","EABDBL, LP - SVOG",6970 Market Ave,El Paso,TX,79915,Live venue operator or promoter,2021-07-13
382076.13,Galaxy Productions LLC,Galaxy Productions LLC - SVOG,1115 Tampico,San Antonio,TX,78207,Live venue operator or promoter,2021-07-10
380829.81,"Inspire Productions, LLC","Inspire Productions, LLC - SVOG",7 Switchbud Place Suite 192 #252,The Woodlands,TX,77380,Live venue operator or promoter,2021-08-19
375473.59,The Son Of Primus LLC,The Son Of Primus LLC - SVOG,801 Pecan Blvd Suite A,McAllen,TX,78573,Live venue operator or promoter,2021-09-28
374557.1,"Conspirare, Inc.","Conspirare, Inc. - SVOG",1812 Centre Creek Dr. Suite 110,Austin,TX,78754,Live performing arts organization operator,2021-07-01
374270.27,"Theatre Arlington, Inc","Theatre Arlington, Inc - SVOG",305 W. Main St.,Arlington,TX,76010,Live performing arts organization operator,2021-07-01
372001.33,"Psychedelic Robot, LLC","Psychedelic Robot, LLC - SVOG",300 Crescent Court Suite 100,Dallas,TX,75201,Live venue operator or promoter,2021-08-23
367428.65,Owens Entertainment LLC,Owens Entertainment LLC - SVOG,6531 FM 78 Ste 110-462,San Antonio,TX,78244,Live venue operator or promoter,2021-07-20
356883.51,Museum of the American Railroad,Museum of the American Railroad - SVOG,6455 Page Street,Frisco,TX,75034,Museum Operator,2021-06-28
341264.58,Junior Players Guild,Junior Players Guild - SVOG,12225 Greenville Avenue Suite 1020,Dallas,TX,75243,Live performing arts organization operator,2021-07-07
341008.48,"Van Cliburn Foundation, Inc.","Van Cliburn Foundation, Inc. - SVOG",201 Main Street Suite 100,Fort Worth,TX,76102,Live performing arts organization operator,2021-06-28
339756.19,Play Some Skynard LLC,Play Some Skynard LLC - SVOG,16301 Quorum Dr Ste 250B,Addison,TX,75001,Live venue operator or promoter,2021-10-06
339436.37,Giddy Ups LLC,Giddy Ups LLC - SVOG,12010 Manchaca Road,Austin,TX,78748,Live venue operator or promoter,2021-07-15
338786.48,Gemini Bar LLC,Gemini Bar LLC - SVOG,119 Cheatham Street,San Marcos,TX,78666,Live venue operator or promoter,2021-06-22
333098.46,"EPE ENTERPRISES, INC.","EPE ENTERPRISES, INC. - SVOG",2012 GREENBRIAR LN,Plano,TX,75074,Talent representative,2021-07-03
329800,House Pasture Cattle Company LLC,House Pasture Cattle Company LLC - SVOG,3064 CR 348,CONCAN,TX,78838,Live venue operator or promoter,2021-07-08
326402.94,Lovebuzz LLC,Lovebuzz LLC - SVOG,3011 Pershing,El Paso,TX,79903,Live venue operator or promoter,2021-06-26
325014.26,"Schulman Amusement Company, LLC","Schulman Amusement Company, LLC - SVOG",4565 Lake Shore Drive,Waco,TX,76710,Motion picture theater operator,2021-08-18
324286.2,DBA AvantGarden Mariana Lemesoff,DBA AvantGarden Mariana Lemesoff - SVOG,411 Westheimer rd,Houston,TX,77006,Live venue operator or promoter,2021-07-27
318552.75,2407 Investments Inc.,2407 Investments Inc. - SVOG,2407 N. St. Mary's,San Antonio,TX,78212,Live venue operator or promoter,2021-11-02
317279.6,Arcadia Movies LLC,Arcadia Movies LLC - SVOG,1315 1st Street,Floresville,TX,78114,Motion picture theater operator,2021-07-03
315579.13,"Bass Theatres, Inc.","Bass Theatres, Inc. - SVOG",108 N. Lamar St.,Daingerfield,TX,75638,Motion picture theater operator,2021-07-14
314500,Granbury Live LLC,Granbury Live LLC - SVOG,110 N Crocket Stree,Granbury,TX,76048,Live venue operator or promoter,2021-07-14
311468.22,"The Music Box Theater, Inc.","The Music Box Theater, Inc. - SVOG",2623 Colquitt Street,Houston,TX,77098,Live venue operator or promoter,2021-07-17
309660.38,Jam City LLC,Jam City LLC- SVOG,P.O. Box 49703,Austin,TX,78765,Live performing arts organization operator,2021-08-26
307958.76,Motion Media,Motion Media - SVOG,2200 Tillery Street,Austin,TX,78723,Live venue operator or promoter,2021-10-20
304996.97,Hudson's On Mercer Street,Hudson's On Mercer Street - SVOG,381 W. Mercer Street,Dripping Springs,TX,78620,Live venue operator or promoter,2021-07-06
303211.38,"El Paso Symphony Orchestra Assn., Inc.","El Paso Symphony Orchestra Assn., Inc. - SVOG",#1 Civic Center Plaza,El Paso,TX,79901,Live performing arts organization operator,2021-07-07
302429.15,"Uptown Players, Inc","Uptown Players, Inc - SVOG",3636 Turtle Creek Blvd,Dallas,TX,75219,Live performing arts organization operator,2021-06-28
301927.82,"Roadwerx Touring, LLC","Roadwerx Touring, LLC - SVOG",1800 N. Stanton #1101,El Paso,TX,79902,Live performing arts organization operator,2021-07-07
298656,Longview Arboretum and Nature Center,Longview Arboretum and Nature Center - SVOG,706 West Cotton St.,Longview,TX,75604,Museum Operator,2021-07-14
296512.23,Promociones Rodeo LLC,Promociones Rodeo LLC - SVOG,10531 Gulf Freeway,Houston,TX,77034,Live performing arts organization operator,2021-06-23
296147.67,"Western and Southern Arts Associates, Inc. (DBA Holden & Arts Associat","Western and Southern Arts Associates, Inc. (DBA Holden & Arts Associat - SVOG",3007 East 13th Street,Austin,TX,78702,Talent representative,2021-06-26
295839.3,The Bryan - Texana Foundation: DBA-The Bryan Museum,The Bryan - Texana Foundation: DBA-The Bryan Museum - SVOG,1315 21st Street,Galveston,TX,77550,Museum Operator,2021-08-05
295764.08,Flamingo Cantina Inc,Flamingo Cantina Inc - SVOG,515 E 6th St,Austin,TX,78732,Live venue operator or promoter,2021-06-12
293125.95,APT BAR LTD,APT BAR LTD - SVOG,1701 Commonwealth,Houston,TX,77006,Live venue operator or promoter,2021-10-28
291772.8,william r angelini,william r angelini - SVOG,519 FERMIN LN,seguin,TX,78155,Talent representative,2021-08-02
291589.14,NVGM Exploratory,NVGM Exploratory - SVOG,8004 Dallas Parkway Suite 300,Frisco,TX,75034,Museum Operator,2021-06-18
285692.15,Children's Museum of Brownsville,Children's Museum of Brownsville - SVOG,501 E. Ringgold Street #5 Dean Porter Park,Brownsville,TX,78520,Museum Operator,2021-07-11
285527.71,"Young Audiences, Inc. of Houston","Young Audiences, Inc. of Houston - SVOG","675 Bering Drive, Suite 300",Houston,TX,77057,Talent representative,2021-07-16
280235.07,Pizzitola Productions LLC,Pizzitola Productions LLC - SVOG,4665 Sweetwater Blvd. Suite 600,Sugar Land,TX,77479,Live venue operator or promoter,2021-07-17
280212.2,Fuse Box Austin,Fuse Box Austin - SVOG,2824 Real St,Austin,TX,78722,Live performing arts organization operator,2021-10-06
279957.02,"Allied Theatre Group, Inc","Allied Theatre Group, Inc - SVOG",821 W Vickery Blvd,Fort Worth,TX,76104,Live performing arts organization operator,2021-07-09
279440.1,UBAR NONE LLC,UBAR NONE LLC - SVOG,1515 North St Marys St,San Antonio,TX,78215,Live venue operator or promoter,2021-07-14
274682.3,Rock Ridge Principals LLC,Rock Ridge Principals LLC - SVOG,2603 Berenson Lane,Austin,TX,78746,Motion picture theater operator,2021-06-30
273734.91,Two Elm LLC,Two Elm LLC - SVOG,617 E 7th St.,AUSTIN,TX,78701,Live venue operator or promoter,2021-08-24
271795.4,"Come And Take It Productions, LLC","Come And Take It Productions, LLC - SVOG",213 Otono Loop,Kyle,TX,78640,Live venue operator or promoter,2021-06-13
270858.52,Dallas Wind Symphony,Dallas Wind Symphony - SVOG,PO Box 595026,Dallas,TX,75359,Live performing arts organization operator,2021-07-01
269532.03,"Fort Worth Opera Association, Inc","Fort Worth Opera Association, Inc - SVOG",505 Pecan Street Suite 100,Fort Worth,TX,76102,Live performing arts organization operator,2021-06-30
269412.75,Grand Monsieur Entertainment,Grand Monsieur Entertainment - SVOG,9706 Trailing Moss Ct.,Houston,TX,77064,Talent representative,2021-11-02
266892.33,Mike Walker Creative LLC,Mike Walker Creative LLC - SVOG,5307 E. Mockingbird Ln. #500,Dallas,TX,75206,Live venue operator or promoter,2021-07-13
266863.8,"Blues Kings, Ltd","Blues Kings, Ltd - SVOG",615 S Upper Broadway,Corpus Christi,TX,78401,Live venue operator or promoter,2021-07-20
264748.5,Rich Man Incorporated,Rich Man Incorporated - SVOG,19906 Siesta Shores Dr,Spicewood,TX,78669,Live performing arts organization operator,2021-08-22
264362.9,Blue Water Partners Inc.,Blue Water Partners Inc. - SVOG,2423 North St. Mary's St.,San Antonio,TX,78212,Live venue operator or promoter,2021-06-18
263851.7,SMG EVENTS LLC,SMG EVENTS LLC - SVOG,11141 Volare,El Paso,TX,79936,Live venue operator or promoter,2021-07-28
263388.35,Full House Sound Productions,Full House Sound Productions - SVOG,1009 W. Kaufman St.,Paris,TX,75460,Live venue operator or promoter,2021-08-02
262282.05,CHINO ENTERTAINMENT LLC,CHINO ENTERTAINMENT LLC - SVOG,14641 Gladebrook Drive,Houston,TX,77068,Live venue operator or promoter,2021-06-28
260660.05,PLAZA R3 LLC DBA PLAZA DE TOROS R3,PLAZA R3 LLC DBA PLAZA DE TOROS R3 - SVOG,7704 S FM 973,AUSTIN,TX,78719,Live venue operator or promoter,2021-07-27
259643.25,Mid Life Paradise Inc,Mid Life Paradise Inc - SVOG,210 N Crowdus,Dallas,TX,75226,Live venue operator or promoter,2021-06-29
257910.99,HARBOR PLAYHOUSE COM,HARBOR PLAYHOUSE COM - SVOG,1802 N. Chaparral St.,Corpus Christi,TX,78401,Live performing arts organization operator,2021-06-17
253156.25,Austin Scottish Rite Community and Children's Theater,Austin Scottish Rite Community and Children's Theater - SVOG,207 W 18th St,Austin,TX,78701,Live performing arts organization operator,2021-07-15
253043,The Woodlands Children's Museum,The Woodlands Children's Museum - SVOG,"4775 W. Panther Creek Drive, Suite 280",The Woodlands,TX,77381,Museum Operator,2021-07-08
252309.18,The Louise Hopkins Underwood Center for the Arts,The Louise Hopkins Underwood Center for the Arts - SVOG,511 Ave K,Lubbock,TX,79401,Museum Operator,2021-08-02
250068.45,"Top Star Events & Entertainment, LLC","Top Star Events & Entertainment, LLC - SVOG",2500 South Shore Blvd. Marina Suite B,League City,TX,77573,Live venue operator or promoter,2021-11-10
246631.95,"Lucas Beverage Group of Texas, LLC","Lucas Beverage Group of Texas, LLC - SVOG","909 3rd Street, Suite C",Marble Falls,TX,78654,Live venue operator or promoter,2021-06-28
244779.31,The Museum of Human Achievement,The Museum of Human Achievement - SVOG,3600 Lyons Rd.,Austin,TX,78702,Live venue operator or promoter,2021-07-12
244224,Hello Entertainment Group LLC,Hello Entertainment Group LLC - SVOG,1401 Lavaca St #162,Austin,TX,78701,Live venue operator or promoter,2021-10-27
244059.73,Stellar Art Group Company Ltd,Stellar Art Group Company Ltd - SVOG,919 Indiana,Wichita Falls,TX,76301,Live performing arts organization operator,2021-06-24
243787.03,TexARTS Association for Visual and Performing Arts,TexARTS Association for Visual and Performing Arts - SVOG,2300 Lohmans Spur STE 160,Austin,TX,78734,Live performing arts organization operator,2021-07-03
243466.22,The Catastrophic Theatre Inc,The Catastrophic Theatre Inc - SVOG,3400 Main Street Ste 285,Houston,TX,77002,Theatrical producer,2021-08-17
243077.85,Center for African American Military History,Center for African American Military History - SVOG,3816 Caroline st,Houston,TX,77004,Museum Operator,2021-07-16
242890.65,"Illevated Sounds, LLC","Illevated Sounds, LLC - SVOG",3143 Bissonnet St,Houston,TX,77005,Live venue operator or promoter,2021-06-13
240273.47,"THE OPERA SAN ANTONIO, D/B/A OPERA SAN ANTONIO","THE OPERA SAN ANTONIO, D/B/A OPERA SAN ANTONIO - SVOG",4500 Industry Park Drive,San Antonio,TX,78218,Live performing arts organization operator,2021-07-02
236945.1,West Side Stories FEC LLC,West Side Stories FEC LLC - SVOG,522 Oak Street,Graham,TX,76450,Motion picture theater operator,2021-06-28
234205.43,Mercer Street Dance Hall LLC,Mercer Street Dance Hall LLC - SVOG,23490 Ranch Road 12,Driftwood,TX,78619,Live venue operator or promoter,2021-09-23
231973.88,"Mercury Chamber Orchestra, Inc.","Mercury Chamber Orchestra, Inc. - SVOG","3100 Timmons Lane, Suite 201",Houston,TX,77027,Live performing arts organization operator,2021-07-07
228631,Sonja Ledwig DBA Shades Club,Sonja Ledwig DBA Shades Club - SVOG,107 12th St 3618 Nichols Ave,Bay City,TX,77414,Live venue operator or promoter,2021-07-21
226800,RED SOUND INC.,RED SOUND INC. - SVOG,1300 Thistle Lane,Mansfield,TX,76063,Live venue operator or promoter,2021-07-27
225708.47,"UTOPiAfest, LLC","UTOPiAfest, LLC - SVOG",16238 Oak Grove Rd. Unit A,Buda,TX,78610,Live venue operator or promoter,2021-07-10
224489.94,"Sweet Tooth Hotel, Inc.","Sweet Tooth Hotel, Inc. - SVOG",2316 Victory Park Lane,Dallas,TX,75219,Live venue operator or promoter,2021-09-23
223779.93,"Angelina Arts Alliance, Inc.","Angelina Arts Alliance, Inc. - SVOG",P.O. Box 152634,Lufkin,TX,75915,Live performing arts organization operator,2021-07-07
223476.48,Kids Who Care Inc.,Kids Who Care Inc. - SVOG,1300 Gendy,Fort Worth,TX,76107,Live performing arts organization operator,2021-07-08
221015.27,"Playhouse 2000, Inc.","Playhouse 2000, Inc. - SVOG",305 Washington Street,Kerrville,TX,78028,Live venue operator or promoter,2021-09-10
219096.44,"Opera in the Heights, INC","Opera in the Heights, INC - SVOG",PO Box 7887,Houston,TX,77270,Live performing arts organization operator,2021-07-12
218732.4,SP & Daughters Cinema LLC,SP & Daughters Cinema LLC - SVOG,1210 E Belt Line Rd,Richardson,TX,75081,Motion picture theater operator,2022-04-08
215239,"Don Harrington Discovery Center Foundation, Inc.","Don Harrington Discovery Center Foundation, Inc. - SVOG",1200 Streit Drive,Amarillo,TX,79106,Museum Operator,2021-07-14
214334.6,Museum of South Texas History,Museum of South Texas History - SVOG,200 N. Closner Blvd.,Edinburg,TX,78541,Museum Operator,2021-09-03
213956.43,"The Grand Clubs, LLC","The Grand Clubs, LLC - SVOG",1115 Waterford Way,Allen,TX,75013,Live venue operator or promoter,2021-07-30
212608.79,"B & C Entertainment, LLC","B & C Entertainment, LLC - SVOG",7941 Katy Freeway #750,Houston,TX,77024,Theatrical producer,2021-06-23
211244.65,"Plano Symphony Orchestra, A Non-Profit Corporation","Plano Symphony Orchestra, A Non-Profit Corporation - SVOG",1635 Dorchester Drive,Plano,TX,75075,Live performing arts organization operator,2021-07-02
209950.94,"Schroeder Dance Hall, LLC","Schroeder Dance Hall, LLC - SVOG",12516 FM 622,Goliad,TX,77963,Live venue operator or promoter,2021-07-01
209053.62,"Circle Theatre, Inc.","Circle Theatre, Inc. - SVOG",230 West St,Fort Worth,TX,76102,Live performing arts organization operator,2021-07-09
208909.13,415 Productions LLC,415 Productions LLC - SVOG,555 E 5TH STREET #823,AUSTIN,TX,78701,Live venue operator or promoter,2021-06-14
208900,The Theater Group LLC,The Theater Group LLC - SVOG,1201 N Hobart St Unit 1-F,Pampa,TX,79065,Motion picture theater operator,2021-08-17
207836.55,"That's How It Starts Event Management, LLC","That's How It Starts Event Management, LLC - SVOG",211 Sleat Dr.,Spicewood,TX,78669,Live venue operator or promoter,2021-10-12
207049.27,Creative Arts Studio LLC,Creative Arts Studio LLC - SVOG,2500 Dicker Rd. Suite C,HIDALGO,TX,78557,Live performing arts organization operator,2021-07-28
204661.3,Richardson Symphony Inc,Richardson Symphony Inc - SVOG,"399 West Campbell Road, Suite 200A",Richardson,TX,75080,Live performing arts organization operator,2021-07-09
204630.3,"LIGHTWIRE THEATER PRODUCTIONS, LLC","LIGHTWIRE THEATER PRODUCTIONS, LLC - SVOG",3535 GILLESPIE STREET #101,DALLAS,TX,75219,Live venue operator or promoter,2021-06-28
203948.77,MamaTriedSATX LLC,MamaTriedSATX LLC - SVOG,2114 N St Mary's,San Antonio,TX,78212,Live venue operator or promoter,2021-07-03
202010.58,"Amarillo Symphony, Inc","Amarillo Symphony, Inc - SVOG",PO Box 2586,Amarillo,TX,79105,Live performing arts organization operator,2021-07-09
200662.5,David H Hickey II dab David Hickey Agency,David H Hickey II dab David Hickey Agency - SVOG,3549 Suffolk Dr PO Box 100279,Ft Worth,TX,76109,Talent representative,2021-07-08
198775.84,Munoz Public Relations,Munoz Public Relations - SVOG,P.O. Box 23250,San Antonio,TX,78223,Live venue operator or promoter,2021-07-13
198578.35,"T & C Hayden Enterprises, LLC","T & C Hayden Enterprises, LLC - SVOG","4700 Padre Blvd, P.O. Box 3809",South Padre Island,TX,78597,Motion picture theater operator,2021-07-19
198526.35,Ballet Lubbock,Ballet Lubbock - SVOG,"1300 Mac Davis Ln, St. 1",Lubbock,TX,79401,Live performing arts organization operator,2021-07-08
197455.94,The Shakespeare Festival of Dallas,The Shakespeare Festival of Dallas - SVOG,1250 Majesty Drive,Dallas,TX,75247,Theatrical producer,2021-07-02
196088.4,Austin Classical Guitar Society,Austin Classical Guitar Society - SVOG,PO Box 4072,Austin,TX,78765,Live performing arts organization operator,2021-07-14
195558.69,San Angelo Symphony Society,San Angelo Symphony Society - SVOG,"72 W College, West Mezzanine",San Angelo,TX,76903,Live performing arts organization operator,2021-07-23
195374.6,Creative Arts Alliance,Creative Arts Alliance - SVOG,2212 St Nicholas Court,Plano,TX,75075,Live performing arts organization operator,2021-08-11
195115.7,Havana's Investments LLC,Havana's Investments LLC - SVOG,3939 Cypress Creek Parkway,Houston,TX,77073,Live venue operator or promoter,2021-07-14
194059.85,"Boukarou International, LLC DBA Sahara Lounge","Boukarou International, LLC DBA Sahara Lounge - SVOG",1413 Webberville Road,Austin,TX,78721,Live venue operator or promoter,2021-06-19
193376.23,"William R, Hearn DBA The Grand Ol' Production Company","William R, Hearn DBA The Grand Ol' Production Company - SVOG",1630 Bayram Dr,Houston,TX,77055,Theatrical producer,2021-06-30
192375,"EP Creative Growth, LLC.","EP Creative Growth, LLC. - SVOG",500 N. Oregon St. 2nd Floor,El Paso,TX,79901,Live venue operator or promoter,2021-06-25
189618.27,Da Camera Society of Texas,Da Camera Society of Texas - SVOG,1402 Sul Ross,Houston,TX,77006,Live performing arts organization operator,2021-08-17
189085.95,Corpus Christi Ballet,Corpus Christi Ballet - SVOG,1621 N Mesquite,Corpus Christi,TX,78401,Live performing arts organization operator,2021-07-12
188658.13,South Texas Symphony Association,South Texas Symphony Association - SVOG,P.O. BOX 2832,McAllen,TX,78505,Live performing arts organization operator,2021-07-07
188579.48,Grand Stafford Theater Corporation,Grand Stafford Theater Corporation - SVOG,106 S Main St,Bryan,TX,77803,Live venue operator or promoter,2021-06-21
187860.45,The Quenedit Ballet LLC,The Quenedit Ballet LLC - SVOG,22610 US 281 N Suite 221,San Antonio,TX,78258,Live performing arts organization operator,2021-07-07
187634.9,Children's Chorus of Greater Dallas,Children's Chorus of Greater Dallas - SVOG,"325 North St. Paul Street, Suite 2020",Dallas,TX,75201,Live performing arts organization operator,2021-07-08
184863.6,BookEm,BookEm - SVOG,PO Box 1718,McAllen,TX,78502,Live venue operator or promoter,2021-09-07
180201,Dynamic TX Entertainment LLC,Dynamic TX Entertainment LLC - SVOG,421 S Midway Rd,Weslaco,TX,78596,Live venue operator or promoter,2021-10-01
179020.13,CTRL Group Holdings LLC .,CTRL Group Holdings LLC . - SVOG,10831 Kittybrook Dr,Houston,TX,77071,Live venue operator or promoter,2021-12-08
178982.93,"TS Management, LLC","TS Management, LLC - SVOG",1150 CR 155,Georgetown,TX,78626,Talent representative,2021-06-27
177554.03,John Iskander,John Iskander - SVOG,1602 Tribeca Way,Dallas,TX,75204,Live venue operator or promoter,2021-07-12
175121.1,"The Symphony of Southeast Texas, Inc.","The Symphony of Southeast Texas, Inc. - SVOG",4345 Phelan Blvd Suite 105,Beaumont,TX,77707,Live performing arts organization operator,2021-07-13
174468.8,Representaciones Prado LLC,Representaciones Prado LLC - SVOG,2528 KING DRIVE,Donna,TX,78537,Talent representative,2021-07-21
172901.8,HYDE PARK THEATRE,HYDE PARK THEATRE - SVOG,511 W 43rd St,Austin,TX,78751,Theatrical producer,2021-07-13
172210.22,Twin Dolphins Cinema LLC,Twin Dolphins Cinema LLC - SVOG,152 State Highway 152 N,Port Lavaca,TX,77979,Motion picture theater operator,2021-06-19
169256.25,Solel International,Solel International - SVOG,6134 Micollet St,Houston,TX,77016,Live performing arts organization operator,2021-08-02
169110.62,El Rey Productions Inc,El Rey Productions Inc - SVOG,311 S 17th,McAllen,TX,78501,Live venue operator or promoter,2021-07-09
164263.95,TSE Entertainment L.L.C.,TSE Entertainment L.L.C. - SVOG,1618 County Road 243,Bay City,TX,77414,Talent representative,2021-06-19
160805.78,"Theatre Three, Inc","Theatre Three, Inc - SVOG",2800 Routh St Ste 168,Dallas,TX,75201,Theatrical producer,2021-07-07
160534.58,Banjos to Beats Production LLC,Banjos to Beats Production LLC - SVOG,2520 Wedglea Dr.,Dallas,TX,75211,Live venue operator or promoter,2021-06-03
160462.1,PURPLE XPERIENCE,PURPLE XPERIENCE - SVOG,13115 MANSFIELD DRIVE,AUSTIN,TX,78732,Live performing arts organization operator,2021-07-22
158147.35,Bosque Arts Center,Bosque Arts Center - SVOG,215 S. College Hill Drive,Clifton,TX,76634,Live performing arts organization operator,2021-07-16
156324.23,Victoria Community Theatre Inc dba Theatre Victoria,Victoria Community Theatre Inc dba Theatre Victoria - SVOG,214 N. Main St.,Victoria,TX,77901,Live performing arts organization operator,2021-07-08
156174.75,Bull West Live inc,Bull West Live inc - SVOG,391 East las Colinas Blvd suit 130,Irving,TX,75039,Live venue operator or promoter,2021-07-10
152380.8,G&G Promotions LLC DBA Casa Blanca Ballroom,G&G Promotions LLC DBA Casa Blanca Ballroom - SVOG,6402 N Bartlett Suite 1,Laredo,TX,78041,Live venue operator or promoter,2021-06-15
151921.23,Leprechaun Productions LLC,Leprechaun Productions LLC - SVOG,2200 FM 2001,Buda,TX,78610,Live venue operator or promoter,2021-06-12
151898.46,Austin Overtures Corporation,Austin Overtures Corporation - SVOG,16104 Fisher Hollow Trail,Leander,TX,78641,Live venue operator or promoter,2021-07-03
149594.27,Temple Civic Theatre,Temple Civic Theatre - SVOG,2413 S. 13th Street,Temple,TX,76504,Live performing arts organization operator,2021-07-01
148166.65,"Simply Speaking, Inc.","Simply Speaking, Inc. - SVOG",4807 Spicewood Springs Rd Suite 1120,Austin,TX,78759,Talent representative,2021-07-10
145745,"Promising Projects, Inc.","Promising Projects, Inc. - SVOG","3001 W. Loop 250 North Suite C-105, Box #263",Midland,TX,79705,Live venue operator or promoter,2021-07-03
145398.86,Unity Theatre Company,Unity Theatre Company - SVOG,300 Church Street,Brenham,TX,77833,Theatrical producer,2021-07-14
144621.05,STATIC SOUND FORT WORTH LLC,STATIC SOUND FORT WORTH LLC - SVOG,1002 South Main Street,Fort Worth,TX,76104,Live venue operator or promoter,2021-07-06
144112.76,"Arlington Museum of Art, Inc.","Arlington Museum of Art, Inc. - SVOG",201 W Main St,Arlington,TX,76010,Museum Operator,2021-06-22
143341.7,Avista Products,Avista Products - SVOG,3363 E. Commerce 116,San Antonio,TX,78220,Live venue operator or promoter,2021-07-09
143208.4,Waco Civic Theatre,Waco Civic Theatre - SVOG,1517 Lake Air Dr,Waco,TX,76710,Live venue operator or promoter,2021-07-12
142925.18,SA Limelight LLC,SA Limelight LLC - SVOG,1515 North St Marys St,San Antonio,TX,78215,Live venue operator or promoter,2021-06-24
142489.53,Leslie Justice,Leslie Justice - SVOG,PO Box 334,Gail,TX,79738,Live venue operator or promoter,2021-06-15
141703.71,"Fort Worth Community Arts Center, Inc.","Fort Worth Community Arts Center, Inc. - SVOG",1300 Gendy St,Fort Worth,TX,76107,Museum Operator,2021-07-10
140715,ADva Entertainment and Productions,ADva Entertainment and Productions - SVOG,4301 Brinkley St.,Houston,TX,77051,Theatrical producer,2021-07-19
136922.4,City of Lewisville - Medical City Lewisville Grand Theater,City of Lewisville - Medical City Lewisville Grand Theater - SVOG,PO Box 299002,Lewisville,TX,75029,Live venue operator or promoter,2021-07-19
135875.48,Camille Players Inc.,Camille Players Inc. - SVOG,500 E Ringgold Street,BROWNSVILLE,TX,78520,Live performing arts organization operator,2021-09-23
135864.44,Visions in Rhythm (DBA - Tapestry Dance Company),Visions in Rhythm (DBA - Tapestry Dance Company) - SVOG,7325 Gaines Mill Lane,Austin,TX,78745,Live performing arts organization operator,2021-07-01
132831.18,"Vernon Plaza Theater, LLC","Vernon Plaza Theater, LLC - SVOG",1717 Cumberland St,Vernon,TX,76384,Motion picture theater operator,2021-06-19
129998.48,Houston Maritime Museum,Houston Maritime Museum - SVOG,2311 Canal Street Suite 100,Houston,TX,77003,Museum Operator,2021-07-16
129754.53,Austin Playhouse,Austin Playhouse - SVOG,2902 Oakmont Blvd,Austin,TX,78763,Live venue operator or promoter,2021-07-08
129282.42,"Turtle Creek Chorale, Inc.","Turtle Creek Chorale, Inc. - SVOG",3630 Harry Hines Blvd. Suite 306,Dallas,TX,75219,Live performing arts organization operator,2021-06-28
128640.41,Garland Summer Musicals,Garland Summer Musicals - SVOG,PO Box 462049,Garland,TX,75046,Live performing arts organization operator,2021-07-08
127541.25,Lubbock Symphony Orchestra,Lubbock Symphony Orchestra - SVOG,601 Avenue K,Lubbock,TX,79401,Live performing arts organization operator,2021-08-09
126165.63,"Irving Community Theater, Inc.","Irving Community Theater, Inc. - SVOG",222 E Irving Blvd,Irving,TX,75060,Live performing arts organization operator,2021-08-02
125266.92,"4322 Operating, LLC","4322 Operating, LLC - SVOG",8703 Allenbrook Ct,Dallas,TX,75423,Live venue operator or promoter,2021-07-17
124909.05,"Amphibian Productions, Inc.","Amphibian Productions, Inc. - SVOG",120 S. Main St.,Fort Worth,TX,76104,Theatrical producer,2021-07-13
124772.33,Bazaar Models,Bazaar Models - SVOG,4020 N. Mesa,El Paso,TX,79905,Talent representative,2021-07-12
123095.82,"Lake Country Playhouse, Inc","Lake Country Playhouse, Inc - SVOG",114 N. Johnson,Mineola,TX,75773,Live venue operator or promoter,2021-07-28
122585.78,The Magicians Agency Theatre,The Magicians Agency Theatre - SVOG,217 Alamo Plaza,San Antonio,TX,78205,Live venue operator or promoter,2021-08-10
122509.38,Dallas Historical Society,Dallas Historical Society - SVOG,PO Box 150038,Dallas,TX,75315,Museum Operator,2021-07-15
122362.25,Empire Lounge Club Inc,Empire Lounge Club Inc - SVOG,4414 Watson,TYLER,TX,75701,Live venue operator or promoter,2021-07-09
122125.09,Green Oaks Tavern LLC,Green Oaks Tavern LLC - SVOG,211 E Main Street,Humble,TX,77338,Live venue operator or promoter,2021-07-08
121569.32,DARBLY LLC,DARBLY LLC - SVOG,7800 Amelia Rd,Houston,TX,77055,Live venue operator or promoter,2021-06-22
120631.55,Texarkana Regional Arts & Humanities Council,Texarkana Regional Arts & Humanities Council - SVOG,PO Box 1171,Texarkana,TX,75504,Live venue operator or promoter,2021-07-09
120094.59,Children's Ballet of San Antonio,Children's Ballet of San Antonio - SVOG,126 West Rector Suite 120,San Antonio,TX,78216,Live performing arts organization operator,2021-07-21
119559.1,Ground Floor Theatre,Ground Floor Theatre - SVOG,979 Springdale Rd Ste 122,Austin,TX,78702,Live venue operator or promoter,2021-07-03
119369.97,"The Little Theatre of Conroe, Inc. DBA The Players Theatre Company","The Little Theatre of Conroe, Inc. DBA The Players Theatre Company - SVOG",225 Metcalf Street,Conroe,TX,77301,Live performing arts organization operator,2021-07-20
119150.47,Pivotal Agency LLC,Pivotal Agency LLC - SVOG,505 W Alpine Rd Unit A,Austin,TX,78704,Talent representative,2021-07-01
118761.52,Pink Print of Houston LLC,Pink Print of Houston LLC - SVOG,1112 southmore,Houston,TX,77017,Live venue operator or promoter,2021-11-04
118182.82,James Dick Foundation for the Performing Arts,James Dick Foundation for the Performing Arts - SVOG,248 Jaster Rd.,Round Top,TX,78954,Live performing arts organization operator,2021-08-03
117680.35,Ruby Blvd Entertainment,Ruby Blvd Entertainment - SVOG,5507 Pinnacle Oak Drive,Sachse,TX,75048,Live performing arts organization operator,2021-07-13
117396.08,"Richardson Children's Theatre, Inc","Richardson Children's Theatre, Inc - SVOG",770 N Coit #2405,Richardson,TX,75080,Live performing arts organization operator,2021-07-09
117286.27,Wichita Falls Backdoor Players,Wichita Falls Backdoor Players - SVOG,501 Indiana Ave,Wichita Falls,TX,76301,Theatrical producer,2021-08-24
117085.29,The Beltonian Theatre LLC,The Beltonian Theatre LLC - SVOG,219 E Central Ave,Belton,TX,76513,Motion picture theater operator,2021-07-01
116862.75,Stewart Schwensen Productions LLC,Stewart Schwensen Productions LLC - SVOG,5716 SETTLEMENT WAY,MCKINNEY,TX,75070,Live venue operator or promoter,2021-11-04
115583.85,"Houston Aeronautical Heritage Society, Inc.","Houston Aeronautical Heritage Society, Inc. - SVOG",8325 Travelair Street,Houston,TX,77061,Museum Operator,2021-07-13
114064.28,"Historic Paramount Theatre, Inc","Historic Paramount Theatre, Inc - SVOG",352 Cypress St,Abilene,TX,79601,Motion picture theater operator,2021-07-09
113745.45,Austin Chamber Music Center,Austin Chamber Music Center - SVOG,7600 Burnet Rd. Suite 190,Austin,TX,78757,Live performing arts organization operator,2021-07-07
112600.8,Nestor Garza III,Nestor Garza III - SVOG,804 Robin Ave Apt 2,McAllen,TX,78501,Live venue operator or promoter,2021-08-30
111838.5,Art & Drama Centre Theatre,Art & Drama Centre Theatre - SVOG,1400 Summit Ave Suite E,Plano,TX,75074,Live performing arts organization operator,2021-07-09
110969,"San Jacinto Museum of History, The","San Jacinto Museum of History, The - SVOG",One Monument Circle,La Porte,TX,77571,Museum Operator,2021-07-11
110777.42,"Sons of Hermann Home Association of Dallas, Texas","Sons of Hermann Home Association of Dallas, Texas - SVOG",3414 Elm St.,Dallas,TX,75226,Live venue operator or promoter,2021-06-18
109615.61,"SOLIDO MUSIC, LLC","SOLIDO MUSIC, LLC - SVOG",471 Acasia St,Rio Grande City,TX,78582,Live performing arts organization operator,2021-11-09
108312.72,Mario Rodriguez,Mario Rodriguez - SVOG,3017 Wentworth,Houston,TX,77004,Live venue operator or promoter,2021-06-29
108300.05,Bay Area Houston Ballet & Theatre,Bay Area Houston Ballet & Theatre - SVOG,1300 Bay Area Blvd Suite B 264,Houston,TX,77058,Live performing arts organization operator,2021-09-23
107256.28,David Whiteman Band,David Whiteman Band - SVOG,5723 Haverhill Ln,Frisco,TX,75033,Live performing arts organization operator,2021-07-06
105373.58,"Farney Entertainment, L.P.","Farney Entertainment, L.P. - SVOG",1008 South Main St.,Georgetown,TX,78626,Motion picture theater operator,2021-06-19
104689.52,"Corsicana Community Playhouse, Inc","Corsicana Community Playhouse, Inc - SVOG",119 W 6th Ave,Corsicana,TX,75110,Live performing arts organization operator,2021-07-14
103505.36,Acting Studio Productions,Acting Studio Productions - SVOG,2011 West Northwest Highway,Grapevine,TX,76051,Live venue operator or promoter,2021-07-30
103450.87,Lowbrow Palace LLC,Lowbrow Palace LLC - SVOG,111 Robinson Ave,El Paso,TX,79902,Live venue operator or promoter,2021-09-23
103114.25,Wichita Falls Symphony Orchestra,Wichita Falls Symphony Orchestra - SVOG,1300 Lamar St.,Wichita Falls,TX,76301,Live performing arts organization operator,2021-07-30
102935.64,Sundance Hall Music Ventures LLC,Sundance Hall Music Ventures LLC - SVOG,27914 State Hwy 64,Canton,TX,75103,Live venue operator or promoter,2021-08-23
102394.05,Keri L. Springs,Keri L. Springs - SVOG,147 N. Plano Rd.,Richardson,TX,75081,Live venue operator or promoter,2021-08-25
100230.42,Austin Swing Syndicate Inc,Austin Swing Syndicate Inc - SVOG,1108 Lavaca Suite 110-273,Austin,TX,78701,Live performing arts organization operator,2021-07-19
97490.67,"The House of FiFi DuBois, Inc","The House of FiFi DuBois, Inc - SVOG",123 S. Chadbourne St.,San Angelo,TX,76903,Live venue operator or promoter,2021-06-21
96178.95,Culture Arts Initiative Inc.,Culture Arts Initiative Inc. - SVOG,777 Preston Street 22M,Houston,TX,77002,Live performing arts organization operator,2021-06-18
94951.83,Chamberlain Ballet,Chamberlain Ballet - SVOG,1404 Gables Court Suite 101,Plano,TX,75075,Live performing arts organization operator,2021-07-09
93645.76,Island ETC,Island ETC - SVOG,2317 Mechanic Street,Galveston,TX,77550,Theatrical producer,2021-07-27
92870,Power House Entertainment LLC,Power House Entertainment LLC - SVOG,1004 S Saint Mary's St Suite 480G,San Antonio,TX,78205,Live venue operator or promoter,2021-08-28
91611.55,Lubbock Community Theatre INC,Lubbock Community Theatre INC - SVOG,3101 35th,LUBBOCK,TX,79413,Theatrical producer,2021-07-26
91183.29,Garland Civic Theatre,Garland Civic Theatre - SVOG,2703 National Pl,Garland,TX,75041,Live performing arts organization operator,2021-07-10
90731.31,"The Opera Company, dba El Paso Opera","The Opera Company, dba El Paso Opera - SVOG",PO Box 5106,El Paso,TX,79953,Live performing arts organization operator,2021-07-06
89945.26,"Bastrop Opera House, Inc.","Bastrop Opera House, Inc. - SVOG",711 Spring Street,Bastrop,TX,78602,Live performing arts organization operator,2021-09-14
88907.82,Capital City Mens Chorus dba Austin Gay Mens Chorus,Capital City Mens Chorus dba Austin Gay Mens Chorus - SVOG,2418 Spring Ln POB 50082,Austin,TX,78703,Live performing arts organization operator,2021-07-28
88392.78,Winnsboro Center for the Arts,Winnsboro Center for the Arts - SVOG,200 Market Street,Winnsboro,TX,75494,Live performing arts organization operator,2021-07-02
87651.08,Brandy Latrice White-Shaw,Brandy Latrice White-Shaw - SVOG,5101 Polka Pl,Killeen,TX,76542,Live venue operator or promoter,2021-07-20
85614.1,14 Pews,14 Pews - SVOG,800 Aurora Street,Houston,TX,77009,Motion picture theater operator,2021-07-15
84107.96,Theatre Company of Bryan-College Station,Theatre Company of Bryan-College Station - SVOG,"3125 S. Texas Ave., Ste 500",Bryan,TX,77802,Live performing arts organization operator,2021-07-01
83927.01,"J-JAM, LLC","J-JAM, LLC - SVOG",527 21st St. #81,Galveston,TX,77550,Live venue operator or promoter,2021-06-25
83885.04,"Wellington Ritz Theatre, Inc.","Wellington Ritz Theatre, Inc. - SVOG",902 East Avenue PO Box 202,Wellington,TX,79095,Motion picture theater operator,2021-07-03
83829.6,Greater Dallas Youth Orchestra,Greater Dallas Youth Orchestra - SVOG,3630 Harry Hines Blvd.,Dallas,TX,75219,Live performing arts organization operator,2021-07-12
82725.08,Kitchen Dog Theater Company,Kitchen Dog Theater Company - SVOG,4774 Algiers Street,Dallas,TX,75207,Theatrical producer,2021-07-16
82686.6,RedRock Saloon LLC,RedRock Saloon LLC - SVOG,123 W Woodard St,Denison,TX,75021,Live venue operator or promoter,2021-07-21
82623.8,"Chamber Music Houston, Inc.","Chamber Music Houston, Inc. - SVOG",6100 Main St MS 532,Houston,TX,77005,Live performing arts organization operator,2021-07-20
82569.38,"Emancipated Talent, LLC","Emancipated Talent, LLC - SVOG",7548 Preston Rd. #50,Frisco,TX,75034,Talent representative,2021-08-23
81910.98,Truffles Consortium Limited Liability Company,Truffles Consortium Limited Liability Company - SVOG,2607 Leakey,San Antonio,TX,78251,Theatrical producer,2021-07-02
81903.99,Ywnsic llc,Ywnsic llc - SVOG,437 McCarty Road Suite 101,San Antonio,TX,78216,Live venue operator or promoter,2021-07-14
80633.94,Stomping Ground Comedy Theater and Training Center,Stomping Ground Comedy Theater and Training Center - SVOG,1350 Manufacturing St. #109,Dallas,TX,75207,Live performing arts organization operator,2021-07-09
79377.98,4th Wall Theatre Company,4th Wall Theatre Company - SVOG,1824 Spring Street Studio 101,Houston,TX,77007,Theatrical producer,2021-07-08
79047.92,RAY WEEKS Trade Style(s): PALACE THEATRE,RAY WEEKS Trade Style(s): PALACE THEATRE - SVOG,210 Main St,Canadian,TX,79014,Motion picture theater operator,2021-07-19
79044,BIG Salsa Festival New York LLC,BIG Salsa Festival New York LLC - SVOG,12888 Queensbury Ln W434,houston,TX,77024,Live performing arts organization operator,2021-08-03
78165.68,Indigenous Cultures Institute,Indigenous Cultures Institute - SVOG,600 Boulder Bluff,San Marcos,TX,78666,Live performing arts organization operator,2021-06-27
77024.25,Richard Orsak dba Cole Theatre,Richard Orsak dba Cole Theatre - SVOG,207 E. 2nd St.,Halletsville,TX,77964,Motion picture theater operator,2021-07-06
76794,"Block89, LLC","Block89, LLC - SVOG",711 Red River St.,Austin,TX,78701,Live venue operator or promoter,2021-07-12
75897.05,Davis McLarty Agency,Davis McLarty Agency - SVOG,P.O. Box 40727,Austin,TX,78704,Talent representative,2021-07-08
74630.3,Travis Shirley Live Design,Travis Shirley Live Design - SVOG,2317 Crawford St,Houston,TX,77004,Theatrical producer,2021-07-15
71961.28,BIG Salsa Festival San Diego LLC,BIG Salsa Festival San Diego LLC - SVOG,12888 Queensbury Ln W434,houston,TX,77024,Live venue operator or promoter,2021-07-08
69225,"The Wimberley Players, Inc.","The Wimberley Players, Inc. - SVOG",450 Old Kyle RD,Wimberley,TX,78676,Live performing arts organization operator,2021-07-11
68858.98,Emmits Place,Emmits Place - SVOG,4852 Benning Drive,Houston,TX,77035,Live venue operator or promoter,2021-08-16
68679.01,LakeCities Ballet Theatre,LakeCities Ballet Theatre - SVOG,1400 Justin Road,Lewisville,TX,75077,Live performing arts organization operator,2021-09-10
68154.3,CYT Dallas Inc,CYT Dallas Inc - SVOG,1901 Long prairie Rd 220-15,Flower Mound,TX,75022,Live performing arts organization operator,2021-08-11
67921,Austin Curling Center LLC,Austin Curling Center LLC - SVOG,6218 Brodie Lane,Austin,TX,78745,Live venue operator or promoter,2021-07-23
67500,"The McMahon Group, Inc.","The McMahon Group, Inc. - SVOG",5505 Patagonia Pass,Be Cave,TX,78738,Live venue operator or promoter,2021-07-24
67338.55,Abilene Philharmonic Association,Abilene Philharmonic Association - SVOG,1102 North 3rd St. Suite C,Abilene,TX,79601,Live performing arts organization operator,2021-07-07
66811.22,Longview Symphony League,Longview Symphony League - SVOG,P.O. Box 1825,Longview,TX,75606,Live performing arts organization operator,2021-07-15
66184.54,Brazos Valley Symphony Society,Brazos Valley Symphony Society - SVOG,750 William D Fitch Pkwy Ste 430B,College Station,TX,77845,Live performing arts organization operator,2021-07-01
65068.35,BR-SHAWN INC,BR-SHAWN INC - SVOG,5905 Guhn Road,Houston,TX,77040,Live venue operator or promoter,2021-06-21
64981.75,Luga Productions LLC,Luga Productions LLC - SVOG,12923 Abide Dr.,Houston,TX,77085,Talent representative,2021-11-05
64143.48,Pearland Theatre Guild,Pearland Theatre Guild - SVOG,14803 Park Almeda Dr,Houston,TX,77047,Theatrical producer,2021-07-12
63753.55,Piney Woods Fine Arts Association,Piney Woods Fine Arts Association - SVOG,603 East Goliad Suite B,Crockett,TX,75835,Live performing arts organization operator,2021-07-23
63559.5,"Arlo Theaters, LLC","Arlo Theaters, LLC - SVOG",2712 Weisenberger St,Fort Worth,TX,76103,Motion picture theater operator,2021-07-18
62663.8,The Formula Entertainment Group LLC,The Formula Entertainment Group LLC - SVOG,14090 Southwest Fwy Ste 300,Sugar Land,TX,77478,Live venue operator or promoter,2021-10-05
62092.14,Silambam Houston,Silambam Houston - SVOG,3400 Main St. #10,Houston,TX,77002,Live venue operator or promoter,2021-06-29
61988.37,Fort Worth Classic Guitar Society,Fort Worth Classic Guitar Society - SVOG,3703 WOODED CREEK DR,FARMERS BRANCH,TX,75244,Live performing arts organization operator,2021-07-06
59627.18,"Paisley Punk Productions, Limited Liability Company","Paisley Punk Productions, Limited Liability Company - SVOG",24914 Silver Leaf St,Magnolia,TX,77355,Live venue operator or promoter,2021-07-08
59510.45,Hheventz LLC,Hheventz LLC - SVOG,710 Edward?s Dr.,Harker Heights,TX,76548,Live venue operator or promoter,2021-09-08
59476,Strange Bird Immersive LLC,Strange Bird Immersive LLC - SVOG,7026 Old Katy Rd #310,Houston,TX,77024,Live performing arts organization operator,2021-06-28
59436.9,Russian Cultural Center - Our Texas,Russian Cultural Center - Our Texas - SVOG,2337 Bissonnet,Houston,TX,77005,Live venue operator or promoter,2021-07-13
59389.2,Da Krazy Pimpz,Da Krazy Pimpz - SVOG,1755 N. Point,Eagle Pass,TX,78852,Live performing arts organization operator,2021-07-15
59094.93,Locked Out Productions LLC DBA The Comedy Arena,Locked Out Productions LLC DBA The Comedy Arena - SVOG,305 E. Virginia St. Ste #104,McKinney,TX,75069,Live venue operator or promoter,2021-07-01
59092.25,Cowtown Drive-In Productions,Cowtown Drive-In Productions - SVOG,"600 S. Main St., Ste. 200",Rhome,TX,76078,Live venue operator or promoter,2021-07-08
58766.59,Bugle Boy Foundation,Bugle Boy Foundation - SVOG,1051 N Jefferson St,La Grange,TX,78945,Live venue operator or promoter,2021-07-14
58675,Hierarchy management movement llc,Hierarchy management movement llc - SVOG,5451 Forest Springs Drive,HUMBLE,TX,77339,Live venue operator or promoter,2021-08-14
57690.62,Science Mill,Science Mill - SVOG,101 S Lady Bird Lane #38,Johnson City,TX,78636,Museum Operator,2021-07-09
57620.27,Fathom Producers LLC,Fathom Producers LLC - SVOG,26376 Magnolia Dr.,Splendora,TX,77372,Live venue operator or promoter,2021-06-25
56632.44,Quenedit Dance Theatre,Quenedit Dance Theatre - SVOG,22610 US HIGHWAY 281 N STE 221,SAN ANTONIO,TX,78258,Live performing arts organization operator,2021-06-12
56152.05,Longview ACT,Longview ACT - SVOG,313 W Tyler St,Longview,TX,75601,Live performing arts organization operator,2021-07-10
56047.28,Greater Lewisville Community Theatre dba Poco Mas Players,Greater Lewisville Community Theatre dba Poco Mas Players - SVOG,160 W Main St,Lewisville,TX,75057,Live venue operator or promoter,2021-09-24
54659.13,The University of Texas Rio Grande Valley,The University of Texas Rio Grande Valley - SVOG,1201 W. University Dr.,Edinburg,TX,78539,Live venue operator or promoter,2021-07-24
53261.45,WaterTower Theatre,WaterTower Theatre - SVOG,15650 ADDISON RD,ADDISON,TX,75001,Live performing arts organization operator,2021-07-15
51961.92,BT STUDIOS INC,BT STUDIOS INC - SVOG,82 GILLIS ST,SAN ANGELO,TX,76903,Live performing arts organization operator,2021-06-29
51938.34,Mid-Texas Symphony Society,Mid-Texas Symphony Society - SVOG,1000 W Court Street #3216,Seguin,TX,78155,Live performing arts organization operator,2021-07-08
51745.5,Indian Classical Music Circle of Austin,Indian Classical Music Circle of Austin - SVOG,PO Box 203454,Austin,TX,78720,Live performing arts organization operator,2021-09-22
50459,BIG Salsa Festival Houston LLC,BIG Salsa Festival Houston LLC - SVOG,12888 queensbury ln W434,Houston,TX,77024,Live performing arts organization operator,2021-08-16
50451.53,River Oaks Chamber Orchestra,River Oaks Chamber Orchestra - SVOG,"1934 W. Gray, Suite 311",HOUSTON,TX,77019,Live performing arts organization operator,2021-06-28
50251.73,Upstairs Club Inco,Upstairs Club Inco - SVOG,141 1/2 Oak St,Abilene,TX,79602,Live venue operator or promoter,2021-07-12
50000.81,Dallas Chamber Symphony,Dallas Chamber Symphony - SVOG,PO Box 795548,Dallas,TX,75379,Live performing arts organization operator,2021-07-13
49626.18,"Galvan Productions, LLC","Galvan Productions, LLC - SVOG",823 Congress Ave Ste 150-484,Austin,TX,78701,Live venue operator or promoter,2021-07-27
45977.73,"Austin Shakespeare Festival Company, Inc.","Austin Shakespeare Festival Company, Inc. - SVOG","81 San Marcos St, C2",Austin,TX,78702,Live performing arts organization operator,2021-07-11
45687.8,Rockwall Summer Musicals,Rockwall Summer Musicals - SVOG,PO Box 551,Rockwall,TX,75087,Live performing arts organization operator,2021-06-28
44633.02,Penfold Theatre Company,Penfold Theatre Company - SVOG,PO Box 81044,Austin,TX,78708,Theatrical producer,2021-07-03
42919.78,DML ENTERTAINMENT LLC,DML ENTERTAINMENT LLC - SVOG,7203 Spring Meadow Lane,Katy,TX,77494,Live venue operator or promoter,2021-06-19
42700,Erica Vigliante,Erica Vigliante - SVOG,10510 Tioga Dr,San Antonio,TX,78230,Live venue operator or promoter,2021-07-12
42456.26,Hot Rhythm Foundation,Hot Rhythm Foundation - SVOG,2210 Waterway Bnd,Austin,TX,78728,Live performing arts organization operator,2021-08-10
42440.34,Sam Bass Theatre Association,Sam Bass Theatre Association - SVOG,PO Box 767,Round Rock,TX,78680,Live performing arts organization operator,2021-07-21
42269.41,Classic Theatre of San Antonio,Classic Theatre of San Antonio - SVOG,PO BOX 15454,San Antonio,TX,78212,Live performing arts organization operator,2021-07-15
42018.75,American Baroque Opera Company,American Baroque Opera Company - SVOG,3630 Harry Hines Blvd Box 22,Dallas,TX,75219,Live performing arts organization operator,2021-07-06
41943.97,No Door Agency LLC,No Door Agency LLC - SVOG,804 Rutherford Place APT B,Austin,TX,78704,Talent representative,2021-10-21
41260.94,Ballet North Texas,Ballet North Texas - SVOG,"10675 E. Northwest Highway, Suite 2400",Dallas,TX,75238,Live performing arts organization operator,2021-06-28
41217.58,1989 DREAMS PRODUCTIONS,1989 DREAMS PRODUCTIONS - SVOG,6201 Bonhomme Rd 175N 175N,Houston,TX,77036,Theatrical producer,2021-07-09
40784,Dynamic Sound LLC,Dynamic Sound LLC - SVOG,5201 Mitchelldale St Suite B8,Houston,TX,77092,Live venue operator or promoter,2021-07-09
40637.93,"NHWWC, L.L.C.","NHWWC, L.L.C. - SVOG",3400 Montrose Blvd 2909,Houston,TX,77006,Talent representative,2021-06-28
40317.59,City of Dallas - Latino Cultural Center,City of Dallas - Latino Cultural Center - SVOG,2600 Live Oak Street,Dallas,TX,75204,Museum Operator,2021-07-21
39704.95,Expressions Performing Arts School and Theatre d.b.a. Our Productions,Expressions Performing Arts School and Theatre d.b.a. Our Productions - SVOG,PO Box 271483,Flower Mound,TX,75027,Live performing arts organization operator,2021-07-21
39518.18,King of Queens Entertainment,King of Queens Entertainment - SVOG,1000 E 5th st 439,Austin,TX,78702,Talent representative,2021-08-03
38967,DNAWORKS LLC,DNAWORKS LLC - SVOG,1617 Park Place Ave Suite 110-2,Fort Worth,TX,76110,Live performing arts organization operator,2021-07-15
38559.6,Gilmer Civic Center,Gilmer Civic Center - SVOG,1218 US Hwy 271 N 1218 US Hwy 271 N,Gilmer,TX,75644,Live venue operator or promoter,2021-09-08
38540,Flamenco Fever,Flamenco Fever - SVOG,"505 S Willomet Ave DALLAS, TX 75208",Dallas,TX,75208,Live performing arts organization operator,2021-07-08
37434.91,City of Greenville,City of Greenville - SVOG,2821 Washington,Greenville,TX,75401,Live venue operator or promoter,2021-07-10
37268.95,Friends of the Old Town Theatre,Friends of the Old Town Theatre - SVOG,1023 12th ST,Huntsville,TX,77340,Live performing arts organization operator,2021-06-29
36823.05,SKRJ LLC DBA Viva's Lounge,SKRJ LLC DBA Viva's Lounge - SVOG,"1350 Manufacturing St., Suite 120",Dallas,TX,75207,Live venue operator or promoter,2021-06-21
36204.19,Teatro Hispano de Dallas,Teatro Hispano de Dallas - SVOG,"1230 River Bend Drive, Suite 111",Dallas,TX,75247,Live performing arts organization operator,2021-08-12
36090.51,Texas Salsa Congress,Texas Salsa Congress - SVOG,5535 Memorial Dr Ste F Box 900,Houston,TX,77007,Live venue operator or promoter,2021-07-15
35662.32,Irving Symphony Orchestra Association Inc.,Irving Symphony Orchestra Association Inc. - SVOG,225 E John Carpenter Fwy Suite 120,Irving,TX,75062,Live performing arts organization operator,2021-07-12
35571.65,Access ATX LLC dba Twisted Texas Tour,Access ATX LLC dba Twisted Texas Tour - SVOG,7421 Burnet Road Unit 530,Austin,TX,78757,Live venue operator or promoter,2021-06-19
35214,RAGNARS ON THE COMPOUND LLC,RAGNARS ON THE COMPOUND LLC - SVOG,6900 RANCH ROAD 12 STE C,SAN MARCOS,TX,78666,Live venue operator or promoter,2021-06-18
34832.9,Cara Mía Theatre Co.,Cara Mía Theatre Co. - SVOG,3630 Harry Hines Blvd.,Dallas,TX,75219,Live performing arts organization operator,2021-06-28
33928.45,Jorge A Elizondo,Jorge A Elizondo - SVOG,1216 N.16th Street,Mcallen,TX,78501,Live venue operator or promoter,2021-06-17
32098.95,Erik Leeland Carter,Erik Leeland Carter - SVOG,5438 Winding Way Drive,Houston,TX,77091,Talent representative,2021-07-02
31834,"Upstage Arts, Inc","Upstage Arts, Inc - SVOG",4027 Manorfield Drive,Seabrook,TX,77586,Live performing arts organization operator,2021-07-13
30817.45,"Communion Coworking, LLC","Communion Coworking, LLC - SVOG",514 Lockwood Drive,Richardson,TX,75080,Live venue operator or promoter,2021-07-10
30337.2,Chandler Media Group LLC,Chandler Media Group LLC - SVOG,7900 COPPER CANYON DR,ARLINGTON,TX,76002,Live venue operator or promoter,2021-07-08
30151,ROGUE PRODUCTIONS,ROGUE PRODUCTIONS - SVOG,2419 Oakbank Drive,Kingwood,TX,77339,Live venue operator or promoter,2021-10-27
29973.72,Daulat and Sabrina Inc,Daulat and Sabrina Inc - SVOG,907 Sutters Rim,San Antonio,TX,78258,Motion picture theater operator,2021-06-18
29762.9,Circus Freaks,Circus Freaks - SVOG,2310 N. Henderson Avenue #639,Dallas,TX,75206,Theatrical producer,2021-07-14
28782.68,Every Person Count Inc,Every Person Count Inc - SVOG,6907 Rosefield,San Antonio,TX,78240,Live venue operator or promoter,2021-07-16
28617.74,Clarendon Economic Development Corporation,Clarendon Economic Development Corporation - SVOG,PO Box 826,Clarendon,TX,79226,Motion picture theater operator,2021-07-23
28446.2,NMRT LLC,NMRT LLC - SVOG,210 Peach Street,Buda,TX,78610,Talent representative,2021-06-18
27854.98,The Positive Project,The Positive Project - SVOG,"13655 Ella Blvd, #6305",Houston,TX,77269,Live performing arts organization operator,2021-07-21
27180.9,"At The Ranch, LLC","At The Ranch, LLC - SVOG",431 N Main St.,Borger,TX,79007,Live venue operator or promoter,2021-08-04
27000,Jamila Sherman,Jamila Sherman - SVOG,505 Candle Meadow Blvd,Desoto,TX,75115,Talent representative,2021-08-28
26811.45,The Core Theatre,The Core Theatre - SVOG,202 SPRINGWELL PKWY,WYLIE,TX,75098,Live venue operator or promoter,2021-08-26
25706.03,Friends of the Outrigger,Friends of the Outrigger - SVOG,515 Commerce St.,PALACIOS,TX,77465,Live venue operator or promoter,2021-07-08
25598,MB Foundation,MB Foundation - SVOG,13922 Normandy CT,Sugar land,TX,77498,Live performing arts organization operator,2021-07-26
25362.56,Mildred's Umbrella Theater Company,Mildred's Umbrella Theater Company - SVOG,5038 Lymbar Dr,Houston,TX,77096,Theatrical producer,2021-07-14
23291.55,Goodman Artists,Goodman Artists - SVOG,777 Dunlavy Street 7301,Houston,TX,77019,Talent representative,2021-08-24
23053.5,Indras Awarehouse,Indras Awarehouse - SVOG,7904 fm 969,austin,TX,78724,Live performing arts organization operator,2021-07-19
22955.67,Ennis Public Theatre,Ennis Public Theatre - SVOG,PO Box 37,Ennis,TX,75120,Live venue operator or promoter,2021-08-02
21970.64,"Tarver Enterprises, L.L.C.","Tarver Enterprises, L.L.C. - SVOG",309 Bluebonnet Street,Trinidad,TX,75163,Live venue operator or promoter,2021-07-23
21906.9,"Orpheus Chamber Singers, Inc.","Orpheus Chamber Singers, Inc. - SVOG",4722 Stanford Ave.,Dallas,TX,75209,Live performing arts organization operator,2021-08-05
21772,Texas WG Development LLC,Texas WG Development LLC - SVOG,6801 S. 10th,McALlen,TX,78504,Live venue operator or promoter,2021-06-21
21353.3,LAWRENCE S ALLWN,LAWRENCE S ALLWN - SVOG,9703 NOTTAWAY CT,GRANBURY,TX,76049,Live venue operator or promoter,2021-07-06
21036.49,Graham Regional Theatre,Graham Regional Theatre - SVOG,PO Box 431,Graham,TX,76450,Live venue operator or promoter,2021-07-08
20379.15,Fan2see Productions Llc,Fan2see Productions Llc - SVOG,2500 Greenhouse rd Apt 8108 2500 Greenhouse rd,Houston,TX,77084,Live venue operator or promoter,2021-07-09
20322,Johnathan Whittaker,Johnathan Whittaker - SVOG,10333 Clay Rd. Apt #1024,Houston,TX,77041,Live performing arts organization operator,2021-07-28
20238.53,Dirt Dogs Theatre Company,Dirt Dogs Theatre Company - SVOG,1002 Ashford Parkway,Houston,TX,77077,Live performing arts organization operator,2021-07-15
20127.18,Georgetown Art Works,Georgetown Art Works - SVOG,816 South Main Street,Georgetown,TX,78626,Museum Operator,2021-07-12
19998.55,Line Upon Line Percussion,Line Upon Line Percussion - SVOG,PO Box 49890,Austin,TX,78765,Live performing arts organization operator,2021-09-23
19095.57,Aurora Arts Theatre,Aurora Arts Theatre - SVOG,5635 Everhart Rd,Corpus Christi,TX,78411,Theatrical producer,2021-07-20
19000.28,Moe Power Ventures,Moe Power Ventures - SVOG,225 matlage way 1031,houston,TX,77478,Talent representative,2021-09-14
18459.21,Classical Theatre Company,Classical Theatre Company - SVOG,2936 Saint St.,Houston,TX,77027,Theatrical producer,2021-07-07
18414,The Trade Entertainment LLC,The Trade Entertainment LLC - SVOG,4124 Barnes St,Houston,TX,77007,Talent representative,2021-06-30
17515.13,Other Worlds Film Fest,Other Worlds Film Fest - SVOG,6700 Middle Fiskville St Suite 304,Austin,TX,78752,Live venue operator or promoter,2021-08-20
17506.32,CHIMES IT INC,CHIMES IT INC - SVOG,4425 Sandra Lynn Dr,Flower Mound,TX,75022,Live performing arts organization operator,2021-06-12
16200,Texas Comedies,Texas Comedies - SVOG,2603 Addison Ave,Austin,TX,78757,Live performing arts organization operator,2021-08-16
15731.24,"City of Texarkana, TX","City of Texarkana, TX - SVOG",220 Texas Blvd.,Texarkana,TX,75501,Live venue operator or promoter,2021-07-20
14266,Pearl Entertainment Inc.,Pearl Entertainment Inc. - SVOG,12206 E Zimmerly,Wichita,TX,67207,Talent representative,2021-06-13
14154.75,LIVE CONVICTION LLC,LIVE CONVICTION LLC - SVOG,315 CALLE DEL NORTE STE 201,Laredo,TX,78045,Talent representative,2021-07-15
13707.81,NEW SCHOOL OF MUSIC INC,NEW SCHOOL OF MUSIC INC - SVOG,308-B CONGRESS AVE,Austin,TX,78701,Live performing arts organization operator,2021-09-03
12231.76,Museum of the Southwest,Museum of the Southwest - SVOG,1705 W. Missouri Ave.,Midland,TX,79701,Museum Operator,2021-10-27
10843.88,EXPLODED DRAWING,EXPLODED DRAWING - SVOG,6709 Tulane Dr.,Austin,TX,78723,Live performing arts organization operator,2021-07-13
10620,"JNC Silverado Enterprises, LLC dba Liberty Opry","JNC Silverado Enterprises, LLC dba Liberty Opry - SVOG",1812 & 1816 Sam Houston St. P.O. Box 6008,Liberty,TX,77575,Live venue operator or promoter,2021-06-22
10323,Edinburg Dance Theatre,Edinburg Dance Theatre - SVOG,2750 Hedfelt,Edinburg,TX,78539,Live performing arts organization operator,2021-10-28
9781.33,Cone Man Running Productions,Cone Man Running Productions - SVOG,1824 Spring Street Suite 233,Houston,TX,77007,Theatrical producer,2021-10-14
9168.69,"Lewisville Lake Symphony Association, Inc.","Lewisville Lake Symphony Association, Inc. - SVOG",1850 McGee Lane #156,Lewisville,TX,75077,Live performing arts organization operator,2021-07-09
9004.33,ComedySportz San Antonio,ComedySportz San Antonio - SVOG,11950 Starcrest Drive STE 210,San Antonio,TX,78247,Live performing arts organization operator,2021-07-12
8538,FANDOM EVENTS LLC,FANDOM EVENTS LLC - SVOG,8301 Wilshire Dr,Amarillo,TX,79110,Live venue operator or promoter,2021-08-23
8471.25,Tony Gloria Productions,Tony Gloria Productions - SVOG,10514 Stonefield Pl 418 W Kings Hwy 2,San Antonio,TX,78212,Theatrical producer,2021-07-09
7881,Andrew Corridori,Andrew Corridori - SVOG,600 Independence Pkwy Apt 2215,Plano,TX,75075,Talent representative,2022-05-11
7233.75,"LA RITA PERFORMING ARTS THEATRE, INC.","LA RITA PERFORMING ARTS THEATRE, INC. - SVOG",311 DENROCK AVE PO BOX 466,DALHART,TX,79022,Live venue operator or promoter,2021-08-27
6810.75,kenneth crimmins,kenneth crimmins - SVOG,4612 Edmund Street,Houston,TX,77020,Live venue operator or promoter,2021-06-15
6401.25,SECESSION ENTERTAINMENT,SECESSION ENTERTAINMENT - SVOG,2724 Garnet Ridge Dr.,Leander,TX,78641,Live venue operator or promoter,2021-07-12
6392.8,Brown Hornet Concerts LLC,Brown Hornet Concerts LLC - SVOG,2701 W. 15th St #529,Plano,TX,75075,Live venue operator or promoter,2021-06-19
6157.5,Jordan Carter,Jordan Carter - SVOG,1525 CANTER BAYOU WAY,HOUSTON,TX,77043,Live performing arts organization operator,2021-07-09
5743.35,PT EVENT CENTER,PT EVENT CENTER - SVOG,5126 BRICK RD,ABILENE,TX,79601,Live venue operator or promoter,2021-07-23
5244.35,Ember Skeyez,Ember Skeyez - SVOG,2909 Hayes 109,Houston,TX,77082,Live performing arts organization operator,2021-08-05
3319.2,Historic Orient-Santa Fe Depot,Historic Orient-Santa Fe Depot - SVOG,703 S Chadbourne St,San Angelo,TX,76903,Museum Operator,2021-08-01
2113.26,"Texas Air and Space Museum, Inc.","Texas Air and Space Museum, Inc. - SVOG",10001 American Drive,Amarillo,TX,79111,Museum Operator,2021-07-09
1924.43,Voices of Change,Voices of Change - SVOG,3630 Harry Hines Blvd,Dallas,TX,75219,Live performing arts organization operator,2021-07-27
1700,Current Events LLC,Current Events LLC - SVOG,19501 Single Peak Cove,Spicewood,TX,78669,Live venue operator or promoter,2021-07-14
892.01,Ballet Folklorico de San Antonio,Ballet Folklorico de San Antonio - SVOG,1008 Donaldson Avenue,San Antonio,TX,78228,Talent representative,2021-10-28
