geo,date,value,series
"Austin, TX",2000-01-31,179812.99320842265,ZHVI_allhomes_smoothed_seasadj
"Austin, TX",2000-02-29,180404.27073738433,ZHVI_allhomes_smoothed_seasadj
"Austin, TX",2000-03-31,180945.66527104308,ZHVI_allhomes_smoothed_seasadj
"Austin, TX",2000-04-30,181806.44975443196,ZHVI_allhomes_smoothed_seasadj
"Austin, TX",2000-05-31,182456.485072521,ZHVI_allhomes_smoothed_seasadj
"Austin, TX",2000-06-30,182746.2677294712,ZHVI_allhomes_smoothed_seasadj
"Austin, TX",2000-07-31,182858.81961401194,ZHVI_allhomes_smoothed_seasadj
"Austin, TX",2000-08-31,183498.42783470335,ZHVI_allhomes_smoothed_seasadj
"Austin, TX",2000-09-30,184199.4997596738,ZHVI_allhomes_smoothed_seasadj
"Austin, TX",2000-10-31,185301.97328129318,ZHVI_allhomes_smoothed_seasadj
"Austin, TX",2000-11-30,186030.71560040675,ZHVI_allhomes_smoothed_seasadj
"Austin, TX",2000-12-31,186645.3955559235,ZHVI_allhomes_smoothed_seasadj
"Austin, TX",2001-01-31,186855.76450412231,ZHVI_allhomes_smoothed_seasadj
"Austin, TX",2001-02-28,186872.0309398596,ZHVI_allhomes_smoothed_seasadj
"Austin, TX",2001-03-31,187209.37624296595,ZHVI_allhomes_smoothed_seasadj
"Austin, TX",2001-04-30,187869.02508297362,ZHVI_allhomes_smoothed_seasadj
"Austin, TX",2001-05-31,188452.96749124353,ZHVI_allhomes_smoothed_seasadj
"Austin, TX",2001-06-30,188841.21297383847,ZHVI_allhomes_smoothed_seasadj
"Austin, TX",2001-07-31,189033.23687398378,ZHVI_allhomes_smoothed_seasadj
"Austin, TX",2001-08-31,189307.6399339087,ZHVI_allhomes_smoothed_seasadj
"Austin, TX",2001-09-30,189373.10113197772,ZHVI_allhomes_smoothed_seasadj
"Austin, TX",2001-10-31,189383.88326062026,ZHVI_allhomes_smoothed_seasadj
"Austin, TX",2001-11-30,189361.38250900293,ZHVI_allhomes_smoothed_seasadj
"Austin, TX",2001-12-31,189213.3410244223,ZHVI_allhomes_smoothed_seasadj
"Austin, TX",2002-01-31,189165.29585280883,ZHVI_allhomes_smoothed_seasadj
"Austin, TX",2002-02-28,188813.88329104197,ZHVI_allhomes_smoothed_seasadj
"Austin, TX",2002-03-31,188656.42637713466,ZHVI_allhomes_smoothed_seasadj
"Austin, TX",2002-04-30,188440.72114903727,ZHVI_allhomes_smoothed_seasadj
"Austin, TX",2002-05-31,188282.44567685577,ZHVI_allhomes_smoothed_seasadj
"Austin, TX",2002-06-30,188031.91794630678,ZHVI_allhomes_smoothed_seasadj
"Austin, TX",2002-07-31,187680.02631804036,ZHVI_allhomes_smoothed_seasadj
"Austin, TX",2002-08-31,187486.00118927305,ZHVI_allhomes_smoothed_seasadj
"Austin, TX",2002-09-30,187554.74681101475,ZHVI_allhomes_smoothed_seasadj
"Austin, TX",2002-10-31,187573.8797629895,ZHVI_allhomes_smoothed_seasadj
"Austin, TX",2002-11-30,187511.8874467899,ZHVI_allhomes_smoothed_seasadj
"Austin, TX",2002-12-31,187111.11695364033,ZHVI_allhomes_smoothed_seasadj
"Austin, TX",2003-01-31,186782.24986738202,ZHVI_allhomes_smoothed_seasadj
"Austin, TX",2003-02-28,186718.85787638047,ZHVI_allhomes_smoothed_seasadj
"Austin, TX",2003-03-31,187022.38106789708,ZHVI_allhomes_smoothed_seasadj
"Austin, TX",2003-04-30,187382.87801373794,ZHVI_allhomes_smoothed_seasadj
"Austin, TX",2003-05-31,187586.91162898685,ZHVI_allhomes_smoothed_seasadj
"Austin, TX",2003-06-30,187602.78334678974,ZHVI_allhomes_smoothed_seasadj
"Austin, TX",2003-07-31,187829.7177215744,ZHVI_allhomes_smoothed_seasadj
"Austin, TX",2003-08-31,188070.90546388924,ZHVI_allhomes_smoothed_seasadj
"Austin, TX",2003-09-30,188145.08147174973,ZHVI_allhomes_smoothed_seasadj
"Austin, TX",2003-10-31,188022.47159845158,ZHVI_allhomes_smoothed_seasadj
"Austin, TX",2003-11-30,187788.28217193505,ZHVI_allhomes_smoothed_seasadj
"Austin, TX",2003-12-31,187703.5387000765,ZHVI_allhomes_smoothed_seasadj
"Austin, TX",2004-01-31,187642.69106880832,ZHVI_allhomes_smoothed_seasadj
"Austin, TX",2004-02-29,188174.73043985033,ZHVI_allhomes_smoothed_seasadj
"Austin, TX",2004-03-31,188982.7856877381,ZHVI_allhomes_smoothed_seasadj
"Austin, TX",2004-04-30,189900.9274203146,ZHVI_allhomes_smoothed_seasadj
"Austin, TX",2004-05-31,190438.8833285847,ZHVI_allhomes_smoothed_seasadj
"Austin, TX",2004-06-30,190690.37926333828,ZHVI_allhomes_smoothed_seasadj
"Austin, TX",2004-07-31,191038.20262087663,ZHVI_allhomes_smoothed_seasadj
"Austin, TX",2004-08-31,191661.29619867422,ZHVI_allhomes_smoothed_seasadj
"Austin, TX",2004-09-30,192747.98682993453,ZHVI_allhomes_smoothed_seasadj
"Austin, TX",2004-10-31,193732.56569512046,ZHVI_allhomes_smoothed_seasadj
"Austin, TX",2004-11-30,194413.2959565137,ZHVI_allhomes_smoothed_seasadj
"Austin, TX",2004-12-31,194835.45191915313,ZHVI_allhomes_smoothed_seasadj
"Austin, TX",2005-01-31,195143.2887260689,ZHVI_allhomes_smoothed_seasadj
"Austin, TX",2005-02-28,195369.70091643263,ZHVI_allhomes_smoothed_seasadj
"Austin, TX",2005-03-31,195527.25116798622,ZHVI_allhomes_smoothed_seasadj
"Austin, TX",2005-04-30,195970.41020917133,ZHVI_allhomes_smoothed_seasadj
"Austin, TX",2005-05-31,196634.88164739,ZHVI_allhomes_smoothed_seasadj
"Austin, TX",2005-06-30,197569.3650024934,ZHVI_allhomes_smoothed_seasadj
"Austin, TX",2005-07-31,198472.0178253617,ZHVI_allhomes_smoothed_seasadj
"Austin, TX",2005-08-31,199227.6865723778,ZHVI_allhomes_smoothed_seasadj
"Austin, TX",2005-09-30,199870.33749922807,ZHVI_allhomes_smoothed_seasadj
"Austin, TX",2005-10-31,200214.38975257985,ZHVI_allhomes_smoothed_seasadj
"Austin, TX",2005-11-30,200680.58394847144,ZHVI_allhomes_smoothed_seasadj
"Austin, TX",2005-12-31,201180.7316501874,ZHVI_allhomes_smoothed_seasadj
"Austin, TX",2006-01-31,201713.52291327887,ZHVI_allhomes_smoothed_seasadj
"Austin, TX",2006-02-28,202037.29718233473,ZHVI_allhomes_smoothed_seasadj
"Austin, TX",2006-03-31,202051.60616004758,ZHVI_allhomes_smoothed_seasadj
"Austin, TX",2006-04-30,202141.25255656164,ZHVI_allhomes_smoothed_seasadj
"Austin, TX",2006-05-31,202350.21026434412,ZHVI_allhomes_smoothed_seasadj
"Austin, TX",2006-06-30,202906.664586297,ZHVI_allhomes_smoothed_seasadj
"Austin, TX",2006-07-31,203664.85044695358,ZHVI_allhomes_smoothed_seasadj
"Austin, TX",2006-08-31,204589.09006719865,ZHVI_allhomes_smoothed_seasadj
"Austin, TX",2006-09-30,205629.55806842403,ZHVI_allhomes_smoothed_seasadj
"Austin, TX",2006-10-31,206467.16631338114,ZHVI_allhomes_smoothed_seasadj
"Austin, TX",2006-11-30,207248.26380158204,ZHVI_allhomes_smoothed_seasadj
"Austin, TX",2006-12-31,207980.26895363093,ZHVI_allhomes_smoothed_seasadj
"Austin, TX",2007-01-31,208789.86816975116,ZHVI_allhomes_smoothed_seasadj
"Austin, TX",2007-02-28,209433.03550948252,ZHVI_allhomes_smoothed_seasadj
"Austin, TX",2007-03-31,209916.99353431413,ZHVI_allhomes_smoothed_seasadj
"Austin, TX",2007-04-30,210516.64585526232,ZHVI_allhomes_smoothed_seasadj
"Austin, TX",2007-05-31,211158.22731183222,ZHVI_allhomes_smoothed_seasadj
"Austin, TX",2007-06-30,211840.14644461966,ZHVI_allhomes_smoothed_seasadj
"Austin, TX",2007-07-31,212509.18128642984,ZHVI_allhomes_smoothed_seasadj
"Austin, TX",2007-08-31,213265.6663360643,ZHVI_allhomes_smoothed_seasadj
"Austin, TX",2007-09-30,213958.65364486267,ZHVI_allhomes_smoothed_seasadj
"Austin, TX",2007-10-31,214598.3714477046,ZHVI_allhomes_smoothed_seasadj
"Austin, TX",2007-11-30,215270.28302217447,ZHVI_allhomes_smoothed_seasadj
"Austin, TX",2007-12-31,215989.81349125435,ZHVI_allhomes_smoothed_seasadj
"Austin, TX",2008-01-31,216499.38522489349,ZHVI_allhomes_smoothed_seasadj
"Austin, TX",2008-02-29,216601.5535285749,ZHVI_allhomes_smoothed_seasadj
"Austin, TX",2008-03-31,216705.3370333681,ZHVI_allhomes_smoothed_seasadj
"Austin, TX",2008-04-30,216845.95638164258,ZHVI_allhomes_smoothed_seasadj
"Austin, TX",2008-05-31,217107.86525595083,ZHVI_allhomes_smoothed_seasadj
"Austin, TX",2008-06-30,216922.1317133673,ZHVI_allhomes_smoothed_seasadj
"Austin, TX",2008-07-31,216603.18255638506,ZHVI_allhomes_smoothed_seasadj
"Austin, TX",2008-08-31,215996.06869334984,ZHVI_allhomes_smoothed_seasadj
"Austin, TX",2008-09-30,215416.24610375005,ZHVI_allhomes_smoothed_seasadj
"Austin, TX",2008-10-31,214595.3369824381,ZHVI_allhomes_smoothed_seasadj
"Austin, TX",2008-11-30,213248.2347688761,ZHVI_allhomes_smoothed_seasadj
"Austin, TX",2008-12-31,211933.31763434727,ZHVI_allhomes_smoothed_seasadj
"Austin, TX",2009-01-31,210784.5251073432,ZHVI_allhomes_smoothed_seasadj
"Austin, TX",2009-02-28,210141.82213971158,ZHVI_allhomes_smoothed_seasadj
"Austin, TX",2009-03-31,209428.47323183858,ZHVI_allhomes_smoothed_seasadj
"Austin, TX",2009-04-30,208736.85277472797,ZHVI_allhomes_smoothed_seasadj
"Austin, TX",2009-05-31,208208.30352512407,ZHVI_allhomes_smoothed_seasadj
"Austin, TX",2009-06-30,208065.9624226621,ZHVI_allhomes_smoothed_seasadj
"Austin, TX",2009-07-31,208014.37946428018,ZHVI_allhomes_smoothed_seasadj
"Austin, TX",2009-08-31,207944.8113602729,ZHVI_allhomes_smoothed_seasadj
"Austin, TX",2009-09-30,207709.4567749747,ZHVI_allhomes_smoothed_seasadj
"Austin, TX",2009-10-31,207355.9136683957,ZHVI_allhomes_smoothed_seasadj
"Austin, TX",2009-11-30,207369.41852561012,ZHVI_allhomes_smoothed_seasadj
"Austin, TX",2009-12-31,207368.30429184157,ZHVI_allhomes_smoothed_seasadj
"Austin, TX",2010-01-31,207163.7341520148,ZHVI_allhomes_smoothed_seasadj
"Austin, TX",2010-02-28,206931.62168906,ZHVI_allhomes_smoothed_seasadj
"Austin, TX",2010-03-31,206780.19317463026,ZHVI_allhomes_smoothed_seasadj
"Austin, TX",2010-04-30,207016.95135717597,ZHVI_allhomes_smoothed_seasadj
"Austin, TX",2010-05-31,207421.61052072022,ZHVI_allhomes_smoothed_seasadj
"Austin, TX",2010-06-30,207726.62988304623,ZHVI_allhomes_smoothed_seasadj
"Austin, TX",2010-07-31,207360.95725461232,ZHVI_allhomes_smoothed_seasadj
"Austin, TX",2010-08-31,206431.29942554826,ZHVI_allhomes_smoothed_seasadj
"Austin, TX",2010-09-30,205204.3746013759,ZHVI_allhomes_smoothed_seasadj
"Austin, TX",2010-10-31,204042.30716377948,ZHVI_allhomes_smoothed_seasadj
"Austin, TX",2010-11-30,202922.28165352848,ZHVI_allhomes_smoothed_seasadj
"Austin, TX",2010-12-31,201800.02523423894,ZHVI_allhomes_smoothed_seasadj
"Austin, TX",2011-01-31,200926.3743378014,ZHVI_allhomes_smoothed_seasadj
"Austin, TX",2011-02-28,199899.15764312897,ZHVI_allhomes_smoothed_seasadj
"Austin, TX",2011-03-31,199283.59398732558,ZHVI_allhomes_smoothed_seasadj
"Austin, TX",2011-04-30,199171.13815200143,ZHVI_allhomes_smoothed_seasadj
"Austin, TX",2011-05-31,199293.94038534342,ZHVI_allhomes_smoothed_seasadj
"Austin, TX",2011-06-30,199127.39521053038,ZHVI_allhomes_smoothed_seasadj
"Austin, TX",2011-07-31,198806.95254090207,ZHVI_allhomes_smoothed_seasadj
"Austin, TX",2011-08-31,198802.76816377052,ZHVI_allhomes_smoothed_seasadj
"Austin, TX",2011-09-30,199030.83005122977,ZHVI_allhomes_smoothed_seasadj
"Austin, TX",2011-10-31,199040.70440068157,ZHVI_allhomes_smoothed_seasadj
"Austin, TX",2011-11-30,198790.9307443083,ZHVI_allhomes_smoothed_seasadj
"Austin, TX",2011-12-31,198585.7793885731,ZHVI_allhomes_smoothed_seasadj
"Austin, TX",2012-01-31,198808.3716520105,ZHVI_allhomes_smoothed_seasadj
"Austin, TX",2012-02-29,199208.76624013137,ZHVI_allhomes_smoothed_seasadj
"Austin, TX",2012-03-31,199803.90386171453,ZHVI_allhomes_smoothed_seasadj
"Austin, TX",2012-04-30,200340.91096664456,ZHVI_allhomes_smoothed_seasadj
"Austin, TX",2012-05-31,200983.17628568338,ZHVI_allhomes_smoothed_seasadj
"Austin, TX",2012-06-30,201862.80568474426,ZHVI_allhomes_smoothed_seasadj
"Austin, TX",2012-07-31,202916.6051932318,ZHVI_allhomes_smoothed_seasadj
"Austin, TX",2012-08-31,204114.17787396544,ZHVI_allhomes_smoothed_seasadj
"Austin, TX",2012-09-30,205328.01968477436,ZHVI_allhomes_smoothed_seasadj
"Austin, TX",2012-10-31,206587.00371817252,ZHVI_allhomes_smoothed_seasadj
"Austin, TX",2012-11-30,207928.35940375886,ZHVI_allhomes_smoothed_seasadj
"Austin, TX",2012-12-31,209213.52524967608,ZHVI_allhomes_smoothed_seasadj
"Austin, TX",2013-01-31,210699.64299807782,ZHVI_allhomes_smoothed_seasadj
"Austin, TX",2013-02-28,212371.66840491735,ZHVI_allhomes_smoothed_seasadj
"Austin, TX",2013-03-31,214171.9806420357,ZHVI_allhomes_smoothed_seasadj
"Austin, TX",2013-04-30,215979.96654475495,ZHVI_allhomes_smoothed_seasadj
"Austin, TX",2013-05-31,217751.7535494746,ZHVI_allhomes_smoothed_seasadj
"Austin, TX",2013-06-30,219953.4106143283,ZHVI_allhomes_smoothed_seasadj
"Austin, TX",2013-07-31,222167.21315611035,ZHVI_allhomes_smoothed_seasadj
"Austin, TX",2013-08-31,224392.822094404,ZHVI_allhomes_smoothed_seasadj
"Austin, TX",2013-09-30,226350.5234462558,ZHVI_allhomes_smoothed_seasadj
"Austin, TX",2013-10-31,228217.97948077027,ZHVI_allhomes_smoothed_seasadj
"Austin, TX",2013-11-30,230021.54334261804,ZHVI_allhomes_smoothed_seasadj
"Austin, TX",2013-12-31,231777.01206296156,ZHVI_allhomes_smoothed_seasadj
"Austin, TX",2014-01-31,233752.73284165515,ZHVI_allhomes_smoothed_seasadj
"Austin, TX",2014-02-28,235816.62195357998,ZHVI_allhomes_smoothed_seasadj
"Austin, TX",2014-03-31,238010.52490088818,ZHVI_allhomes_smoothed_seasadj
"Austin, TX",2014-04-30,240235.66259946694,ZHVI_allhomes_smoothed_seasadj
"Austin, TX",2014-05-31,242642.7730043279,ZHVI_allhomes_smoothed_seasadj
"Austin, TX",2014-06-30,245040.94752757708,ZHVI_allhomes_smoothed_seasadj
"Austin, TX",2014-07-31,247473.47991540693,ZHVI_allhomes_smoothed_seasadj
"Austin, TX",2014-08-31,249650.2545376364,ZHVI_allhomes_smoothed_seasadj
"Austin, TX",2014-09-30,251652.9309022176,ZHVI_allhomes_smoothed_seasadj
"Austin, TX",2014-10-31,253326.91105698177,ZHVI_allhomes_smoothed_seasadj
"Austin, TX",2014-11-30,255236.04919468737,ZHVI_allhomes_smoothed_seasadj
"Austin, TX",2014-12-31,257301.1017498487,ZHVI_allhomes_smoothed_seasadj
"Austin, TX",2015-01-31,259862.0100463856,ZHVI_allhomes_smoothed_seasadj
"Austin, TX",2015-02-28,262483.55349417677,ZHVI_allhomes_smoothed_seasadj
"Austin, TX",2015-03-31,265124.6287543637,ZHVI_allhomes_smoothed_seasadj
"Austin, TX",2015-04-30,267229.553403713,ZHVI_allhomes_smoothed_seasadj
"Austin, TX",2015-05-31,269111.8501678468,ZHVI_allhomes_smoothed_seasadj
"Austin, TX",2015-06-30,270832.41557278595,ZHVI_allhomes_smoothed_seasadj
"Austin, TX",2015-07-31,272675.40933635866,ZHVI_allhomes_smoothed_seasadj
"Austin, TX",2015-08-31,274485.0666197684,ZHVI_allhomes_smoothed_seasadj
"Austin, TX",2015-09-30,276276.2372955031,ZHVI_allhomes_smoothed_seasadj
"Austin, TX",2015-10-31,277988.15116155014,ZHVI_allhomes_smoothed_seasadj
"Austin, TX",2015-11-30,279797.0107812772,ZHVI_allhomes_smoothed_seasadj
"Austin, TX",2015-12-31,281605.2779347019,ZHVI_allhomes_smoothed_seasadj
"Austin, TX",2016-01-31,283731.8921549264,ZHVI_allhomes_smoothed_seasadj
"Austin, TX",2016-02-29,285811.8499721336,ZHVI_allhomes_smoothed_seasadj
"Austin, TX",2016-03-31,287541.4805889065,ZHVI_allhomes_smoothed_seasadj
"Austin, TX",2016-04-30,289060.2938472363,ZHVI_allhomes_smoothed_seasadj
"Austin, TX",2016-05-31,290530.6831082719,ZHVI_allhomes_smoothed_seasadj
"Austin, TX",2016-06-30,292183.68402489525,ZHVI_allhomes_smoothed_seasadj
"Austin, TX",2016-07-31,293515.4375508209,ZHVI_allhomes_smoothed_seasadj
"Austin, TX",2016-08-31,294383.6342122722,ZHVI_allhomes_smoothed_seasadj
"Austin, TX",2016-09-30,295031.89505184925,ZHVI_allhomes_smoothed_seasadj
"Austin, TX",2016-10-31,295929.28841511614,ZHVI_allhomes_smoothed_seasadj
"Austin, TX",2016-11-30,297369.2315045267,ZHVI_allhomes_smoothed_seasadj
"Austin, TX",2016-12-31,299206.26552355004,ZHVI_allhomes_smoothed_seasadj
"Austin, TX",2017-01-31,301051.0673940183,ZHVI_allhomes_smoothed_seasadj
"Austin, TX",2017-02-28,302691.0526176972,ZHVI_allhomes_smoothed_seasadj
"Austin, TX",2017-03-31,304120.0090878762,ZHVI_allhomes_smoothed_seasadj
"Austin, TX",2017-04-30,305512.89184032043,ZHVI_allhomes_smoothed_seasadj
"Austin, TX",2017-05-31,306388.98038244137,ZHVI_allhomes_smoothed_seasadj
"Austin, TX",2017-06-30,306904.93612078513,ZHVI_allhomes_smoothed_seasadj
"Austin, TX",2017-07-31,307110.1159424708,ZHVI_allhomes_smoothed_seasadj
"Austin, TX",2017-08-31,307551.9476273581,ZHVI_allhomes_smoothed_seasadj
"Austin, TX",2017-09-30,308211.27229797025,ZHVI_allhomes_smoothed_seasadj
"Austin, TX",2017-10-31,309106.2419942122,ZHVI_allhomes_smoothed_seasadj
"Austin, TX",2017-11-30,310116.79709406564,ZHVI_allhomes_smoothed_seasadj
"Austin, TX",2017-12-31,311356.9116702037,ZHVI_allhomes_smoothed_seasadj
"Austin, TX",2018-01-31,312461.49193313485,ZHVI_allhomes_smoothed_seasadj
"Austin, TX",2018-02-28,313414.8924809276,ZHVI_allhomes_smoothed_seasadj
"Austin, TX",2018-03-31,314464.36231528106,ZHVI_allhomes_smoothed_seasadj
"Austin, TX",2018-04-30,315305.28675569786,ZHVI_allhomes_smoothed_seasadj
"Austin, TX",2018-05-31,316189.00320922193,ZHVI_allhomes_smoothed_seasadj
"Austin, TX",2018-06-30,316820.42323404824,ZHVI_allhomes_smoothed_seasadj
"Austin, TX",2018-07-31,317770.6376523438,ZHVI_allhomes_smoothed_seasadj
"Austin, TX",2018-08-31,318596.301453776,ZHVI_allhomes_smoothed_seasadj
"Austin, TX",2018-09-30,319364.71805621166,ZHVI_allhomes_smoothed_seasadj
"Austin, TX",2018-10-31,320001.459235393,ZHVI_allhomes_smoothed_seasadj
"Austin, TX",2018-11-30,320802.6339691677,ZHVI_allhomes_smoothed_seasadj
"Austin, TX",2018-12-31,321727.65316359134,ZHVI_allhomes_smoothed_seasadj
"Austin, TX",2019-01-31,322368.7538264916,ZHVI_allhomes_smoothed_seasadj
"Austin, TX",2019-02-28,322891.995252458,ZHVI_allhomes_smoothed_seasadj
"Austin, TX",2019-03-31,323308.7266294035,ZHVI_allhomes_smoothed_seasadj
"Austin, TX",2019-04-30,323787.41283940093,ZHVI_allhomes_smoothed_seasadj
"Austin, TX",2019-05-31,324368.1462409466,ZHVI_allhomes_smoothed_seasadj
"Austin, TX",2019-06-30,325023.4045396634,ZHVI_allhomes_smoothed_seasadj
"Austin, TX",2019-07-31,325807.23802597955,ZHVI_allhomes_smoothed_seasadj
"Austin, TX",2019-08-31,326787.0973744818,ZHVI_allhomes_smoothed_seasadj
"Austin, TX",2019-09-30,328007.3368952756,ZHVI_allhomes_smoothed_seasadj
"Austin, TX",2019-10-31,329757.73642875045,ZHVI_allhomes_smoothed_seasadj
"Austin, TX",2019-11-30,331878.5529323993,ZHVI_allhomes_smoothed_seasadj
"Austin, TX",2019-12-31,334303.7966817073,ZHVI_allhomes_smoothed_seasadj
"Austin, TX",2020-01-31,337014.32890346483,ZHVI_allhomes_smoothed_seasadj
"Austin, TX",2020-02-29,339814.9492799747,ZHVI_allhomes_smoothed_seasadj
"Austin, TX",2020-03-31,342676.60761929763,ZHVI_allhomes_smoothed_seasadj
"Austin, TX",2020-04-30,345015.5109569942,ZHVI_allhomes_smoothed_seasadj
"Austin, TX",2020-05-31,346362.5769099239,ZHVI_allhomes_smoothed_seasadj
"Austin, TX",2020-06-30,347188.28028882755,ZHVI_allhomes_smoothed_seasadj
"Austin, TX",2020-07-31,348587.0130673287,ZHVI_allhomes_smoothed_seasadj
"Austin, TX",2020-08-31,351537.0811696821,ZHVI_allhomes_smoothed_seasadj
"Austin, TX",2020-09-30,356323.21658284427,ZHVI_allhomes_smoothed_seasadj
"Austin, TX",2020-10-31,362137.3531058661,ZHVI_allhomes_smoothed_seasadj
"Austin, TX",2020-11-30,368839.94987372746,ZHVI_allhomes_smoothed_seasadj
"Austin, TX",2020-12-31,375815.68270332855,ZHVI_allhomes_smoothed_seasadj
"Austin, TX",2021-01-31,383460.2250360733,ZHVI_allhomes_smoothed_seasadj
"Austin, TX",2021-02-28,392693.3353092463,ZHVI_allhomes_smoothed_seasadj
"Austin, TX",2021-03-31,405550.31499451183,ZHVI_allhomes_smoothed_seasadj
"Austin, TX",2021-04-30,423559.2166052607,ZHVI_allhomes_smoothed_seasadj
"Austin, TX",2021-05-31,445662.37544141104,ZHVI_allhomes_smoothed_seasadj
"Austin, TX",2021-06-30,467507.0004417924,ZHVI_allhomes_smoothed_seasadj
"Austin, TX",2021-07-31,483877.93614688976,ZHVI_allhomes_smoothed_seasadj
"Austin, TX",2021-08-31,493251.46615453856,ZHVI_allhomes_smoothed_seasadj
"Austin, TX",2021-09-30,497065.35421302915,ZHVI_allhomes_smoothed_seasadj
"Austin, TX",2021-10-31,499588.388722389,ZHVI_allhomes_smoothed_seasadj
"Austin, TX",2021-11-30,503096.49506613327,ZHVI_allhomes_smoothed_seasadj
"Austin, TX",2021-12-31,508590.5721681635,ZHVI_allhomes_smoothed_seasadj
"Austin, TX",2022-01-31,517976.34111116757,ZHVI_allhomes_smoothed_seasadj
"Austin, TX",2022-02-28,530312.2000550282,ZHVI_allhomes_smoothed_seasadj
"Austin, TX",2022-03-31,545832.0162674789,ZHVI_allhomes_smoothed_seasadj
"Austin, TX",2022-04-30,561112.852844886,ZHVI_allhomes_smoothed_seasadj
"Austin, TX",2022-05-31,574014.7287696801,ZHVI_allhomes_smoothed_seasadj
"Austin, TX",2022-06-30,581635.9086456589,ZHVI_allhomes_smoothed_seasadj
"Austin, TX",2022-07-31,580725.5505154665,ZHVI_allhomes_smoothed_seasadj
"Austin, TX",2022-08-31,572757.6880615839,ZHVI_allhomes_smoothed_seasadj
"Austin, TX",2022-09-30,560525.7034983063,ZHVI_allhomes_smoothed_seasadj
"Austin, TX",2022-10-31,549228.5580487996,ZHVI_allhomes_smoothed_seasadj
"Austin, TX",2022-11-30,539406.1367638676,ZHVI_allhomes_smoothed_seasadj
"Austin, TX",2022-12-31,530656.5891853274,ZHVI_allhomes_smoothed_seasadj
"Austin, TX",2023-01-31,522284.8111183792,ZHVI_allhomes_smoothed_seasadj
"Austin, TX",2023-02-28,514642.79458555364,ZHVI_allhomes_smoothed_seasadj
"Austin, TX",2023-03-31,508455.28038698557,ZHVI_allhomes_smoothed_seasadj
"Austin, TX",2023-04-30,503936.7563270058,ZHVI_allhomes_smoothed_seasadj
"Austin, TX",2023-05-31,501533.1500895898,ZHVI_allhomes_smoothed_seasadj
"Austin, TX",2023-06-30,500487.29133020545,ZHVI_allhomes_smoothed_seasadj
"Austin, TX",2023-07-31,499516.86083772127,ZHVI_allhomes_smoothed_seasadj
"Austin, TX",2023-08-31,498007.15574538877,ZHVI_allhomes_smoothed_seasadj
"Austin, TX",2023-09-30,495668.5645128882,ZHVI_allhomes_smoothed_seasadj
"Austin, TX",2023-10-31,492881.3772120197,ZHVI_allhomes_smoothed_seasadj
"Austin, TX",2023-11-30,489754.5270625037,ZHVI_allhomes_smoothed_seasadj
"Austin, TX",2023-12-31,486624.91737129237,ZHVI_allhomes_smoothed_seasadj
"Austin, TX",2024-01-31,484075.75021581864,ZHVI_allhomes_smoothed_seasadj
"Austin, TX",2024-02-29,482293.9637446003,ZHVI_allhomes_smoothed_seasadj
"Austin, TX",2024-03-31,481698.7694198597,ZHVI_allhomes_smoothed_seasadj
"Austin, TX",2024-04-30,481647.450094387,ZHVI_allhomes_smoothed_seasadj
"Austin, TX",2024-05-31,480918.1149029436,ZHVI_allhomes_smoothed_seasadj
"Austin, TX",2024-06-30,478982.81413534936,ZHVI_allhomes_smoothed_seasadj
"Austin, TX",2024-07-31,476613.50423945935,ZHVI_allhomes_smoothed_seasadj
"Austin, TX",2024-08-31,474644.49187384127,ZHVI_allhomes_smoothed_seasadj
"Austin, TX",2024-09-30,473692.79751057964,ZHVI_allhomes_smoothed_seasadj
"Austin, TX",2024-10-31,472909.53154600086,ZHVI_allhomes_smoothed_seasadj
"Austin, TX",2024-11-30,471975.258519754,ZHVI_allhomes_smoothed_seasadj
"Austin, TX",2024-12-31,470315.5405057838,ZHVI_allhomes_smoothed_seasadj
"Austin, TX",2025-01-31,468112.6233142577,ZHVI_allhomes_smoothed_seasadj
"Austin, TX",2025-02-28,465769.2442417852,ZHVI_allhomes_smoothed_seasadj
"Austin, TX",2025-03-31,462964.5304061559,ZHVI_allhomes_smoothed_seasadj
"Austin, TX",2025-04-30,460021.2738544809,ZHVI_allhomes_smoothed_seasadj
"Austin, TX",2025-05-31,456532.0296130252,ZHVI_allhomes_smoothed_seasadj
"Austin, TX",2025-06-30,452792.0052440366,ZHVI_allhomes_smoothed_seasadj
"Austin, TX",2025-07-31,449289.8172524588,ZHVI_allhomes_smoothed_seasadj
"Austin, TX",2025-08-31,446892.87407373387,ZHVI_allhomes_smoothed_seasadj
"Austin, TX",2025-09-30,445575.67750920035,ZHVI_allhomes_smoothed_seasadj
"Austin, TX",2025-10-31,444614.3401413138,ZHVI_allhomes_smoothed_seasadj
"Austin, TX",2025-11-30,443427.023168894,ZHVI_allhomes_smoothed_seasadj
"Austin, TX",2025-12-31,441984.48226836044,ZHVI_allhomes_smoothed_seasadj
"Austin, TX",2026-01-31,440229.0164999319,ZHVI_allhomes_smoothed_seasadj
"Austin, TX",2026-02-28,438164.17391435755,ZHVI_allhomes_smoothed_seasadj
"Austin, TX",2026-03-31,435442.36790488457,ZHVI_allhomes_smoothed_seasadj
"Austin, TX",2026-04-30,432384.48205936287,ZHVI_allhomes_smoothed_seasadj
"Austin, TX",2026-05-31,429343.18354522367,ZHVI_allhomes_smoothed_seasadj
"Austin, TX",2026-06-30,426943.9536189555,ZHVI_allhomes_smoothed_seasadj
"Dallas, TX",2000-01-31,131742.62931385328,ZHVI_allhomes_smoothed_seasadj
"Dallas, TX",2000-02-29,131801.3079411477,ZHVI_allhomes_smoothed_seasadj
"Dallas, TX",2000-03-31,131868.765030254,ZHVI_allhomes_smoothed_seasadj
"Dallas, TX",2000-04-30,132043.9440050252,ZHVI_allhomes_smoothed_seasadj
"Dallas, TX",2000-05-31,132274.91268676796,ZHVI_allhomes_smoothed_seasadj
"Dallas, TX",2000-06-30,132508.7006824098,ZHVI_allhomes_smoothed_seasadj
"Dallas, TX",2000-07-31,132753.82419795028,ZHVI_allhomes_smoothed_seasadj
"Dallas, TX",2000-08-31,133121.01719930154,ZHVI_allhomes_smoothed_seasadj
"Dallas, TX",2000-09-30,133581.1863267858,ZHVI_allhomes_smoothed_seasadj
"Dallas, TX",2000-10-31,134104.71653821165,ZHVI_allhomes_smoothed_seasadj
"Dallas, TX",2000-11-30,134597.93764367304,ZHVI_allhomes_smoothed_seasadj
"Dallas, TX",2000-12-31,135072.02061085656,ZHVI_allhomes_smoothed_seasadj
"Dallas, TX",2001-01-31,135313.56977385134,ZHVI_allhomes_smoothed_seasadj
"Dallas, TX",2001-02-28,135115.46470210436,ZHVI_allhomes_smoothed_seasadj
"Dallas, TX",2001-03-31,134824.34879498274,ZHVI_allhomes_smoothed_seasadj
"Dallas, TX",2001-04-30,134660.42918339992,ZHVI_allhomes_smoothed_seasadj
"Dallas, TX",2001-05-31,134778.154611685,ZHVI_allhomes_smoothed_seasadj
"Dallas, TX",2001-06-30,134881.83494950514,ZHVI_allhomes_smoothed_seasadj
"Dallas, TX",2001-07-31,134985.66547693513,ZHVI_allhomes_smoothed_seasadj
"Dallas, TX",2001-08-31,135247.21158362026,ZHVI_allhomes_smoothed_seasadj
"Dallas, TX",2001-09-30,135504.16702999847,ZHVI_allhomes_smoothed_seasadj
"Dallas, TX",2001-10-31,135728.24893865487,ZHVI_allhomes_smoothed_seasadj
"Dallas, TX",2001-11-30,135820.08183447947,ZHVI_allhomes_smoothed_seasadj
"Dallas, TX",2001-12-31,135927.70802963592,ZHVI_allhomes_smoothed_seasadj
"Dallas, TX",2002-01-31,136012.50495559137,ZHVI_allhomes_smoothed_seasadj
"Dallas, TX",2002-02-28,136208.7517784705,ZHVI_allhomes_smoothed_seasadj
"Dallas, TX",2002-03-31,136505.83288653343,ZHVI_allhomes_smoothed_seasadj
"Dallas, TX",2002-04-30,136991.47950193824,ZHVI_allhomes_smoothed_seasadj
"Dallas, TX",2002-05-31,137503.98727943757,ZHVI_allhomes_smoothed_seasadj
"Dallas, TX",2002-06-30,138167.92669692842,ZHVI_allhomes_smoothed_seasadj
"Dallas, TX",2002-07-31,138824.6569780236,ZHVI_allhomes_smoothed_seasadj
"Dallas, TX",2002-08-31,139496.96606112106,ZHVI_allhomes_smoothed_seasadj
"Dallas, TX",2002-09-30,140038.48698952343,ZHVI_allhomes_smoothed_seasadj
"Dallas, TX",2002-10-31,140500.01611269198,ZHVI_allhomes_smoothed_seasadj
"Dallas, TX",2002-11-30,140907.0655383809,ZHVI_allhomes_smoothed_seasadj
"Dallas, TX",2002-12-31,141265.56155867802,ZHVI_allhomes_smoothed_seasadj
"Dallas, TX",2003-01-31,141522.91688228786,ZHVI_allhomes_smoothed_seasadj
"Dallas, TX",2003-02-28,141668.20326409422,ZHVI_allhomes_smoothed_seasadj
"Dallas, TX",2003-03-31,141822.36376853948,ZHVI_allhomes_smoothed_seasadj
"Dallas, TX",2003-04-30,142018.4312519596,ZHVI_allhomes_smoothed_seasadj
"Dallas, TX",2003-05-31,142220.20054747083,ZHVI_allhomes_smoothed_seasadj
"Dallas, TX",2003-06-30,142438.70918304165,ZHVI_allhomes_smoothed_seasadj
"Dallas, TX",2003-07-31,142569.61463837346,ZHVI_allhomes_smoothed_seasadj
"Dallas, TX",2003-08-31,142747.14790847883,ZHVI_allhomes_smoothed_seasadj
"Dallas, TX",2003-09-30,142936.03504868507,ZHVI_allhomes_smoothed_seasadj
"Dallas, TX",2003-10-31,143189.56915842203,ZHVI_allhomes_smoothed_seasadj
"Dallas, TX",2003-11-30,143408.0850346977,ZHVI_allhomes_smoothed_seasadj
"Dallas, TX",2003-12-31,143463.44704996853,ZHVI_allhomes_smoothed_seasadj
"Dallas, TX",2004-01-31,143953.4030029778,ZHVI_allhomes_smoothed_seasadj
"Dallas, TX",2004-02-29,145082.10017100582,ZHVI_allhomes_smoothed_seasadj
"Dallas, TX",2004-04-30,148972.9846419055,ZHVI_allhomes_smoothed_seasadj
"Dallas, TX",2004-05-31,150316.73696296473,ZHVI_allhomes_smoothed_seasadj
"Dallas, TX",2004-06-30,151023.3247793929,ZHVI_allhomes_smoothed_seasadj
"Dallas, TX",2004-07-31,151390.57960044732,ZHVI_allhomes_smoothed_seasadj
"Dallas, TX",2004-08-31,151824.69904314406,ZHVI_allhomes_smoothed_seasadj
"Dallas, TX",2004-09-30,152244.26930738342,ZHVI_allhomes_smoothed_seasadj
"Dallas, TX",2004-10-31,152666.80909120632,ZHVI_allhomes_smoothed_seasadj
"Dallas, TX",2004-11-30,152979.46611403566,ZHVI_allhomes_smoothed_seasadj
"Dallas, TX",2004-12-31,153207.90350623595,ZHVI_allhomes_smoothed_seasadj
"Dallas, TX",2005-01-31,153735.24585307817,ZHVI_allhomes_smoothed_seasadj
"Dallas, TX",2005-02-28,154069.74235741363,ZHVI_allhomes_smoothed_seasadj
"Dallas, TX",2005-03-31,154350.1166890436,ZHVI_allhomes_smoothed_seasadj
"Dallas, TX",2005-04-30,154495.76588753282,ZHVI_allhomes_smoothed_seasadj
"Dallas, TX",2005-05-31,154838.6720061486,ZHVI_allhomes_smoothed_seasadj
"Dallas, TX",2005-06-30,155283.03168722804,ZHVI_allhomes_smoothed_seasadj
"Dallas, TX",2005-07-31,155618.45418770172,ZHVI_allhomes_smoothed_seasadj
"Dallas, TX",2005-08-31,155960.10337731134,ZHVI_allhomes_smoothed_seasadj
"Dallas, TX",2005-09-30,156318.2270759082,ZHVI_allhomes_smoothed_seasadj
"Dallas, TX",2005-10-31,156450.5271059093,ZHVI_allhomes_smoothed_seasadj
"Dallas, TX",2005-11-30,156583.48256208652,ZHVI_allhomes_smoothed_seasadj
"Dallas, TX",2005-12-31,156541.44275494068,ZHVI_allhomes_smoothed_seasadj
"Dallas, TX",2006-01-31,156510.42255409874,ZHVI_allhomes_smoothed_seasadj
"Dallas, TX",2006-02-28,156630.0184495089,ZHVI_allhomes_smoothed_seasadj
"Dallas, TX",2006-03-31,156820.64337355384,ZHVI_allhomes_smoothed_seasadj
"Dallas, TX",2006-04-30,157290.9773914903,ZHVI_allhomes_smoothed_seasadj
"Dallas, TX",2006-05-31,157885.04359440834,ZHVI_allhomes_smoothed_seasadj
"Dallas, TX",2006-06-30,158535.0668038493,ZHVI_allhomes_smoothed_seasadj
"Dallas, TX",2006-07-31,158986.67883519406,ZHVI_allhomes_smoothed_seasadj
"Dallas, TX",2006-08-31,159229.35850695017,ZHVI_allhomes_smoothed_seasadj
"Dallas, TX",2006-09-30,159496.3731651488,ZHVI_allhomes_smoothed_seasadj
"Dallas, TX",2006-10-31,160142.55558588056,ZHVI_allhomes_smoothed_seasadj
"Dallas, TX",2006-11-30,160698.13362078604,ZHVI_allhomes_smoothed_seasadj
"Dallas, TX",2006-12-31,161248.6767873149,ZHVI_allhomes_smoothed_seasadj
"Dallas, TX",2007-01-31,161149.9471075343,ZHVI_allhomes_smoothed_seasadj
"Dallas, TX",2007-02-28,160780.171865306,ZHVI_allhomes_smoothed_seasadj
"Dallas, TX",2007-03-31,160276.20469530593,ZHVI_allhomes_smoothed_seasadj
"Dallas, TX",2007-04-30,160252.81221775283,ZHVI_allhomes_smoothed_seasadj
"Dallas, TX",2007-05-31,160569.13817523082,ZHVI_allhomes_smoothed_seasadj
"Dallas, TX",2007-06-30,160988.11680453076,ZHVI_allhomes_smoothed_seasadj
"Dallas, TX",2007-07-31,161397.9883195132,ZHVI_allhomes_smoothed_seasadj
"Dallas, TX",2007-08-31,161828.89745823,ZHVI_allhomes_smoothed_seasadj
"Dallas, TX",2007-09-30,162394.169123578,ZHVI_allhomes_smoothed_seasadj
"Dallas, TX",2007-10-31,162814.56359374744,ZHVI_allhomes_smoothed_seasadj
"Dallas, TX",2007-11-30,163098.39117122928,ZHVI_allhomes_smoothed_seasadj
"Dallas, TX",2007-12-31,163315.2095361325,ZHVI_allhomes_smoothed_seasadj
"Dallas, TX",2008-01-31,162720.89634334578,ZHVI_allhomes_smoothed_seasadj
"Dallas, TX",2008-02-29,161661.78798699923,ZHVI_allhomes_smoothed_seasadj
"Dallas, TX",2008-03-31,160211.55892469545,ZHVI_allhomes_smoothed_seasadj
"Dallas, TX",2008-04-30,159333.14294973513,ZHVI_allhomes_smoothed_seasadj
"Dallas, TX",2008-05-31,158750.08732158373,ZHVI_allhomes_smoothed_seasadj
"Dallas, TX",2008-06-30,158382.2208236842,ZHVI_allhomes_smoothed_seasadj
"Dallas, TX",2008-07-31,158185.33056190223,ZHVI_allhomes_smoothed_seasadj
"Dallas, TX",2008-08-31,157744.6569435751,ZHVI_allhomes_smoothed_seasadj
"Dallas, TX",2008-09-30,156999.21923929246,ZHVI_allhomes_smoothed_seasadj
"Dallas, TX",2008-10-31,155987.5994456005,ZHVI_allhomes_smoothed_seasadj
"Dallas, TX",2008-11-30,155081.98119795122,ZHVI_allhomes_smoothed_seasadj
"Dallas, TX",2008-12-31,154420.78571892763,ZHVI_allhomes_smoothed_seasadj
"Dallas, TX",2009-01-31,153933.79451048994,ZHVI_allhomes_smoothed_seasadj
"Dallas, TX",2009-02-28,153832.26933525765,ZHVI_allhomes_smoothed_seasadj
"Dallas, TX",2009-03-31,153886.22551428239,ZHVI_allhomes_smoothed_seasadj
"Dallas, TX",2009-04-30,154093.23488200732,ZHVI_allhomes_smoothed_seasadj
"Dallas, TX",2009-05-31,154266.25544098575,ZHVI_allhomes_smoothed_seasadj
"Dallas, TX",2009-06-30,154289.26286554904,ZHVI_allhomes_smoothed_seasadj
"Dallas, TX",2009-07-31,154339.94558766414,ZHVI_allhomes_smoothed_seasadj
"Dallas, TX",2009-08-31,154198.31233827482,ZHVI_allhomes_smoothed_seasadj
"Dallas, TX",2009-09-30,154146.3277045587,ZHVI_allhomes_smoothed_seasadj
"Dallas, TX",2009-10-31,154070.718391136,ZHVI_allhomes_smoothed_seasadj
"Dallas, TX",2009-11-30,154421.6972331574,ZHVI_allhomes_smoothed_seasadj
"Dallas, TX",2009-12-31,154807.32040963307,ZHVI_allhomes_smoothed_seasadj
"Dallas, TX",2010-01-31,154905.07951275268,ZHVI_allhomes_smoothed_seasadj
"Dallas, TX",2010-02-28,154753.0271940763,ZHVI_allhomes_smoothed_seasadj
"Dallas, TX",2010-03-31,154512.37935990843,ZHVI_allhomes_smoothed_seasadj
"Dallas, TX",2010-04-30,154652.14105106695,ZHVI_allhomes_smoothed_seasadj
"Dallas, TX",2010-05-31,154762.31996168403,ZHVI_allhomes_smoothed_seasadj
"Dallas, TX",2010-06-30,154842.58430631142,ZHVI_allhomes_smoothed_seasadj
"Dallas, TX",2010-07-31,154481.75191976677,ZHVI_allhomes_smoothed_seasadj
"Dallas, TX",2010-08-31,153811.74090754092,ZHVI_allhomes_smoothed_seasadj
"Dallas, TX",2010-09-30,152887.5743907986,ZHVI_allhomes_smoothed_seasadj
"Dallas, TX",2010-10-31,151993.3333112589,ZHVI_allhomes_smoothed_seasadj
"Dallas, TX",2010-11-30,151081.65144190736,ZHVI_allhomes_smoothed_seasadj
"Dallas, TX",2010-12-31,150455.86518622085,ZHVI_allhomes_smoothed_seasadj
"Dallas, TX",2011-01-31,149982.89049281282,ZHVI_allhomes_smoothed_seasadj
"Dallas, TX",2011-02-28,149485.12159389583,ZHVI_allhomes_smoothed_seasadj
"Dallas, TX",2011-03-31,148956.126555832,ZHVI_allhomes_smoothed_seasadj
"Dallas, TX",2011-04-30,148263.29307958405,ZHVI_allhomes_smoothed_seasadj
"Dallas, TX",2011-05-31,147750.73237928317,ZHVI_allhomes_smoothed_seasadj
"Dallas, TX",2011-06-30,147191.95410829163,ZHVI_allhomes_smoothed_seasadj
"Dallas, TX",2011-07-31,146981.4105676835,ZHVI_allhomes_smoothed_seasadj
"Dallas, TX",2011-08-31,146833.36795668394,ZHVI_allhomes_smoothed_seasadj
"Dallas, TX",2011-09-30,146855.76229660117,ZHVI_allhomes_smoothed_seasadj
"Dallas, TX",2011-10-31,146782.60919771006,ZHVI_allhomes_smoothed_seasadj
"Dallas, TX",2011-11-30,146652.65703285547,ZHVI_allhomes_smoothed_seasadj
"Dallas, TX",2011-12-31,146341.1048241141,ZHVI_allhomes_smoothed_seasadj
"Dallas, TX",2012-01-31,146052.68598794378,ZHVI_allhomes_smoothed_seasadj
"Dallas, TX",2012-02-29,146227.11392603847,ZHVI_allhomes_smoothed_seasadj
"Dallas, TX",2012-03-31,146718.1875225726,ZHVI_allhomes_smoothed_seasadj
"Dallas, TX",2012-04-30,147378.3017288615,ZHVI_allhomes_smoothed_seasadj
"Dallas, TX",2012-05-31,147974.08526779478,ZHVI_allhomes_smoothed_seasadj
"Dallas, TX",2012-06-30,148718.51803735836,ZHVI_allhomes_smoothed_seasadj
"Dallas, TX",2012-07-31,149578.06450071812,ZHVI_allhomes_smoothed_seasadj
"Dallas, TX",2012-08-31,150311.87449628176,ZHVI_allhomes_smoothed_seasadj
"Dallas, TX",2012-09-30,151045.05726341216,ZHVI_allhomes_smoothed_seasadj
"Dallas, TX",2012-10-31,151856.95981392937,ZHVI_allhomes_smoothed_seasadj
"Dallas, TX",2012-11-30,152764.43424491605,ZHVI_allhomes_smoothed_seasadj
"Dallas, TX",2012-12-31,153549.66973323384,ZHVI_allhomes_smoothed_seasadj
"Dallas, TX",2013-01-31,154387.64178246347,ZHVI_allhomes_smoothed_seasadj
"Dallas, TX",2013-02-28,155333.6716804288,ZHVI_allhomes_smoothed_seasadj
"Dallas, TX",2013-03-31,156310.2578580343,ZHVI_allhomes_smoothed_seasadj
"Dallas, TX",2013-04-30,157153.58553173314,ZHVI_allhomes_smoothed_seasadj
"Dallas, TX",2013-05-31,158105.90773414567,ZHVI_allhomes_smoothed_seasadj
"Dallas, TX",2013-06-30,159341.73082423763,ZHVI_allhomes_smoothed_seasadj
"Dallas, TX",2013-07-31,160635.8324256025,ZHVI_allhomes_smoothed_seasadj
"Dallas, TX",2013-08-31,161786.07013236068,ZHVI_allhomes_smoothed_seasadj
"Dallas, TX",2013-09-30,162781.8234523688,ZHVI_allhomes_smoothed_seasadj
"Dallas, TX",2013-10-31,163907.21922735075,ZHVI_allhomes_smoothed_seasadj
"Dallas, TX",2013-11-30,165058.48164305594,ZHVI_allhomes_smoothed_seasadj
"Dallas, TX",2013-12-31,166231.58069632424,ZHVI_allhomes_smoothed_seasadj
"Dallas, TX",2014-01-31,167427.44248596518,ZHVI_allhomes_smoothed_seasadj
"Dallas, TX",2014-02-28,168637.37013509587,ZHVI_allhomes_smoothed_seasadj
"Dallas, TX",2014-03-31,169779.97443030472,ZHVI_allhomes_smoothed_seasadj
"Dallas, TX",2014-04-30,170689.855672919,ZHVI_allhomes_smoothed_seasadj
"Dallas, TX",2014-05-31,171632.28204493262,ZHVI_allhomes_smoothed_seasadj
"Dallas, TX",2014-06-30,172666.74333869593,ZHVI_allhomes_smoothed_seasadj
"Dallas, TX",2014-07-31,173945.15614952813,ZHVI_allhomes_smoothed_seasadj
"Dallas, TX",2014-08-31,175114.12713748086,ZHVI_allhomes_smoothed_seasadj
"Dallas, TX",2014-09-30,176215.0957442233,ZHVI_allhomes_smoothed_seasadj
"Dallas, TX",2014-10-31,177106.82877955612,ZHVI_allhomes_smoothed_seasadj
"Dallas, TX",2014-11-30,178284.4178582841,ZHVI_allhomes_smoothed_seasadj
"Dallas, TX",2014-12-31,179541.3933333316,ZHVI_allhomes_smoothed_seasadj
"Dallas, TX",2015-01-31,181050.48183077012,ZHVI_allhomes_smoothed_seasadj
"Dallas, TX",2015-02-28,182628.41112184548,ZHVI_allhomes_smoothed_seasadj
"Dallas, TX",2015-03-31,184189.01598193005,ZHVI_allhomes_smoothed_seasadj
"Dallas, TX",2015-04-30,185624.2947261545,ZHVI_allhomes_smoothed_seasadj
"Dallas, TX",2015-05-31,187126.53718583207,ZHVI_allhomes_smoothed_seasadj
"Dallas, TX",2015-06-30,188781.79009361993,ZHVI_allhomes_smoothed_seasadj
"Dallas, TX",2015-07-31,190687.6184834968,ZHVI_allhomes_smoothed_seasadj
"Dallas, TX",2015-08-31,192602.8584773283,ZHVI_allhomes_smoothed_seasadj
"Dallas, TX",2015-09-30,194607.3585494804,ZHVI_allhomes_smoothed_seasadj
"Dallas, TX",2015-10-31,196600.62242616064,ZHVI_allhomes_smoothed_seasadj
"Dallas, TX",2015-11-30,198574.03539674706,ZHVI_allhomes_smoothed_seasadj
"Dallas, TX",2015-12-31,200528.06955933067,ZHVI_allhomes_smoothed_seasadj
"Dallas, TX",2016-01-31,202593.62228007338,ZHVI_allhomes_smoothed_seasadj
"Dallas, TX",2016-02-29,204724.33958442483,ZHVI_allhomes_smoothed_seasadj
"Dallas, TX",2016-03-31,206583.53848024845,ZHVI_allhomes_smoothed_seasadj
"Dallas, TX",2016-04-30,208482.35777597502,ZHVI_allhomes_smoothed_seasadj
"Dallas, TX",2016-05-31,210292.1544215333,ZHVI_allhomes_smoothed_seasadj
"Dallas, TX",2016-06-30,212223.50705660763,ZHVI_allhomes_smoothed_seasadj
"Dallas, TX",2016-07-31,213874.629590568,ZHVI_allhomes_smoothed_seasadj
"Dallas, TX",2016-08-31,215410.91502330088,ZHVI_allhomes_smoothed_seasadj
"Dallas, TX",2016-09-30,217091.63176118038,ZHVI_allhomes_smoothed_seasadj
"Dallas, TX",2016-10-31,218892.91698582773,ZHVI_allhomes_smoothed_seasadj
"Dallas, TX",2016-11-30,220932.5167611992,ZHVI_allhomes_smoothed_seasadj
"Dallas, TX",2016-12-31,222881.7209872218,ZHVI_allhomes_smoothed_seasadj
"Dallas, TX",2017-01-31,224856.56631726216,ZHVI_allhomes_smoothed_seasadj
"Dallas, TX",2017-02-28,226722.08911137757,ZHVI_allhomes_smoothed_seasadj
"Dallas, TX",2017-03-31,228718.0254122774,ZHVI_allhomes_smoothed_seasadj
"Dallas, TX",2017-04-30,230886.51401250777,ZHVI_allhomes_smoothed_seasadj
"Dallas, TX",2017-05-31,232932.69588739806,ZHVI_allhomes_smoothed_seasadj
"Dallas, TX",2017-06-30,234808.62338372148,ZHVI_allhomes_smoothed_seasadj
"Dallas, TX",2017-07-31,236246.82080664896,ZHVI_allhomes_smoothed_seasadj
"Dallas, TX",2017-08-31,237612.45938994118,ZHVI_allhomes_smoothed_seasadj
"Dallas, TX",2017-09-30,239032.71169633442,ZHVI_allhomes_smoothed_seasadj
"Dallas, TX",2017-10-31,240641.5086767237,ZHVI_allhomes_smoothed_seasadj
"Dallas, TX",2017-11-30,242409.4295549353,ZHVI_allhomes_smoothed_seasadj
"Dallas, TX",2017-12-31,244328.37326111677,ZHVI_allhomes_smoothed_seasadj
"Dallas, TX",2018-01-31,246301.93287069022,ZHVI_allhomes_smoothed_seasadj
"Dallas, TX",2018-02-28,248202.80969594102,ZHVI_allhomes_smoothed_seasadj
"Dallas, TX",2018-03-31,250122.33912246817,ZHVI_allhomes_smoothed_seasadj
"Dallas, TX",2018-04-30,251833.8163338334,ZHVI_allhomes_smoothed_seasadj
"Dallas, TX",2018-05-31,253442.42950334412,ZHVI_allhomes_smoothed_seasadj
"Dallas, TX",2018-06-30,254538.3538561742,ZHVI_allhomes_smoothed_seasadj
"Dallas, TX",2018-07-31,255665.26192470267,ZHVI_allhomes_smoothed_seasadj
"Dallas, TX",2018-08-31,256511.81340594668,ZHVI_allhomes_smoothed_seasadj
"Dallas, TX",2018-09-30,257283.11249188706,ZHVI_allhomes_smoothed_seasadj
"Dallas, TX",2018-10-31,257734.92783586713,ZHVI_allhomes_smoothed_seasadj
"Dallas, TX",2018-11-30,258237.23551029863,ZHVI_allhomes_smoothed_seasadj
"Dallas, TX",2018-12-31,258965.75508478004,ZHVI_allhomes_smoothed_seasadj
"Dallas, TX",2019-01-31,259916.54547953725,ZHVI_allhomes_smoothed_seasadj
"Dallas, TX",2019-02-28,260946.80871713688,ZHVI_allhomes_smoothed_seasadj
"Dallas, TX",2019-03-31,261832.91443727585,ZHVI_allhomes_smoothed_seasadj
"Dallas, TX",2019-04-30,262320.06398816133,ZHVI_allhomes_smoothed_seasadj
"Dallas, TX",2019-05-31,262520.2186631113,ZHVI_allhomes_smoothed_seasadj
"Dallas, TX",2019-06-30,262582.5108618931,ZHVI_allhomes_smoothed_seasadj
"Dallas, TX",2019-07-31,262681.83654036646,ZHVI_allhomes_smoothed_seasadj
"Dallas, TX",2019-08-31,262931.2485675863,ZHVI_allhomes_smoothed_seasadj
"Dallas, TX",2019-09-30,263325.350058055,ZHVI_allhomes_smoothed_seasadj
"Dallas, TX",2019-10-31,264039.2178861914,ZHVI_allhomes_smoothed_seasadj
"Dallas, TX",2019-11-30,265047.55201405013,ZHVI_allhomes_smoothed_seasadj
"Dallas, TX",2019-12-31,266295.89173960226,ZHVI_allhomes_smoothed_seasadj
"Dallas, TX",2020-01-31,267878.5610061664,ZHVI_allhomes_smoothed_seasadj
"Dallas, TX",2020-02-29,269484.51663248445,ZHVI_allhomes_smoothed_seasadj
"Dallas, TX",2020-03-31,271011.57924112,ZHVI_allhomes_smoothed_seasadj
"Dallas, TX",2020-04-30,271815.4393432544,ZHVI_allhomes_smoothed_seasadj
"Dallas, TX",2020-05-31,271805.78253909014,ZHVI_allhomes_smoothed_seasadj
"Dallas, TX",2020-06-30,271582.433971176,ZHVI_allhomes_smoothed_seasadj
"Dallas, TX",2020-07-31,271955.23702171794,ZHVI_allhomes_smoothed_seasadj
"Dallas, TX",2020-08-31,273430.3230434293,ZHVI_allhomes_smoothed_seasadj
"Dallas, TX",2020-09-30,275991.497628162,ZHVI_allhomes_smoothed_seasadj
"Dallas, TX",2020-10-31,279186.9533295736,ZHVI_allhomes_smoothed_seasadj
"Dallas, TX",2020-11-30,282925.0548241488,ZHVI_allhomes_smoothed_seasadj
"Dallas, TX",2020-12-31,286702.12312428333,ZHVI_allhomes_smoothed_seasadj
"Dallas, TX",2021-01-31,290696.4932277714,ZHVI_allhomes_smoothed_seasadj
"Dallas, TX",2021-02-28,294922.35966662446,ZHVI_allhomes_smoothed_seasadj
"Dallas, TX",2021-03-31,299632.3747622017,ZHVI_allhomes_smoothed_seasadj
"Dallas, TX",2021-04-30,304838.7223130503,ZHVI_allhomes_smoothed_seasadj
"Dallas, TX",2021-05-31,310837.2897171743,ZHVI_allhomes_smoothed_seasadj
"Dallas, TX",2021-06-30,317116.7615439051,ZHVI_allhomes_smoothed_seasadj
"Dallas, TX",2021-07-31,322806.29682065867,ZHVI_allhomes_smoothed_seasadj
"Dallas, TX",2021-08-31,327215.77516594325,ZHVI_allhomes_smoothed_seasadj
"Dallas, TX",2021-09-30,330665.6757910501,ZHVI_allhomes_smoothed_seasadj
"Dallas, TX",2021-10-31,334335.80100261146,ZHVI_allhomes_smoothed_seasadj
"Dallas, TX",2021-11-30,338864.38220118487,ZHVI_allhomes_smoothed_seasadj
"Dallas, TX",2021-12-31,344062.5058515223,ZHVI_allhomes_smoothed_seasadj
"Dallas, TX",2022-01-31,351286.07882223587,ZHVI_allhomes_smoothed_seasadj
"Dallas, TX",2022-02-28,359956.8601889226,ZHVI_allhomes_smoothed_seasadj
"Dallas, TX",2022-03-31,369796.3237943095,ZHVI_allhomes_smoothed_seasadj
"Dallas, TX",2022-04-30,379516.7989068031,ZHVI_allhomes_smoothed_seasadj
"Dallas, TX",2022-05-31,388316.0151528772,ZHVI_allhomes_smoothed_seasadj
"Dallas, TX",2022-06-30,395858.9226921908,ZHVI_allhomes_smoothed_seasadj
"Dallas, TX",2022-07-31,400002.06131819705,ZHVI_allhomes_smoothed_seasadj
"Dallas, TX",2022-08-31,400690.00240809843,ZHVI_allhomes_smoothed_seasadj
"Dallas, TX",2022-09-30,398925.99078366434,ZHVI_allhomes_smoothed_seasadj
"Dallas, TX",2022-10-31,396786.61939322954,ZHVI_allhomes_smoothed_seasadj
"Dallas, TX",2022-11-30,394801.6859705902,ZHVI_allhomes_smoothed_seasadj
"Dallas, TX",2022-12-31,392736.07986045344,ZHVI_allhomes_smoothed_seasadj
"Dallas, TX",2023-01-31,390074.49753941223,ZHVI_allhomes_smoothed_seasadj
"Dallas, TX",2023-02-28,387701.81852121465,ZHVI_allhomes_smoothed_seasadj
"Dallas, TX",2023-03-31,386092.30251310463,ZHVI_allhomes_smoothed_seasadj
"Dallas, TX",2023-04-30,385514.62719063245,ZHVI_allhomes_smoothed_seasadj
"Dallas, TX",2023-05-31,385814.0967091682,ZHVI_allhomes_smoothed_seasadj
"Dallas, TX",2023-06-30,386671.09776932065,ZHVI_allhomes_smoothed_seasadj
"Dallas, TX",2023-07-31,387694.52080936497,ZHVI_allhomes_smoothed_seasadj
"Dallas, TX",2023-08-31,388660.2254327356,ZHVI_allhomes_smoothed_seasadj
"Dallas, TX",2023-09-30,389094.9872283886,ZHVI_allhomes_smoothed_seasadj
"Dallas, TX",2023-10-31,389214.925784965,ZHVI_allhomes_smoothed_seasadj
"Dallas, TX",2023-11-30,389069.6094572139,ZHVI_allhomes_smoothed_seasadj
"Dallas, TX",2023-12-31,388728.1814977154,ZHVI_allhomes_smoothed_seasadj
"Dallas, TX",2024-01-31,388750.8532653007,ZHVI_allhomes_smoothed_seasadj
"Dallas, TX",2024-02-29,389254.7893492468,ZHVI_allhomes_smoothed_seasadj
"Dallas, TX",2024-03-31,390464.7161437373,ZHVI_allhomes_smoothed_seasadj
"Dallas, TX",2024-04-30,391476.959349297,ZHVI_allhomes_smoothed_seasadj
"Dallas, TX",2024-05-31,391627.2308233758,ZHVI_allhomes_smoothed_seasadj
"Dallas, TX",2024-06-30,390933.0343404364,ZHVI_allhomes_smoothed_seasadj
"Dallas, TX",2024-07-31,389952.3157302863,ZHVI_allhomes_smoothed_seasadj
"Dallas, TX",2024-08-31,389271.85053359374,ZHVI_allhomes_smoothed_seasadj
"Dallas, TX",2024-09-30,389065.208440656,ZHVI_allhomes_smoothed_seasadj
"Dallas, TX",2024-10-31,388954.61584299477,ZHVI_allhomes_smoothed_seasadj
"Dallas, TX",2024-11-30,388653.47827068594,ZHVI_allhomes_smoothed_seasadj
"Dallas, TX",2024-12-31,388106.2140732032,ZHVI_allhomes_smoothed_seasadj
"Dallas, TX",2025-01-31,387560.19544648216,ZHVI_allhomes_smoothed_seasadj
"Dallas, TX",2025-02-28,386747.4111795309,ZHVI_allhomes_smoothed_seasadj
"Dallas, TX",2025-03-31,385196.46652758075,ZHVI_allhomes_smoothed_seasadj
"Dallas, TX",2025-04-30,383000.89970201004,ZHVI_allhomes_smoothed_seasadj
"Dallas, TX",2025-05-31,380506.98859309877,ZHVI_allhomes_smoothed_seasadj
"Dallas, TX",2025-06-30,378066.86327526934,ZHVI_allhomes_smoothed_seasadj
"Dallas, TX",2025-07-31,375985.28970685246,ZHVI_allhomes_smoothed_seasadj
"Dallas, TX",2025-08-31,374579.3469965835,ZHVI_allhomes_smoothed_seasadj
"Dallas, TX",2025-09-30,373911.4430832933,ZHVI_allhomes_smoothed_seasadj
"Dallas, TX",2025-10-31,373551.62595811667,ZHVI_allhomes_smoothed_seasadj
"Dallas, TX",2025-11-30,373279.47441564355,ZHVI_allhomes_smoothed_seasadj
"Dallas, TX",2025-12-31,373054.7496178712,ZHVI_allhomes_smoothed_seasadj
"Dallas, TX",2026-01-31,372607.2638527397,ZHVI_allhomes_smoothed_seasadj
"Dallas, TX",2026-02-28,372013.54089229746,ZHVI_allhomes_smoothed_seasadj
"Dallas, TX",2026-03-31,370924.76746954443,ZHVI_allhomes_smoothed_seasadj
"Dallas, TX",2026-04-30,369570.7183152459,ZHVI_allhomes_smoothed_seasadj
"Dallas, TX",2026-05-31,367967.7792194173,ZHVI_allhomes_smoothed_seasadj
"Dallas, TX",2026-06-30,366701.4882808197,ZHVI_allhomes_smoothed_seasadj
"Houston, TX",2000-01-31,126893.26837675183,ZHVI_allhomes_smoothed_seasadj
"Houston, TX",2000-02-29,126916.90469639395,ZHVI_allhomes_smoothed_seasadj
"Houston, TX",2000-03-31,126828.30697872734,ZHVI_allhomes_smoothed_seasadj
"Houston, TX",2000-04-30,126881.26544832283,ZHVI_allhomes_smoothed_seasadj
"Houston, TX",2000-05-31,126930.11793939886,ZHVI_allhomes_smoothed_seasadj
"Houston, TX",2000-06-30,127126.60662121604,ZHVI_allhomes_smoothed_seasadj
"Houston, TX",2000-07-31,127318.3282450736,ZHVI_allhomes_smoothed_seasadj
"Houston, TX",2000-08-31,127617.02775356994,ZHVI_allhomes_smoothed_seasadj
"Houston, TX",2000-09-30,128005.60302386421,ZHVI_allhomes_smoothed_seasadj
"Houston, TX",2000-10-31,128330.5119307455,ZHVI_allhomes_smoothed_seasadj
"Houston, TX",2000-11-30,128839.013284511,ZHVI_allhomes_smoothed_seasadj
"Houston, TX",2000-12-31,129364.18436041802,ZHVI_allhomes_smoothed_seasadj
"Houston, TX",2001-01-31,129624.12030329574,ZHVI_allhomes_smoothed_seasadj
"Houston, TX",2001-02-28,129578.68406718831,ZHVI_allhomes_smoothed_seasadj
"Houston, TX",2001-03-31,129148.16478319703,ZHVI_allhomes_smoothed_seasadj
"Houston, TX",2001-04-30,128890.1622436854,ZHVI_allhomes_smoothed_seasadj
"Houston, TX",2001-05-31,128810.9142359165,ZHVI_allhomes_smoothed_seasadj
"Houston, TX",2001-06-30,128946.90150012141,ZHVI_allhomes_smoothed_seasadj
"Houston, TX",2001-07-31,129131.23763511483,ZHVI_allhomes_smoothed_seasadj
"Houston, TX",2001-08-31,129139.04969776126,ZHVI_allhomes_smoothed_seasadj
"Houston, TX",2001-09-30,129241.30871582827,ZHVI_allhomes_smoothed_seasadj
"Houston, TX",2001-10-31,129409.04521840265,ZHVI_allhomes_smoothed_seasadj
"Houston, TX",2001-11-30,129646.03111423556,ZHVI_allhomes_smoothed_seasadj
"Houston, TX",2001-12-31,129821.57858485529,ZHVI_allhomes_smoothed_seasadj
"Houston, TX",2002-01-31,129899.68354124659,ZHVI_allhomes_smoothed_seasadj
"Houston, TX",2002-02-28,129990.87919161019,ZHVI_allhomes_smoothed_seasadj
"Houston, TX",2002-03-31,130326.52768594558,ZHVI_allhomes_smoothed_seasadj
"Houston, TX",2002-04-30,130884.3624701994,ZHVI_allhomes_smoothed_seasadj
"Houston, TX",2002-05-31,131515.06208603576,ZHVI_allhomes_smoothed_seasadj
"Houston, TX",2002-06-30,132085.53109924562,ZHVI_allhomes_smoothed_seasadj
"Houston, TX",2002-07-31,132644.80803283348,ZHVI_allhomes_smoothed_seasadj
"Houston, TX",2002-08-31,133304.69619080072,ZHVI_allhomes_smoothed_seasadj
"Houston, TX",2002-09-30,133912.06704503504,ZHVI_allhomes_smoothed_seasadj
"Houston, TX",2002-10-31,134417.92465202205,ZHVI_allhomes_smoothed_seasadj
"Houston, TX",2002-11-30,134794.03431812793,ZHVI_allhomes_smoothed_seasadj
"Houston, TX",2002-12-31,135103.7879351539,ZHVI_allhomes_smoothed_seasadj
"Houston, TX",2003-01-31,135404.94995522694,ZHVI_allhomes_smoothed_seasadj
"Houston, TX",2003-02-28,135635.7888958412,ZHVI_allhomes_smoothed_seasadj
"Houston, TX",2003-03-31,135919.3415323726,ZHVI_allhomes_smoothed_seasadj
"Houston, TX",2003-04-30,136182.55610339384,ZHVI_allhomes_smoothed_seasadj
"Houston, TX",2003-05-31,136464.518844415,ZHVI_allhomes_smoothed_seasadj
"Houston, TX",2003-06-30,136711.8792152819,ZHVI_allhomes_smoothed_seasadj
"Houston, TX",2003-07-31,136965.45836089263,ZHVI_allhomes_smoothed_seasadj
"Houston, TX",2003-08-31,137253.06897715657,ZHVI_allhomes_smoothed_seasadj
"Houston, TX",2003-09-30,137481.32546538394,ZHVI_allhomes_smoothed_seasadj
"Houston, TX",2003-10-31,137718.42591290726,ZHVI_allhomes_smoothed_seasadj
"Houston, TX",2003-11-30,137918.9080172441,ZHVI_allhomes_smoothed_seasadj
"Houston, TX",2003-12-31,138171.6532907091,ZHVI_allhomes_smoothed_seasadj
"Houston, TX",2004-01-31,138525.3277343822,ZHVI_allhomes_smoothed_seasadj
"Houston, TX",2004-02-29,139312.8584823934,ZHVI_allhomes_smoothed_seasadj
"Houston, TX",2004-03-31,140709.47608032776,ZHVI_allhomes_smoothed_seasadj
"Houston, TX",2004-04-30,142052.1166000913,ZHVI_allhomes_smoothed_seasadj
"Houston, TX",2004-05-31,143400.87513308393,ZHVI_allhomes_smoothed_seasadj
"Houston, TX",2004-06-30,144097.33795553178,ZHVI_allhomes_smoothed_seasadj
"Houston, TX",2004-07-31,145031.70102853308,ZHVI_allhomes_smoothed_seasadj
"Houston, TX",2004-08-31,145724.36488864964,ZHVI_allhomes_smoothed_seasadj
"Houston, TX",2004-09-30,146581.88448568992,ZHVI_allhomes_smoothed_seasadj
"Houston, TX",2004-10-31,147354.30096515917,ZHVI_allhomes_smoothed_seasadj
"Houston, TX",2004-11-30,148096.8806325482,ZHVI_allhomes_smoothed_seasadj
"Houston, TX",2004-12-31,148903.28109833843,ZHVI_allhomes_smoothed_seasadj
"Houston, TX",2005-01-31,149602.272215747,ZHVI_allhomes_smoothed_seasadj
"Houston, TX",2005-02-28,150243.14136858413,ZHVI_allhomes_smoothed_seasadj
"Houston, TX",2005-03-31,150730.23077587504,ZHVI_allhomes_smoothed_seasadj
"Houston, TX",2005-04-30,151162.97869294477,ZHVI_allhomes_smoothed_seasadj
"Houston, TX",2005-05-31,151416.87330446744,ZHVI_allhomes_smoothed_seasadj
"Houston, TX",2005-06-30,151654.68648595558,ZHVI_allhomes_smoothed_seasadj
"Houston, TX",2005-07-31,151798.6255536483,ZHVI_allhomes_smoothed_seasadj
"Houston, TX",2005-08-31,151876.78142733293,ZHVI_allhomes_smoothed_seasadj
"Houston, TX",2005-09-30,151883.94675582563,ZHVI_allhomes_smoothed_seasadj
"Houston, TX",2005-10-31,151837.1097737306,ZHVI_allhomes_smoothed_seasadj
"Houston, TX",2005-11-30,151976.20177193443,ZHVI_allhomes_smoothed_seasadj
"Houston, TX",2005-12-31,152100.5258443274,ZHVI_allhomes_smoothed_seasadj
"Houston, TX",2006-01-31,152233.54236272955,ZHVI_allhomes_smoothed_seasadj
"Houston, TX",2006-02-28,152183.23605784972,ZHVI_allhomes_smoothed_seasadj
"Houston, TX",2006-03-31,152248.4636390194,ZHVI_allhomes_smoothed_seasadj
"Houston, TX",2006-04-30,152476.53130132172,ZHVI_allhomes_smoothed_seasadj
"Houston, TX",2006-05-31,153027.1248238499,ZHVI_allhomes_smoothed_seasadj
"Houston, TX",2006-06-30,153565.3645940758,ZHVI_allhomes_smoothed_seasadj
"Houston, TX",2006-07-31,154149.4139442715,ZHVI_allhomes_smoothed_seasadj
"Houston, TX",2006-08-31,154714.56251592227,ZHVI_allhomes_smoothed_seasadj
"Houston, TX",2006-09-30,155381.01291750136,ZHVI_allhomes_smoothed_seasadj
"Houston, TX",2006-10-31,156138.17551382995,ZHVI_allhomes_smoothed_seasadj
"Houston, TX",2006-11-30,156846.24307944227,ZHVI_allhomes_smoothed_seasadj
"Houston, TX",2006-12-31,157586.56876555306,ZHVI_allhomes_smoothed_seasadj
"Houston, TX",2007-01-31,158058.1876318111,ZHVI_allhomes_smoothed_seasadj
"Houston, TX",2007-02-28,158169.22509202914,ZHVI_allhomes_smoothed_seasadj
"Houston, TX",2007-03-31,158012.25625953553,ZHVI_allhomes_smoothed_seasadj
"Houston, TX",2007-04-30,158097.9538587813,ZHVI_allhomes_smoothed_seasadj
"Houston, TX",2007-05-31,158480.17132781327,ZHVI_allhomes_smoothed_seasadj
"Houston, TX",2007-06-30,159084.78008830248,ZHVI_allhomes_smoothed_seasadj
"Houston, TX",2007-07-31,159535.83465536678,ZHVI_allhomes_smoothed_seasadj
"Houston, TX",2007-08-31,160018.72668026062,ZHVI_allhomes_smoothed_seasadj
"Houston, TX",2007-09-30,160418.34413948262,ZHVI_allhomes_smoothed_seasadj
"Houston, TX",2007-10-31,160805.0776291266,ZHVI_allhomes_smoothed_seasadj
"Houston, TX",2007-11-30,161091.31731126725,ZHVI_allhomes_smoothed_seasadj
"Houston, TX",2007-12-31,161384.26291945486,ZHVI_allhomes_smoothed_seasadj
"Houston, TX",2008-01-31,161148.4587835604,ZHVI_allhomes_smoothed_seasadj
"Houston, TX",2008-02-29,160722.53308575938,ZHVI_allhomes_smoothed_seasadj
"Houston, TX",2008-03-31,160167.80392240972,ZHVI_allhomes_smoothed_seasadj
"Houston, TX",2008-04-30,159957.67273999986,ZHVI_allhomes_smoothed_seasadj
"Houston, TX",2008-05-31,159702.58092472202,ZHVI_allhomes_smoothed_seasadj
"Houston, TX",2008-06-30,159393.1796318902,ZHVI_allhomes_smoothed_seasadj
"Houston, TX",2008-07-31,159093.91619109086,ZHVI_allhomes_smoothed_seasadj
"Houston, TX",2008-08-31,158574.50161758374,ZHVI_allhomes_smoothed_seasadj
"Houston, TX",2008-09-30,157866.74238117377,ZHVI_allhomes_smoothed_seasadj
"Houston, TX",2008-10-31,157144.3580937113,ZHVI_allhomes_smoothed_seasadj
"Houston, TX",2008-11-30,156301.8961609275,ZHVI_allhomes_smoothed_seasadj
"Houston, TX",2008-12-31,155403.12619155526,ZHVI_allhomes_smoothed_seasadj
"Houston, TX",2009-01-31,154463.9080929506,ZHVI_allhomes_smoothed_seasadj
"Houston, TX",2009-02-28,154096.63006494334,ZHVI_allhomes_smoothed_seasadj
"Houston, TX",2009-03-31,153994.27596326164,ZHVI_allhomes_smoothed_seasadj
"Houston, TX",2009-04-30,154110.95845801837,ZHVI_allhomes_smoothed_seasadj
"Houston, TX",2009-05-31,154292.2820784296,ZHVI_allhomes_smoothed_seasadj
"Houston, TX",2009-06-30,154669.98620185428,ZHVI_allhomes_smoothed_seasadj
"Houston, TX",2009-07-31,155174.88728439147,ZHVI_allhomes_smoothed_seasadj
"Houston, TX",2009-08-31,155441.22321020797,ZHVI_allhomes_smoothed_seasadj
"Houston, TX",2009-09-30,155398.03389247844,ZHVI_allhomes_smoothed_seasadj
"Houston, TX",2009-10-31,155081.2885493904,ZHVI_allhomes_smoothed_seasadj
"Houston, TX",2009-11-30,155002.96891305692,ZHVI_allhomes_smoothed_seasadj
"Houston, TX",2009-12-31,155141.59120320991,ZHVI_allhomes_smoothed_seasadj
"Houston, TX",2010-01-31,155209.462428431,ZHVI_allhomes_smoothed_seasadj
"Houston, TX",2010-02-28,155297.52846035545,ZHVI_allhomes_smoothed_seasadj
"Houston, TX",2010-03-31,155545.72808604865,ZHVI_allhomes_smoothed_seasadj
"Houston, TX",2010-04-30,156000.94272941138,ZHVI_allhomes_smoothed_seasadj
"Houston, TX",2010-05-31,156367.4287624577,ZHVI_allhomes_smoothed_seasadj
"Houston, TX",2010-06-30,156324.46414071924,ZHVI_allhomes_smoothed_seasadj
"Houston, TX",2010-07-31,155712.58567740282,ZHVI_allhomes_smoothed_seasadj
"Houston, TX",2010-08-31,154609.20470752975,ZHVI_allhomes_smoothed_seasadj
"Houston, TX",2010-09-30,153515.47725286492,ZHVI_allhomes_smoothed_seasadj
"Houston, TX",2010-10-31,152639.2567770042,ZHVI_allhomes_smoothed_seasadj
"Houston, TX",2010-11-30,152039.34143425946,ZHVI_allhomes_smoothed_seasadj
"Houston, TX",2010-12-31,151516.08358333056,ZHVI_allhomes_smoothed_seasadj
"Houston, TX",2011-01-31,150976.02874672684,ZHVI_allhomes_smoothed_seasadj
"Houston, TX",2011-02-28,150360.5391252486,ZHVI_allhomes_smoothed_seasadj
"Houston, TX",2011-03-31,149538.0458424289,ZHVI_allhomes_smoothed_seasadj
"Houston, TX",2011-04-30,148800.13636832254,ZHVI_allhomes_smoothed_seasadj
"Houston, TX",2011-05-31,148187.72140758648,ZHVI_allhomes_smoothed_seasadj
"Houston, TX",2011-06-30,147786.5148170089,ZHVI_allhomes_smoothed_seasadj
"Houston, TX",2011-07-31,147575.59239002707,ZHVI_allhomes_smoothed_seasadj
"Houston, TX",2011-08-31,147500.94619213147,ZHVI_allhomes_smoothed_seasadj
"Houston, TX",2011-09-30,147383.12642006422,ZHVI_allhomes_smoothed_seasadj
"Houston, TX",2011-10-31,147175.59988970973,ZHVI_allhomes_smoothed_seasadj
"Houston, TX",2011-11-30,146514.06365172987,ZHVI_allhomes_smoothed_seasadj
"Houston, TX",2011-12-31,145925.67664649198,ZHVI_allhomes_smoothed_seasadj
"Houston, TX",2012-01-31,145638.44822980056,ZHVI_allhomes_smoothed_seasadj
"Houston, TX",2012-02-29,145837.6686256754,ZHVI_allhomes_smoothed_seasadj
"Houston, TX",2012-03-31,146065.69651052429,ZHVI_allhomes_smoothed_seasadj
"Houston, TX",2012-04-30,146158.52686214092,ZHVI_allhomes_smoothed_seasadj
"Houston, TX",2012-05-31,146168.293505253,ZHVI_allhomes_smoothed_seasadj
"Houston, TX",2012-06-30,146380.0720832397,ZHVI_allhomes_smoothed_seasadj
"Houston, TX",2012-07-31,146757.6339573353,ZHVI_allhomes_smoothed_seasadj
"Houston, TX",2012-08-31,147248.034725436,ZHVI_allhomes_smoothed_seasadj
"Houston, TX",2012-09-30,147667.7245821662,ZHVI_allhomes_smoothed_seasadj
"Houston, TX",2012-10-31,148002.83555478902,ZHVI_allhomes_smoothed_seasadj
"Houston, TX",2012-11-30,148369.24212979156,ZHVI_allhomes_smoothed_seasadj
"Houston, TX",2012-12-31,148684.1047686226,ZHVI_allhomes_smoothed_seasadj
"Houston, TX",2013-01-31,149090.79383238152,ZHVI_allhomes_smoothed_seasadj
"Houston, TX",2013-02-28,149669.67161866438,ZHVI_allhomes_smoothed_seasadj
"Houston, TX",2013-03-31,150579.41541219378,ZHVI_allhomes_smoothed_seasadj
"Houston, TX",2013-04-30,151617.59396202437,ZHVI_allhomes_smoothed_seasadj
"Houston, TX",2013-05-31,152853.44280737237,ZHVI_allhomes_smoothed_seasadj
"Houston, TX",2013-06-30,154286.50526152892,ZHVI_allhomes_smoothed_seasadj
"Houston, TX",2013-07-31,155797.68757126338,ZHVI_allhomes_smoothed_seasadj
"Houston, TX",2013-08-31,157332.72684925163,ZHVI_allhomes_smoothed_seasadj
"Houston, TX",2013-09-30,158659.3567587971,ZHVI_allhomes_smoothed_seasadj
"Houston, TX",2013-10-31,160128.42019354785,ZHVI_allhomes_smoothed_seasadj
"Houston, TX",2013-11-30,161502.6979579314,ZHVI_allhomes_smoothed_seasadj
"Houston, TX",2013-12-31,162921.88434138193,ZHVI_allhomes_smoothed_seasadj
"Houston, TX",2014-01-31,164285.46460248207,ZHVI_allhomes_smoothed_seasadj
"Houston, TX",2014-02-28,165759.75705875776,ZHVI_allhomes_smoothed_seasadj
"Houston, TX",2014-03-31,167326.42910312084,ZHVI_allhomes_smoothed_seasadj
"Houston, TX",2014-04-30,168819.29861192754,ZHVI_allhomes_smoothed_seasadj
"Houston, TX",2014-05-31,170334.49174639684,ZHVI_allhomes_smoothed_seasadj
"Houston, TX",2014-06-30,171758.8149214729,ZHVI_allhomes_smoothed_seasadj
"Houston, TX",2014-07-31,173396.72181670417,ZHVI_allhomes_smoothed_seasadj
"Houston, TX",2014-08-31,175028.9943752503,ZHVI_allhomes_smoothed_seasadj
"Houston, TX",2014-09-30,176637.4997180981,ZHVI_allhomes_smoothed_seasadj
"Houston, TX",2014-10-31,178029.49945662418,ZHVI_allhomes_smoothed_seasadj
"Houston, TX",2014-11-30,179595.27537269285,ZHVI_allhomes_smoothed_seasadj
"Houston, TX",2014-12-31,181263.9274093555,ZHVI_allhomes_smoothed_seasadj
"Houston, TX",2015-01-31,183139.21556281042,ZHVI_allhomes_smoothed_seasadj
"Houston, TX",2015-02-28,184896.00589662496,ZHVI_allhomes_smoothed_seasadj
"Houston, TX",2015-03-31,186626.7062997856,ZHVI_allhomes_smoothed_seasadj
"Houston, TX",2015-04-30,188175.66935451902,ZHVI_allhomes_smoothed_seasadj
"Houston, TX",2015-05-31,189647.9975897655,ZHVI_allhomes_smoothed_seasadj
"Houston, TX",2015-06-30,191039.0565783719,ZHVI_allhomes_smoothed_seasadj
"Houston, TX",2015-07-31,192399.37278409698,ZHVI_allhomes_smoothed_seasadj
"Houston, TX",2015-08-31,193741.33272924626,ZHVI_allhomes_smoothed_seasadj
"Houston, TX",2015-09-30,194935.3511100947,ZHVI_allhomes_smoothed_seasadj
"Houston, TX",2015-10-31,196040.4363171178,ZHVI_allhomes_smoothed_seasadj
"Houston, TX",2015-11-30,197009.3921988927,ZHVI_allhomes_smoothed_seasadj
"Houston, TX",2015-12-31,198042.30177386245,ZHVI_allhomes_smoothed_seasadj
"Houston, TX",2016-01-31,199221.54049873384,ZHVI_allhomes_smoothed_seasadj
"Houston, TX",2016-02-29,200359.01914630132,ZHVI_allhomes_smoothed_seasadj
"Houston, TX",2016-03-31,201122.56486668705,ZHVI_allhomes_smoothed_seasadj
"Houston, TX",2016-04-30,201749.32103121319,ZHVI_allhomes_smoothed_seasadj
"Houston, TX",2016-05-31,202350.62502368007,ZHVI_allhomes_smoothed_seasadj
"Houston, TX",2016-06-30,203090.87568013524,ZHVI_allhomes_smoothed_seasadj
"Houston, TX",2016-07-31,203582.19713576278,ZHVI_allhomes_smoothed_seasadj
"Houston, TX",2016-08-31,203963.96167404074,ZHVI_allhomes_smoothed_seasadj
"Houston, TX",2016-09-30,204488.0509832454,ZHVI_allhomes_smoothed_seasadj
"Houston, TX",2016-10-31,205170.52985765794,ZHVI_allhomes_smoothed_seasadj
"Houston, TX",2016-11-30,206046.53483438885,ZHVI_allhomes_smoothed_seasadj
"Houston, TX",2016-12-31,206838.58371623143,ZHVI_allhomes_smoothed_seasadj
"Houston, TX",2017-01-31,207503.93695777198,ZHVI_allhomes_smoothed_seasadj
"Houston, TX",2017-02-28,207934.31344383289,ZHVI_allhomes_smoothed_seasadj
"Houston, TX",2017-03-31,208502.2028768241,ZHVI_allhomes_smoothed_seasadj
"Houston, TX",2017-04-30,209292.80548405787,ZHVI_allhomes_smoothed_seasadj
"Houston, TX",2017-05-31,210016.30567182915,ZHVI_allhomes_smoothed_seasadj
"Houston, TX",2017-06-30,210641.64841582035,ZHVI_allhomes_smoothed_seasadj
"Houston, TX",2017-07-31,210986.1980799523,ZHVI_allhomes_smoothed_seasadj
"Houston, TX",2017-08-31,211421.91729965305,ZHVI_allhomes_smoothed_seasadj
"Houston, TX",2017-09-30,211854.22879386297,ZHVI_allhomes_smoothed_seasadj
"Houston, TX",2017-10-31,212517.36772040368,ZHVI_allhomes_smoothed_seasadj
"Houston, TX",2017-11-30,213278.7189485127,ZHVI_allhomes_smoothed_seasadj
"Houston, TX",2017-12-31,214106.56199879487,ZHVI_allhomes_smoothed_seasadj
"Houston, TX",2018-01-31,214845.9194895055,ZHVI_allhomes_smoothed_seasadj
"Houston, TX",2018-02-28,215415.02803186025,ZHVI_allhomes_smoothed_seasadj
"Houston, TX",2018-03-31,216181.37364467836,ZHVI_allhomes_smoothed_seasadj
"Houston, TX",2018-04-30,217006.5829354444,ZHVI_allhomes_smoothed_seasadj
"Houston, TX",2018-05-31,218033.92620753974,ZHVI_allhomes_smoothed_seasadj
"Houston, TX",2018-06-30,218895.02456320476,ZHVI_allhomes_smoothed_seasadj
"Houston, TX",2018-07-31,219868.2156097358,ZHVI_allhomes_smoothed_seasadj
"Houston, TX",2018-08-31,220691.67881423092,ZHVI_allhomes_smoothed_seasadj
"Houston, TX",2018-09-30,221516.99244791243,ZHVI_allhomes_smoothed_seasadj
"Houston, TX",2018-10-31,222201.63827271445,ZHVI_allhomes_smoothed_seasadj
"Houston, TX",2018-11-30,222958.59546599886,ZHVI_allhomes_smoothed_seasadj
"Houston, TX",2018-12-31,223767.673042358,ZHVI_allhomes_smoothed_seasadj
"Houston, TX",2019-01-31,224611.64516153178,ZHVI_allhomes_smoothed_seasadj
"Houston, TX",2019-02-28,225486.00891603847,ZHVI_allhomes_smoothed_seasadj
"Houston, TX",2019-03-31,226317.9492393549,ZHVI_allhomes_smoothed_seasadj
"Houston, TX",2019-04-30,226937.94652891182,ZHVI_allhomes_smoothed_seasadj
"Houston, TX",2019-05-31,227404.23040288236,ZHVI_allhomes_smoothed_seasadj
"Houston, TX",2019-06-30,227726.1877413138,ZHVI_allhomes_smoothed_seasadj
"Houston, TX",2019-07-31,228053.91169289255,ZHVI_allhomes_smoothed_seasadj
"Houston, TX",2019-08-31,228431.81553293028,ZHVI_allhomes_smoothed_seasadj
"Houston, TX",2019-09-30,228915.3764579085,ZHVI_allhomes_smoothed_seasadj
"Houston, TX",2019-10-31,229569.93154332184,ZHVI_allhomes_smoothed_seasadj
"Houston, TX",2019-11-30,230469.07652011196,ZHVI_allhomes_smoothed_seasadj
"Houston, TX",2019-12-31,231443.53191014612,ZHVI_allhomes_smoothed_seasadj
"Houston, TX",2020-01-31,232447.8811424901,ZHVI_allhomes_smoothed_seasadj
"Houston, TX",2020-02-29,233325.48746264938,ZHVI_allhomes_smoothed_seasadj
"Houston, TX",2020-03-31,234165.92060985498,ZHVI_allhomes_smoothed_seasadj
"Houston, TX",2020-04-30,234686.9165751445,ZHVI_allhomes_smoothed_seasadj
"Houston, TX",2020-05-31,234685.3311480925,ZHVI_allhomes_smoothed_seasadj
"Houston, TX",2020-06-30,234641.8875361844,ZHVI_allhomes_smoothed_seasadj
"Houston, TX",2020-07-31,235055.6322914112,ZHVI_allhomes_smoothed_seasadj
"Houston, TX",2020-08-31,236262.09197555677,ZHVI_allhomes_smoothed_seasadj
"Houston, TX",2020-09-30,238095.38028229575,ZHVI_allhomes_smoothed_seasadj
"Houston, TX",2020-10-31,240342.34206084456,ZHVI_allhomes_smoothed_seasadj
"Houston, TX",2020-11-30,243077.46434664796,ZHVI_allhomes_smoothed_seasadj
"Houston, TX",2020-12-31,245828.0801716003,ZHVI_allhomes_smoothed_seasadj
"Houston, TX",2021-01-31,248689.25518740815,ZHVI_allhomes_smoothed_seasadj
"Houston, TX",2021-02-28,251574.91493826624,ZHVI_allhomes_smoothed_seasadj
"Houston, TX",2021-03-31,254777.7887603348,ZHVI_allhomes_smoothed_seasadj
"Houston, TX",2021-04-30,258243.00920807823,ZHVI_allhomes_smoothed_seasadj
"Houston, TX",2021-05-31,262260.3215146962,ZHVI_allhomes_smoothed_seasadj
"Houston, TX",2021-06-30,266660.94935054093,ZHVI_allhomes_smoothed_seasadj
"Houston, TX",2021-07-31,270724.5390897534,ZHVI_allhomes_smoothed_seasadj
"Houston, TX",2021-08-31,273870.94001945294,ZHVI_allhomes_smoothed_seasadj
"Houston, TX",2021-09-30,276231.6251123085,ZHVI_allhomes_smoothed_seasadj
"Houston, TX",2021-10-31,278841.8094855386,ZHVI_allhomes_smoothed_seasadj
"Houston, TX",2021-11-30,282130.55436896486,ZHVI_allhomes_smoothed_seasadj
"Houston, TX",2021-12-31,285836.4505394592,ZHVI_allhomes_smoothed_seasadj
"Houston, TX",2022-01-31,290585.32712295145,ZHVI_allhomes_smoothed_seasadj
"Houston, TX",2022-02-28,295961.2448870042,ZHVI_allhomes_smoothed_seasadj
"Houston, TX",2022-03-31,302229.0580273608,ZHVI_allhomes_smoothed_seasadj
"Houston, TX",2022-04-30,308248.54085700447,ZHVI_allhomes_smoothed_seasadj
"Houston, TX",2022-05-31,313759.01987489266,ZHVI_allhomes_smoothed_seasadj
"Houston, TX",2022-06-30,318459.1148547827,ZHVI_allhomes_smoothed_seasadj
"Houston, TX",2022-07-31,321624.528347052,ZHVI_allhomes_smoothed_seasadj
"Houston, TX",2022-08-31,322991.33763529704,ZHVI_allhomes_smoothed_seasadj
"Houston, TX",2022-09-30,322901.3188423351,ZHVI_allhomes_smoothed_seasadj
"Houston, TX",2022-10-31,322355.02497723995,ZHVI_allhomes_smoothed_seasadj
"Houston, TX",2022-11-30,321699.32588847884,ZHVI_allhomes_smoothed_seasadj
"Houston, TX",2022-12-31,320465.5109522841,ZHVI_allhomes_smoothed_seasadj
"Houston, TX",2023-01-31,318614.45077535417,ZHVI_allhomes_smoothed_seasadj
"Houston, TX",2023-02-28,316856.9459661233,ZHVI_allhomes_smoothed_seasadj
"Houston, TX",2023-03-31,315652.67474240134,ZHVI_allhomes_smoothed_seasadj
"Houston, TX",2023-04-30,315182.58131778246,ZHVI_allhomes_smoothed_seasadj
"Houston, TX",2023-05-31,315344.9479784442,ZHVI_allhomes_smoothed_seasadj
"Houston, TX",2023-06-30,316188.7808469636,ZHVI_allhomes_smoothed_seasadj
"Houston, TX",2023-07-31,317156.3193474024,ZHVI_allhomes_smoothed_seasadj
"Houston, TX",2023-08-31,318073.86874468793,ZHVI_allhomes_smoothed_seasadj
"Houston, TX",2023-09-30,318447.8072667883,ZHVI_allhomes_smoothed_seasadj
"Houston, TX",2023-10-31,318474.67354614177,ZHVI_allhomes_smoothed_seasadj
"Houston, TX",2023-11-30,318176.64891508484,ZHVI_allhomes_smoothed_seasadj
"Houston, TX",2023-12-31,317744.27226124075,ZHVI_allhomes_smoothed_seasadj
"Houston, TX",2024-01-31,317737.9979715411,ZHVI_allhomes_smoothed_seasadj
"Houston, TX",2024-02-29,318131.65533726773,ZHVI_allhomes_smoothed_seasadj
"Houston, TX",2024-03-31,319158.5406280772,ZHVI_allhomes_smoothed_seasadj
"Houston, TX",2024-04-30,320220.68417606555,ZHVI_allhomes_smoothed_seasadj
"Houston, TX",2024-05-31,320778.04115843144,ZHVI_allhomes_smoothed_seasadj
"Houston, TX",2024-06-30,320654.7351327381,ZHVI_allhomes_smoothed_seasadj
"Houston, TX",2024-07-31,320275.8787129968,ZHVI_allhomes_smoothed_seasadj
"Houston, TX",2024-08-31,320048.72493164317,ZHVI_allhomes_smoothed_seasadj
"Houston, TX",2024-09-30,319983.5774049964,ZHVI_allhomes_smoothed_seasadj
"Houston, TX",2024-10-31,319776.92489010165,ZHVI_allhomes_smoothed_seasadj
"Houston, TX",2024-11-30,319429.68613919656,ZHVI_allhomes_smoothed_seasadj
"Houston, TX",2024-12-31,319244.2312938799,ZHVI_allhomes_smoothed_seasadj
"Houston, TX",2025-01-31,319182.18856470776,ZHVI_allhomes_smoothed_seasadj
"Houston, TX",2025-02-28,319030.17927785584,ZHVI_allhomes_smoothed_seasadj
"Houston, TX",2025-03-31,318372.89605910843,ZHVI_allhomes_smoothed_seasadj
"Houston, TX",2025-04-30,317428.8815841057,ZHVI_allhomes_smoothed_seasadj
"Houston, TX",2025-05-31,316460.85245718475,ZHVI_allhomes_smoothed_seasadj
"Houston, TX",2025-06-30,315447.8793487263,ZHVI_allhomes_smoothed_seasadj
"Houston, TX",2025-07-31,314588.1460737021,ZHVI_allhomes_smoothed_seasadj
"Houston, TX",2025-08-31,313856.8945201956,ZHVI_allhomes_smoothed_seasadj
"Houston, TX",2025-09-30,313377.008387453,ZHVI_allhomes_smoothed_seasadj
"Houston, TX",2025-10-31,312966.31933441776,ZHVI_allhomes_smoothed_seasadj
"Houston, TX",2025-11-30,312772.0717224023,ZHVI_allhomes_smoothed_seasadj
"Houston, TX",2025-12-31,312791.16012237256,ZHVI_allhomes_smoothed_seasadj
"Houston, TX",2026-01-31,312660.61939278035,ZHVI_allhomes_smoothed_seasadj
"Houston, TX",2026-02-28,312333.38870569505,ZHVI_allhomes_smoothed_seasadj
"Houston, TX",2026-03-31,311765.01088783605,ZHVI_allhomes_smoothed_seasadj
"Houston, TX",2026-04-30,311040.55460561736,ZHVI_allhomes_smoothed_seasadj
"Houston, TX",2026-05-31,310027.19541655894,ZHVI_allhomes_smoothed_seasadj
"Houston, TX",2026-06-30,308932.75605611916,ZHVI_allhomes_smoothed_seasadj
"Nashville, TN",2000-01-31,145939.51819629196,ZHVI_allhomes_smoothed_seasadj
"Nashville, TN",2000-02-29,146096.2325851717,ZHVI_allhomes_smoothed_seasadj
"Nashville, TN",2000-03-31,146277.69982316217,ZHVI_allhomes_smoothed_seasadj
"Nashville, TN",2000-04-30,146684.49412065942,ZHVI_allhomes_smoothed_seasadj
"Nashville, TN",2000-05-31,147131.27332202694,ZHVI_allhomes_smoothed_seasadj
"Nashville, TN",2000-06-30,147511.3906224911,ZHVI_allhomes_smoothed_seasadj
"Nashville, TN",2000-07-31,147918.13689702144,ZHVI_allhomes_smoothed_seasadj
"Nashville, TN",2000-08-31,148283.59192005696,ZHVI_allhomes_smoothed_seasadj
"Nashville, TN",2000-09-30,148736.13404848136,ZHVI_allhomes_smoothed_seasadj
"Nashville, TN",2000-10-31,149197.67378239275,ZHVI_allhomes_smoothed_seasadj
"Nashville, TN",2000-11-30,149659.40972336355,ZHVI_allhomes_smoothed_seasadj
"Nashville, TN",2000-12-31,150108.42106448664,ZHVI_allhomes_smoothed_seasadj
"Nashville, TN",2001-01-31,150481.0303708095,ZHVI_allhomes_smoothed_seasadj
"Nashville, TN",2001-02-28,150859.41407207845,ZHVI_allhomes_smoothed_seasadj
"Nashville, TN",2001-03-31,151253.39554805396,ZHVI_allhomes_smoothed_seasadj
"Nashville, TN",2001-04-30,151648.66704120036,ZHVI_allhomes_smoothed_seasadj
"Nashville, TN",2001-05-31,152057.85709040108,ZHVI_allhomes_smoothed_seasadj
"Nashville, TN",2001-06-30,152467.88374693645,ZHVI_allhomes_smoothed_seasadj
"Nashville, TN",2001-07-31,152861.19916704655,ZHVI_allhomes_smoothed_seasadj
"Nashville, TN",2001-08-31,153195.80414944605,ZHVI_allhomes_smoothed_seasadj
"Nashville, TN",2001-09-30,153498.15383212978,ZHVI_allhomes_smoothed_seasadj
"Nashville, TN",2001-10-31,153827.64857999433,ZHVI_allhomes_smoothed_seasadj
"Nashville, TN",2001-11-30,154138.67979581028,ZHVI_allhomes_smoothed_seasadj
"Nashville, TN",2001-12-31,154397.3026511089,ZHVI_allhomes_smoothed_seasadj
"Nashville, TN",2002-01-31,154555.89887430472,ZHVI_allhomes_smoothed_seasadj
"Nashville, TN",2002-02-28,154781.1321431848,ZHVI_allhomes_smoothed_seasadj
"Nashville, TN",2002-03-31,155014.20530661402,ZHVI_allhomes_smoothed_seasadj
"Nashville, TN",2002-04-30,155303.88116764487,ZHVI_allhomes_smoothed_seasadj
"Nashville, TN",2002-05-31,155589.44951682526,ZHVI_allhomes_smoothed_seasadj
"Nashville, TN",2002-06-30,155963.24221090507,ZHVI_allhomes_smoothed_seasadj
"Nashville, TN",2002-07-31,156346.41013551306,ZHVI_allhomes_smoothed_seasadj
"Nashville, TN",2002-08-31,156692.5498858151,ZHVI_allhomes_smoothed_seasadj
"Nashville, TN",2002-09-30,156948.5949082979,ZHVI_allhomes_smoothed_seasadj
"Nashville, TN",2002-10-31,157267.7251124526,ZHVI_allhomes_smoothed_seasadj
"Nashville, TN",2002-11-30,157577.79918664473,ZHVI_allhomes_smoothed_seasadj
"Nashville, TN",2002-12-31,157907.02617648683,ZHVI_allhomes_smoothed_seasadj
"Nashville, TN",2003-01-31,158116.33111887207,ZHVI_allhomes_smoothed_seasadj
"Nashville, TN",2003-02-28,158365.40366975195,ZHVI_allhomes_smoothed_seasadj
"Nashville, TN",2003-03-31,158514.95628943146,ZHVI_allhomes_smoothed_seasadj
"Nashville, TN",2003-04-30,158647.67996584007,ZHVI_allhomes_smoothed_seasadj
"Nashville, TN",2003-05-31,158866.7617991532,ZHVI_allhomes_smoothed_seasadj
"Nashville, TN",2003-06-30,159264.7987255005,ZHVI_allhomes_smoothed_seasadj
"Nashville, TN",2003-07-31,159748.4747174934,ZHVI_allhomes_smoothed_seasadj
"Nashville, TN",2003-08-31,160163.94048537,ZHVI_allhomes_smoothed_seasadj
"Nashville, TN",2003-09-30,160525.66856877098,ZHVI_allhomes_smoothed_seasadj
"Nashville, TN",2003-10-31,160958.50737603585,ZHVI_allhomes_smoothed_seasadj
"Nashville, TN",2003-11-30,161369.01731313902,ZHVI_allhomes_smoothed_seasadj
"Nashville, TN",2003-12-31,161746.59614311004,ZHVI_allhomes_smoothed_seasadj
"Nashville, TN",2004-01-31,162001.42480425772,ZHVI_allhomes_smoothed_seasadj
"Nashville, TN",2004-02-29,162284.875877687,ZHVI_allhomes_smoothed_seasadj
"Nashville, TN",2004-03-31,162651.22468185434,ZHVI_allhomes_smoothed_seasadj
"Nashville, TN",2004-04-30,163206.08551236792,ZHVI_allhomes_smoothed_seasadj
"Nashville, TN",2004-05-31,163829.69262793384,ZHVI_allhomes_smoothed_seasadj
"Nashville, TN",2004-06-30,164477.97908414813,ZHVI_allhomes_smoothed_seasadj
"Nashville, TN",2004-07-31,165093.86420126143,ZHVI_allhomes_smoothed_seasadj
"Nashville, TN",2004-08-31,165698.98933009713,ZHVI_allhomes_smoothed_seasadj
"Nashville, TN",2004-09-30,166294.83319149652,ZHVI_allhomes_smoothed_seasadj
"Nashville, TN",2004-10-31,166923.22844029,ZHVI_allhomes_smoothed_seasadj
"Nashville, TN",2004-11-30,167591.37972319676,ZHVI_allhomes_smoothed_seasadj
"Nashville, TN",2004-12-31,168197.57349786744,ZHVI_allhomes_smoothed_seasadj
"Nashville, TN",2005-01-31,168761.91582360337,ZHVI_allhomes_smoothed_seasadj
"Nashville, TN",2005-02-28,169397.5967091905,ZHVI_allhomes_smoothed_seasadj
"Nashville, TN",2005-03-31,170158.84459027296,ZHVI_allhomes_smoothed_seasadj
"Nashville, TN",2005-04-30,170988.39232997407,ZHVI_allhomes_smoothed_seasadj
"Nashville, TN",2005-05-31,171890.45694117562,ZHVI_allhomes_smoothed_seasadj
"Nashville, TN",2005-06-30,173009.1093216526,ZHVI_allhomes_smoothed_seasadj
"Nashville, TN",2005-07-31,174382.38231233315,ZHVI_allhomes_smoothed_seasadj
"Nashville, TN",2005-08-31,175756.9018326363,ZHVI_allhomes_smoothed_seasadj
"Nashville, TN",2005-09-30,177141.33059314554,ZHVI_allhomes_smoothed_seasadj
"Nashville, TN",2005-10-31,178354.87951945714,ZHVI_allhomes_smoothed_seasadj
"Nashville, TN",2005-11-30,179428.4357469466,ZHVI_allhomes_smoothed_seasadj
"Nashville, TN",2005-12-31,180274.34492502979,ZHVI_allhomes_smoothed_seasadj
"Nashville, TN",2006-01-31,180891.41953994706,ZHVI_allhomes_smoothed_seasadj
"Nashville, TN",2006-02-28,181549.75591716636,ZHVI_allhomes_smoothed_seasadj
"Nashville, TN",2006-03-31,182359.64474493,ZHVI_allhomes_smoothed_seasadj
"Nashville, TN",2006-04-30,183371.38177391226,ZHVI_allhomes_smoothed_seasadj
"Nashville, TN",2006-05-31,184525.83730342242,ZHVI_allhomes_smoothed_seasadj
"Nashville, TN",2006-06-30,185860.36653718408,ZHVI_allhomes_smoothed_seasadj
"Nashville, TN",2006-07-31,187294.6169365996,ZHVI_allhomes_smoothed_seasadj
"Nashville, TN",2006-08-31,188722.7736709724,ZHVI_allhomes_smoothed_seasadj
"Nashville, TN",2006-09-30,189923.78844927534,ZHVI_allhomes_smoothed_seasadj
"Nashville, TN",2006-10-31,191044.76579231684,ZHVI_allhomes_smoothed_seasadj
"Nashville, TN",2006-11-30,191934.73939207918,ZHVI_allhomes_smoothed_seasadj
"Nashville, TN",2006-12-31,192759.04048671402,ZHVI_allhomes_smoothed_seasadj
"Nashville, TN",2007-01-31,193287.67152051386,ZHVI_allhomes_smoothed_seasadj
"Nashville, TN",2007-02-28,193750.22199271826,ZHVI_allhomes_smoothed_seasadj
"Nashville, TN",2007-03-31,194278.18007198794,ZHVI_allhomes_smoothed_seasadj
"Nashville, TN",2007-04-30,194990.07818125375,ZHVI_allhomes_smoothed_seasadj
"Nashville, TN",2007-05-31,195952.64496729514,ZHVI_allhomes_smoothed_seasadj
"Nashville, TN",2007-06-30,196956.14581277044,ZHVI_allhomes_smoothed_seasadj
"Nashville, TN",2007-07-31,197889.02995542123,ZHVI_allhomes_smoothed_seasadj
"Nashville, TN",2007-08-31,198514.81407369566,ZHVI_allhomes_smoothed_seasadj
"Nashville, TN",2007-09-30,198700.46898619374,ZHVI_allhomes_smoothed_seasadj
"Nashville, TN",2007-10-31,198583.02615042435,ZHVI_allhomes_smoothed_seasadj
"Nashville, TN",2007-11-30,198119.1531988602,ZHVI_allhomes_smoothed_seasadj
"Nashville, TN",2007-12-31,197625.12424755655,ZHVI_allhomes_smoothed_seasadj
"Nashville, TN",2008-01-31,197047.38267162276,ZHVI_allhomes_smoothed_seasadj
"Nashville, TN",2008-02-29,196754.46365783142,ZHVI_allhomes_smoothed_seasadj
"Nashville, TN",2008-03-31,196668.3599274177,ZHVI_allhomes_smoothed_seasadj
"Nashville, TN",2008-04-30,196938.91219749322,ZHVI_allhomes_smoothed_seasadj
"Nashville, TN",2008-05-31,197067.3448886024,ZHVI_allhomes_smoothed_seasadj
"Nashville, TN",2008-06-30,196924.9971664622,ZHVI_allhomes_smoothed_seasadj
"Nashville, TN",2008-07-31,196283.0381954393,ZHVI_allhomes_smoothed_seasadj
"Nashville, TN",2008-08-31,195529.36291892474,ZHVI_allhomes_smoothed_seasadj
"Nashville, TN",2008-09-30,194703.08461774202,ZHVI_allhomes_smoothed_seasadj
"Nashville, TN",2008-10-31,194110.40340081838,ZHVI_allhomes_smoothed_seasadj
"Nashville, TN",2008-11-30,193391.6226018914,ZHVI_allhomes_smoothed_seasadj
"Nashville, TN",2008-12-31,192497.73664620763,ZHVI_allhomes_smoothed_seasadj
"Nashville, TN",2009-01-31,191720.0541505652,ZHVI_allhomes_smoothed_seasadj
"Nashville, TN",2009-02-28,191139.14908114207,ZHVI_allhomes_smoothed_seasadj
"Nashville, TN",2009-03-31,190581.1481871848,ZHVI_allhomes_smoothed_seasadj
"Nashville, TN",2009-04-30,189619.26623332556,ZHVI_allhomes_smoothed_seasadj
"Nashville, TN",2009-05-31,188589.0663474245,ZHVI_allhomes_smoothed_seasadj
"Nashville, TN",2009-06-30,187666.51252705653,ZHVI_allhomes_smoothed_seasadj
"Nashville, TN",2009-07-31,186753.5727307035,ZHVI_allhomes_smoothed_seasadj
"Nashville, TN",2009-08-31,185977.09162179948,ZHVI_allhomes_smoothed_seasadj
"Nashville, TN",2009-09-30,185421.4310983614,ZHVI_allhomes_smoothed_seasadj
"Nashville, TN",2009-10-31,185135.3598353865,ZHVI_allhomes_smoothed_seasadj
"Nashville, TN",2009-11-30,184878.8067170393,ZHVI_allhomes_smoothed_seasadj
"Nashville, TN",2009-12-31,184586.41776398467,ZHVI_allhomes_smoothed_seasadj
"Nashville, TN",2010-01-31,184481.59859623914,ZHVI_allhomes_smoothed_seasadj
"Nashville, TN",2010-02-28,184443.38734974104,ZHVI_allhomes_smoothed_seasadj
"Nashville, TN",2010-03-31,184456.46788848154,ZHVI_allhomes_smoothed_seasadj
"Nashville, TN",2010-04-30,184430.7671380639,ZHVI_allhomes_smoothed_seasadj
"Nashville, TN",2010-05-31,184282.68331953674,ZHVI_allhomes_smoothed_seasadj
"Nashville, TN",2010-06-30,183926.41725134067,ZHVI_allhomes_smoothed_seasadj
"Nashville, TN",2010-07-31,183390.55685448353,ZHVI_allhomes_smoothed_seasadj
"Nashville, TN",2010-08-31,182791.63269111564,ZHVI_allhomes_smoothed_seasadj
"Nashville, TN",2010-09-30,182161.76645131968,ZHVI_allhomes_smoothed_seasadj
"Nashville, TN",2010-10-31,181336.88707312546,ZHVI_allhomes_smoothed_seasadj
"Nashville, TN",2010-11-30,180594.1104909183,ZHVI_allhomes_smoothed_seasadj
"Nashville, TN",2010-12-31,179828.73083351893,ZHVI_allhomes_smoothed_seasadj
"Nashville, TN",2011-01-31,178961.91886360527,ZHVI_allhomes_smoothed_seasadj
"Nashville, TN",2011-02-28,178021.27454565317,ZHVI_allhomes_smoothed_seasadj
"Nashville, TN",2011-03-31,177220.25841087368,ZHVI_allhomes_smoothed_seasadj
"Nashville, TN",2011-04-30,176789.9090075818,ZHVI_allhomes_smoothed_seasadj
"Nashville, TN",2011-05-31,176459.03882152712,ZHVI_allhomes_smoothed_seasadj
"Nashville, TN",2011-06-30,176062.8801788987,ZHVI_allhomes_smoothed_seasadj
"Nashville, TN",2011-07-31,175475.39652954633,ZHVI_allhomes_smoothed_seasadj
"Nashville, TN",2011-08-31,174785.03738413277,ZHVI_allhomes_smoothed_seasadj
"Nashville, TN",2011-09-30,174031.90196244427,ZHVI_allhomes_smoothed_seasadj
"Nashville, TN",2011-10-31,173387.4465390965,ZHVI_allhomes_smoothed_seasadj
"Nashville, TN",2011-11-30,172956.04191095414,ZHVI_allhomes_smoothed_seasadj
"Nashville, TN",2011-12-31,172800.69520054114,ZHVI_allhomes_smoothed_seasadj
"Nashville, TN",2012-01-31,172787.28797539196,ZHVI_allhomes_smoothed_seasadj
"Nashville, TN",2012-02-29,172855.99365837287,ZHVI_allhomes_smoothed_seasadj
"Nashville, TN",2012-03-31,173089.14055764105,ZHVI_allhomes_smoothed_seasadj
"Nashville, TN",2012-04-30,173497.4579526789,ZHVI_allhomes_smoothed_seasadj
"Nashville, TN",2012-05-31,173827.69786760004,ZHVI_allhomes_smoothed_seasadj
"Nashville, TN",2012-06-30,174279.40666556513,ZHVI_allhomes_smoothed_seasadj
"Nashville, TN",2012-07-31,174880.12214568132,ZHVI_allhomes_smoothed_seasadj
"Nashville, TN",2012-08-31,175543.4676990355,ZHVI_allhomes_smoothed_seasadj
"Nashville, TN",2012-09-30,176176.24206377144,ZHVI_allhomes_smoothed_seasadj
"Nashville, TN",2012-10-31,176684.41404728265,ZHVI_allhomes_smoothed_seasadj
"Nashville, TN",2012-11-30,177290.02602580958,ZHVI_allhomes_smoothed_seasadj
"Nashville, TN",2012-12-31,177746.1124430629,ZHVI_allhomes_smoothed_seasadj
"Nashville, TN",2013-01-31,178387.59694835826,ZHVI_allhomes_smoothed_seasadj
"Nashville, TN",2013-02-28,179170.25527003492,ZHVI_allhomes_smoothed_seasadj
"Nashville, TN",2013-03-31,180104.21427534858,ZHVI_allhomes_smoothed_seasadj
"Nashville, TN",2013-04-30,181131.53191515538,ZHVI_allhomes_smoothed_seasadj
"Nashville, TN",2013-05-31,182219.48577346568,ZHVI_allhomes_smoothed_seasadj
"Nashville, TN",2013-06-30,183358.73814296708,ZHVI_allhomes_smoothed_seasadj
"Nashville, TN",2013-07-31,184274.09932869943,ZHVI_allhomes_smoothed_seasadj
"Nashville, TN",2013-08-31,185153.9762602809,ZHVI_allhomes_smoothed_seasadj
"Nashville, TN",2013-09-30,186035.4203551634,ZHVI_allhomes_smoothed_seasadj
"Nashville, TN",2013-10-31,187081.51684271023,ZHVI_allhomes_smoothed_seasadj
"Nashville, TN",2013-11-30,188063.49747112216,ZHVI_allhomes_smoothed_seasadj
"Nashville, TN",2013-12-31,189084.1757352423,ZHVI_allhomes_smoothed_seasadj
"Nashville, TN",2014-01-31,190053.19750284255,ZHVI_allhomes_smoothed_seasadj
"Nashville, TN",2014-02-28,191005.8556096363,ZHVI_allhomes_smoothed_seasadj
"Nashville, TN",2014-03-31,191873.00661515296,ZHVI_allhomes_smoothed_seasadj
"Nashville, TN",2014-04-30,192701.63823180445,ZHVI_allhomes_smoothed_seasadj
"Nashville, TN",2014-05-31,193700.72522752234,ZHVI_allhomes_smoothed_seasadj
"Nashville, TN",2014-06-30,194768.68324934482,ZHVI_allhomes_smoothed_seasadj
"Nashville, TN",2014-07-31,195972.9719045759,ZHVI_allhomes_smoothed_seasadj
"Nashville, TN",2014-08-31,196968.63435582886,ZHVI_allhomes_smoothed_seasadj
"Nashville, TN",2014-09-30,197979.44007655373,ZHVI_allhomes_smoothed_seasadj
"Nashville, TN",2014-10-31,198911.22088655442,ZHVI_allhomes_smoothed_seasadj
"Nashville, TN",2014-11-30,200210.02798527133,ZHVI_allhomes_smoothed_seasadj
"Nashville, TN",2014-12-31,201660.39264406983,ZHVI_allhomes_smoothed_seasadj
"Nashville, TN",2015-01-31,203396.58473808924,ZHVI_allhomes_smoothed_seasadj
"Nashville, TN",2015-02-28,205283.2292756605,ZHVI_allhomes_smoothed_seasadj
"Nashville, TN",2015-03-31,207107.8415353978,ZHVI_allhomes_smoothed_seasadj
"Nashville, TN",2015-04-30,208654.90678637804,ZHVI_allhomes_smoothed_seasadj
"Nashville, TN",2015-05-31,210163.49145439337,ZHVI_allhomes_smoothed_seasadj
"Nashville, TN",2015-06-30,211794.6371215824,ZHVI_allhomes_smoothed_seasadj
"Nashville, TN",2015-07-31,213808.26054825346,ZHVI_allhomes_smoothed_seasadj
"Nashville, TN",2015-08-31,215993.26708142707,ZHVI_allhomes_smoothed_seasadj
"Nashville, TN",2015-09-30,218352.93007058345,ZHVI_allhomes_smoothed_seasadj
"Nashville, TN",2015-10-31,220823.49750863007,ZHVI_allhomes_smoothed_seasadj
"Nashville, TN",2015-11-30,223318.35979410357,ZHVI_allhomes_smoothed_seasadj
"Nashville, TN",2015-12-31,225795.26351620397,ZHVI_allhomes_smoothed_seasadj
"Nashville, TN",2016-01-31,227996.30047733206,ZHVI_allhomes_smoothed_seasadj
"Nashville, TN",2016-02-29,229963.2071458735,ZHVI_allhomes_smoothed_seasadj
"Nashville, TN",2016-03-31,231664.64427831062,ZHVI_allhomes_smoothed_seasadj
"Nashville, TN",2016-04-30,233496.96950859565,ZHVI_allhomes_smoothed_seasadj
"Nashville, TN",2016-05-31,235361.75273868197,ZHVI_allhomes_smoothed_seasadj
"Nashville, TN",2016-06-30,237409.39767265157,ZHVI_allhomes_smoothed_seasadj
"Nashville, TN",2016-07-31,239436.36873005787,ZHVI_allhomes_smoothed_seasadj
"Nashville, TN",2016-08-31,241532.43883110804,ZHVI_allhomes_smoothed_seasadj
"Nashville, TN",2016-09-30,243829.2254263723,ZHVI_allhomes_smoothed_seasadj
"Nashville, TN",2016-10-31,246458.2188318996,ZHVI_allhomes_smoothed_seasadj
"Nashville, TN",2016-11-30,249313.0163493754,ZHVI_allhomes_smoothed_seasadj
"Nashville, TN",2016-12-31,252138.65328435265,ZHVI_allhomes_smoothed_seasadj
"Nashville, TN",2017-01-31,254578.0233129115,ZHVI_allhomes_smoothed_seasadj
"Nashville, TN",2017-02-28,256653.9076423384,ZHVI_allhomes_smoothed_seasadj
"Nashville, TN",2017-03-31,258795.17181417195,ZHVI_allhomes_smoothed_seasadj
"Nashville, TN",2017-04-30,261032.4278922306,ZHVI_allhomes_smoothed_seasadj
"Nashville, TN",2017-05-31,263114.55911066226,ZHVI_allhomes_smoothed_seasadj
"Nashville, TN",2017-06-30,264750.48156630475,ZHVI_allhomes_smoothed_seasadj
"Nashville, TN",2017-07-31,266264.925492947,ZHVI_allhomes_smoothed_seasadj
"Nashville, TN",2017-08-31,267990.227363687,ZHVI_allhomes_smoothed_seasadj
"Nashville, TN",2017-09-30,269950.0235465605,ZHVI_allhomes_smoothed_seasadj
"Nashville, TN",2017-10-31,272106.6338905873,ZHVI_allhomes_smoothed_seasadj
"Nashville, TN",2017-11-30,274262.450499081,ZHVI_allhomes_smoothed_seasadj
"Nashville, TN",2017-12-31,276522.3709984667,ZHVI_allhomes_smoothed_seasadj
"Nashville, TN",2018-01-31,278849.9487190323,ZHVI_allhomes_smoothed_seasadj
"Nashville, TN",2018-02-28,281236.5142553535,ZHVI_allhomes_smoothed_seasadj
"Nashville, TN",2018-03-31,283660.8529778189,ZHVI_allhomes_smoothed_seasadj
"Nashville, TN",2018-04-30,285686.22489662864,ZHVI_allhomes_smoothed_seasadj
"Nashville, TN",2018-05-31,287511.68249027716,ZHVI_allhomes_smoothed_seasadj
"Nashville, TN",2018-06-30,288807.14991476637,ZHVI_allhomes_smoothed_seasadj
"Nashville, TN",2018-07-31,290217.2743880725,ZHVI_allhomes_smoothed_seasadj
"Nashville, TN",2018-08-31,291396.08320685895,ZHVI_allhomes_smoothed_seasadj
"Nashville, TN",2018-09-30,292391.3042385188,ZHVI_allhomes_smoothed_seasadj
"Nashville, TN",2018-10-31,293094.1751614578,ZHVI_allhomes_smoothed_seasadj
"Nashville, TN",2018-11-30,293684.555335314,ZHVI_allhomes_smoothed_seasadj
"Nashville, TN",2018-12-31,294488.16773462424,ZHVI_allhomes_smoothed_seasadj
"Nashville, TN",2019-01-31,295403.9867403379,ZHVI_allhomes_smoothed_seasadj
"Nashville, TN",2019-02-28,296628.8467619244,ZHVI_allhomes_smoothed_seasadj
"Nashville, TN",2019-03-31,297918.9744333963,ZHVI_allhomes_smoothed_seasadj
"Nashville, TN",2019-04-30,298939.0719810878,ZHVI_allhomes_smoothed_seasadj
"Nashville, TN",2019-05-31,299653.0765430248,ZHVI_allhomes_smoothed_seasadj
"Nashville, TN",2019-06-30,300219.60879989277,ZHVI_allhomes_smoothed_seasadj
"Nashville, TN",2019-07-31,300978.46916879923,ZHVI_allhomes_smoothed_seasadj
"Nashville, TN",2019-08-31,301965.1498157633,ZHVI_allhomes_smoothed_seasadj
"Nashville, TN",2019-09-30,303156.8362797073,ZHVI_allhomes_smoothed_seasadj
"Nashville, TN",2019-10-31,304490.76897076215,ZHVI_allhomes_smoothed_seasadj
"Nashville, TN",2019-11-30,305944.03056635166,ZHVI_allhomes_smoothed_seasadj
"Nashville, TN",2019-12-31,307457.72592586285,ZHVI_allhomes_smoothed_seasadj
"Nashville, TN",2020-01-31,309516.0681986926,ZHVI_allhomes_smoothed_seasadj
"Nashville, TN",2020-02-29,311711.7478177001,ZHVI_allhomes_smoothed_seasadj
"Nashville, TN",2020-03-31,313910.7739943201,ZHVI_allhomes_smoothed_seasadj
"Nashville, TN",2020-04-30,315501.00239870785,ZHVI_allhomes_smoothed_seasadj
"Nashville, TN",2020-05-31,316219.2759137062,ZHVI_allhomes_smoothed_seasadj
"Nashville, TN",2020-06-30,316701.11980833655,ZHVI_allhomes_smoothed_seasadj
"Nashville, TN",2020-07-31,317434.0248742598,ZHVI_allhomes_smoothed_seasadj
"Nashville, TN",2020-08-31,319178.33481652936,ZHVI_allhomes_smoothed_seasadj
"Nashville, TN",2020-09-30,322126.5054818995,ZHVI_allhomes_smoothed_seasadj
"Nashville, TN",2020-10-31,325736.9400231045,ZHVI_allhomes_smoothed_seasadj
"Nashville, TN",2020-11-30,329777.2797390154,ZHVI_allhomes_smoothed_seasadj
"Nashville, TN",2020-12-31,333633.09973840107,ZHVI_allhomes_smoothed_seasadj
"Nashville, TN",2021-01-31,337425.59450704156,ZHVI_allhomes_smoothed_seasadj
"Nashville, TN",2021-02-28,341706.36930503306,ZHVI_allhomes_smoothed_seasadj
"Nashville, TN",2021-03-31,346445.66393515054,ZHVI_allhomes_smoothed_seasadj
"Nashville, TN",2021-04-30,351687.64013719466,ZHVI_allhomes_smoothed_seasadj
"Nashville, TN",2021-05-31,357714.50869348616,ZHVI_allhomes_smoothed_seasadj
"Nashville, TN",2021-06-30,364980.7100396732,ZHVI_allhomes_smoothed_seasadj
"Nashville, TN",2021-07-31,372774.5190252747,ZHVI_allhomes_smoothed_seasadj
"Nashville, TN",2021-08-31,379449.947210206,ZHVI_allhomes_smoothed_seasadj
"Nashville, TN",2021-09-30,384839.08562661306,ZHVI_allhomes_smoothed_seasadj
"Nashville, TN",2021-10-31,390136.83837869955,ZHVI_allhomes_smoothed_seasadj
"Nashville, TN",2021-11-30,396710.648176457,ZHVI_allhomes_smoothed_seasadj
"Nashville, TN",2021-12-31,404261.93560215924,ZHVI_allhomes_smoothed_seasadj
"Nashville, TN",2022-01-31,413155.1547162664,ZHVI_allhomes_smoothed_seasadj
"Nashville, TN",2022-02-28,423271.33833756886,ZHVI_allhomes_smoothed_seasadj
"Nashville, TN",2022-03-31,434137.8579562062,ZHVI_allhomes_smoothed_seasadj
"Nashville, TN",2022-04-30,445255.0070473932,ZHVI_allhomes_smoothed_seasadj
"Nashville, TN",2022-05-31,455056.3475874032,ZHVI_allhomes_smoothed_seasadj
"Nashville, TN",2022-06-30,463208.54830358544,ZHVI_allhomes_smoothed_seasadj
"Nashville, TN",2022-07-31,467598.56908763136,ZHVI_allhomes_smoothed_seasadj
"Nashville, TN",2022-08-31,468428.82080020936,ZHVI_allhomes_smoothed_seasadj
"Nashville, TN",2022-09-30,466210.53526385035,ZHVI_allhomes_smoothed_seasadj
"Nashville, TN",2022-10-31,463170.38412728236,ZHVI_allhomes_smoothed_seasadj
"Nashville, TN",2022-11-30,459858.3169117507,ZHVI_allhomes_smoothed_seasadj
"Nashville, TN",2022-12-31,456767.5423967203,ZHVI_allhomes_smoothed_seasadj
"Nashville, TN",2023-01-31,453618.0202592625,ZHVI_allhomes_smoothed_seasadj
"Nashville, TN",2023-02-28,451362.3948165775,ZHVI_allhomes_smoothed_seasadj
"Nashville, TN",2023-03-31,450148.374985445,ZHVI_allhomes_smoothed_seasadj
"Nashville, TN",2023-04-30,450340.27745659876,ZHVI_allhomes_smoothed_seasadj
"Nashville, TN",2023-05-31,451083.33039825136,ZHVI_allhomes_smoothed_seasadj
"Nashville, TN",2023-06-30,452434.9599235856,ZHVI_allhomes_smoothed_seasadj
"Nashville, TN",2023-07-31,453196.55038579245,ZHVI_allhomes_smoothed_seasadj
"Nashville, TN",2023-08-31,453913.87617781566,ZHVI_allhomes_smoothed_seasadj
"Nashville, TN",2023-09-30,454270.63133567706,ZHVI_allhomes_smoothed_seasadj
"Nashville, TN",2023-10-31,454733.12193917297,ZHVI_allhomes_smoothed_seasadj
"Nashville, TN",2023-11-30,455008.4273334286,ZHVI_allhomes_smoothed_seasadj
"Nashville, TN",2023-12-31,454957.21575922443,ZHVI_allhomes_smoothed_seasadj
"Nashville, TN",2024-01-31,455029.6250289515,ZHVI_allhomes_smoothed_seasadj
"Nashville, TN",2024-02-29,455937.67042449437,ZHVI_allhomes_smoothed_seasadj
"Nashville, TN",2024-03-31,457939.56399910594,ZHVI_allhomes_smoothed_seasadj
"Nashville, TN",2024-04-30,459959.103463649,ZHVI_allhomes_smoothed_seasadj
"Nashville, TN",2024-05-31,461303.8850653527,ZHVI_allhomes_smoothed_seasadj
"Nashville, TN",2024-06-30,461458.21420604124,ZHVI_allhomes_smoothed_seasadj
"Nashville, TN",2024-07-31,461264.39403553307,ZHVI_allhomes_smoothed_seasadj
"Nashville, TN",2024-08-31,460914.84518543305,ZHVI_allhomes_smoothed_seasadj
"Nashville, TN",2024-09-30,460808.6365047991,ZHVI_allhomes_smoothed_seasadj
"Nashville, TN",2024-10-31,460945.1146314121,ZHVI_allhomes_smoothed_seasadj
"Nashville, TN",2024-11-30,461308.50859577075,ZHVI_allhomes_smoothed_seasadj
"Nashville, TN",2024-12-31,462048.0386688759,ZHVI_allhomes_smoothed_seasadj
"Nashville, TN",2025-01-31,463080.5415713763,ZHVI_allhomes_smoothed_seasadj
"Nashville, TN",2025-02-28,463807.3692207984,ZHVI_allhomes_smoothed_seasadj
"Nashville, TN",2025-03-31,463850.8309308483,ZHVI_allhomes_smoothed_seasadj
"Nashville, TN",2025-04-30,463484.4216259152,ZHVI_allhomes_smoothed_seasadj
"Nashville, TN",2025-05-31,462883.06066396646,ZHVI_allhomes_smoothed_seasadj
"Nashville, TN",2025-06-30,462005.6271447922,ZHVI_allhomes_smoothed_seasadj
"Nashville, TN",2025-07-31,460994.5239123854,ZHVI_allhomes_smoothed_seasadj
"Nashville, TN",2025-08-31,460265.5750831291,ZHVI_allhomes_smoothed_seasadj
"Nashville, TN",2025-09-30,460259.1932392164,ZHVI_allhomes_smoothed_seasadj
"Nashville, TN",2025-10-31,460386.1789243457,ZHVI_allhomes_smoothed_seasadj
"Nashville, TN",2025-11-30,460629.9724535237,ZHVI_allhomes_smoothed_seasadj
"Nashville, TN",2025-12-31,460688.6747853334,ZHVI_allhomes_smoothed_seasadj
"Nashville, TN",2026-01-31,460742.17303378164,ZHVI_allhomes_smoothed_seasadj
"Nashville, TN",2026-02-28,460484.947372271,ZHVI_allhomes_smoothed_seasadj
"Nashville, TN",2026-03-31,460138.3476719155,ZHVI_allhomes_smoothed_seasadj
"Nashville, TN",2026-04-30,459443.30643486726,ZHVI_allhomes_smoothed_seasadj
"Nashville, TN",2026-05-31,458626.84600379056,ZHVI_allhomes_smoothed_seasadj
"Nashville, TN",2026-06-30,457808.7677777333,ZHVI_allhomes_smoothed_seasadj
"San Antonio, TX",2000-01-31,116624.30627239498,ZHVI_allhomes_smoothed_seasadj
"San Antonio, TX",2000-02-29,116734.39135489706,ZHVI_allhomes_smoothed_seasadj
"San Antonio, TX",2000-03-31,116821.63249689694,ZHVI_allhomes_smoothed_seasadj
"San Antonio, TX",2000-04-30,116986.264820244,ZHVI_allhomes_smoothed_seasadj
"San Antonio, TX",2000-05-31,116469.59955449676,ZHVI_allhomes_smoothed_seasadj
"San Antonio, TX",2000-06-30,115740.78073410859,ZHVI_allhomes_smoothed_seasadj
"San Antonio, TX",2000-07-31,114925.85480933981,ZHVI_allhomes_smoothed_seasadj
"San Antonio, TX",2000-08-31,114755.81022499937,ZHVI_allhomes_smoothed_seasadj
"San Antonio, TX",2000-09-30,114752.430168999,ZHVI_allhomes_smoothed_seasadj
"San Antonio, TX",2000-10-31,114788.88055302658,ZHVI_allhomes_smoothed_seasadj
"San Antonio, TX",2000-11-30,114774.58445232619,ZHVI_allhomes_smoothed_seasadj
"San Antonio, TX",2000-12-31,114742.69941551994,ZHVI_allhomes_smoothed_seasadj
"San Antonio, TX",2001-01-31,114581.17236532357,ZHVI_allhomes_smoothed_seasadj
"San Antonio, TX",2001-02-28,114303.18742879156,ZHVI_allhomes_smoothed_seasadj
"San Antonio, TX",2001-03-31,113958.87949067938,ZHVI_allhomes_smoothed_seasadj
"San Antonio, TX",2001-04-30,113679.10085395008,ZHVI_allhomes_smoothed_seasadj
"San Antonio, TX",2001-05-31,113548.36134342062,ZHVI_allhomes_smoothed_seasadj
"San Antonio, TX",2001-06-30,113511.94108629467,ZHVI_allhomes_smoothed_seasadj
"San Antonio, TX",2001-07-31,113542.77219366614,ZHVI_allhomes_smoothed_seasadj
"San Antonio, TX",2001-08-31,113582.35439620218,ZHVI_allhomes_smoothed_seasadj
"San Antonio, TX",2001-09-30,113549.63219324232,ZHVI_allhomes_smoothed_seasadj
"San Antonio, TX",2001-10-31,113506.72804330704,ZHVI_allhomes_smoothed_seasadj
"San Antonio, TX",2001-11-30,113392.97202552362,ZHVI_allhomes_smoothed_seasadj
"San Antonio, TX",2001-12-31,113310.7028456282,ZHVI_allhomes_smoothed_seasadj
"San Antonio, TX",2002-01-31,113191.9370726723,ZHVI_allhomes_smoothed_seasadj
"San Antonio, TX",2002-02-28,113157.80016864487,ZHVI_allhomes_smoothed_seasadj
"San Antonio, TX",2002-03-31,113254.75291870428,ZHVI_allhomes_smoothed_seasadj
"San Antonio, TX",2002-04-30,113570.79793732165,ZHVI_allhomes_smoothed_seasadj
"San Antonio, TX",2002-05-31,113984.6573862303,ZHVI_allhomes_smoothed_seasadj
"San Antonio, TX",2002-06-30,114421.43936173093,ZHVI_allhomes_smoothed_seasadj
"San Antonio, TX",2002-07-31,114831.22324348926,ZHVI_allhomes_smoothed_seasadj
"San Antonio, TX",2002-08-31,115277.17497309817,ZHVI_allhomes_smoothed_seasadj
"San Antonio, TX",2002-09-30,115723.64517626974,ZHVI_allhomes_smoothed_seasadj
"San Antonio, TX",2002-10-31,116153.4472857631,ZHVI_allhomes_smoothed_seasadj
"San Antonio, TX",2002-11-30,116637.29953635491,ZHVI_allhomes_smoothed_seasadj
"San Antonio, TX",2002-12-31,117033.95523576303,ZHVI_allhomes_smoothed_seasadj
"San Antonio, TX",2003-01-31,117235.30307037191,ZHVI_allhomes_smoothed_seasadj
"San Antonio, TX",2003-02-28,117195.57269672894,ZHVI_allhomes_smoothed_seasadj
"San Antonio, TX",2003-03-31,117090.88386817738,ZHVI_allhomes_smoothed_seasadj
"San Antonio, TX",2003-04-30,117152.24611436315,ZHVI_allhomes_smoothed_seasadj
"San Antonio, TX",2003-05-31,117437.71907680064,ZHVI_allhomes_smoothed_seasadj
"San Antonio, TX",2003-06-30,117881.25120165844,ZHVI_allhomes_smoothed_seasadj
"San Antonio, TX",2003-07-31,118367.07558853012,ZHVI_allhomes_smoothed_seasadj
"San Antonio, TX",2003-08-31,118827.92936706624,ZHVI_allhomes_smoothed_seasadj
"San Antonio, TX",2003-09-30,119256.67782754095,ZHVI_allhomes_smoothed_seasadj
"San Antonio, TX",2003-10-31,119565.22845868631,ZHVI_allhomes_smoothed_seasadj
"San Antonio, TX",2003-11-30,119637.72770547168,ZHVI_allhomes_smoothed_seasadj
"San Antonio, TX",2003-12-31,119760.78840819826,ZHVI_allhomes_smoothed_seasadj
"San Antonio, TX",2004-01-31,120402.2341125644,ZHVI_allhomes_smoothed_seasadj
"San Antonio, TX",2004-02-29,121750.47429498064,ZHVI_allhomes_smoothed_seasadj
"San Antonio, TX",2004-03-31,123091.99308691842,ZHVI_allhomes_smoothed_seasadj
"San Antonio, TX",2004-04-30,124493.3950770625,ZHVI_allhomes_smoothed_seasadj
"San Antonio, TX",2004-05-31,125546.95300669286,ZHVI_allhomes_smoothed_seasadj
"San Antonio, TX",2004-06-30,126702.18825622652,ZHVI_allhomes_smoothed_seasadj
"San Antonio, TX",2004-07-31,127643.04955848279,ZHVI_allhomes_smoothed_seasadj
"San Antonio, TX",2004-08-31,128349.61349426919,ZHVI_allhomes_smoothed_seasadj
"San Antonio, TX",2004-09-30,129294.08941793903,ZHVI_allhomes_smoothed_seasadj
"San Antonio, TX",2004-10-31,130047.21734891117,ZHVI_allhomes_smoothed_seasadj
"San Antonio, TX",2004-11-30,130973.17265138478,ZHVI_allhomes_smoothed_seasadj
"San Antonio, TX",2004-12-31,131543.24727224425,ZHVI_allhomes_smoothed_seasadj
"San Antonio, TX",2005-01-31,131961.1502010716,ZHVI_allhomes_smoothed_seasadj
"San Antonio, TX",2005-02-28,132327.5772688945,ZHVI_allhomes_smoothed_seasadj
"San Antonio, TX",2005-03-31,132711.93077639202,ZHVI_allhomes_smoothed_seasadj
"San Antonio, TX",2005-04-30,133215.4740168616,ZHVI_allhomes_smoothed_seasadj
"San Antonio, TX",2005-05-31,133738.2900313054,ZHVI_allhomes_smoothed_seasadj
"San Antonio, TX",2005-06-30,134189.6978941215,ZHVI_allhomes_smoothed_seasadj
"San Antonio, TX",2005-07-31,134537.1547613961,ZHVI_allhomes_smoothed_seasadj
"San Antonio, TX",2005-08-31,134829.20754807303,ZHVI_allhomes_smoothed_seasadj
"San Antonio, TX",2005-09-30,135184.4745974283,ZHVI_allhomes_smoothed_seasadj
"San Antonio, TX",2005-10-31,135770.0409483339,ZHVI_allhomes_smoothed_seasadj
"San Antonio, TX",2005-11-30,136267.060275235,ZHVI_allhomes_smoothed_seasadj
"San Antonio, TX",2005-12-31,136747.29849415147,ZHVI_allhomes_smoothed_seasadj
"San Antonio, TX",2006-01-31,137016.52161565446,ZHVI_allhomes_smoothed_seasadj
"San Antonio, TX",2006-02-28,137354.1070603969,ZHVI_allhomes_smoothed_seasadj
"San Antonio, TX",2006-03-31,137717.9642627537,ZHVI_allhomes_smoothed_seasadj
"San Antonio, TX",2006-04-30,138180.32269245337,ZHVI_allhomes_smoothed_seasadj
"San Antonio, TX",2006-05-31,138855.17536226797,ZHVI_allhomes_smoothed_seasadj
"San Antonio, TX",2006-06-30,139723.82168020235,ZHVI_allhomes_smoothed_seasadj
"San Antonio, TX",2006-07-31,140780.9980269866,ZHVI_allhomes_smoothed_seasadj
"San Antonio, TX",2006-08-31,141754.14331839976,ZHVI_allhomes_smoothed_seasadj
"San Antonio, TX",2006-09-30,142764.34637800592,ZHVI_allhomes_smoothed_seasadj
"San Antonio, TX",2006-10-31,143799.53195844198,ZHVI_allhomes_smoothed_seasadj
"San Antonio, TX",2006-11-30,144956.84425765296,ZHVI_allhomes_smoothed_seasadj
"San Antonio, TX",2006-12-31,146201.1554637041,ZHVI_allhomes_smoothed_seasadj
"San Antonio, TX",2007-01-31,147131.55875655546,ZHVI_allhomes_smoothed_seasadj
"San Antonio, TX",2007-02-28,147547.8169382601,ZHVI_allhomes_smoothed_seasadj
"San Antonio, TX",2007-03-31,147596.81414209728,ZHVI_allhomes_smoothed_seasadj
"San Antonio, TX",2007-04-30,147715.122542572,ZHVI_allhomes_smoothed_seasadj
"San Antonio, TX",2007-05-31,148443.94337151473,ZHVI_allhomes_smoothed_seasadj
"San Antonio, TX",2007-06-30,149432.49374898672,ZHVI_allhomes_smoothed_seasadj
"San Antonio, TX",2007-07-31,150566.11014673326,ZHVI_allhomes_smoothed_seasadj
"San Antonio, TX",2007-08-31,151475.0624281702,ZHVI_allhomes_smoothed_seasadj
"San Antonio, TX",2007-09-30,152200.2690478131,ZHVI_allhomes_smoothed_seasadj
"San Antonio, TX",2007-10-31,152869.45799947405,ZHVI_allhomes_smoothed_seasadj
"San Antonio, TX",2007-11-30,153457.2685826166,ZHVI_allhomes_smoothed_seasadj
"San Antonio, TX",2007-12-31,154070.77776911118,ZHVI_allhomes_smoothed_seasadj
"San Antonio, TX",2008-01-31,154110.37347782825,ZHVI_allhomes_smoothed_seasadj
"San Antonio, TX",2008-02-29,153847.6930793964,ZHVI_allhomes_smoothed_seasadj
"San Antonio, TX",2008-03-31,153457.1206078966,ZHVI_allhomes_smoothed_seasadj
"San Antonio, TX",2008-04-30,153406.16573434032,ZHVI_allhomes_smoothed_seasadj
"San Antonio, TX",2008-05-31,153525.6542867433,ZHVI_allhomes_smoothed_seasadj
"San Antonio, TX",2008-06-30,153514.9142284513,ZHVI_allhomes_smoothed_seasadj
"San Antonio, TX",2008-07-31,153356.5891091018,ZHVI_allhomes_smoothed_seasadj
"San Antonio, TX",2008-08-31,152797.58244737957,ZHVI_allhomes_smoothed_seasadj
"San Antonio, TX",2008-09-30,152116.51158267862,ZHVI_allhomes_smoothed_seasadj
"San Antonio, TX",2008-10-31,151457.3295548811,ZHVI_allhomes_smoothed_seasadj
"San Antonio, TX",2008-11-30,151062.65373672167,ZHVI_allhomes_smoothed_seasadj
"San Antonio, TX",2008-12-31,150703.2754059905,ZHVI_allhomes_smoothed_seasadj
"San Antonio, TX",2009-01-31,150244.37799142985,ZHVI_allhomes_smoothed_seasadj
"San Antonio, TX",2009-02-28,149617.80270073027,ZHVI_allhomes_smoothed_seasadj
"San Antonio, TX",2009-03-31,149167.09301950297,ZHVI_allhomes_smoothed_seasadj
"San Antonio, TX",2009-04-30,148809.3859763943,ZHVI_allhomes_smoothed_seasadj
"San Antonio, TX",2009-05-31,148558.1453320766,ZHVI_allhomes_smoothed_seasadj
"San Antonio, TX",2009-06-30,148124.66671262163,ZHVI_allhomes_smoothed_seasadj
"San Antonio, TX",2009-07-31,147656.75338016392,ZHVI_allhomes_smoothed_seasadj
"San Antonio, TX",2009-08-31,146960.37243276692,ZHVI_allhomes_smoothed_seasadj
"San Antonio, TX",2009-09-30,146391.20142343527,ZHVI_allhomes_smoothed_seasadj
"San Antonio, TX",2009-10-31,146000.984258514,ZHVI_allhomes_smoothed_seasadj
"San Antonio, TX",2009-11-30,146010.86801258,ZHVI_allhomes_smoothed_seasadj
"San Antonio, TX",2009-12-31,146061.40065870402,ZHVI_allhomes_smoothed_seasadj
"San Antonio, TX",2010-01-31,146134.99341804953,ZHVI_allhomes_smoothed_seasadj
"San Antonio, TX",2010-02-28,146170.54041203496,ZHVI_allhomes_smoothed_seasadj
"San Antonio, TX",2010-03-31,146372.75550543048,ZHVI_allhomes_smoothed_seasadj
"San Antonio, TX",2010-04-30,146612.9540247936,ZHVI_allhomes_smoothed_seasadj
"San Antonio, TX",2010-05-31,146938.99967061993,ZHVI_allhomes_smoothed_seasadj
"San Antonio, TX",2010-06-30,146997.89282706566,ZHVI_allhomes_smoothed_seasadj
"San Antonio, TX",2010-07-31,146978.10503033418,ZHVI_allhomes_smoothed_seasadj
"San Antonio, TX",2010-08-31,146963.033920198,ZHVI_allhomes_smoothed_seasadj
"San Antonio, TX",2010-09-30,146844.719607846,ZHVI_allhomes_smoothed_seasadj
"San Antonio, TX",2010-10-31,146423.26228914087,ZHVI_allhomes_smoothed_seasadj
"San Antonio, TX",2010-11-30,145586.34431917485,ZHVI_allhomes_smoothed_seasadj
"San Antonio, TX",2010-12-31,144768.5761060156,ZHVI_allhomes_smoothed_seasadj
"San Antonio, TX",2011-01-31,144154.94830033905,ZHVI_allhomes_smoothed_seasadj
"San Antonio, TX",2011-02-28,143595.64203239797,ZHVI_allhomes_smoothed_seasadj
"San Antonio, TX",2011-03-31,143338.50625998934,ZHVI_allhomes_smoothed_seasadj
"San Antonio, TX",2011-04-30,142959.08306822157,ZHVI_allhomes_smoothed_seasadj
"San Antonio, TX",2011-05-31,142625.56156098016,ZHVI_allhomes_smoothed_seasadj
"San Antonio, TX",2011-06-30,141944.28001780235,ZHVI_allhomes_smoothed_seasadj
"San Antonio, TX",2011-07-31,141444.15402861944,ZHVI_allhomes_smoothed_seasadj
"San Antonio, TX",2011-08-31,141054.5670440306,ZHVI_allhomes_smoothed_seasadj
"San Antonio, TX",2011-09-30,140859.28012759032,ZHVI_allhomes_smoothed_seasadj
"San Antonio, TX",2011-10-31,140674.39668186617,ZHVI_allhomes_smoothed_seasadj
"San Antonio, TX",2011-11-30,140650.1805005022,ZHVI_allhomes_smoothed_seasadj
"San Antonio, TX",2011-12-31,140481.70837550264,ZHVI_allhomes_smoothed_seasadj
"San Antonio, TX",2012-01-31,140329.74155110054,ZHVI_allhomes_smoothed_seasadj
"San Antonio, TX",2012-02-29,140329.56540387223,ZHVI_allhomes_smoothed_seasadj
"San Antonio, TX",2012-03-31,140817.5375537629,ZHVI_allhomes_smoothed_seasadj
"San Antonio, TX",2012-04-30,141578.93350954997,ZHVI_allhomes_smoothed_seasadj
"San Antonio, TX",2012-05-31,142383.35470316545,ZHVI_allhomes_smoothed_seasadj
"San Antonio, TX",2012-06-30,143074.3605908391,ZHVI_allhomes_smoothed_seasadj
"San Antonio, TX",2012-07-31,143524.14068977963,ZHVI_allhomes_smoothed_seasadj
"San Antonio, TX",2012-08-31,143844.43234656402,ZHVI_allhomes_smoothed_seasadj
"San Antonio, TX",2012-09-30,143968.60124221086,ZHVI_allhomes_smoothed_seasadj
"San Antonio, TX",2012-10-31,144156.68328058097,ZHVI_allhomes_smoothed_seasadj
"San Antonio, TX",2012-11-30,144297.53654412852,ZHVI_allhomes_smoothed_seasadj
"San Antonio, TX",2012-12-31,144485.71655489283,ZHVI_allhomes_smoothed_seasadj
"San Antonio, TX",2013-01-31,144916.13595655598,ZHVI_allhomes_smoothed_seasadj
"San Antonio, TX",2013-02-28,145534.94827436845,ZHVI_allhomes_smoothed_seasadj
"San Antonio, TX",2013-03-31,146384.58629428165,ZHVI_allhomes_smoothed_seasadj
"San Antonio, TX",2013-04-30,147143.48415945086,ZHVI_allhomes_smoothed_seasadj
"San Antonio, TX",2013-05-31,147899.31429214278,ZHVI_allhomes_smoothed_seasadj
"San Antonio, TX",2013-06-30,148699.46196057356,ZHVI_allhomes_smoothed_seasadj
"San Antonio, TX",2013-07-31,149428.4929219596,ZHVI_allhomes_smoothed_seasadj
"San Antonio, TX",2013-08-31,150229.42057431056,ZHVI_allhomes_smoothed_seasadj
"San Antonio, TX",2013-09-30,150917.69222392587,ZHVI_allhomes_smoothed_seasadj
"San Antonio, TX",2013-10-31,151665.81866689207,ZHVI_allhomes_smoothed_seasadj
"San Antonio, TX",2013-11-30,152213.78991304795,ZHVI_allhomes_smoothed_seasadj
"San Antonio, TX",2013-12-31,152732.06327603097,ZHVI_allhomes_smoothed_seasadj
"San Antonio, TX",2014-01-31,153522.74423681488,ZHVI_allhomes_smoothed_seasadj
"San Antonio, TX",2014-02-28,154622.3234265804,ZHVI_allhomes_smoothed_seasadj
"San Antonio, TX",2014-03-31,155878.55618324885,ZHVI_allhomes_smoothed_seasadj
"San Antonio, TX",2014-04-30,156999.07206621932,ZHVI_allhomes_smoothed_seasadj
"San Antonio, TX",2014-05-31,158056.43633437724,ZHVI_allhomes_smoothed_seasadj
"San Antonio, TX",2014-06-30,159103.07989039295,ZHVI_allhomes_smoothed_seasadj
"San Antonio, TX",2014-07-31,160086.30647316822,ZHVI_allhomes_smoothed_seasadj
"San Antonio, TX",2014-08-31,160869.1973834464,ZHVI_allhomes_smoothed_seasadj
"San Antonio, TX",2014-09-30,161408.98301662412,ZHVI_allhomes_smoothed_seasadj
"San Antonio, TX",2014-10-31,161795.71553004516,ZHVI_allhomes_smoothed_seasadj
"San Antonio, TX",2014-11-30,162416.81221093796,ZHVI_allhomes_smoothed_seasadj
"San Antonio, TX",2014-12-31,163279.3517768263,ZHVI_allhomes_smoothed_seasadj
"San Antonio, TX",2015-01-31,164491.87694615647,ZHVI_allhomes_smoothed_seasadj
"San Antonio, TX",2015-02-28,165812.66019955798,ZHVI_allhomes_smoothed_seasadj
"San Antonio, TX",2015-03-31,167104.2027008273,ZHVI_allhomes_smoothed_seasadj
"San Antonio, TX",2015-04-30,168241.23338625688,ZHVI_allhomes_smoothed_seasadj
"San Antonio, TX",2015-05-31,169267.28449131435,ZHVI_allhomes_smoothed_seasadj
"San Antonio, TX",2015-06-30,170308.3093125495,ZHVI_allhomes_smoothed_seasadj
"San Antonio, TX",2015-07-31,171379.71414855227,ZHVI_allhomes_smoothed_seasadj
"San Antonio, TX",2015-08-31,172609.90015101372,ZHVI_allhomes_smoothed_seasadj
"San Antonio, TX",2015-09-30,173842.30479957035,ZHVI_allhomes_smoothed_seasadj
"San Antonio, TX",2015-10-31,175011.75663541173,ZHVI_allhomes_smoothed_seasadj
"San Antonio, TX",2015-11-30,175959.18339409912,ZHVI_allhomes_smoothed_seasadj
"San Antonio, TX",2015-12-31,176989.11068716165,ZHVI_allhomes_smoothed_seasadj
"San Antonio, TX",2016-01-31,178134.58578760223,ZHVI_allhomes_smoothed_seasadj
"San Antonio, TX",2016-02-29,179332.40360967696,ZHVI_allhomes_smoothed_seasadj
"San Antonio, TX",2016-03-31,180114.80216055783,ZHVI_allhomes_smoothed_seasadj
"San Antonio, TX",2016-04-30,180875.75582755278,ZHVI_allhomes_smoothed_seasadj
"San Antonio, TX",2016-05-31,181625.18330406895,ZHVI_allhomes_smoothed_seasadj
"San Antonio, TX",2016-06-30,182630.10356472098,ZHVI_allhomes_smoothed_seasadj
"San Antonio, TX",2016-07-31,183513.74641780267,ZHVI_allhomes_smoothed_seasadj
"San Antonio, TX",2016-08-31,184357.29160643343,ZHVI_allhomes_smoothed_seasadj
"San Antonio, TX",2016-09-30,185189.64318298502,ZHVI_allhomes_smoothed_seasadj
"San Antonio, TX",2016-10-31,186012.86309070812,ZHVI_allhomes_smoothed_seasadj
"San Antonio, TX",2016-11-30,186928.67427442587,ZHVI_allhomes_smoothed_seasadj
"San Antonio, TX",2016-12-31,187910.42218900323,ZHVI_allhomes_smoothed_seasadj
"San Antonio, TX",2017-01-31,189059.33490500165,ZHVI_allhomes_smoothed_seasadj
"San Antonio, TX",2017-02-28,190204.33382337514,ZHVI_allhomes_smoothed_seasadj
"San Antonio, TX",2017-03-31,191400.86396318386,ZHVI_allhomes_smoothed_seasadj
"San Antonio, TX",2017-04-30,192530.57977614013,ZHVI_allhomes_smoothed_seasadj
"San Antonio, TX",2017-05-31,193462.48973583514,ZHVI_allhomes_smoothed_seasadj
"San Antonio, TX",2017-06-30,194342.12672125583,ZHVI_allhomes_smoothed_seasadj
"San Antonio, TX",2017-07-31,195067.05919217048,ZHVI_allhomes_smoothed_seasadj
"San Antonio, TX",2017-08-31,195889.71458638195,ZHVI_allhomes_smoothed_seasadj
"San Antonio, TX",2017-09-30,196537.71159652006,ZHVI_allhomes_smoothed_seasadj
"San Antonio, TX",2017-10-31,197299.84833392885,ZHVI_allhomes_smoothed_seasadj
"San Antonio, TX",2017-11-30,198140.39363165645,ZHVI_allhomes_smoothed_seasadj
"San Antonio, TX",2017-12-31,199306.91744631217,ZHVI_allhomes_smoothed_seasadj
"San Antonio, TX",2018-01-31,200534.480914496,ZHVI_allhomes_smoothed_seasadj
"San Antonio, TX",2018-02-28,201603.02440017796,ZHVI_allhomes_smoothed_seasadj
"San Antonio, TX",2018-03-31,202635.45991862868,ZHVI_allhomes_smoothed_seasadj
"San Antonio, TX",2018-04-30,203503.72237407757,ZHVI_allhomes_smoothed_seasadj
"San Antonio, TX",2018-05-31,204420.29989486132,ZHVI_allhomes_smoothed_seasadj
"San Antonio, TX",2018-06-30,205197.13949874407,ZHVI_allhomes_smoothed_seasadj
"San Antonio, TX",2018-07-31,206110.9781853512,ZHVI_allhomes_smoothed_seasadj
"San Antonio, TX",2018-08-31,206944.82562960373,ZHVI_allhomes_smoothed_seasadj
"San Antonio, TX",2018-09-30,207676.62637853506,ZHVI_allhomes_smoothed_seasadj
"San Antonio, TX",2018-10-31,208273.75550463676,ZHVI_allhomes_smoothed_seasadj
"San Antonio, TX",2018-11-30,208981.88291719832,ZHVI_allhomes_smoothed_seasadj
"San Antonio, TX",2018-12-31,209886.23730471195,ZHVI_allhomes_smoothed_seasadj
"San Antonio, TX",2019-01-31,210709.57253930383,ZHVI_allhomes_smoothed_seasadj
"San Antonio, TX",2019-02-28,211304.85301080163,ZHVI_allhomes_smoothed_seasadj
"San Antonio, TX",2019-03-31,211679.69009709256,ZHVI_allhomes_smoothed_seasadj
"San Antonio, TX",2019-04-30,212012.52933082127,ZHVI_allhomes_smoothed_seasadj
"San Antonio, TX",2019-05-31,212443.20802481438,ZHVI_allhomes_smoothed_seasadj
"San Antonio, TX",2019-06-30,212966.1316592009,ZHVI_allhomes_smoothed_seasadj
"San Antonio, TX",2019-07-31,213512.88272963188,ZHVI_allhomes_smoothed_seasadj
"San Antonio, TX",2019-08-31,214226.91257848803,ZHVI_allhomes_smoothed_seasadj
"San Antonio, TX",2019-09-30,215052.59673724556,ZHVI_allhomes_smoothed_seasadj
"San Antonio, TX",2019-10-31,216146.0720881838,ZHVI_allhomes_smoothed_seasadj
"San Antonio, TX",2019-11-30,217356.7884765535,ZHVI_allhomes_smoothed_seasadj
"San Antonio, TX",2019-12-31,218566.43225700187,ZHVI_allhomes_smoothed_seasadj
"San Antonio, TX",2020-01-31,219802.17669147268,ZHVI_allhomes_smoothed_seasadj
"San Antonio, TX",2020-02-29,220968.83789731274,ZHVI_allhomes_smoothed_seasadj
"San Antonio, TX",2020-03-31,221998.2757321041,ZHVI_allhomes_smoothed_seasadj
"San Antonio, TX",2020-04-30,222655.97129556746,ZHVI_allhomes_smoothed_seasadj
"San Antonio, TX",2020-05-31,222953.82983511718,ZHVI_allhomes_smoothed_seasadj
"San Antonio, TX",2020-06-30,223255.1417450388,ZHVI_allhomes_smoothed_seasadj
"San Antonio, TX",2020-07-31,224059.36652444932,ZHVI_allhomes_smoothed_seasadj
"San Antonio, TX",2020-08-31,225437.55171888974,ZHVI_allhomes_smoothed_seasadj
"San Antonio, TX",2020-09-30,227601.06529300765,ZHVI_allhomes_smoothed_seasadj
"San Antonio, TX",2020-10-31,230201.6805096052,ZHVI_allhomes_smoothed_seasadj
"San Antonio, TX",2020-11-30,233211.27116497487,ZHVI_allhomes_smoothed_seasadj
"San Antonio, TX",2020-12-31,236038.5284522518,ZHVI_allhomes_smoothed_seasadj
"San Antonio, TX",2021-01-31,238802.39514880822,ZHVI_allhomes_smoothed_seasadj
"San Antonio, TX",2021-02-28,241656.79383988457,ZHVI_allhomes_smoothed_seasadj
"San Antonio, TX",2021-03-31,244910.7150178751,ZHVI_allhomes_smoothed_seasadj
"San Antonio, TX",2021-04-30,248471.7539366004,ZHVI_allhomes_smoothed_seasadj
"San Antonio, TX",2021-05-31,252546.9948567819,ZHVI_allhomes_smoothed_seasadj
"San Antonio, TX",2021-06-30,256957.93168457143,ZHVI_allhomes_smoothed_seasadj
"San Antonio, TX",2021-07-31,261275.71808729786,ZHVI_allhomes_smoothed_seasadj
"San Antonio, TX",2021-08-31,264731.07697831624,ZHVI_allhomes_smoothed_seasadj
"San Antonio, TX",2021-09-30,267424.6547996795,ZHVI_allhomes_smoothed_seasadj
"San Antonio, TX",2021-10-31,269966.14558405144,ZHVI_allhomes_smoothed_seasadj
"San Antonio, TX",2021-11-30,273216.95968863816,ZHVI_allhomes_smoothed_seasadj
"San Antonio, TX",2021-12-31,276922.25800114387,ZHVI_allhomes_smoothed_seasadj
"San Antonio, TX",2022-01-31,281579.7692194642,ZHVI_allhomes_smoothed_seasadj
"San Antonio, TX",2022-02-28,286564.1652610302,ZHVI_allhomes_smoothed_seasadj
"San Antonio, TX",2022-03-31,292110.46840648307,ZHVI_allhomes_smoothed_seasadj
"San Antonio, TX",2022-04-30,297683.84352157445,ZHVI_allhomes_smoothed_seasadj
"San Antonio, TX",2022-05-31,302879.1418570319,ZHVI_allhomes_smoothed_seasadj
"San Antonio, TX",2022-06-30,307276.9331676369,ZHVI_allhomes_smoothed_seasadj
"San Antonio, TX",2022-07-31,309905.1345119259,ZHVI_allhomes_smoothed_seasadj
"San Antonio, TX",2022-08-31,310529.4286222326,ZHVI_allhomes_smoothed_seasadj
"San Antonio, TX",2022-09-30,309631.3932905165,ZHVI_allhomes_smoothed_seasadj
"San Antonio, TX",2022-10-31,308507.38926340593,ZHVI_allhomes_smoothed_seasadj
"San Antonio, TX",2022-11-30,307523.1148200781,ZHVI_allhomes_smoothed_seasadj
"San Antonio, TX",2022-12-31,306704.3441872516,ZHVI_allhomes_smoothed_seasadj
"San Antonio, TX",2023-01-31,305787.81329984684,ZHVI_allhomes_smoothed_seasadj
"San Antonio, TX",2023-02-28,304526.4959834312,ZHVI_allhomes_smoothed_seasadj
"San Antonio, TX",2023-03-31,303209.5804944739,ZHVI_allhomes_smoothed_seasadj
"San Antonio, TX",2023-04-30,302129.6513015093,ZHVI_allhomes_smoothed_seasadj
"San Antonio, TX",2023-05-31,301860.80229479977,ZHVI_allhomes_smoothed_seasadj
"San Antonio, TX",2023-06-30,302200.5184149517,ZHVI_allhomes_smoothed_seasadj
"San Antonio, TX",2023-07-31,302367.42364395066,ZHVI_allhomes_smoothed_seasadj
"San Antonio, TX",2023-08-31,302325.8397753393,ZHVI_allhomes_smoothed_seasadj
"San Antonio, TX",2023-09-30,301612.10409454396,ZHVI_allhomes_smoothed_seasadj
"San Antonio, TX",2023-10-31,300522.36358265026,ZHVI_allhomes_smoothed_seasadj
"San Antonio, TX",2023-11-30,299143.8224623106,ZHVI_allhomes_smoothed_seasadj
"San Antonio, TX",2023-12-31,297583.2700114176,ZHVI_allhomes_smoothed_seasadj
"San Antonio, TX",2024-01-31,296364.1265214263,ZHVI_allhomes_smoothed_seasadj
"San Antonio, TX",2024-02-29,295625.76884321286,ZHVI_allhomes_smoothed_seasadj
"San Antonio, TX",2024-03-31,295645.62247917935,ZHVI_allhomes_smoothed_seasadj
"San Antonio, TX",2024-04-30,295924.10934402305,ZHVI_allhomes_smoothed_seasadj
"San Antonio, TX",2024-05-31,295899.49403342203,ZHVI_allhomes_smoothed_seasadj
"San Antonio, TX",2024-06-30,295475.1417297332,ZHVI_allhomes_smoothed_seasadj
"San Antonio, TX",2024-07-31,294598.7845614518,ZHVI_allhomes_smoothed_seasadj
"San Antonio, TX",2024-08-31,293846.33237146976,ZHVI_allhomes_smoothed_seasadj
"San Antonio, TX",2024-09-30,293195.94587816444,ZHVI_allhomes_smoothed_seasadj
"San Antonio, TX",2024-10-31,292599.49328546826,ZHVI_allhomes_smoothed_seasadj
"San Antonio, TX",2024-11-30,291842.93120044464,ZHVI_allhomes_smoothed_seasadj
"San Antonio, TX",2024-12-31,291205.3493351276,ZHVI_allhomes_smoothed_seasadj
"San Antonio, TX",2025-01-31,290667.4127137384,ZHVI_allhomes_smoothed_seasadj
"San Antonio, TX",2025-02-28,290224.01992892014,ZHVI_allhomes_smoothed_seasadj
"San Antonio, TX",2025-03-31,289251.69578374317,ZHVI_allhomes_smoothed_seasadj
"San Antonio, TX",2025-04-30,288079.50439544354,ZHVI_allhomes_smoothed_seasadj
"San Antonio, TX",2025-05-31,286784.83802146045,ZHVI_allhomes_smoothed_seasadj
"San Antonio, TX",2025-06-30,285754.25487466995,ZHVI_allhomes_smoothed_seasadj
"San Antonio, TX",2025-07-31,284965.41473504406,ZHVI_allhomes_smoothed_seasadj
"San Antonio, TX",2025-08-31,284419.810869076,ZHVI_allhomes_smoothed_seasadj
"San Antonio, TX",2025-09-30,284068.6472549976,ZHVI_allhomes_smoothed_seasadj
"San Antonio, TX",2025-10-31,283665.507716404,ZHVI_allhomes_smoothed_seasadj
"San Antonio, TX",2025-11-30,283358.9962746822,ZHVI_allhomes_smoothed_seasadj
"San Antonio, TX",2025-12-31,283162.6804734456,ZHVI_allhomes_smoothed_seasadj
"San Antonio, TX",2026-01-31,282986.5499953097,ZHVI_allhomes_smoothed_seasadj
"San Antonio, TX",2026-02-28,282795.90279216465,ZHVI_allhomes_smoothed_seasadj
"San Antonio, TX",2026-03-31,282484.93712998834,ZHVI_allhomes_smoothed_seasadj
"San Antonio, TX",2026-04-30,282027.8529395249,ZHVI_allhomes_smoothed_seasadj
"San Antonio, TX",2026-05-31,281272.0454126187,ZHVI_allhomes_smoothed_seasadj
"San Antonio, TX",2026-06-30,280370.18851182685,ZHVI_allhomes_smoothed_seasadj
