"respondent_id","start_date","end_date","which_of_the_following_would","which_of_the_following_would_1","which_of_the_following_would_2","which_of_the_following_would_3","which_of_the_following_would_4","which_of_the_following_would_5","which_of_the_following_would_6","which_of_the_following_would_7","which_of_the_following_would_8","which_of_the_following_would_9","which_of_the_following_would_10","which_of_the_following_would_11","which_of_the_following_would_12","which_of_the_following_would_13","which_of_the_following_would_14","which_of_the_following_would_15","which_of_the_following_would_16","which_of_the_following_would_17","which_of_the_following_would_18","which_of_the_following_would_19","which_of_the_following_would_20","which_of_the_following_would_21","which_of_the_following_would_22","which_of_the_following_would_23","which_of_the_following_would_24","which_of_the_following_would_25","which_of_the_following_would_26","which_of_the_following_would_27","which_of_the_following_would_28","what_percentage_of_your_income","which_best_describes_your","in_your_opinion_do_you_have","what_do_you_currently_pay","how_often_do_you_use_access","zipcode_your_current_creative","how_do_your_monthly_payments","what_is_the_minimum_square","what_is_the_maximum_price","of_the_following_workspace","of_the_following_workspace_1","of_the_following_workspace_2","of_the_following_workspace_3","of_the_following_workspace_4","of_the_following_workspace_5","of_the_following_workspace_6","of_the_following_workspace_7","which_of_the_following_would_29","which_of_the_following_would_30","which_of_the_following_would_31","which_of_the_following_would_32","which_of_the_following_would_33","which_of_the_following_would_34","which_of_the_following_would_35","which_of_the_following_would_36","which_of_the_following_would_37","which_of_the_following_would_38","which_of_the_following_would_39","which_of_the_following_would_40","which_of_the_following_would_41","which_of_the_following_would_42","which_of_the_following_would_43","which_of_the_following_would_44","which_of_the_following_would_45","which_of_the_following_would_46","which_of_the_following_would_47","which_of_the_following_would_48","which_of_the_following_would_49","which_of_the_following_would_50","which_of_the_following_would_51","which_of_the_following_would_52","which_of_the_following_would_53","which_of_the_following_would_54","which_of_the_following_would_55","which_of_the_following_would_56","which_of_the_following_would_57","which_of_the_following_would_58","which_of_the_following_would_59","which_of_the_following_would_60","which_of_the_following_would_61","which_of_the_following_would_62","which_of_the_following_would_63","which_of_the_following_would_64","which_of_the_following_would_65","which_of_the_following_would_66","which_of_the_following_would_67","please_write_your_top_3_zip","please_write_your_top_3_zip_1","please_write_your_top_3_zip_2","have_space_related_issues","have_space_related_issues_1","have_space_related_issues_2","have_space_related_issues_3","have_space_related_issues_4","have_space_related_issues_5","have_space_related_issues_6","have_space_related_issues_7","have_space_related_issues_8","have_space_related_issues_9","have_space_related_issues_10","which_of_the_following_city","which_of_the_following_city_1","are_you_currently_a_city","how_did_you_find_out_about","how_did_you_find_out_about_1"
"10421737951","2018-12-15T12:29:58.000","2018-12-15T12:43:00.000",,,,"Comedy or Improv","Dance/Choreography",,,,,,,,"Installation or Public Art",,,,,,,"Performing/Theatre Arts",,,,,"Textile/Fiber Arts",,,,,"15","I don't currently have the space I need for my art or creative work","No","Not relevant to me/ I do not have a workspace separate from my home","Daily, less than 5 hours","78702","Increased by 6-10%","200 - 350 sq. feet","$100","Work at home in a private workspace within my home","Have workspace and living space within a larger complex of studios and residences","Work in a private workspace, but in a larger complex with other artists",,,,,,"Indoor Performance Space: Black Box/Flex Space  (i.e. no fixed seats)",,,,,"Rehearsal Space, less than 1,000 sq. feet",,"Mirrors/mirrored wall",,,,,"Air-Conditioned Storage Space",,"Running Water",,,,,,,,,"Individual Artist Workspace","Multiple Artist Workspaces",,,,"Photo Studio",,,,,,"High ceilings",,,,"Shared basic tools such as a drill, heat gun, etc","78702","78705","78701",,"Used a space that was not ideal for your needs (not the right size, lacking needed equipment, not located in your preferred region, etc.)",,,,,,,"Stopped you from expanding your operations",,"The room I rent at my current residence doubles as my art studio. More of an art studio with a bed in it less of a bedroom. My bed is against the wall and I have a found giant mirror as well as 4+ bins of materials. While it is easy to come home and work, I would prefer a separate space where I can fully sprawl out and get my work done instead of it clashing with everyday basic things like laundry and general storage. I believe that if I had a proper studio space I would be able to get a lot more done, have more mental clarity, and be able to collect the amount of material that I need instead of limiting how much I can have since it's limited to my room.","Professional development workshops or events for creatives and artists",,"Don't Know","Word of mouth",
"10413150860","2018-12-11T20:08:37.000","2018-12-11T20:14:18.000",,,,,,,,,,,,,,,,,,,,,,,,"Sculpture",,,,,,"10","I OWN my home and have space within my home that I use for creative work (including home studios separate from living areas, e.g. granny flat, garage studio, etc.)","No","$150- $300","Weekly, at least a few days/hours a week","78757","Stayed the same","200 - 350 sq. feet","$1","Work at home in a private workspace within my home",,"Work in a private workspace, but in a larger complex with other artists",,"Coworking/shared maker space with access to a shared space with craft/discipline specific shared tools and resources",,,,,,,,,,,,"Exhibition, Gallery Space, less than 1,000 sq. feet",,,,"Air-Conditioned Storage Space",,,,,,,,,,,"Individual Artist Workspace",,"Light Industrial Workshop (mechanical equipment, flammable materials, ventilation)","Ceramics Studio, Kiln",,,,"Oversized Doors and/or Freight Elevator","Ramps/loading dock","Floor Drains",,"High ceilings","Live/Work Space",,,,"78757","78703","78704",,"Used a space that was not ideal for your needs (not the right size, lacking needed equipment, not located in your preferred region, etc.)",,,,,,,"Stopped you from expanding your operations",,,"Receiving funding through the Cultural Funding Program",,"No","City of Austin Website",
"10401668472","2018-12-06T10:36:55.000","2018-12-06T10:50:13.000",,,,,,,,,,,,,,,,,,,,,"Photography",,,"Sculpture",,,,,"Mixed Media","25","I RENT studio or other work space separate from my home","No","Over $1,500","Daily, 5 or more hours","78702","Increased 26-50%","801 - 1,000 sq. feet","$0.50","Work at home in a private workspace within my home","Have workspace and living space within a larger complex of studios and residences","Work in a private workspace, but in a larger complex with other artists",,,,,,,,,,,,,,"Exhibition, Gallery Space, less than 1,000 sq. feet",,"Retail Space, Storefront",,"Air-Conditioned Storage Space",,,,,,,,,,,,"Multiple Artist Workspaces","Light Industrial Workshop (mechanical equipment, flammable materials, ventilation)","Ceramics Studio, Kiln",,,,,,,,"High ceilings","Live/Work Space",,,,"78702","78704","78701",,"Used a space that was not ideal for your needs (not the right size, lacking needed equipment, not located in your preferred region, etc.)","Considered permanently leaving Austin for another city or state","Canceled a performance or production",,"Paid for space you could not afford",,,"Stopped you from expanding your operations",,,"I do not utilize any of the above City services",,"No","City of Austin Newsletters",
"10363654067","2018-11-19T13:47:15.000","2018-11-19T14:03:28.000",,,,,,,,,,,,,"Installation or Public Art",,,,,,"Painting, Illustration",,,"Printmaking",,,"Textile/Fiber Arts",,,,"Painting, Textile, Curatorial, Art Consulting, Estate Management","100","I OWN my home and have space within my home that I use for creative work (including home studios separate from living areas, e.g. granny flat, garage studio, etc.)","Yes","Not relevant to me/ I do not have a workspace separate from my home","Daily, 5 or more hours","78745","Stayed the same","200 - 350 sq. feet","1","Work at home in a private workspace within my home",,"Work in a private workspace, but in a larger complex with other artists",,"Coworking/shared maker space with access to a shared space with craft/discipline specific shared tools and resources",,,,,,,,,,,,"Exhibition, Gallery Space, less than 1,000 sq. feet",,,,"Air-Conditioned Storage Space",,"Running Water",,,,,,,"Raked Seats",,,"Multiple Artist Workspaces",,,,,,,,,,,"Live/Work Space",,,,"78745","78704","78748",,,"Considered permanently leaving Austin for another city or state",,,,,,,,"We bought our house in 2013 knowing the rising studio prices would eventually oust us from our studio space at Artpost on East Cesar Chavez. We converted our 2-car garage to a studio after losing our space in 2014 (the building was bought and the new landlord doubled the rent and gave us a month notice.","Professional development workshops or events for creatives and artists",,"Yes","Other (please specify)","COA CORE pre-contract materials"
"10360768778","2018-11-17T18:17:27.000","2018-11-17T18:20:19.000",,,"Ceramics",,,,,,,,,,,,,"Metalworking",,,"Painting, Illustration",,"Photography","Printmaking",,,,,"Woodworking",,,"70","I RENT studio or other work space separate from my home","No","Over $1,500","Rarely, less than 4 days per month","78722","Increased 26-50%",,,,,,,,,,,,,,,,,,,,,,,,,,,,,,,,,,,,,,,,,,,,,,,,,,,,,,,,,,,,,,,,,,,,
"10356016091","2018-11-15T11:56:38.000","2018-11-15T11:59:57.000",,,,,,,"Film/TV",,,,,,,,,,,,,,,,,,,,,,,"100","I RENT studio or other work space separate from my home","Yes","Over $1,500","Daily, 5 or more hours","78702","Increased by 5% or less","More than 2,000 sq. feet","$2.00",,,"Work in a private workspace, but in a larger complex with other artists",,,,,,,,,,,,,,,,,,,,,,,,,,,,,"Individual Artist Workspace",,,,,"Photo Studio","Soundproofing, Recording Studio",,,,,,,,,,"78702","78722","78723",,,,,,"Paid for space you could not afford",,,,,,"Receiving funding through the Cultural Funding Program",,"Yes","Other (please specify)","FY19 COA Cultural Funding App"
"10350626476","2018-11-13T16:18:35.000","2018-11-13T16:29:56.000",,,,,,,"Film/TV",,,,,,,,,,,,,,,,,,,,,,,"16","My work space is provided free of charge to me (e.g., member of dance troupe, university student, etc.)","Don't know","$0 - I have space free of charge","Weekly, at least a few days/hours a week","78712","Not relevant to me/ I do not pay for a space","351 - 500 sq. feet","0.5","Work at home in a private workspace within my home","Have workspace and living space within a larger complex of studios and residences","Work in a private workspace, but in a larger complex with other artists",,,,,,,,,,,,,,,,,,"Air-Conditioned Storage Space",,"Running Water",,,,,,,,,"Individual Artist Workspace",,,,,,"Soundproofing, Recording Studio",,,,,,,,,,"78745","78739","78731",,,,,,,,,,"None of the Above",,"Receiving funding through the Cultural Funding Program",,"Yes","City staff",
"10338234676","2018-11-09T10:49:30.000","2018-11-09T15:57:22.000",,,,,"Dance/Choreography",,,,,,,,,,,,,,,,,,,,,,,,,"5","I need space occassionaly and rent on an as needed basis","No","$301- $700","Weekly, at least a few days/hours a week","N/A","Stayed the same","200 - 350 sq. feet","$1.00",,,,"Rent workspace on a temporary, as needed basis (by the hour or day)",,,,,"Indoor Performance Space: Black Box/Flex Space  (i.e. no fixed seats)","Indoor Performance Space, Auditorium, Thrust Stage, Proscenium",,"Outdoor Performance Space with amplified sound","Fly System, Fly Space","Rehearsal Space, less than 1,000 sq. feet","Rehearsal Space, more than 1,000 sq. feet","Mirrors/mirrored wall",,,,,,,"Running Water",,,,,,"Specialty Floors (Marley, Subfloor, Acro Mats, Sprung Floors)",,"Projection, Movie Theater",,,,,,,,,,,"Wheelchair accessibility","High ceilings",,,,,"78704","78741","78723","Used a space beyond the Austin city limits","Used a space that was not ideal for your needs (not the right size, lacking needed equipment, not located in your preferred region, etc.)","Considered permanently leaving Austin for another city or state","Canceled a performance or production",,"Paid for space you could not afford",,,"Stopped you from expanding your operations",,,"Receiving funding through the Cultural Funding Program",,"Don't Know","City staff",
"10336990270","2018-11-08T22:50:00.000","2018-11-08T22:57:25.000",,,,,,,"Film/TV",,,,,,,,,,,,,,,,,,,,,,,"100","I RENT studio or other work space separate from my home","Yes","$301- $700","Daily, 5 or more hours","78702","Decreased","801 - 1,000 sq. feet","$0.50",,,"Work in a private workspace, but in a larger complex with other artists",,"Coworking/shared maker space with access to a shared space with craft/discipline specific shared tools and resources","Share/Sublet my studio part time when I am not using it",,,,,,,,,,,"Exhibition, Gallery Space, less than 1,000 sq. feet",,,"Classroom, teaching space","Air-Conditioned Storage Space",,"Running Water","Office Space, less than 5 employees","Office Space, more than 5 employees","Serving Alcohol","Serving Food","Commercial kitchen",,,"Projection, Movie Theater","Individual Artist Workspace","Multiple Artist Workspaces",,,,,"Soundproofing, Recording Studio","Oversized Doors and/or Freight Elevator","Ramps/loading dock",,,"High ceilings",,,,,"78702","78704","78722",,"Used a space that was not ideal for your needs (not the right size, lacking needed equipment, not located in your preferred region, etc.)",,,,,"Been forced to close and/or discontinue your creative practice",,,,,"Receiving funding through the Cultural Funding Program",,"Yes","Other (please specify)","FY19 Pre Contract Materials Application Page"
"10336945938","2018-11-08T22:12:17.000","2018-11-08T22:21:54.000",,,,,,,,,,,,,,,,,"Music/Music Composition",,,,,,,,,,,,,"100","I RENT studio or other work space separate from my home","No","$301- $700","Weekly, at least a few days/hours a week","78746","Increased 50-75%","1,001 - 1,500 sq. feet","$0.10",,,,,"Coworking/shared maker space with access to a shared space with craft/discipline specific shared tools and resources",,,,,"Indoor Performance Space, Auditorium, Thrust Stage, Proscenium","Outdoor Performance Space without amplified sound",,,"Rehearsal Space, less than 1,000 sq. feet",,,,,,,,,,,,,,,,,,,,,,,,,,,,,,,,,,"78746","78703","78735",,"Used a space that was not ideal for your needs (not the right size, lacking needed equipment, not located in your preferred region, etc.)",,"Canceled a performance or production",,"Paid for space you could not afford",,,,,,"Receiving funding through the Cultural Funding Program",,"Yes","Other (please specify)","Part of Core PreContract Materials"
"10336740583","2018-11-08T19:45:19.000","2018-11-08T19:54:51.000",,,,,,,,,,,,,,,,,"Music/Music Composition",,,,,,,,,,,,,"10","My work space is provided free of charge to me (e.g., member of dance troupe, university student, etc.)","Yes","$0 - I have space free of charge","Daily, 5 or more hours","78701","Not relevant to me/ I do not pay for a space","Under 200 sq. feet","0.25",,,"Work in a private workspace, but in a larger complex with other artists",,,,,,,"Indoor Performance Space, Auditorium, Thrust Stage, Proscenium",,,,"Rehearsal Space, less than 1,000 sq. feet",,,,,,"Classroom, teaching space",,,,,,,,,,,,"Individual Artist Workspace",,,,,,,,,,,,,,,,"78701","78722","78723",,"Used a space that was not ideal for your needs (not the right size, lacking needed equipment, not located in your preferred region, etc.)",,"Canceled a performance or production",,,,,,,"As an artist in residence, we have the space needed to produce events. If we didn't have this space, we would not be able to produce the events.","Other (please specify)","Artist in Residence Programs, Cultural Funding Program, Professional development workshops (I couldn't check more than one above)","Yes","City staff",
"10336038302","2018-11-08T14:16:31.000","2018-11-08T14:23:11.000",,,,,,,"Film/TV",,,,,,,,,,,,,,,,,,,,,,,"100","I RENT studio or other work space separate from my home","Yes","under $150","Weekly, at least a few days/hours a week","78723","Increased by 5% or less","Don't Know","NA",,,"Work in a private workspace, but in a larger complex with other artists","Rent workspace on a temporary, as needed basis (by the hour or day)","Coworking/shared maker space with access to a shared space with craft/discipline specific shared tools and resources",,,,,"Indoor Performance Space, Auditorium, Thrust Stage, Proscenium",,,,,,,,,,,,,"Running Water",,,"Serving Alcohol","Serving Food","Commercial kitchen",,,"Projection, Movie Theater","Individual Artist Workspace","Multiple Artist Workspaces",,,,,"Soundproofing, Recording Studio",,,,"Wheelchair accessibility",,,,,,"78723","78722","78702",,"Used a space that was not ideal for your needs (not the right size, lacking needed equipment, not located in your preferred region, etc.)",,,,,,,,,,"Other (please specify)","co-working at Austin School of Film, nonprofit","Yes","Other (please specify)","CORE funding grant application"
"10335913017","2018-11-08T13:30:09.000","2018-11-08T13:35:13.000",,,,,,,"Film/TV",,,,,,,,,,,,,,,,,,,,,,,"100","I RENT my home and have space within my home that I use for creative work (including home studios separate from living areas, e.g. granny flat, garage studio, etc.)","No","Not relevant to me/ I do not have a workspace separate from my home","Daily, 5 or more hours","78751","Increased by 6-10%","200 - 350 sq. feet","1",,,"Work in a private workspace, but in a larger complex with other artists",,,,,,,"Indoor Performance Space, Auditorium, Thrust Stage, Proscenium",,,,,,,"Exhibition, Gallery Space, less than 1,000 sq. feet",,,"Classroom, teaching space",,,"Running Water",,,,,,,,"Projection, Movie Theater","Individual Artist Workspace",,,,,"Photo Studio",,,,,,,,,,,"78722","78751","78702","Used a space beyond the Austin city limits","Used a space that was not ideal for your needs (not the right size, lacking needed equipment, not located in your preferred region, etc.)","Considered permanently leaving Austin for another city or state","Canceled a performance or production",,,"Been forced to close and/or discontinue your creative practice",,,,,"Receiving funding through the Cultural Funding Program",,"Yes","City staff",
"10112447473","2018-07-15T18:47:23.000","2018-07-15T18:54:35.000",,,,,,,,,,,,,,,,,,,"Painting, Illustration",,,,,,,,,,,"35","I RENT studio or other work space separate from my home","No","$701- $1,000","Daily, 5 or more hours","78702","Increased by 5% or less",,,"Work at home in a private workspace within my home","Have workspace and living space within a larger complex of studios and residences","Work in a private workspace, but in a larger complex with other artists",,,,,,,,,,,,,,"Exhibition, Gallery Space, less than 1,000 sq. feet",,,,"Air-Conditioned Storage Space",,"Running Water",,,,,,,,,,,,,,,,,,,,"High ceilings",,,,,"78702","78741","78721",,,"Considered permanently leaving Austin for another city or state",,,"Paid for space you could not afford",,,,,,"I do not utilize any of the above City services",,,"Read about it in the News, Magazine",
"10335875786","2018-11-08T13:16:30.000","2018-11-08T13:36:13.000",,,,"Comedy or Improv",,,,,,,,,,,"Literary Arts",,,"New Media, Tech, Digital Arts",,"Performing/Theatre Arts",,,,,,,,,,"50","I OWN my home and have space within my home that I use for creative work (including home studios separate from living areas, e.g. granny flat, garage studio, etc.)","Yes","Not relevant to me/ I do not have a workspace separate from my home","Daily, 5 or more hours","78721","Stayed the same","351 - 500 sq. feet","$1.00 /sf","Work at home in a private workspace within my home","Have workspace and living space within a larger complex of studios and residences","Work in a private workspace, but in a larger complex with other artists",,,,,,"Indoor Performance Space: Black Box/Flex Space  (i.e. no fixed seats)",,,,,"Rehearsal Space, less than 1,000 sq. feet",,,,,,,,,"Running Water",,,,,,,,,"Individual Artist Workspace",,"Light Industrial Workshop (mechanical equipment, flammable materials, ventilation)",,,,,"Oversized Doors and/or Freight Elevator",,,"Wheelchair accessibility","High ceilings",,,,,"78721","78702","78723",,"Used a space that was not ideal for your needs (not the right size, lacking needed equipment, not located in your preferred region, etc.)","Considered permanently leaving Austin for another city or state",,,,,,"Stopped you from expanding your operations",,,"Receiving funding through the Cultural Funding Program",,"Yes","City of Austin Website",
"10335257889","2018-11-08T09:44:50.000","2018-11-08T09:55:42.000",,,,,,,,,,,,,,,,,,,"Painting, Illustration",,,,,,,,,,"Design and Installation","75","I OWN my home and have space within my home that I use for creative work (including home studios separate from living areas, e.g. granny flat, garage studio, etc.)","No","$301- $700","Daily, less than 5 hours","78757","Increased by 5% or less","351 - 500 sq. feet","$500",,,,,"Coworking/shared maker space with access to a shared space with craft/discipline specific shared tools and resources",,,,"Indoor Performance Space: Black Box/Flex Space  (i.e. no fixed seats)",,,,,,,,,"Exhibition, Gallery Space, more than 1,000 sq. feet","Retail Space, Storefront","Classroom, teaching space","Air-Conditioned Storage Space",,"Running Water",,,,,,,,,,,,,,,,,,,"Wheelchair accessibility","High ceilings",,,,,"78723","78721","78741",,"Used a space that was not ideal for your needs (not the right size, lacking needed equipment, not located in your preferred region, etc.)","Considered permanently leaving Austin for another city or state",,"Stopped you from pursuing a specific job, contract, project, or commission",,,,"Stopped you from expanding your operations",,,"Receiving funding through the Cultural Funding Program",,"Yes","City staff",
"10334008203","2018-11-07T22:49:08.000","2018-11-07T23:03:26.000",,,,,,,"Film/TV",,,,,,,,,,,,,,,,,,,,,,,"100","I RENT studio or other work space separate from my home","Yes","under $150","Weekly, at least a few days/hours a week","78702","Stayed the same","200 - 350 sq. feet","0.25",,,"Work in a private workspace, but in a larger complex with other artists",,,,,,"Indoor Performance Space: Black Box/Flex Space  (i.e. no fixed seats)",,,,,"Rehearsal Space, less than 1,000 sq. feet",,,,,,,,,"Running Water","Office Space, less than 5 employees",,"Serving Alcohol","Serving Food",,,,"Projection, Movie Theater","Individual Artist Workspace",,,,"Film Processing, Darkroom","Photo Studio","Soundproofing, Recording Studio","Oversized Doors and/or Freight Elevator",,,,,,,,,"78702","78722","78721","Used a space beyond the Austin city limits","Used a space that was not ideal for your needs (not the right size, lacking needed equipment, not located in your preferred region, etc.)","Considered permanently leaving Austin for another city or state",,,"Paid for space you could not afford",,,,,,"Receiving funding through the Cultural Funding Program",,"Yes","City of Austin Website",
"10333856229","2018-11-07T20:49:43.000","2018-11-07T21:10:04.000",,,,,,,"Film/TV",,,,,,,,,,,,,,,,,,,,,,,"15","I RENT studio or other work space separate from my home","No","$150- $300","Daily, 5 or more hours","78723","Increased by 11-25%","Under 200 sq. feet","1.25",,"Have workspace and living space within a larger complex of studios and residences","Work in a private workspace, but in a larger complex with other artists",,"Coworking/shared maker space with access to a shared space with craft/discipline specific shared tools and resources",,,,,,,,,,,,,,,,,,"Running Water","Office Space, less than 5 employees",,,,,,,,"Individual Artist Workspace","Multiple Artist Workspaces",,,,,"Soundproofing, Recording Studio",,,,,,"Live/Work Space",,,,"78723","78721","78757",,"Used a space that was not ideal for your needs (not the right size, lacking needed equipment, not located in your preferred region, etc.)","Considered permanently leaving Austin for another city or state",,,"Paid for space you could not afford",,,"Stopped you from expanding your operations",,"Over the last few years I have used my office space for my freelance business and my creative work. I've been able to find sublets to make this possible. However, the sublets were 'lucky' timing and came as a result of having contacts with fellow low-budget filmmakers. If my current month-to-month sublet comes to an end, I will be back to working out of the room I rent in the house I live in, or will try a co-working space, unless I am able to somehow find another low-rent sublet.","Receiving funding through the Cultural Funding Program",,"Don't Know","City staff",
"10333129504","2018-11-07T14:50:23.000","2018-11-07T14:57:20.000",,,,,,,,,,,,,,,,,,,,"Performing/Theatre Arts",,,,,,,,,,"5","I RENT studio or other work space separate from my home","No","$150- $300","Monthly, a few days/hours a month","78741","Increased by 11-25%","1,001 - 1,500 sq. feet","300",,,,,,,,"I produce two shows a year, and only rent when I produce the shows, so the wording of this quiz doesn't apply well to my situation. I don't rent monthly.","Indoor Performance Space: Black Box/Flex Space  (i.e. no fixed seats)","Indoor Performance Space, Auditorium, Thrust Stage, Proscenium",,,,,,,,"Exhibition, Gallery Space, more than 1,000 sq. feet","Retail Space, Storefront",,"Air-Conditioned Storage Space",,,,,,,,,,,,,,,,,,,"Ramps/loading dock",,"Wheelchair accessibility","High ceilings",,,,,"78741","78702","78721",,"Used a space that was not ideal for your needs (not the right size, lacking needed equipment, not located in your preferred region, etc.)","Considered permanently leaving Austin for another city or state",,,"Paid for space you could not afford",,,"Stopped you from expanding your operations",,"I have started rehearsing in my apartment quite frequently and it is not ideal as my apartment is very small and I have roommates but it has been our only option as rental rates for rehearsal space have gone up. I have also done  performances outside that don't really belong outside as a last resort option.","Receiving funding through the Cultural Funding Program",,"Yes","City of Austin Website",
"10332847426","2018-11-07T13:10:35.000","2018-11-07T13:19:31.000",,,,,,,,,,,,,,,,,"Music/Music Composition",,,,,,,,,,,,,"25","I RENT studio or other work space separate from my home","No","under $150","Monthly, a few days/hours a month","78702","Increased by 5% or less","200 - 350 sq. feet","$1.00",,"Have workspace and living space within a larger complex of studios and residences",,,,,,,,"Indoor Performance Space, Auditorium, Thrust Stage, Proscenium",,"Outdoor Performance Space with amplified sound",,"Rehearsal Space, less than 1,000 sq. feet",,"Mirrors/mirrored wall",,,,,,,"Running Water",,,"Serving Alcohol","Serving Food","Commercial kitchen","Specialty Floors (Marley, Subfloor, Acro Mats, Sprung Floors)",,,,"Multiple Artist Workspaces",,,,,,,"Ramps/loading dock",,,"High ceilings",,,,,"78702","78722","78723",,"Used a space that was not ideal for your needs (not the right size, lacking needed equipment, not located in your preferred region, etc.)",,,,,,,,,,"Receiving funding through the Cultural Funding Program",,"Yes","City staff",
"10331868948","2018-11-07T07:22:30.000","2018-11-07T07:29:17.000",,,,,,,"Film/TV",,,,,,,,,,,,,,,,,,,,,,,"95","I need space occassionaly and rent on an as needed basis","Yes","Not relevant to me/ I do not have a workspace separate from my home","Not relevant to me- I don't need a workspace","N/A","Not relevant to me/ I do not pay for a space","None (my work requires no dedicated space)","$50/mo",,,,,"Coworking/shared maker space with access to a shared space with craft/discipline specific shared tools and resources",,,,,,,,,,,,,,,,,,"Running Water",,,,,,,,"Projection, Movie Theater","Individual Artist Workspace","Multiple Artist Workspaces",,,,,"Soundproofing, Recording Studio","Oversized Doors and/or Freight Elevator","Ramps/loading dock",,,,"Live/Work Space",,,,"78757","78723","78762","Used a space beyond the Austin city limits","Used a space that was not ideal for your needs (not the right size, lacking needed equipment, not located in your preferred region, etc.)","Considered permanently leaving Austin for another city or state",,,,,,,,,"Receiving funding through the Cultural Funding Program",,"Yes","City staff",
"10330306537","2018-11-06T15:00:04.000","2018-11-06T15:14:30.000",,,,,,,,,,,,,,,,,"Music/Music Composition",,,"Performing/Theatre Arts",,,,,,,,,,"80","I need space occassionaly and rent on an as needed basis","Don't know","under $150","Monthly, a few days/hours a month","78744","Stayed the same","351 - 500 sq. feet","$0.50","Work at home in a private workspace within my home",,,"Rent workspace on a temporary, as needed basis (by the hour or day)",,"Share/Sublet my studio part time when I am not using it",,,,"Indoor Performance Space, Auditorium, Thrust Stage, Proscenium",,,,"Rehearsal Space, less than 1,000 sq. feet",,,,,,,"Air-Conditioned Storage Space",,,,,,,,,,,,,,,,,"Soundproofing, Recording Studio",,,,,,,,,,"78703","78746","78731",,"Used a space that was not ideal for your needs (not the right size, lacking needed equipment, not located in your preferred region, etc.)",,,,"Paid for space you could not afford",,"Stopped you from pursuing your creative practice professionally","Stopped you from expanding your operations",,,"Receiving funding through the Cultural Funding Program",,"Yes","City staff",
"10330278018","2018-11-06T14:50:05.000","2018-11-06T14:59:03.000",,,,,"Dance/Choreography",,,,,,,,,,,,,,,"Performing/Theatre Arts",,,,,,,,,,"10","My work space is provided free of charge to me (e.g., member of dance troupe, university student, etc.)","Yes","$0 - I have space free of charge","Weekly, at least a few days/hours a week","78701","Not relevant to me/ I do not pay for a space","801 - 1,000 sq. feet","$300",,,"Work in a private workspace, but in a larger complex with other artists",,,,,,"Indoor Performance Space: Black Box/Flex Space  (i.e. no fixed seats)","Indoor Performance Space, Auditorium, Thrust Stage, Proscenium",,"Outdoor Performance Space with amplified sound",,,"Rehearsal Space, more than 1,000 sq. feet",,,,,,,,,,,,,,,,,,,,,,,,,,,,,,,,,"78701","78702","78722",,"Used a space that was not ideal for your needs (not the right size, lacking needed equipment, not located in your preferred region, etc.)",,,,,,,"Stopped you from expanding your operations",,,"Receiving funding through the Cultural Funding Program",,"Yes","City staff",
"10330250408","2018-11-06T14:40:26.000","2018-11-06T14:47:43.000",,,,,"Dance/Choreography",,,,,,,,,,,,,,,,,,,,,,,,,"14","I don't currently have the space I need for my art or creative work","No","under $150","Weekly, at least a few days/hours a week","N/a","Increased by 6-10%","501 - 650 sq. feet","$.25",,,,"Rent workspace on a temporary, as needed basis (by the hour or day)",,,,,,,,,,"Rehearsal Space, less than 1,000 sq. feet",,"Mirrors/mirrored wall",,,,,,,,,,,,,,,,,,,,,,,,,,,"High ceilings",,,,,"78745","78704","78746","Used a space beyond the Austin city limits","Used a space that was not ideal for your needs (not the right size, lacking needed equipment, not located in your preferred region, etc.)",,,,"Paid for space you could not afford",,,,,,"Receiving funding through the Cultural Funding Program",,"Yes","Other (please specify)","Pre contract orientation"
"10327786050","2018-11-05T17:17:56.000","2018-11-05T17:49:45.000",,,,,"Dance/Choreography",,,,,,,,,,,,,,,,,,,,,,,,,"15","My work space is provided free of charge to me (e.g., member of dance troupe, university student, etc.)","No","$0 - I have space free of charge","Weekly, at least a few days/hours a week","78702","Not relevant to me/ I do not pay for a space","801 - 1,000 sq. feet","$0.25",,,,"Rent workspace on a temporary, as needed basis (by the hour or day)",,,,,"Indoor Performance Space: Black Box/Flex Space  (i.e. no fixed seats)","Indoor Performance Space, Auditorium, Thrust Stage, Proscenium",,,"Fly System, Fly Space",,"Rehearsal Space, more than 1,000 sq. feet","Mirrors/mirrored wall",,,,"Classroom, teaching space",,,"Running Water",,,"Serving Alcohol","Serving Food",,"Specialty Floors (Marley, Subfloor, Acro Mats, Sprung Floors)","Raked Seats",,,,,,,,,,,,,,,,,,"78702","78722","78705",,"Used a space that was not ideal for your needs (not the right size, lacking needed equipment, not located in your preferred region, etc.)",,,,"Paid for space you could not afford",,,"Stopped you from expanding your operations",,,"Receiving funding through the Cultural Funding Program",,"Yes","City staff",
"10327492553","2018-11-05T15:07:30.000","2018-11-05T15:22:27.000",,,,,,,"Film/TV",,,,,,,,"Literary Arts",,,,,"Performing/Theatre Arts",,,"Radio",,,"Web-based Content Production",,,,"5","I RENT my home and have space within my home that I use for creative work (including home studios separate from living areas, e.g. granny flat, garage studio, etc.)","Yes","$701- $1,000","Daily, 5 or more hours","78741","Increased by 5% or less","501 - 650 sq. feet","$300","Work at home in a private workspace within my home","Have workspace and living space within a larger complex of studios and residences","Work in a private workspace, but in a larger complex with other artists",,,,,,"Indoor Performance Space: Black Box/Flex Space  (i.e. no fixed seats)","Indoor Performance Space, Auditorium, Thrust Stage, Proscenium",,"Outdoor Performance Space with amplified sound",,"Rehearsal Space, less than 1,000 sq. feet",,,,,,,"Air-Conditioned Storage Space",,"Running Water","Office Space, less than 5 employees",,,,,,"Raked Seats","Projection, Movie Theater",,,,,,,,,"Ramps/loading dock",,"Wheelchair accessibility",,,,,,"78701","78704","78746",,,"Considered permanently leaving Austin for another city or state",,"Stopped you from pursuing a specific job, contract, project, or commission","Paid for space you could not afford",,,,,,"Receiving funding through the Cultural Funding Program",,"No","Other (please specify)","ZoomGrants"
"10278437130","2018-10-14T09:16:36.000","2018-10-14T09:24:44.000",,,,,,,,"Folk and Traditional Art",,,"Graphic Design",,,,,,,,"Painting, Illustration",,,"Printmaking",,,,,,,,"100","I RENT my home and have space within my home that I use for creative work (including home studios separate from living areas, e.g. granny flat, garage studio, etc.)","No","Not relevant to me/ I do not have a workspace separate from my home","Daily, 5 or more hours","78653","Stayed the same","200 - 350 sq. feet","$0.25",,,"Work in a private workspace, but in a larger complex with other artists",,,,,,,,,,,,,,"Exhibition, Gallery Space, less than 1,000 sq. feet",,"Retail Space, Storefront",,,,"Running Water",,,,,,,,,"Individual Artist Workspace","Multiple Artist Workspaces","Light Industrial Workshop (mechanical equipment, flammable materials, ventilation)",,,,,,,"Floor Drains",,,,,,,"78721","78742","78723",,,,,,,,,"Stopped you from expanding your operations",,,"I do not utilize any of the above City services",,"No","Other (please specify)","Instagram"
"10123617341","2018-07-21T16:19:13.000","2018-07-21T16:33:13.000",,,,,,,,,,,,,,,,,,,"Painting, Illustration",,,,,,,,,,,"3","I RENT studio or other work space separate from my home","No","$150- $300","Daily, less than 5 hours","78757","Stayed the same",,,,,"Work in a private workspace, but in a larger complex with other artists",,,,,,,,,,,,,,"Exhibition, Gallery Space, less than 1,000 sq. feet",,,"Classroom, teaching space","Air-Conditioned Storage Space","Non-Air Conditioned Storage Space","Running Water",,,"Serving Alcohol","Serving Food",,,,,"Individual Artist Workspace",,,,,,,,,,,"High ceilings",,,,,"78751","78702","78722",,"Used a space that was not ideal for your needs (not the right size, lacking needed equipment, not located in your preferred region, etc.)",,,,,,,,,,"Professional development workshops or events for creatives and artists",,,"City staff",
"10327125696","2018-11-05T12:56:48.000","2018-11-05T13:05:51.000",,,,,,,"Film/TV",,,,,,,,,,,,,,,,,,,,,,,"90","I need space occassionaly and rent on an as needed basis","No","Not relevant to me/ I do not have a workspace separate from my home","Rarely, less than 4 days per month","n/a","Not relevant to me/ I do not pay for a space","651 - 800 sq. feet","0.15",,,"Work in a private workspace, but in a larger complex with other artists","Rent workspace on a temporary, as needed basis (by the hour or day)","Coworking/shared maker space with access to a shared space with craft/discipline specific shared tools and resources",,,,"Indoor Performance Space: Black Box/Flex Space  (i.e. no fixed seats)",,,"Outdoor Performance Space with amplified sound",,,,,"Exhibition, Gallery Space, less than 1,000 sq. feet",,,,"Air-Conditioned Storage Space",,"Running Water",,,"Serving Alcohol","Serving Food",,,,"Projection, Movie Theater",,"Multiple Artist Workspaces",,,,,"Soundproofing, Recording Studio",,,,,,"Live/Work Space",,,,"78756","78702","78723","Used a space beyond the Austin city limits","Used a space that was not ideal for your needs (not the right size, lacking needed equipment, not located in your preferred region, etc.)","Considered permanently leaving Austin for another city or state",,"Stopped you from pursuing a specific job, contract, project, or commission",,,,,,,"Receiving funding through the Cultural Funding Program",,"Yes","City staff",
"10326690270","2018-11-05T10:32:33.000","2018-11-05T10:47:33.000",,,,,,,,,,,,,,,,,,,,"Performing/Theatre Arts",,,,,,,,,,"75","I don't currently have the space I need for my art or creative work","No","Not relevant to me/ I do not have a workspace separate from my home","Daily, 5 or more hours","N/A","Increased by 5% or less","501 - 650 sq. feet","$.25",,,"Work in a private workspace, but in a larger complex with other artists","Rent workspace on a temporary, as needed basis (by the hour or day)","Coworking/shared maker space with access to a shared space with craft/discipline specific shared tools and resources",,,,"Indoor Performance Space: Black Box/Flex Space  (i.e. no fixed seats)",,,,"Fly System, Fly Space","Rehearsal Space, less than 1,000 sq. feet",,,,,,"Classroom, teaching space","Air-Conditioned Storage Space",,"Running Water","Office Space, less than 5 employees",,,,,,,,,,,,,,"Soundproofing, Recording Studio",,"Ramps/loading dock",,,,,,,,"78723","78702","78721","Used a space beyond the Austin city limits","Used a space that was not ideal for your needs (not the right size, lacking needed equipment, not located in your preferred region, etc.)","Considered permanently leaving Austin for another city or state",,"Stopped you from pursuing a specific job, contract, project, or commission",,,"Stopped you from pursuing your creative practice professionally","Stopped you from expanding your operations",,"Re-evaluating the number of projects using City facilities because the costs or renting even City space (theaters) is increasing beyond what we can pay including paying a light fee ($15 an hour)  for each time we use a rehearsal space. The hours bundled in such a way that it makes it difficult or cost prohibitive to use the city space especially considering we continue to be asked to complete surveys like this one or attend meetings about artists' space. The more we discuss it, the worse the situation seems to get-as though we are being punished for speaking up.","Renting City facilities on an as needed basis",,"Yes","Other (please specify)","Option on the COA Cultural Arts Funding Project"
"10325254837","2018-11-04T18:32:41.000","2018-11-04T18:38:50.000",,,,,,,,"Folk and Traditional Art",,,,,,,,,,,,,,,,,,,,,"Traditional Handmade Cowboy Boots","100","I OWN my home and have space within my home that I use for creative work (including home studios separate from living areas, e.g. granny flat, garage studio, etc.)","No","Not relevant to me/ I do not have a workspace separate from my home","Weekly, at least a few days/hours a week","78723","Increased by 6-10%","200 - 350 sq. feet","$0.50",,"Have workspace and living space within a larger complex of studios and residences","Work in a private workspace, but in a larger complex with other artists",,,,,"Rent a dedicated studio space",,,,,,,,,,,,,,,"Running Water",,,,,,,,,"Individual Artist Workspace",,"Light Industrial Workshop (mechanical equipment, flammable materials, ventilation)",,,,,"Oversized Doors and/or Freight Elevator","Ramps/loading dock",,,"High ceilings","Live/Work Space",,,,"78702","78721","78722",,,,,,"Paid for space you could not afford",,,,,,"Receiving funding through the Cultural Funding Program",,"Yes","City staff",
"10324804163","2018-11-04T10:20:52.000","2018-11-04T10:27:56.000",,,,,,,,,,,,,"Installation or Public Art",,,,,,"Painting, Illustration",,,,,,,,,,,"90","I OWN studio or other work space separate from my home","Yes","$150- $300","Daily, 5 or more hours","78702","Stayed the same","Under 200 sq. feet","1","Work at home in a private workspace within my home",,"Work in a private workspace, but in a larger complex with other artists",,,,,,,,,,,,,,"Exhibition, Gallery Space, less than 1,000 sq. feet",,,,,,,,,,,,,,,"Individual Artist Workspace",,,,,,,,,,,,,,,,"78702","78722","78704",,,,,,,,,,"None of the Above",,"Receiving funding through the Cultural Funding Program",,"Yes","Other (please specify)","Zoom Grants"
"10320069012","2018-11-01T14:38:15.000","2018-11-01T14:46:02.000",,,,,,,,,,,,,,,,,,,,"Performing/Theatre Arts",,,,,,,,,,"62","I need space occassionaly and rent on an as needed basis","Yes","$0 - I have space free of charge","Daily, less than 5 hours","78751","Not relevant to me/ I do not pay for a space","200 - 350 sq. feet","$1.00",,,"Work in a private workspace, but in a larger complex with other artists",,,,,,"Indoor Performance Space: Black Box/Flex Space  (i.e. no fixed seats)",,,,,,"Rehearsal Space, more than 1,000 sq. feet",,,,,,,,,,,,,,,"Raked Seats",,"Individual Artist Workspace",,,,,,,,"Ramps/loading dock",,"Wheelchair accessibility",,"Live/Work Space",,,,"78751","78702","78704","Used a space beyond the Austin city limits","Used a space that was not ideal for your needs (not the right size, lacking needed equipment, not located in your preferred region, etc.)",,,,,,,,,,"Receiving funding through the Cultural Funding Program",,"Yes","City of Austin Website",
"10319449600","2018-11-01T10:54:44.000","2018-11-01T11:05:35.000",,,"Ceramics",,,,,"Folk and Traditional Art",,,,"Healing Arts/Arts Therapy","Installation or Public Art","Jewelry Design",,,,,"Painting, Illustration",,"Photography","Printmaking",,"Sculpture","Textile/Fiber Arts",,"Woodworking",,"Art Education","75","I don't currently have the space I need for my art or creative work","No","$150- $300","Monthly, a few days/hours a month","78758","Increased by 6-10%","200 - 350 sq. feet","0.5",,,"Work in a private workspace, but in a larger complex with other artists",,"Coworking/shared maker space with access to a shared space with craft/discipline specific shared tools and resources",,,,,,,,,,,,"Exhibition, Gallery Space, less than 1,000 sq. feet",,"Retail Space, Storefront","Classroom, teaching space","Air-Conditioned Storage Space",,"Running Water",,,,,,,,,"Individual Artist Workspace","Multiple Artist Workspaces","Light Industrial Workshop (mechanical equipment, flammable materials, ventilation)","Ceramics Studio, Kiln",,,,,,,,,"Live/Work Space",,,,"78758","78702","78757",,"Used a space that was not ideal for your needs (not the right size, lacking needed equipment, not located in your preferred region, etc.)",,,,,,"Stopped you from pursuing your creative practice professionally",,,,"Receiving funding through the Cultural Funding Program",,"Yes","City of Austin Newsletters",
"10273665150","2018-10-11T15:52:22.000","2018-10-11T16:05:04.000",,,,,,,,,,,,,,,,,,,,,,,,,"Textile/Fiber Arts",,,,,"70","I OWN studio or other work space separate from my home","Yes","Not relevant to me/ I do not have a workspace separate from my home","Daily, 5 or more hours","78702","Not relevant to me/ I do not pay for a space","Under 200 sq. feet","$1/sq foot 200 sq foot studio","Work at home in a private workspace within my home",,,,,,,,,,,,,,,,"Exhibition, Gallery Space, less than 1,000 sq. feet",,,,"Air-Conditioned Storage Space",,,,,,,,,,,"Individual Artist Workspace","Multiple Artist Workspaces",,,,,,,,,,,"Live/Work Space",,,"I have a space, but these are the things that are helpful to me in my art practice.","78702",,,,"Used a space that was not ideal for your needs (not the right size, lacking needed equipment, not located in your preferred region, etc.)",,,,,,,,,,"Receiving funding through the Cultural Funding Program",,"Yes","City staff",
"10317679262","2018-10-31T16:53:46.000","2018-10-31T17:02:09.000",,,,,,,"Film/TV",,,,,,"Installation or Public Art",,,,,,,"Performing/Theatre Arts","Photography",,,,,,,,,"100","I don't currently have the space I need for my art or creative work","No","Not relevant to me/ I do not have a workspace separate from my home","Daily, 5 or more hours","78702","Increased 50-75%","200 - 350 sq. feet","$0.25","Work at home in a private workspace within my home",,"Work in a private workspace, but in a larger complex with other artists",,,,,"Private free standing workspace separate from home","Indoor Performance Space: Black Box/Flex Space  (i.e. no fixed seats)",,,,,,,,,"Exhibition, Gallery Space, more than 1,000 sq. feet",,,"Air-Conditioned Storage Space",,"Running Water",,,"Serving Alcohol","Serving Food",,,,"Projection, Movie Theater","Individual Artist Workspace",,,,,"Photo Studio",,"Oversized Doors and/or Freight Elevator","Ramps/loading dock",,"Wheelchair accessibility","High ceilings","Live/Work Space",,,,"78702","78746","78704","Used a space beyond the Austin city limits","Used a space that was not ideal for your needs (not the right size, lacking needed equipment, not located in your preferred region, etc.)","Considered permanently leaving Austin for another city or state",,,"Paid for space you could not afford",,,"Stopped you from expanding your operations",,,"Professional development workshops or events for creatives and artists",,"Yes","Other (please specify)","In pre contract section of core funding application"
"10317240987","2018-10-31T14:16:11.000","2018-10-31T14:25:06.000",,,,,,,,,,,,,,,,,"Music/Music Composition",,,,,,,,,,,,,"96","I OWN my home and have space within my home that I use for creative work (including home studios separate from living areas, e.g. granny flat, garage studio, etc.)","Don't know","Not relevant to me/ I do not have a workspace separate from my home","Not relevant to me- I don't need a workspace","N/A","Not relevant to me/ I do not pay for a space","351 - 500 sq. feet","$0.25","Work at home in a private workspace within my home","Have workspace and living space within a larger complex of studios and residences",,"Rent workspace on a temporary, as needed basis (by the hour or day)",,,,,,"Indoor Performance Space, Auditorium, Thrust Stage, Proscenium",,,,"Rehearsal Space, less than 1,000 sq. feet",,,,,,"Classroom, teaching space","Air-Conditioned Storage Space",,,,,,,"Commercial kitchen",,,,"Individual Artist Workspace",,,,,,"Soundproofing, Recording Studio",,,,,,"Live/Work Space",,,,"78759","78704","78729",,,,,,,,,,"None of the Above","N/A","Receiving funding through the Cultural Funding Program",,"Yes","Other (please specify)","COA grant Pre Contract Material"
"10314841285","2018-10-30T19:16:24.000","2018-10-30T19:26:22.000",,,"Ceramics",,,,,,"Furniture Design",,,,,"Jewelry Design",,"Metalworking",,,"Painting, Illustration",,"Photography","Printmaking",,"Sculpture","Textile/Fiber Arts",,"Woodworking",,,"75","I OWN my home and have space within my home that I use for creative work (including home studios separate from living areas, e.g. granny flat, garage studio, etc.)","Yes","Not relevant to me/ I do not have a workspace separate from my home","Not relevant to me- I don't need a workspace","78704","Not relevant to me/ I do not pay for a space","501 - 650 sq. feet","500","Work at home in a private workspace within my home","Have workspace and living space within a larger complex of studios and residences","Work in a private workspace, but in a larger complex with other artists",,,,,,,,,,,,,,,,,,,,,,,,,,,,,"Individual Artist Workspace",,,,,,,,,,,,,,,,"78704","78741","78712",,"Used a space that was not ideal for your needs (not the right size, lacking needed equipment, not located in your preferred region, etc.)","Considered permanently leaving Austin for another city or state",,,"Paid for space you could not afford",,,,,,"I do not utilize any of the above City services",,"Yes","City of Austin Website",
"10313699127","2018-10-30T12:05:12.000","2018-10-30T12:10:51.000",,,,,,,,,,,,,,,,,"Music/Music Composition","New Media, Tech, Digital Arts",,"Performing/Theatre Arts","Photography",,,,,,,,,"60","I OWN my home and have space within my home that I use for creative work (including home studios separate from living areas, e.g. granny flat, garage studio, etc.)","No","$301- $700","Daily, less than 5 hours","78660","Decreased","801 - 1,000 sq. feet","0.5",,,"Work in a private workspace, but in a larger complex with other artists",,,,,,,,,"Outdoor Performance Space with amplified sound",,"Rehearsal Space, less than 1,000 sq. feet",,,,,,,,,"Running Water",,,,,,,,,,,,,,,"Soundproofing, Recording Studio",,,,,,,,,,"78704","7830","78702","Used a space beyond the Austin city limits","Used a space that was not ideal for your needs (not the right size, lacking needed equipment, not located in your preferred region, etc.)",,,"Stopped you from pursuing a specific job, contract, project, or commission",,,,,,"Rent other studios at a premium","Receiving funding through the Cultural Funding Program",,"Yes","City of Austin Website",
"10312083083","2018-10-29T20:33:45.000","2018-10-29T20:40:23.000",,,,,"Dance/Choreography",,,,,,,,,,,,,,,,,,,,,,,,,"14","I RENT studio or other work space separate from my home","No","$150- $300","Weekly, at least a few days/hours a week","78702","Stayed the same","1,001 - 1,500 sq. feet","$0.12/sf",,,"Work in a private workspace, but in a larger complex with other artists","Rent workspace on a temporary, as needed basis (by the hour or day)","Coworking/shared maker space with access to a shared space with craft/discipline specific shared tools and resources",,,,"Indoor Performance Space: Black Box/Flex Space  (i.e. no fixed seats)","Indoor Performance Space, Auditorium, Thrust Stage, Proscenium","Outdoor Performance Space without amplified sound","Outdoor Performance Space with amplified sound",,,"Rehearsal Space, more than 1,000 sq. feet","Mirrors/mirrored wall","Exhibition, Gallery Space, less than 1,000 sq. feet",,,"Classroom, teaching space","Air-Conditioned Storage Space",,"Running Water",,,,,,"Specialty Floors (Marley, Subfloor, Acro Mats, Sprung Floors)","Raked Seats",,,"Multiple Artist Workspaces",,,,,,,,,"Wheelchair accessibility","High ceilings",,,,,"78721","78704","78702","Used a space beyond the Austin city limits","Used a space that was not ideal for your needs (not the right size, lacking needed equipment, not located in your preferred region, etc.)","Considered permanently leaving Austin for another city or state",,,"Paid for space you could not afford",,,"Stopped you from expanding your operations",,,"Receiving funding through the Cultural Funding Program",,"Don't Know","City of Austin Website",
"10297911371","2018-10-23T11:01:45.000","2018-10-23T11:09:23.000",,,,,,,,"Folk and Traditional Art",,,,"Healing Arts/Arts Therapy","Installation or Public Art",,,,,,"Painting, Illustration",,,,,,,,,,,"75","My work space is provided free of charge to me (e.g., member of dance troupe, university student, etc.)","No","$0 - I have space free of charge","Weekly, at least a few days/hours a week","78701","Not relevant to me/ I do not pay for a space","1,501 - 2,000 sq. feet","$10.00",,,,,"Coworking/shared maker space with access to a shared space with craft/discipline specific shared tools and resources",,,,,,,,,,,,"Exhibition, Gallery Space, less than 1,000 sq. feet","Exhibition, Gallery Space, more than 1,000 sq. feet","Retail Space, Storefront","Classroom, teaching space","Air-Conditioned Storage Space",,,"Office Space, less than 5 employees",,,,,,,,,"Multiple Artist Workspaces",,"Ceramics Studio, Kiln",,,,,,,,,,,,,"78704","78702","78701",,"Used a space that was not ideal for your needs (not the right size, lacking needed equipment, not located in your preferred region, etc.)",,,,,,,,,"We are not able to accommodate all the needs of the artists that participate in our program because of our limited space.","Receiving funding through the Cultural Funding Program",,"Yes","City of Austin Website",
"10311542246","2018-10-29T15:50:11.000","2018-10-29T16:04:41.000",,,,,,,,,,,,,,,,,,,,,,"Printmaking",,"Sculpture",,,,,"paper making","35","I OWN my home and have space within my home that I use for creative work (including home studios separate from living areas, e.g. granny flat, garage studio, etc.)","Yes","Not relevant to me/ I do not have a workspace separate from my home","Daily, 5 or more hours","78757","Increased by 6-10%","351 - 500 sq. feet","$1.50","Work at home in a private workspace within my home","Have workspace and living space within a larger complex of studios and residences","Work in a private workspace, but in a larger complex with other artists",,,,,,,,,,,,,,"Exhibition, Gallery Space, less than 1,000 sq. feet",,"Retail Space, Storefront","Classroom, teaching space",,"Non-Air Conditioned Storage Space","Running Water",,,,,,,,,"Individual Artist Workspace",,"Light Industrial Workshop (mechanical equipment, flammable materials, ventilation)",,,,,,,,,,"Live/Work Space",,,,"78757","78752","78756",,"Used a space that was not ideal for your needs (not the right size, lacking needed equipment, not located in your preferred region, etc.)",,,,,,"Stopped you from pursuing your creative practice professionally","Stopped you from expanding your operations",,"Situations of diverse complexity resulted in eventually having to abandon other options outside of our carport.   Which can be used only when the weather allows, so clearly is much less than ideal.    My ideal setup would be within a complex of creative spaces that would benefit also others - for example, studio space within an educational (college?) or retirement complex, where I could pursue my work, others would have access to my tools, equipment, materials and know-how. With outdoors space, but also the option to run inside for the worst of the winter (not afraid of Austin summers, so far :-), but having to break my way through ice to make paper is not fun )","Other (please specify)","this should be multiple option! receiving fund, pro dev workshops","Yes","Other (please specify)","""not required"" for Core funding"
"10311472296","2018-10-29T15:23:29.000","2018-10-29T18:52:28.000","Animation",,,,,,,,,,,,,,,,,,,,,,,,,,,,,"51","I OWN my home and have space within my home that I use for creative work (including home studios separate from living areas, e.g. granny flat, garage studio, etc.)","No","Not relevant to me/ I do not have a workspace separate from my home","Daily, less than 5 hours","78733","Not relevant to me/ I do not pay for a space","351 - 500 sq. feet","1","Work at home in a private workspace within my home",,"Work in a private workspace, but in a larger complex with other artists",,,"Share/Sublet my studio part time when I am not using it",,,"Indoor Performance Space: Black Box/Flex Space  (i.e. no fixed seats)",,,,,"Rehearsal Space, less than 1,000 sq. feet",,"Mirrors/mirrored wall","Exhibition, Gallery Space, less than 1,000 sq. feet","Exhibition, Gallery Space, more than 1,000 sq. feet",,,,,"Running Water",,,,,,,,"Projection, Movie Theater","Individual Artist Workspace","Multiple Artist Workspaces","Light Industrial Workshop (mechanical equipment, flammable materials, ventilation)",,,,,"Oversized Doors and/or Freight Elevator",,,,"High ceilings",,,,,"78701","78703","78746",,"Used a space that was not ideal for your needs (not the right size, lacking needed equipment, not located in your preferred region, etc.)",,,,"Paid for space you could not afford",,,,,,"Receiving funding through the Cultural Funding Program",,"Yes","City of Austin Website",
"10309122773","2018-10-28T14:04:17.000","2018-11-06T12:41:44.000",,,,,,,,,,,,,,,,,,,,"Performing/Theatre Arts",,,,,,,,,,"5","I need space occassionaly and rent on an as needed basis","No","Not relevant to me/ I do not have a workspace separate from my home","Not relevant to me- I don't need a workspace","n/a","Not relevant to me/ I do not pay for a space","351 - 500 sq. feet","0.25",,"Have workspace and living space within a larger complex of studios and residences",,"Rent workspace on a temporary, as needed basis (by the hour or day)","Coworking/shared maker space with access to a shared space with craft/discipline specific shared tools and resources",,,,"Indoor Performance Space: Black Box/Flex Space  (i.e. no fixed seats)","Indoor Performance Space, Auditorium, Thrust Stage, Proscenium",,,,"Rehearsal Space, less than 1,000 sq. feet",,,,,,"Classroom, teaching space",,,"Running Water",,,,,,,,"Projection, Movie Theater",,,,,,,,,,,,,"Live/Work Space",,,,"78748","78723","78751",,"Used a space that was not ideal for your needs (not the right size, lacking needed equipment, not located in your preferred region, etc.)",,,,,,"Stopped you from pursuing your creative practice professionally","Stopped you from expanding your operations",,,"Receiving funding through the Cultural Funding Program",,"Yes","Other (please specify)","At the Pre Contract Workshop"
"10308097733","2018-10-27T12:58:01.000","2018-10-27T13:06:17.000",,,"Ceramics",,,,,,,,,,,,,,,,"Painting, Illustration",,,,,,,,,,,"10","I RENT my home and have space within my home that I use for creative work (including home studios separate from living areas, e.g. granny flat, garage studio, etc.)","No","Not relevant to me/ I do not have a workspace separate from my home","Monthly, a few days/hours a month","78704","Increased by 6-10%","351 - 500 sq. feet","$0.25",,,"Work in a private workspace, but in a larger complex with other artists","Rent workspace on a temporary, as needed basis (by the hour or day)","Coworking/shared maker space with access to a shared space with craft/discipline specific shared tools and resources",,,,,,,,,,,,,,,"Classroom, teaching space",,,"Running Water",,,"Serving Alcohol","Serving Food",,,,,"Individual Artist Workspace",,"Light Industrial Workshop (mechanical equipment, flammable materials, ventilation)","Ceramics Studio, Kiln",,"Photo Studio",,,,,,,,,,,"78704","78741","78702",,"Used a space that was not ideal for your needs (not the right size, lacking needed equipment, not located in your preferred region, etc.)",,,,,"Been forced to close and/or discontinue your creative practice",,,,,"Professional development workshops or events for creatives and artists",,"No","City of Austin Newsletters",
"10303850591","2018-10-25T13:54:40.000","2018-10-25T14:08:45.000",,,,,,,,,,,,,,,,,"Music/Music Composition",,,,,,,,,,,,,"78","I RENT my home and have space within my home that I use for creative work (including home studios separate from living areas, e.g. granny flat, garage studio, etc.)","No","$0 - I have space free of charge","Daily, 5 or more hours","78721","Increased by 6-10%","200 - 350 sq. feet","0",,,"Work in a private workspace, but in a larger complex with other artists",,,,,,,,,,,"Rehearsal Space, less than 1,000 sq. feet",,,,,,,,,"Running Water",,,,"Serving Food",,,,,,,,,,,"Soundproofing, Recording Studio",,,,,,,,,,"78721","78702","78723","Used a space beyond the Austin city limits","Used a space that was not ideal for your needs (not the right size, lacking needed equipment, not located in your preferred region, etc.)","Considered permanently leaving Austin for another city or state",,,"Paid for space you could not afford",,,"Stopped you from expanding your operations",,,"Receiving funding through the Cultural Funding Program",,"Yes","Other (please specify)","Mandatory Pre-contract orientation video"
"10302143004","2018-10-24T23:48:40.000","2018-10-24T23:57:34.000",,,,,,,,,,,,,,,,,"Music/Music Composition",,,,,,,,,,,,,"15","I RENT studio or other work space separate from my home","Yes","$150- $300","Weekly, at least a few days/hours a week","78721","Stayed the same","200 - 350 sq. feet","1","Work at home in a private workspace within my home",,,,,,,,,,,,,"Rehearsal Space, less than 1,000 sq. feet",,,,,,,,,,,,,,,,,,,,,,,,"Soundproofing, Recording Studio",,,,,,,,,,"78721","78745","78704",,"Used a space that was not ideal for your needs (not the right size, lacking needed equipment, not located in your preferred region, etc.)",,,,"Paid for space you could not afford",,,,,,"Other (please specify)","Currently seeking Cultural Funding for the first time, for 2019 event","Don't Know","City staff",
"10292786866","2018-10-20T14:05:32.000","2018-10-20T14:12:36.000",,,,,,,,,,,,,,,,,,,"Painting, Illustration",,,,,,,,,,,"10","I OWN my home and have space within my home that I use for creative work (including home studios separate from living areas, e.g. granny flat, garage studio, etc.)","No","Not relevant to me/ I do not have a workspace separate from my home","Daily, 5 or more hours","78723","Not relevant to me/ I do not pay for a space","200 - 350 sq. feet","$.25","Work at home in a private workspace within my home","Have workspace and living space within a larger complex of studios and residences","Work in a private workspace, but in a larger complex with other artists",,,,,,,,,,,,,,"Exhibition, Gallery Space, less than 1,000 sq. feet",,"Retail Space, Storefront","Classroom, teaching space","Air-Conditioned Storage Space",,"Running Water",,,"Serving Alcohol","Serving Food",,,,,"Individual Artist Workspace",,,,,,,,"Ramps/loading dock","Floor Drains",,"High ceilings","Live/Work Space",,,,"78723","78722","78721",,"Used a space that was not ideal for your needs (not the right size, lacking needed equipment, not located in your preferred region, etc.)","Considered permanently leaving Austin for another city or state",,"Stopped you from pursuing a specific job, contract, project, or commission",,,"Stopped you from pursuing your creative practice professionally",,,"Reduced the size of my art work due to space limitations.  Reduced the materials needed due to lack of storage space.","Professional development workshops or events for creatives and artists",,"No","City of Austin Newsletters",
"10289552434","2018-10-18T18:06:44.000","2018-10-18T18:12:03.000",,,,,,,,,,,,,"Installation or Public Art",,,,,,,,"Photography",,,"Sculpture",,,,,,"50","I RENT studio or other work space separate from my home","No","$701- $1,000","Daily, less than 5 hours","78702","Increased 76% or more","200 - 350 sq. feet","$2.00","Work at home in a private workspace within my home","Have workspace and living space within a larger complex of studios and residences","Work in a private workspace, but in a larger complex with other artists",,,,,,,,,,,,,,"Exhibition, Gallery Space, less than 1,000 sq. feet",,,,"Air-Conditioned Storage Space",,"Running Water",,,,,,,,"Projection, Movie Theater","Individual Artist Workspace",,"Light Industrial Workshop (mechanical equipment, flammable materials, ventilation)",,,"Photo Studio",,"Oversized Doors and/or Freight Elevator",,,,"High ceilings",,,,,"78721","78702","78723",,"Used a space that was not ideal for your needs (not the right size, lacking needed equipment, not located in your preferred region, etc.)","Considered permanently leaving Austin for another city or state",,"Stopped you from pursuing a specific job, contract, project, or commission","Paid for space you could not afford",,,,,"Bought a cheap run down house in Detroit to use part time. Have considered moving there full time based on over development of Austin spaces","Receiving funding through the Cultural Funding Program",,"Yes","City staff",
"10287455740","2018-10-18T01:46:08.000","2018-10-18T02:00:53.000",,,,,"Dance/Choreography",,,,,,,,,,,,,,,,,,,,,,,,,"10","I don't currently have the space I need for my art or creative work","No","Not relevant to me/ I do not have a workspace separate from my home","Weekly, at least a few days/hours a week","n/a","Not relevant to me/ I do not pay for a space","651 - 800 sq. feet","$0.25",,,"Work in a private workspace, but in a larger complex with other artists","Rent workspace on a temporary, as needed basis (by the hour or day)",,"Share/Sublet my studio part time when I am not using it",,,"Indoor Performance Space: Black Box/Flex Space  (i.e. no fixed seats)",,"Outdoor Performance Space without amplified sound","Outdoor Performance Space with amplified sound","Fly System, Fly Space","Rehearsal Space, less than 1,000 sq. feet","Rehearsal Space, more than 1,000 sq. feet",,,,,,,,"Running Water","Office Space, less than 5 employees",,,,"Commercial kitchen","Specialty Floors (Marley, Subfloor, Acro Mats, Sprung Floors)",,"Projection, Movie Theater",,,,,,,,"Oversized Doors and/or Freight Elevator","Ramps/loading dock",,"Wheelchair accessibility","High ceilings",,,,,"78741","78702","78721",,,,,,,,,"Stopped you from expanding your operations",,"I have ventured completely outside of traditional spaces and have asked community members/ business owners to partner with me to allow for my work and others' work that I've produced to exist in their place of business, home or property.","Receiving funding through the Cultural Funding Program",,"Yes","City staff",
"10286826315","2018-10-17T17:29:28.000","2018-10-17T17:37:00.000",,,,,,,"Film/TV",,,,,,,,,,,,,,,,,,,,,,,"100","I OWN studio or other work space separate from my home","Yes","$301- $700","Daily, 5 or more hours","78723","Stayed the same","Under 200 sq. feet","1.50/sf",,"Have workspace and living space within a larger complex of studios and residences","Work in a private workspace, but in a larger complex with other artists",,,"Share/Sublet my studio part time when I am not using it",,,,,,,,,,,,,,,"Air-Conditioned Storage Space","Non-Air Conditioned Storage Space","Running Water","Office Space, less than 5 employees",,,,,,,"Projection, Movie Theater",,,,,,,,,,,,"High ceilings","Live/Work Space",,,"Soundstage","78702","78722","78723",,"Used a space that was not ideal for your needs (not the right size, lacking needed equipment, not located in your preferred region, etc.)",,,,,,,,,,"Receiving funding through the Cultural Funding Program",,"Yes","City staff",
"10286676303","2018-10-17T16:12:29.000","2018-10-17T16:19:57.000",,,,,,,,,,,,,"Installation or Public Art",,,,,,"Painting, Illustration",,,,,"Sculpture",,,,,"Public art/murals","99","I RENT my home and have space within my home that I use for creative work (including home studios separate from living areas, e.g. granny flat, garage studio, etc.)","No","$150- $300","Daily, 5 or more hours","78745","Increased 76% or more","351 - 500 sq. feet","0.2","Work at home in a private workspace within my home","Have workspace and living space within a larger complex of studios and residences","Work in a private workspace, but in a larger complex with other artists",,,,,,,,,,,,,,"Exhibition, Gallery Space, less than 1,000 sq. feet",,"Retail Space, Storefront",,"Air-Conditioned Storage Space",,,,,,,,,,,,,"Light Industrial Workshop (mechanical equipment, flammable materials, ventilation)",,,,,"Oversized Doors and/or Freight Elevator",,"Floor Drains",,"High ceilings",,,,,"78702","78745","78704",,"Used a space that was not ideal for your needs (not the right size, lacking needed equipment, not located in your preferred region, etc.)","Considered permanently leaving Austin for another city or state",,"Stopped you from pursuing a specific job, contract, project, or commission","Paid for space you could not afford","Been forced to close and/or discontinue your creative practice","Stopped you from pursuing your creative practice professionally",,,,"I do not utilize any of the above City services",,"No","Other (please specify)","Instagram"
"10286298666","2018-10-17T12:01:46.000","2018-10-17T13:49:22.000",,,,,,,,,,,,,,,,,,,"Painting, Illustration",,,,,,,,,,,"0","I don't currently have the space I need for my art or creative work","No","Not relevant to me/ I do not have a workspace separate from my home","Weekly, at least a few days/hours a week","78702","Increased by 6-10%","Under 200 sq. feet","$1.50",,,"Work in a private workspace, but in a larger complex with other artists",,,,,,,,,,,,,,,"Exhibition, Gallery Space, more than 1,000 sq. feet","Retail Space, Storefront","Classroom, teaching space","Air-Conditioned Storage Space",,"Running Water",,,,,,,,,"Individual Artist Workspace","Multiple Artist Workspaces",,,,,,,,"Floor Drains","Wheelchair accessibility","High ceilings",,,,,"78702","78721","78704",,,,,,"Paid for space you could not afford","Been forced to close and/or discontinue your creative practice",,,,,"Professional development workshops or events for creatives and artists",,"No","City of Austin Website",
"10268905660","2018-10-10T00:35:34.000","2018-10-10T00:45:34.000",,,,,,,,,,,"Graphic Design",,,,,"Metalworking",,,,,,"Printmaking",,,,,"Woodworking",,,"90","I OWN my home and have space within my home that I use for creative work (including home studios separate from living areas, e.g. granny flat, garage studio, etc.)","Yes","$1,001 - $1,500","Weekly, at least a few days/hours a week","78702","Stayed the same","501 - 650 sq. feet","0.5","Work at home in a private workspace within my home","Have workspace and living space within a larger complex of studios and residences","Work in a private workspace, but in a larger complex with other artists",,,,,,,,,,,,,,,,,,"Air-Conditioned Storage Space",,,,,,,,,,,,,"Light Industrial Workshop (mechanical equipment, flammable materials, ventilation)",,,,,"Oversized Doors and/or Freight Elevator","Ramps/loading dock",,,"High ceilings","Live/Work Space",,,,"78702","78701","78722",,"Used a space that was not ideal for your needs (not the right size, lacking needed equipment, not located in your preferred region, etc.)",,,"Stopped you from pursuing a specific job, contract, project, or commission",,,,"Stopped you from expanding your operations",,"Our work requires maintenance due to exposure to weather because we have limited indoor storage","Receiving funding through the Cultural Funding Program",,"Yes","Other (please specify)","was requested to complete it as a fy19 Core awardee"
"10268217752","2018-10-09T16:26:02.000","2018-10-09T16:31:30.000",,,,,,,,,,,,,,,,,"Music/Music Composition",,,,,,,,,,,,,"62","I RENT my home and have space within my home that I use for creative work (including home studios separate from living areas, e.g. granny flat, garage studio, etc.)","Yes","$0 - I have space free of charge","Weekly, at least a few days/hours a week","78746","Stayed the same","200 - 350 sq. feet","150","Work at home in a private workspace within my home",,,,,,,,,,,,,,,,,,,,,,,,,,,,,,,,,,,,,"Soundproofing, Recording Studio",,,,,,,,,,"78746","78703","78701",,,,,,,,,,"None of the Above",,"Receiving funding through the Cultural Funding Program",,"Yes","City staff",
"10266468869","2018-10-09T03:49:42.000","2018-10-09T04:10:21.000",,,,,,,,,,,,,"Installation or Public Art",,,,,,"Painting, Illustration","Performing/Theatre Arts","Photography",,,"Sculpture","Textile/Fiber Arts",,,,"INTERDISCIPLINARY","100","I OWN my home and have space within my home that I use for creative work (including home studios separate from living areas, e.g. granny flat, garage studio, etc.)","No","$150- $300","Daily, 5 or more hours","78750","Increased by 5% or less","351 - 500 sq. feet","$300 a Month","Work at home in a private workspace within my home",,"Work in a private workspace, but in a larger complex with other artists",,,,,"having studio in Art District area.",,,,,,,,,,"Exhibition, Gallery Space, more than 1,000 sq. feet",,,"Air-Conditioned Storage Space",,"Running Water",,,,,,,,,"Individual Artist Workspace","Multiple Artist Workspaces",,,,"Photo Studio",,"Oversized Doors and/or Freight Elevator","Ramps/loading dock",,"Wheelchair accessibility","High ceilings",,,,,"78702","78704","78703",,"Used a space that was not ideal for your needs (not the right size, lacking needed equipment, not located in your preferred region, etc.)","Considered permanently leaving Austin for another city or state",,,,,,"Stopped you from expanding your operations",,,"Receiving funding through the Cultural Funding Program",,"Yes","City staff",
"10244928655","2018-09-27T22:27:20.000","2018-09-27T22:43:44.000",,,,,,,,,,,,,,,,,"Music/Music Composition",,"Painting, Illustration",,,,,,,,,,,"5","I RENT my home and have space within my home that I use for creative work (including home studios separate from living areas, e.g. granny flat, garage studio, etc.)","No","Not relevant to me/ I do not have a workspace separate from my home","Rarely, less than 4 days per month","78705","Stayed the same","Under 200 sq. feet","1",,,"Work in a private workspace, but in a larger complex with other artists",,,,,,,,,,,"Rehearsal Space, less than 1,000 sq. feet",,,,,,,,,"Running Water",,,,,,,,,"Individual Artist Workspace",,,"Ceramics Studio, Kiln",,,"Soundproofing, Recording Studio",,,,,,,,,,"78702","78705","78703",,"Used a space that was not ideal for your needs (not the right size, lacking needed equipment, not located in your preferred region, etc.)","Considered permanently leaving Austin for another city or state",,"Stopped you from pursuing a specific job, contract, project, or commission",,"Been forced to close and/or discontinue your creative practice","Stopped you from pursuing your creative practice professionally","Stopped you from expanding your operations",,"My rent used to be 30-50% of what it is today, up to about 5 years ago. I stopped pursuing music performance and had to take on multiple jobs outside of performance (but still arts related) to cover my expenses. I recently took a position outside of the arts in order to build savings after an illness. I realized I needed health benefits. Since my new position is more stable, I am able to pursue my creative outlets as a hobby and small side career.",,,,,
"10236767204","2018-09-24T21:06:15.000","2018-09-24T21:15:07.000",,,,,,,,,,,,,,,,,"Music/Music Composition","New Media, Tech, Digital Arts",,,,,,,,"Web-based Content Production",,,,"20","I OWN my home and have space within my home that I use for creative work (including home studios separate from living areas, e.g. granny flat, garage studio, etc.)","No","under $150","Daily, less than 5 hours","78752","Stayed the same","Under 200 sq. feet","1",,,,,"Coworking/shared maker space with access to a shared space with craft/discipline specific shared tools and resources",,,,"Indoor Performance Space: Black Box/Flex Space  (i.e. no fixed seats)",,,"Outdoor Performance Space with amplified sound",,"Rehearsal Space, less than 1,000 sq. feet",,,"Exhibition, Gallery Space, less than 1,000 sq. feet",,,"Classroom, teaching space",,,,,,"Serving Alcohol","Serving Food",,,,,,"Multiple Artist Workspaces",,,,,"Soundproofing, Recording Studio",,,,,,,,,,"78752","78723","78721",,"Used a space that was not ideal for your needs (not the right size, lacking needed equipment, not located in your preferred region, etc.)",,,,,,,,,,"Receiving funding through the Cultural Funding Program",,"No","Other (please specify)","Applying for CI Funding"
"10234614033","2018-09-24T00:34:45.000","2018-09-24T00:37:04.000",,,,,,,,,,,,,,,,,"Music/Music Composition",,,,,,,,,,,,,"80","I OWN studio or other work space separate from my home","No","$701- $1,000","Daily, 5 or more hours","78733","Stayed the same",,,,,,,,,,,,,,,,,,,,,,,,,,,,,,,,,,,,,,,,,,,,,,,,,,,,,,,,,,,,,,,,,,,,
"10232772019","2018-09-22T00:13:03.000","2018-09-22T00:23:37.000",,,,,,,,,,,,,,"Jewelry Design",,,,,,,,,,,,,,,,"2","I don't currently have the space I need for my art or creative work","Don't know","under $150","Rarely, less than 4 days per month","78704","Increased by 11-25%","Under 200 sq. feet","0.25","Work at home in a private workspace within my home","Have workspace and living space within a larger complex of studios and residences",,,"Coworking/shared maker space with access to a shared space with craft/discipline specific shared tools and resources",,,,,,,,,,,,,,"Retail Space, Storefront",,,,"Running Water",,,,,,,,,"Individual Artist Workspace","Multiple Artist Workspaces",,,,"Photo Studio",,,,,,,,,,,"78704","78702","78746",,,,,,,,,,"None of the Above",,"I do not utilize any of the above City services",,"No","Other (please specify)","Boss babes"
"10212676475","2018-09-12T09:32:16.000","2018-09-12T09:38:20.000",,,,,,,,,,,,,,,,,,,"Painting, Illustration",,,,,"Sculpture",,,,,,"7","I don't currently have the space I need for my art or creative work","No","$150- $300","Daily, less than 5 hours","78702","Increased by 5% or less","200 - 350 sq. feet","$1.00",,,"Work in a private workspace, but in a larger complex with other artists",,,,,,,,,,,,,,,,,,"Air-Conditioned Storage Space",,"Running Water",,,,,,,,,,,,,,,,,"Ramps/loading dock",,,"High ceilings",,,,,"78702","78756","78752",,"Used a space that was not ideal for your needs (not the right size, lacking needed equipment, not located in your preferred region, etc.)","Considered permanently leaving Austin for another city or state",,"Stopped you from pursuing a specific job, contract, project, or commission","Paid for space you could not afford","Been forced to close and/or discontinue your creative practice","Stopped you from pursuing your creative practice professionally",,,,"Professional development workshops or events for creatives and artists",,"No","Other (please specify)","emailed to me"
"10232466826","2018-09-21T17:32:23.000","2018-09-21T17:40:31.000",,,,,,,,,,,,,,,,,,,,,,,,"Sculpture",,,,,,"83","I RENT studio or other work space separate from my home","No","$150- $300","Daily, 5 or more hours","78704","Increased by 5% or less","200 - 350 sq. feet","$1.25",,,"Work in a private workspace, but in a larger complex with other artists",,,,,,,,,,,,,,,,,,,,"Running Water",,,,,,,,,"Individual Artist Workspace","Multiple Artist Workspaces","Light Industrial Workshop (mechanical equipment, flammable materials, ventilation)",,,,,"Oversized Doors and/or Freight Elevator","Ramps/loading dock",,,"High ceilings",,,,,"78756","78751","78722",,"Used a space that was not ideal for your needs (not the right size, lacking needed equipment, not located in your preferred region, etc.)",,,,,,,,,"My current space (near Slaughter Lane and South Congress) is really far from my house which is in the Brentwood neighborhood. I spend lots of time in traffic and lots of money on gas to get to my space and have had to limit my hours in the studio since I have to pick my children up from school at Brentwood & Lamar. This was the only place I could find an affordable space! I would love to have more options closer in.","Professional development workshops or events for creatives and artists",,"Yes","Other (please specify)","Through the application for a Community Innitiatives Grant"
"10226378867","2018-09-19T08:05:28.000","2018-09-19T08:12:25.000",,,,,,,,,,,,,,,,,"Music/Music Composition","New Media, Tech, Digital Arts",,,,,,,,,,,,"20","I OWN my home and have space within my home that I use for creative work (including home studios separate from living areas, e.g. granny flat, garage studio, etc.)","No","Not relevant to me/ I do not have a workspace separate from my home","Daily, 5 or more hours","78749","Increased by 11-25%","200 - 350 sq. feet","0.5","Work at home in a private workspace within my home","Have workspace and living space within a larger complex of studios and residences","Work in a private workspace, but in a larger complex with other artists",,,,,,"Indoor Performance Space: Black Box/Flex Space  (i.e. no fixed seats)","Indoor Performance Space, Auditorium, Thrust Stage, Proscenium",,"Outdoor Performance Space with amplified sound",,"Rehearsal Space, less than 1,000 sq. feet",,,,,,"Classroom, teaching space","Air-Conditioned Storage Space",,"Running Water",,,,,,,,"Projection, Movie Theater","Individual Artist Workspace",,"Light Industrial Workshop (mechanical equipment, flammable materials, ventilation)",,,,"Soundproofing, Recording Studio","Oversized Doors and/or Freight Elevator","Ramps/loading dock",,,,,,,,"78749","78702","78704",,"Used a space that was not ideal for your needs (not the right size, lacking needed equipment, not located in your preferred region, etc.)",,,"Stopped you from pursuing a specific job, contract, project, or commission",,,,,,,"Receiving funding through the Cultural Funding Program",,"No","City of Austin Website",
"10225515371","2018-09-18T22:09:16.000","2018-09-18T22:13:22.000",,,,,,,,,,,"Graphic Design",,,,,,,"New Media, Tech, Digital Arts","Painting, Illustration",,"Photography",,,,,,,,,"20","I don't currently have the space I need for my art or creative work","No","Not relevant to me/ I do not have a workspace separate from my home","Daily, less than 5 hours","78759","Not relevant to me/ I do not pay for a space","351 - 500 sq. feet","0.5",,,,,,,,,,,,,,,,,,,,,,,,,,,,,,,,,,,,,,,,,,,,,,,,,,,,,,,,,,,,,,,,,,
"10223741395","2018-09-12T19:40:49.000","2018-09-18T08:56:40.000",,,,,,,,,,,,,,,,,,,,"Performing/Theatre Arts",,,,,,,,,,"27","I need space occassionaly and rent on an as needed basis","Yes","Not relevant to me/ I do not have a workspace separate from my home","Weekly, at least a few days/hours a week","78753","Stayed the same","200 - 350 sq. feet","0.25/sf","Work at home in a private workspace within my home",,"Work in a private workspace, but in a larger complex with other artists",,,"Share/Sublet my studio part time when I am not using it",,,"Indoor Performance Space: Black Box/Flex Space  (i.e. no fixed seats)",,,,,"Rehearsal Space, less than 1,000 sq. feet",,,,,,,,"Non-Air Conditioned Storage Space",,,,,,,"Specialty Floors (Marley, Subfloor, Acro Mats, Sprung Floors)",,,,,,,,,,,,,"Wheelchair accessibility",,,,,,"78702","78721","78753",,"Used a space that was not ideal for your needs (not the right size, lacking needed equipment, not located in your preferred region, etc.)",,,"Stopped you from pursuing a specific job, contract, project, or commission","Paid for space you could not afford",,"Stopped you from pursuing your creative practice professionally","Stopped you from expanding your operations",,,"Receiving funding through the Cultural Funding Program",,"Yes","City staff",
"10221345270","2018-09-17T08:23:48.000","2018-09-17T08:34:32.000",,,,,,,,,,,,,,,,,,,,"Performing/Theatre Arts",,,,,,,,,,"98","I need space occassionaly and rent on an as needed basis","No","$150- $300","Monthly, a few days/hours a month","78704","Increased 76% or more","501 - 650 sq. feet","$.25",,"Have workspace and living space within a larger complex of studios and residences",,,,,,,"Indoor Performance Space: Black Box/Flex Space  (i.e. no fixed seats)","Indoor Performance Space, Auditorium, Thrust Stage, Proscenium",,,,"Rehearsal Space, less than 1,000 sq. feet","Rehearsal Space, more than 1,000 sq. feet",,,,,,"Air-Conditioned Storage Space",,,,,,,,,,,"Individual Artist Workspace","Multiple Artist Workspaces",,,,,"Soundproofing, Recording Studio",,"Ramps/loading dock",,,"High ceilings","Live/Work Space",,,,"78702","78719","78742","Used a space beyond the Austin city limits","Used a space that was not ideal for your needs (not the right size, lacking needed equipment, not located in your preferred region, etc.)","Considered permanently leaving Austin for another city or state","Canceled a performance or production","Stopped you from pursuing a specific job, contract, project, or commission","Paid for space you could not afford",,,"Stopped you from expanding your operations",,"it feels at this point like support for artists in Austin by way of physical space to create/present work has virtually disappeared.  the disappearance of so many artist and performance spaces has meant that many of my collaborators have left town and I am considering leaving as well.  I wish the city had planned for this so that some spaces were designated as subsidized art spaces before so many artists left and so many vital cultural institutions disappeared (ie. The Off Center/Rude Mechs Theater Co.).","Receiving funding through the Cultural Funding Program",,"Don't Know","Other (please specify)","it is part of the grant application for community initiatives"
"10212687081","2018-09-12T09:36:25.000","2018-09-12T09:56:57.000","Animation",,,,"Dance/Choreography",,"Film/TV",,,,,,,,,,,,,"Performing/Theatre Arts",,,,,,,,,,"48","I OWN my home and have space within my home that I use for creative work (including home studios separate from living areas, e.g. granny flat, garage studio, etc.)","No","Not relevant to me/ I do not have a workspace separate from my home","Weekly, at least a few days/hours a week","78733","Increased by 5% or less","351 - 500 sq. feet","0.75","Work at home in a private workspace within my home",,"Work in a private workspace, but in a larger complex with other artists","Rent workspace on a temporary, as needed basis (by the hour or day)",,,,,"Indoor Performance Space: Black Box/Flex Space  (i.e. no fixed seats)",,,,,"Rehearsal Space, less than 1,000 sq. feet",,"Mirrors/mirrored wall","Exhibition, Gallery Space, less than 1,000 sq. feet",,,,,,,,,,,,"Specialty Floors (Marley, Subfloor, Acro Mats, Sprung Floors)",,"Projection, Movie Theater","Individual Artist Workspace","Multiple Artist Workspaces",,,,,,"Oversized Doors and/or Freight Elevator",,,,"High ceilings",,,,,"78733","78701","78702",,"Used a space that was not ideal for your needs (not the right size, lacking needed equipment, not located in your preferred region, etc.)",,,,,,,"Stopped you from expanding your operations",,,"Receiving funding through the Cultural Funding Program",,"Yes","City of Austin Newsletters",
"10218977798","2018-09-15T04:02:19.000","2018-09-15T04:13:51.000","Animation",,,,,,"Film/TV",,,,"Graphic Design",,"Installation or Public Art",,,,"Music/Music Composition","New Media, Tech, Digital Arts","Painting, Illustration",,"Photography",,,,,"Web-based Content Production",,,,"100","I RENT studio or other work space separate from my home","No","$301- $700","Weekly, at least a few days/hours a week","78758","Increased by 6-10%","801 - 1,000 sq. feet","$600","Work at home in a private workspace within my home",,,,"Coworking/shared maker space with access to a shared space with craft/discipline specific shared tools and resources",,,,"Indoor Performance Space: Black Box/Flex Space  (i.e. no fixed seats)",,,"Outdoor Performance Space with amplified sound",,,,,,"Exhibition, Gallery Space, more than 1,000 sq. feet",,,,,"Running Water",,"Office Space, more than 5 employees",,,,,,"Projection, Movie Theater","Individual Artist Workspace","Multiple Artist Workspaces","Light Industrial Workshop (mechanical equipment, flammable materials, ventilation)",,"Film Processing, Darkroom","Photo Studio","Soundproofing, Recording Studio",,"Ramps/loading dock",,,,,,,,"78721","78702","78723",,"Used a space that was not ideal for your needs (not the right size, lacking needed equipment, not located in your preferred region, etc.)",,,"Stopped you from pursuing a specific job, contract, project, or commission",,,,"Stopped you from expanding your operations",,,"Receiving funding through the Cultural Funding Program",,"Don't Know","City of Austin Newsletters",
"10216335627","2018-09-13T17:27:31.000","2018-09-13T17:33:33.000",,,,,"Dance/Choreography",,,,,,,,,,,,,,,,,,,,,,,,,"25","I RENT studio or other work space separate from my home","No","$150- $300","Weekly, at least a few days/hours a week","78721","Increased by 5% or less","1,001 - 1,500 sq. feet","$0.20",,,,"Rent workspace on a temporary, as needed basis (by the hour or day)",,,,,"Indoor Performance Space: Black Box/Flex Space  (i.e. no fixed seats)","Indoor Performance Space, Auditorium, Thrust Stage, Proscenium","Outdoor Performance Space without amplified sound","Outdoor Performance Space with amplified sound",,,"Rehearsal Space, more than 1,000 sq. feet","Mirrors/mirrored wall",,,,,,,,,,,,,"Specialty Floors (Marley, Subfloor, Acro Mats, Sprung Floors)",,,,,,,,,,,,,,"High ceilings",,,,,"78702","78721","78722","Used a space beyond the Austin city limits","Used a space that was not ideal for your needs (not the right size, lacking needed equipment, not located in your preferred region, etc.)",,,"Stopped you from pursuing a specific job, contract, project, or commission","Paid for space you could not afford",,,,,,"Renting City facilities on an as needed basis",,"Don't Know","Other (please specify)","CI Grant Application"
"10214296790","2018-09-12T23:31:54.000","2018-09-12T23:37:29.000",,,,,,,,,,,,,,,"Literary Arts",,,,,"Performing/Theatre Arts",,,,,,,,,,"20","I don't currently have the space I need for my art or creative work","No","Not relevant to me/ I do not have a workspace separate from my home","Daily, 5 or more hours","N/A","Increased 26-50%","801 - 1,000 sq. feet","0.25",,"Have workspace and living space within a larger complex of studios and residences",,,,"Share/Sublet my studio part time when I am not using it",,"need accessible theater space & rehearsal rooms","Indoor Performance Space: Black Box/Flex Space  (i.e. no fixed seats)","Indoor Performance Space, Auditorium, Thrust Stage, Proscenium","Outdoor Performance Space without amplified sound","Outdoor Performance Space with amplified sound",,"Rehearsal Space, less than 1,000 sq. feet","Rehearsal Space, more than 1,000 sq. feet",,,,,,,,,,,,,,,,,,,,,,,,,,,,,,,,,"78702","78704","78721","Used a space beyond the Austin city limits","Used a space that was not ideal for your needs (not the right size, lacking needed equipment, not located in your preferred region, etc.)","Considered permanently leaving Austin for another city or state","Canceled a performance or production",,"Paid for space you could not afford",,,"Stopped you from expanding your operations",,"I started making plays that didn't need theaters because after the Rude Mechs' lost their permanent space there was not an affordable/accessible venue.    I wish that the ZACH (which is heavily subsidized by the city) would share/rent their performance and rehearsal spaces when they aren't using them.","Receiving funding through the Cultural Funding Program",,"No","Other (please specify)","Email from the City (former grant recipient)"
"10214116076","2018-09-12T20:56:34.000","2018-09-12T20:58:18.000",,,,,,"Fashion Design",,,,,,,,,,,,,,,,,,,,,,,,"75","I RENT studio or other work space separate from my home","No","$301- $700","Daily, 5 or more hours","78753","Stayed the same",,,,,,,,,,,,,,,,,,,,,,,,,,,,,,,,,,,,,,,,,,,,,,,,,,,,,,,,,,,,,,,,,,,,
"10213844280","2018-09-12T17:23:44.000","2018-09-12T18:03:25.000",,,,,,,,,,,,,,,,,"Music/Music Composition",,,,,,,,,,,,,"10","I need space occassionaly and rent on an as needed basis","Don't know","under $150","Weekly, at least a few days/hours a week","78705","Stayed the same","Under 200 sq. feet","$1.00","Work at home in a private workspace within my home",,,"Rent workspace on a temporary, as needed basis (by the hour or day)",,,,,"Indoor Performance Space: Black Box/Flex Space  (i.e. no fixed seats)","Indoor Performance Space, Auditorium, Thrust Stage, Proscenium","Outdoor Performance Space without amplified sound","Outdoor Performance Space with amplified sound",,"Rehearsal Space, less than 1,000 sq. feet","Rehearsal Space, more than 1,000 sq. feet",,,,,"Classroom, teaching space",,,"Running Water","Office Space, less than 5 employees","Office Space, more than 5 employees","Serving Alcohol","Serving Food","Commercial kitchen","Specialty Floors (Marley, Subfloor, Acro Mats, Sprung Floors)","Raked Seats","Projection, Movie Theater","Individual Artist Workspace","Multiple Artist Workspaces","Light Industrial Workshop (mechanical equipment, flammable materials, ventilation)",,,,"Soundproofing, Recording Studio",,,,,,"Live/Work Space",,,,"78701","78704","78705","Used a space beyond the Austin city limits",,,,,"Paid for space you could not afford",,,,,,"Receiving funding through the Cultural Funding Program",,"Yes","City of Austin Newsletters",
"10213745414","2018-09-12T16:59:07.000","2018-09-12T17:05:47.000",,,,,,,,,,,,,,,,,"Music/Music Composition",,,,,,,,,,,,,"35","I RENT my home and have space within my home that I use for creative work (including home studios separate from living areas, e.g. granny flat, garage studio, etc.)","No","Not relevant to me/ I do not have a workspace separate from my home","Weekly, at least a few days/hours a week","N/A","Increased by 6-10%","200 - 350 sq. feet","$1.00","Work at home in a private workspace within my home",,,,,,,,"Indoor Performance Space: Black Box/Flex Space  (i.e. no fixed seats)",,,,,"Rehearsal Space, less than 1,000 sq. feet",,"Mirrors/mirrored wall",,,,,"Air-Conditioned Storage Space",,"Running Water","Office Space, less than 5 employees",,"Serving Alcohol","Serving Food",,"Specialty Floors (Marley, Subfloor, Acro Mats, Sprung Floors)",,,,,,,,,"Soundproofing, Recording Studio",,,,,"High ceilings","Live/Work Space",,,,"78704","78701","78702","Used a space beyond the Austin city limits",,"Considered permanently leaving Austin for another city or state",,,,,,,,,"Receiving funding through the Cultural Funding Program",,"Yes","City of Austin Newsletters",
"10123585327","2018-07-21T15:20:54.000","2018-07-21T15:31:27.000",,,,,,,,,,,,,,,,,"Music/Music Composition",,,,,,,,,,,,,"15","I OWN my home and have space within my home that I use for creative work (including home studios separate from living areas, e.g. granny flat, garage studio, etc.)","Yes","$0 - I have space free of charge","Weekly, at least a few days/hours a week","78753","Increased by 6-10%",,,"Work at home in a private workspace within my home",,,,,,,,"Indoor Performance Space: Black Box/Flex Space  (i.e. no fixed seats)",,,"Outdoor Performance Space with amplified sound",,"Rehearsal Space, less than 1,000 sq. feet",,,,,,,"Air-Conditioned Storage Space",,"Running Water",,,,"Serving Food",,"Specialty Floors (Marley, Subfloor, Acro Mats, Sprung Floors)",,,"Individual Artist Workspace",,"Light Industrial Workshop (mechanical equipment, flammable materials, ventilation)",,"Film Processing, Darkroom","Photo Studio","Soundproofing, Recording Studio",,"Ramps/loading dock",,"Wheelchair accessibility",,,,,,"78753","78757","78758",,,,,,,,,,"None of the Above",,"I do not utilize any of the above City services",,,"Other (please specify)","Saw it on Twitter"
"10213335604","2018-09-12T13:52:15.000","2018-09-12T13:58:22.000",,,,,,,"Film/TV",,,,,,,,,,,,,,,,,,,,,,,"50","I OWN my home and have space within my home that I use for creative work (including home studios separate from living areas, e.g. granny flat, garage studio, etc.)","No","$301- $700","Daily, 5 or more hours","78722","Stayed the same","351 - 500 sq. feet","0.5",,"Have workspace and living space within a larger complex of studios and residences","Work in a private workspace, but in a larger complex with other artists",,"Coworking/shared maker space with access to a shared space with craft/discipline specific shared tools and resources",,,,"Indoor Performance Space: Black Box/Flex Space  (i.e. no fixed seats)",,,"Outdoor Performance Space with amplified sound",,"Rehearsal Space, less than 1,000 sq. feet",,,,"Exhibition, Gallery Space, more than 1,000 sq. feet",,"Classroom, teaching space","Air-Conditioned Storage Space",,"Running Water",,,"Serving Alcohol","Serving Food","Commercial kitchen",,,"Projection, Movie Theater","Individual Artist Workspace",,,,,,"Soundproofing, Recording Studio",,,,,"High ceilings","Live/Work Space",,,,"78722","78702","78721",,"Used a space that was not ideal for your needs (not the right size, lacking needed equipment, not located in your preferred region, etc.)","Considered permanently leaving Austin for another city or state","Canceled a performance or production",,"Paid for space you could not afford",,,"Stopped you from expanding your operations",,,"Receiving funding through the Cultural Funding Program",,"Don't Know","Other (please specify)","direct email"
"10213057406","2018-09-12T11:55:20.000","2018-09-12T12:10:54.000",,,,,"Dance/Choreography",,,,,,,,,,,,"Music/Music Composition",,,,,,,,,,,,,"30","I RENT studio or other work space separate from my home","Yes","under $150","Rarely, less than 4 days per month","78702","Stayed the same","651 - 800 sq. feet","$75",,"Have workspace and living space within a larger complex of studios and residences",,,,,,,,,,"Outdoor Performance Space with amplified sound",,,,"Mirrors/mirrored wall",,,"Retail Space, Storefront","Classroom, teaching space",,,"Running Water","Office Space, less than 5 employees",,,"Serving Food",,"Specialty Floors (Marley, Subfloor, Acro Mats, Sprung Floors)",,,,,,,,,,,,,,,"Live/Work Space",,,,"78702","78704","78741",,,,,,,,,,"None of the Above",,"Receiving funding through the Cultural Funding Program",,"Yes","City staff",
"10212774227","2018-09-12T10:09:56.000","2018-09-12T10:17:27.000","Animation",,,,,,,,,"Gaming",,,,,,,"Music/Music Composition","New Media, Tech, Digital Arts",,"Performing/Theatre Arts",,,,,,,,,,"100","I RENT my home and have space within my home that I use for creative work (including home studios separate from living areas, e.g. granny flat, garage studio, etc.)","No","$1,001 - $1,500","Daily, 5 or more hours","78741","Increased by 6-10%","801 - 1,000 sq. feet","$0.90",,"Have workspace and living space within a larger complex of studios and residences","Work in a private workspace, but in a larger complex with other artists",,,"Share/Sublet my studio part time when I am not using it",,,,,,,,"Rehearsal Space, less than 1,000 sq. feet",,,,,,,,"Non-Air Conditioned Storage Space","Running Water",,,,,,,,,,,,,,,,,,,,,"Live/Work Space",,,,"78741","78745","78702","Used a space beyond the Austin city limits",,"Considered permanently leaving Austin for another city or state",,,,,,"Stopped you from expanding your operations",,,"Receiving funding through the Cultural Funding Program",,"Yes","City of Austin Newsletters",
"10212767605","2018-09-12T10:07:25.000","2018-09-12T10:14:56.000",,,,,,,"Film/TV",,,,,,,,,,"Music/Music Composition","New Media, Tech, Digital Arts",,"Performing/Theatre Arts","Photography",,,,,,,,,"60","I OWN my home and have space within my home that I use for creative work (including home studios separate from living areas, e.g. granny flat, garage studio, etc.)","No","Not relevant to me/ I do not have a workspace separate from my home","Daily, less than 5 hours","78660","Stayed the same","501 - 650 sq. feet","1",,,"Work in a private workspace, but in a larger complex with other artists",,,,,,,,,,,,,,,,"Retail Space, Storefront",,,,,,,,,,,,,,,,,,,,,,,,,,,,,"78704","78745","78702","Used a space beyond the Austin city limits","Used a space that was not ideal for your needs (not the right size, lacking needed equipment, not located in your preferred region, etc.)",,,,,,,,,,"Receiving funding through the Cultural Funding Program",,"Yes","City of Austin Newsletters",
"10212720738","2018-09-12T09:49:13.000","2018-09-12T09:54:58.000",,,,,,,"Film/TV",,,,,,,,,,,,,,"Photography",,,,,,,,,"100","I don't currently have the space I need for my art or creative work","No","Not relevant to me/ I do not have a workspace separate from my home","Daily, 5 or more hours","78722","Increased by 6-10%","200 - 350 sq. feet","1",,,"Work in a private workspace, but in a larger complex with other artists",,,,,,,,,,,,,,,,,,"Air-Conditioned Storage Space",,,,,,,,,,,"Individual Artist Workspace","Multiple Artist Workspaces",,,,"Photo Studio",,,,,,"High ceilings",,,,,"78702","78722","78705",,,,,,,,,,"None of the Above","I work in my living room, without a dedicated space. Not ideal!","Receiving funding through the Cultural Funding Program",,"Yes","Other (please specify)","received an email from the City"
"10212690078","2018-09-12T09:37:28.000","2018-09-12T09:46:58.000",,,,,,,,,,,,,,"Jewelry Design",,,,,,,,,,,,,,,,"61","I RENT studio or other work space separate from my home","No","$301- $700","Weekly, at least a few days/hours a week","78702","Increased by 11-25%","200 - 350 sq. feet","$1","Work at home in a private workspace within my home",,"Work in a private workspace, but in a larger complex with other artists",,,"Share/Sublet my studio part time when I am not using it",,,,,,,,,,,"Exhibition, Gallery Space, less than 1,000 sq. feet","Exhibition, Gallery Space, more than 1,000 sq. feet","Retail Space, Storefront",,"Air-Conditioned Storage Space","Non-Air Conditioned Storage Space","Running Water",,,,,"Commercial kitchen",,,,"Individual Artist Workspace","Multiple Artist Workspaces","Light Industrial Workshop (mechanical equipment, flammable materials, ventilation)",,,,,,,,,,,,,,"78705","78702","78722",,"Used a space that was not ideal for your needs (not the right size, lacking needed equipment, not located in your preferred region, etc.)","Considered permanently leaving Austin for another city or state",,,"Paid for space you could not afford",,,,,"I’m presently looking at options to move out if Austin in the next 3-5 years as both my home rent and studio rent are increasing again for the 3rd year in a row.","Professional development workshops or events for creatives and artists",,"No","City of Austin Newsletters",
"10212687877","2018-09-12T09:36:23.000","2018-09-12T09:48:06.000",,,,,,,,,,,,,,,,,,,"Painting, Illustration","Performing/Theatre Arts",,,,,,,,,,"80","I OWN my home and have space within my home that I use for creative work (including home studios separate from living areas, e.g. granny flat, garage studio, etc.)","Yes","$301- $700","Daily, 5 or more hours","78704","Increased by 6-10%","200 - 350 sq. feet","$1.25","Work at home in a private workspace within my home",,,,,,,,"Indoor Performance Space: Black Box/Flex Space  (i.e. no fixed seats)",,,,,,,,"Exhibition, Gallery Space, less than 1,000 sq. feet",,,,"Air-Conditioned Storage Space",,"Running Water",,,,,,,,,,,,,,,,,,,,,,,,,"78704","78704","78704",,,"Considered permanently leaving Austin for another city or state",,,,,,,,,"Receiving funding through the Cultural Funding Program",,"Yes","City of Austin Newsletters",
"10123565042","2018-07-21T14:43:54.000","2018-07-21T14:50:57.000",,,,"Comedy or Improv",,,"Film/TV",,,,,,,,,,,,,"Performing/Theatre Arts",,,,,,,,,,"40","I need space occassionaly and rent on an as needed basis","Yes","$0 - I have space free of charge","Weekly, at least a few days/hours a week","n/a","Stayed the same",,,"Work at home in a private workspace within my home",,,,,,,,"Indoor Performance Space: Black Box/Flex Space  (i.e. no fixed seats)",,,,,"Rehearsal Space, less than 1,000 sq. feet",,,,,,"Classroom, teaching space",,,"Running Water","Office Space, less than 5 employees",,,,,,"Raked Seats",,"Individual Artist Workspace",,,,,,,,,,,,,,,,"78702","78721","78723",,"Used a space that was not ideal for your needs (not the right size, lacking needed equipment, not located in your preferred region, etc.)","Considered permanently leaving Austin for another city or state",,,,,,"Stopped you from expanding your operations",,,"I do not utilize any of the above City services",,,"City of Austin Newsletters",
"10199287614","2018-09-05T20:40:56.000","2018-09-05T20:49:58.000",,,,,"Dance/Choreography",,,,,,,,,,,,"Music/Music Composition",,,"Performing/Theatre Arts",,,,,,,,,,"35","I don't currently have the space I need for my art or creative work","No","Not relevant to me/ I do not have a workspace separate from my home","Daily, less than 5 hours","78722","Not relevant to me/ I do not pay for a space","801 - 1,000 sq. feet","$0.25",,"Have workspace and living space within a larger complex of studios and residences",,,,,,,"Indoor Performance Space: Black Box/Flex Space  (i.e. no fixed seats)","Indoor Performance Space, Auditorium, Thrust Stage, Proscenium",,,"Fly System, Fly Space",,"Rehearsal Space, more than 1,000 sq. feet","Mirrors/mirrored wall",,,,,,,"Running Water",,,,,,"Specialty Floors (Marley, Subfloor, Acro Mats, Sprung Floors)",,,,,,,,,,,,,"Wheelchair accessibility",,"Live/Work Space",,,,"78722","78701","78751","Used a space beyond the Austin city limits","Used a space that was not ideal for your needs (not the right size, lacking needed equipment, not located in your preferred region, etc.)","Considered permanently leaving Austin for another city or state",,"Stopped you from pursuing a specific job, contract, project, or commission",,,"Stopped you from pursuing your creative practice professionally","Stopped you from expanding your operations",,,"I do not utilize any of the above City services",,"No","Word of mouth",
"10196332923","2018-09-04T14:28:43.000","2018-09-04T14:42:02.000",,,,,,,,,,,,,,,,,"Music/Music Composition",,,,,,,,,,,,,"1","I RENT my home and have space within my home that I use for creative work (including home studios separate from living areas, e.g. granny flat, garage studio, etc.)","No","$0 - I have space free of charge","Weekly, at least a few days/hours a week","78744","Increased by 6-10%","200 - 350 sq. feet","$0.25","Work at home in a private workspace within my home","Have workspace and living space within a larger complex of studios and residences",,"Rent workspace on a temporary, as needed basis (by the hour or day)",,,,,"Indoor Performance Space: Black Box/Flex Space  (i.e. no fixed seats)",,,,,,,,,,,,"Air-Conditioned Storage Space",,"Running Water",,,,,,,,,,,,,,,"Soundproofing, Recording Studio","Oversized Doors and/or Freight Elevator",,,,,,,,,"78744","78745","78741",,,,,,,,"Stopped you from pursuing your creative practice professionally","Stopped you from expanding your operations",,,"I do not utilize any of the above City services",,"No","Other (please specify)","Saw it posted on Twitter"
"10196329239","2018-09-04T14:27:26.000","2018-09-04T14:34:24.000",,,,,,,"Film/TV",,,,"Graphic Design",,"Installation or Public Art",,,,"Music/Music Composition",,"Painting, Illustration",,"Photography",,"Radio",,,,,,,"100","I need space occassionaly and rent on an as needed basis","No","$150- $300","Daily, less than 5 hours","78701","Increased by 5% or less","651 - 800 sq. feet","0.5",,"Have workspace and living space within a larger complex of studios and residences",,"Rent workspace on a temporary, as needed basis (by the hour or day)","Coworking/shared maker space with access to a shared space with craft/discipline specific shared tools and resources",,,,"Indoor Performance Space: Black Box/Flex Space  (i.e. no fixed seats)","Indoor Performance Space, Auditorium, Thrust Stage, Proscenium","Outdoor Performance Space without amplified sound","Outdoor Performance Space with amplified sound",,"Rehearsal Space, less than 1,000 sq. feet","Rehearsal Space, more than 1,000 sq. feet","Mirrors/mirrored wall",,"Exhibition, Gallery Space, more than 1,000 sq. feet",,,,,,,,,"Serving Food",,,,,"Individual Artist Workspace","Multiple Artist Workspaces",,,,,,,,,,"High ceilings","Live/Work Space",,,,"78701","78704","78705","Used a space beyond the Austin city limits",,"Considered permanently leaving Austin for another city or state","Canceled a performance or production",,"Paid for space you could not afford","Been forced to close and/or discontinue your creative practice",,,,,"Professional development workshops or events for creatives and artists",,"No","City of Austin Website",
"10195804761","2018-09-04T10:30:45.000","2018-09-04T10:43:35.000",,,,,,,,,,,,,"Installation or Public Art",,,,"Music/Music Composition",,,,,,,,,,,,"I specialize in location based Augmented Reality","43","I need space occassionaly and rent on an as needed basis","Yes","$150- $300","Rarely, less than 4 days per month","78753","Increased 76% or more","501 - 650 sq. feet","$0.50","Work at home in a private workspace within my home","Have workspace and living space within a larger complex of studios and residences",,"Rent workspace on a temporary, as needed basis (by the hour or day)",,,,,"Indoor Performance Space: Black Box/Flex Space  (i.e. no fixed seats)",,,"Outdoor Performance Space with amplified sound",,,,,"Exhibition, Gallery Space, less than 1,000 sq. feet",,,,,,,,,,,,,,"Projection, Movie Theater",,,,,,,"Soundproofing, Recording Studio",,,,"Wheelchair accessibility","High ceilings",,,,,"78701","78702","78723",,"Used a space that was not ideal for your needs (not the right size, lacking needed equipment, not located in your preferred region, etc.)",,,,,,,,,,"Other (please specify)","This question should be a ""Check All that Apply"" - I receive Cultural Funding AND Rent City facilities AND Professional Development Wrkshps","No","City of Austin Website",
"10195758149","2018-09-04T10:11:23.000","2018-09-04T10:18:48.000",,,,,,,,,,,,,,,,,,,,,"Photography",,,,,,,,,"30","I OWN my home and have space within my home that I use for creative work (including home studios separate from living areas, e.g. granny flat, garage studio, etc.)","No","Not relevant to me/ I do not have a workspace separate from my home","Rarely, less than 4 days per month","78758","Increased by 5% or less","Under 200 sq. feet","0.5","Work at home in a private workspace within my home",,,"Rent workspace on a temporary, as needed basis (by the hour or day)","Coworking/shared maker space with access to a shared space with craft/discipline specific shared tools and resources",,,,,,,,,,,,"Exhibition, Gallery Space, less than 1,000 sq. feet",,"Retail Space, Storefront",,"Air-Conditioned Storage Space",,"Running Water",,,"Serving Alcohol","Serving Food","Commercial kitchen",,,,"Individual Artist Workspace",,,,,"Photo Studio","Soundproofing, Recording Studio",,,,,,,,,,"78758","78757","78727","Used a space beyond the Austin city limits","Used a space that was not ideal for your needs (not the right size, lacking needed equipment, not located in your preferred region, etc.)",,,"Stopped you from pursuing a specific job, contract, project, or commission","Paid for space you could not afford",,"Stopped you from pursuing your creative practice professionally",,,,"Other (please specify)","This whestion should be multiple choice","Yes","Saw it posted on Facebook",
"10194569580","2018-09-03T17:23:02.000","2018-09-03T17:35:38.000",,,,,,,,,,,,,,,,,"Music/Music Composition",,"Painting, Illustration",,,"Printmaking",,,,,,,,"50","I RENT studio or other work space separate from my home","Yes","$150- $300","Daily, less than 5 hours","78757","Increased by 5% or less","501 - 650 sq. feet","$1.00",,"Have workspace and living space within a larger complex of studios and residences","Work in a private workspace, but in a larger complex with other artists",,"Coworking/shared maker space with access to a shared space with craft/discipline specific shared tools and resources",,,,,"Indoor Performance Space, Auditorium, Thrust Stage, Proscenium",,,,,,,,,,,"Air-Conditioned Storage Space",,,,,,,,,,,,,,,,,,,,,,,,,,,"78703","78756","78706",,"Used a space that was not ideal for your needs (not the right size, lacking needed equipment, not located in your preferred region, etc.)",,,,,,,,,,"Renting City facilities on an as needed basis",,"Don't Know","Search Engine- found it online",
"10193414740","2018-09-02T22:09:56.000","2018-09-02T22:12:53.000",,,,,,,,,,,,,,,,,,,,,,,,,"Textile/Fiber Arts",,,,,"50","I RENT my home and have space within my home that I use for creative work (including home studios separate from living areas, e.g. granny flat, garage studio, etc.)","No","under $150","Monthly, a few days/hours a month","78613","Stayed the same","Under 200 sq. feet","0.25",,,,,,,,,,,,,,,,,,,,,,,,,,,,,,,,,,,,,,,,,,,,,,,,,,,,,,,,,,,,,,,,,,
"10193390677","2018-09-02T21:41:14.000","2018-09-02T21:50:10.000",,,,,,,,,,,"Graphic Design",,,,,,,,,,,,,,,,,,,"75","I RENT studio or other work space separate from my home","No","$301- $700","Weekly, at least a few days/hours a week","78745","Increased by 5% or less","200 - 350 sq. feet","$2.00",,"Have workspace and living space within a larger complex of studios and residences","Work in a private workspace, but in a larger complex with other artists",,"Coworking/shared maker space with access to a shared space with craft/discipline specific shared tools and resources",,,,"Indoor Performance Space: Black Box/Flex Space  (i.e. no fixed seats)",,,"Outdoor Performance Space with amplified sound",,"Rehearsal Space, less than 1,000 sq. feet",,,"Exhibition, Gallery Space, less than 1,000 sq. feet",,"Retail Space, Storefront","Classroom, teaching space",,,"Running Water","Office Space, less than 5 employees","Office Space, more than 5 employees","Serving Alcohol","Serving Food",,,,,"Individual Artist Workspace","Multiple Artist Workspaces",,,,,,,,,,"High ceilings","Live/Work Space",,,,"78745","78748","78744",,"Used a space that was not ideal for your needs (not the right size, lacking needed equipment, not located in your preferred region, etc.)","Considered permanently leaving Austin for another city or state",,,,,,,,"I’m currently renting a small studio but have already out grown it. I'm very happy with the location, 78745, but will keep my eye open for space in the future.","Professional development workshops or events for creatives and artists",,"No","Word of mouth",
"10193379608","2018-09-02T21:26:18.000","2018-09-02T21:36:41.000","Animation",,,,,,"Film/TV",,,,,,,,,,,,,,,,,,,,,,,"50","I need space occassionaly and rent on an as needed basis","No","$301- $700","Daily, less than 5 hours","78752","Increased by 6-10%","Under 200 sq. feet","1.25",,,"Work in a private workspace, but in a larger complex with other artists",,,,,,,,,,,,,,,,,,,,"Running Water",,,"Serving Alcohol",,,,,,"Individual Artist Workspace","Multiple Artist Workspaces",,,,,"Soundproofing, Recording Studio",,,,"Wheelchair accessibility",,,,,"High speed internet (fiber speed)","78741","78752","78723",,"Used a space that was not ideal for your needs (not the right size, lacking needed equipment, not located in your preferred region, etc.)","Considered permanently leaving Austin for another city or state",,"Stopped you from pursuing a specific job, contract, project, or commission","Paid for space you could not afford",,,,,,"Professional development workshops or events for creatives and artists",,"No","Word of mouth",
"10193143193","2018-09-02T15:10:35.000","2018-09-02T15:16:10.000",,,,,,,,,,,"Graphic Design",,,,,,,,"Painting, Illustration",,,,,,,,,,,"100","I RENT my home and have space within my home that I use for creative work (including home studios separate from living areas, e.g. granny flat, garage studio, etc.)","No","$150- $300","Daily, 5 or more hours","78727","Increased by 5% or less","Under 200 sq. feet","1","Work at home in a private workspace within my home","Have workspace and living space within a larger complex of studios and residences","Work in a private workspace, but in a larger complex with other artists",,,,,,,,,,,,,,"Exhibition, Gallery Space, less than 1,000 sq. feet",,,"Classroom, teaching space",,,"Running Water","Office Space, less than 5 employees",,"Serving Alcohol","Serving Food","Commercial kitchen",,,,"Individual Artist Workspace",,,,,,,,,,,,,,,,"78735","78745","78704",,"Used a space that was not ideal for your needs (not the right size, lacking needed equipment, not located in your preferred region, etc.)",,,,,,,,,,"Receiving funding through the Cultural Funding Program",,"No","Saw it posted on Facebook",
"10188585636","2018-08-30T09:11:14.000","2018-08-30T09:18:29.000",,,,,,,,"Folk and Traditional Art",,,,,"Installation or Public Art",,,,,,"Painting, Illustration",,,,,"Sculpture","Textile/Fiber Arts",,,,"Mixed media","30","I RENT my home and have space within my home that I use for creative work (including home studios separate from living areas, e.g. granny flat, garage studio, etc.)","No","Not relevant to me/ I do not have a workspace separate from my home","Daily, less than 5 hours","78758","Stayed the same","200 - 350 sq. feet","$0.75","Work at home in a private workspace within my home",,"Work in a private workspace, but in a larger complex with other artists","Rent workspace on a temporary, as needed basis (by the hour or day)",,,,,,,,,,,,,"Exhibition, Gallery Space, less than 1,000 sq. feet","Exhibition, Gallery Space, more than 1,000 sq. feet","Retail Space, Storefront",,"Air-Conditioned Storage Space",,"Running Water",,,,,,,,,"Individual Artist Workspace","Multiple Artist Workspaces","Light Industrial Workshop (mechanical equipment, flammable materials, ventilation)",,,,,,,,,,,,,,"78758","78702","78723",,"Used a space that was not ideal for your needs (not the right size, lacking needed equipment, not located in your preferred region, etc.)","Considered permanently leaving Austin for another city or state","Canceled a performance or production","Stopped you from pursuing a specific job, contract, project, or commission","Paid for space you could not afford","Been forced to close and/or discontinue your creative practice",,"Stopped you from expanding your operations",,,"Professional development workshops or events for creatives and artists",,"No","Saw it posted on Facebook",
"10142443985","2018-08-02T12:29:48.000","2018-08-02T12:34:28.000",,,,,,,,"Folk and Traditional Art",,,,,"Installation or Public Art",,,,,,"Painting, Illustration",,,,,"Sculpture","Textile/Fiber Arts",,,,"Mixed Media","0","I RENT my home and have space within my home that I use for creative work (including home studios separate from living areas, e.g. granny flat, garage studio, etc.)","Don't know","Not relevant to me/ I do not have a workspace separate from my home","Monthly, a few days/hours a month","78749","Stayed the same",,,"Work at home in a private workspace within my home",,,,,,,,,,,,,,,,,,,,"Air-Conditioned Storage Space",,"Running Water",,,"Serving Alcohol",,,,,,"Individual Artist Workspace","Multiple Artist Workspaces",,,,,,,,,,,,,"Don’t Know",,"78749",,,,,,,,,,,,"None of the Above",,"I do not utilize any of the above City services",,,"Saw it posted on Facebook",
"10186672228","2018-08-29T11:56:14.000","2018-08-29T12:28:33.000",,,,,,,,,,,,,,,,,,,"Painting, Illustration",,,,,,"Textile/Fiber Arts",,,,,"9","I RENT my home and have space within my home that I use for creative work (including home studios separate from living areas, e.g. granny flat, garage studio, etc.)","No","Not relevant to me/ I do not have a workspace separate from my home","Daily, less than 5 hours","N/A","Increased by 5% or less","Under 200 sq. feet","$0.35",,"Have workspace and living space within a larger complex of studios and residences","Work in a private workspace, but in a larger complex with other artists",,"Coworking/shared maker space with access to a shared space with craft/discipline specific shared tools and resources",,,,,,,,,,,,"Exhibition, Gallery Space, less than 1,000 sq. feet",,,,"Air-Conditioned Storage Space","Non-Air Conditioned Storage Space","Running Water",,,,,,,,,,"Multiple Artist Workspaces","Light Industrial Workshop (mechanical equipment, flammable materials, ventilation)",,,,,"Oversized Doors and/or Freight Elevator","Ramps/loading dock",,,,"Live/Work Space",,,"Communal area for work etc","78751","78752","78722",,"Used a space that was not ideal for your needs (not the right size, lacking needed equipment, not located in your preferred region, etc.)","Considered permanently leaving Austin for another city or state",,"Stopped you from pursuing a specific job, contract, project, or commission",,,,,,"I've responded to space-related issues generally by scaling down the work I do.  I live in an apartment so fabricating things out of wood is an issue; I generally use workarounds: a jigsaw instead of a table or chop saw, buying stretcher bars instead of building stretchers, asking Home Depot employees to cut down plywood so it's small enough that I can fit it into my apartment.  I worry that my neighbors will get annoyed if I'm cutting stuff too much (noise) or painting spraying too much (smell)  and I try to be courteous and keep the stuff outside my door neat (my apt complex is all single-story and I have a tiny bit of space outside of my door for two patio chairs, etc).    Some of my work is embroidery and can fit into a bag.  The work that I can do at a table or desk I often head to a cafe to do (Thunderbird Koenig has good light, big tables, and friendly staff).  I do some of my drawing and embroidery at home, too. Some artists like to work at home, most don't.  Too much distraction at home.  I think it is better to have some separation between living space and working space and I like to be around other artists working while I myself am working.      Wall space is in issue-- I don't have enough space to hang up what I'm working on to take a good look at it, or really even enough table space to lay it out.  I just deal with it and try not to get hung up on it.    I'm going to put my website here so you can see the work that I'm doing in cafes/my apartment/etc: emilyoleary.com    The fibers work is only stretched after the embroidery is completed, so while I'm working on the embroidery the whole thing can be stuffed, along with my thread and embroidery hoops, into a backpack.","I do not utilize any of the above City services",,"No","Other (please specify)","A little postcard in the Main Library"
"10179518244","2018-08-25T12:38:21.000","2018-08-25T12:42:40.000",,,,,,,,,,,,,,,"Literary Arts",,,,,,,,,,,,,,,"80","I don't currently have the space I need for my art or creative work","No","$0 - I have space free of charge","Weekly, at least a few days/hours a week","n/a","Not relevant to me/ I do not pay for a space",,,,,,,,,,,,,,,,,,,,,,,,,,,,,,,,,,,,,,,,,,,,,,,,,,,,,,,,,,,,,,,,,,,,
"10176865921","2018-08-23T17:20:42.000","2018-08-23T17:31:00.000",,,,,,,,,,,,,,,"Literary Arts",,,"New Media, Tech, Digital Arts",,,,,,,"Textile/Fiber Arts",,,,,"50","I don't currently have the space I need for my art or creative work","No","Not relevant to me/ I do not have a workspace separate from my home","Weekly, at least a few days/hours a week","78702","Not relevant to me/ I do not pay for a space","Under 200 sq. feet","$1.00 if 200 square feet .50 if greater.",,,"Work in a private workspace, but in a larger complex with other artists",,,,,,,,,,,,,,,,,,"Air-Conditioned Storage Space",,"Running Water",,,,,,,,,"Individual Artist Workspace",,,,,,"Soundproofing, Recording Studio",,,,,,,,,"Soundproof studio that could also be used for digital art and paper/literary art.","78702","78722","78723",,"Used a space that was not ideal for your needs (not the right size, lacking needed equipment, not located in your preferred region, etc.)","Considered permanently leaving Austin for another city or state","Canceled a performance or production","Stopped you from pursuing a specific job, contract, project, or commission",,"Been forced to close and/or discontinue your creative practice","Stopped you from pursuing your creative practice professionally",,,,"Professional development workshops or events for creatives and artists",,"No","Saw it posted on Facebook",
"10175324473","2018-08-23T00:34:07.000","2018-08-23T00:46:13.000",,,,,,,,,,,,,,,,,,,"Painting, Illustration",,"Photography",,,,,,,,,"30","I don't currently have the space I need for my art or creative work","No","Not relevant to me/ I do not have a workspace separate from my home","Daily, less than 5 hours","N/A","Increased by 6-10%","200 - 350 sq. feet","$.25","Work at home in a private workspace within my home","Have workspace and living space within a larger complex of studios and residences","Work in a private workspace, but in a larger complex with other artists",,,,,,,,,,,,,,"Exhibition, Gallery Space, less than 1,000 sq. feet",,,,,,,,,,,,,,,"Individual Artist Workspace","Multiple Artist Workspaces",,,,,,,,,,,,,,,"78704","78731","78746",,"Used a space that was not ideal for your needs (not the right size, lacking needed equipment, not located in your preferred region, etc.)","Considered permanently leaving Austin for another city or state",,,,,,"Stopped you from expanding your operations",,"Because it is so difficult to pay apartment rent and have any money left over for a studio space, I've been forced to work at home. It limits the space I have and makes it difficult to expand my creative practice.","Artists Resource Center services at the Dougherty Arts Center",,"No","Saw it posted on Facebook",
"10172820500","2018-08-21T18:56:04.000","2018-08-21T19:03:39.000",,,,,,,,,,,,,,,,"Metalworking",,,,,,,,,,,"Woodworking",,"Refinishing old furniture in an artistic manner","25","I don't currently have the space I need for my art or creative work","No","Not relevant to me/ I do not have a workspace separate from my home","Not relevant to me- I don't need a workspace","N/a","Not relevant to me/ I do not pay for a space","Under 200 sq. feet","$50.",,"Have workspace and living space within a larger complex of studios and residences",,,"Coworking/shared maker space with access to a shared space with craft/discipline specific shared tools and resources","Share/Sublet my studio part time when I am not using it",,,,,,,,,,,,,,,,,,,,,,,,,,"Individual Artist Workspace","Multiple Artist Workspaces","Light Industrial Workshop (mechanical equipment, flammable materials, ventilation)","Ceramics Studio, Kiln",,,,"Oversized Doors and/or Freight Elevator",,,,,"Live/Work Space",,,,"78741","78744","78702",,"Used a space that was not ideal for your needs (not the right size, lacking needed equipment, not located in your preferred region, etc.)",,,,,"Been forced to close and/or discontinue your creative practice","Stopped you from pursuing your creative practice professionally",,,,"I do not utilize any of the above City services",,,"Word of mouth",
"10167937463","2018-08-18T11:52:27.000","2018-08-18T11:53:32.000",,,,,"Dance/Choreography",,,,,,,,,,,,,,,,,,,,,,,,,"100","I RENT studio or other work space separate from my home","No","$150- $300","Daily, 5 or more hours","78748","Increased 26-50%",,,,,,,,,,,,,,,,,,,,,,,,,,,,,,,,,,,,,,,,,,,,,,,,,,,,,,,,,,,,,,,,,,,,
"10167544980","2018-08-18T02:34:06.000","2018-08-18T03:34:27.000",,,,,,,,,,,,,,,,,"Music/Music Composition",,,,,,,,,,,,,"15","I don't currently have the space I need for my art or creative work","No","Not relevant to me/ I do not have a workspace separate from my home","Daily, less than 5 hours","N/A","Not relevant to me/ I do not pay for a space","None (my work requires no dedicated space)","N/A","Work at home in a private workspace within my home",,"Work in a private workspace, but in a larger complex with other artists",,"Coworking/shared maker space with access to a shared space with craft/discipline specific shared tools and resources",,,"A home to write/compose in, private workspace within a larger complex for rehearsals, and a coworking space for recording / large rehearsals / filming music videos (soundstage)",,,,,,"Rehearsal Space, less than 1,000 sq. feet","Rehearsal Space, more than 1,000 sq. feet","Mirrors/mirrored wall",,,,,"Air-Conditioned Storage Space",,"Running Water",,,,,,,,,"Individual Artist Workspace","Multiple Artist Workspaces",,,,"Photo Studio","Soundproofing, Recording Studio","Oversized Doors and/or Freight Elevator","Ramps/loading dock",,"Wheelchair accessibility","High ceilings","Live/Work Space",,,"Soundstage,","78702",,,,,"Considered permanently leaving Austin for another city or state",,"Stopped you from pursuing a specific job, contract, project, or commission",,,"Stopped you from pursuing your creative practice professionally","Stopped you from expanding your operations",,"The biggest issue I face as an Austin artist is that I cannot afford to rent a room in this city (in a home that allows for songwriting) AND afford enough time to continue to grow/generate income from my creative practice.     In order to compose, I require a small space with lights, electricity, running water/bathroom, and Internet for booking shows bust most of all space where I can play my guitar/ sing / make noise without bothering others (somewhat soundproof).    In the past, I have worked from home... I lived in a one bedroom fourplex in San Marcos for $500 and had a piano in the space - I could keep musicians hours (writing sometimes late nights after getting home from gigs) without bothering the neighbors due to construction of the house. The neighbors were more like neighborhood than an apartment complex.    I don't know if this is possible, but it would be incredible if songwriters in the ""live music capital of the world"" could have city funded building full of soundproof suites to write in. With upright pianos! And after hours access! It would be like an office to work out of, so that when I'm trying to find a room to rent in this city (as close to all of the music venues as possible for as close to $500 as possible) I don't have to start my email with ""I'm a musician"" and try to work in halfway ""I write sometimes at home, but I'm always respectful of others and can keep things quiet if need be""     The last place I rented on Manchaca, I wrote songs in my car if my roommate was asleep because the walls were too thin for even light strumming and soft singing. I've taken my guitar out of the house to parks and to sidewalks when roommates are relaxing at home to try and get those precious writing and practicing hours without being a bother. Before the rent doubled, I rented a room with another musician on Willow St. and played electric guitar a couple times- it felt so naked to be amplifying to the neighbors. But it's music. You gotta get all the kinks out somewhere. That's the art of it. And by nature, it's loud.","I do not utilize any of the above City services",,,"Other (please specify)","Canopy Event"
"10167490963","2018-08-18T00:36:32.000","2018-08-18T00:46:24.000",,,,,"Dance/Choreography",,,,,,,,,,,,,,"Painting, Illustration","Performing/Theatre Arts",,,,,,,,,,"3","I RENT my home and have space within my home that I use for creative work (including home studios separate from living areas, e.g. granny flat, garage studio, etc.)","No","$150- $300","Weekly, at least a few days/hours a week","78756","Increased by 11-25%","Under 200 sq. feet","0.25","Work at home in a private workspace within my home","Have workspace and living space within a larger complex of studios and residences","Work in a private workspace, but in a larger complex with other artists",,,,,,,,,,,"Rehearsal Space, less than 1,000 sq. feet",,"Mirrors/mirrored wall","Exhibition, Gallery Space, less than 1,000 sq. feet",,,,,,"Running Water",,,,,,,,,"Individual Artist Workspace","Multiple Artist Workspaces",,,"Film Processing, Darkroom",,,,,,"Wheelchair accessibility",,"Live/Work Space",,,,"78756","78702","78751",,"Used a space that was not ideal for your needs (not the right size, lacking needed equipment, not located in your preferred region, etc.)",,,,,,"Stopped you from pursuing your creative practice professionally",,,,"I do not utilize any of the above City services",,,"Saw it posted on Facebook",
"10166985085","2018-08-17T14:58:31.000","2018-08-17T15:01:47.000",,,,,,,,,,,,,,,,,,,,"Performing/Theatre Arts",,,,,,,,,,"36","I OWN my home and have space within my home that I use for creative work (including home studios separate from living areas, e.g. granny flat, garage studio, etc.)","No","Not relevant to me/ I do not have a workspace separate from my home","Daily, less than 5 hours","N/a","Increased by 6-10%","200 - 350 sq. feet","$75",,,,,,,,,,,,,,,,,,,,,,,,,,,,,,,,,,,,,,,,,,,,,,,,,,,,,,,,,,,,,,,,,,
"10166363291","2018-08-17T09:04:04.000","2018-08-17T09:13:40.000",,,,,"Dance/Choreography",,,,,,,,,,,,,,,"Performing/Theatre Arts",,,,,,,,,,"25","I RENT my home and have space within my home that I use for creative work (including home studios separate from living areas, e.g. granny flat, garage studio, etc.)","No","Not relevant to me/ I do not have a workspace separate from my home","Daily, 5 or more hours","78748","Increased by 5% or less","200 - 350 sq. feet","$0.25","Work at home in a private workspace within my home","Have workspace and living space within a larger complex of studios and residences","Work in a private workspace, but in a larger complex with other artists",,,,,,,,,,,"Rehearsal Space, less than 1,000 sq. feet",,"Mirrors/mirrored wall",,,"Retail Space, Storefront","Classroom, teaching space",,,"Running Water",,,,,,,,,,,,,,,,,,,,,,,,,"78745","78848","78749",,"Used a space that was not ideal for your needs (not the right size, lacking needed equipment, not located in your preferred region, etc.)","Considered permanently leaving Austin for another city or state","Canceled a performance or production","Stopped you from pursuing a specific job, contract, project, or commission","Paid for space you could not afford",,,"Stopped you from expanding your operations",,,"I do not utilize any of the above City services",,,"Word of mouth",
"10166211959","2018-08-17T07:44:05.000","2018-08-17T07:48:31.000",,,,,,,"Film/TV",,,,,,,,,,,,,,,,,,,,,,,"5","I don't currently have the space I need for my art or creative work","No","Not relevant to me/ I do not have a workspace separate from my home","Weekly, at least a few days/hours a week","n/a","Increased by 6-10%","501 - 650 sq. feet","0.25",,"Have workspace and living space within a larger complex of studios and residences","Work in a private workspace, but in a larger complex with other artists",,"Coworking/shared maker space with access to a shared space with craft/discipline specific shared tools and resources",,,,,,,,,,,,,,,,,,,,,,,,,,,,,"Light Industrial Workshop (mechanical equipment, flammable materials, ventilation)",,,,"Soundproofing, Recording Studio",,,,"Wheelchair accessibility","High ceilings",,,,,"78731","78722","78758","Used a space beyond the Austin city limits","Used a space that was not ideal for your needs (not the right size, lacking needed equipment, not located in your preferred region, etc.)",,,"Stopped you from pursuing a specific job, contract, project, or commission",,,"Stopped you from pursuing your creative practice professionally",,,,"I do not utilize any of the above City services",,,"Saw it posted on Facebook",
"10165624102","2018-08-16T22:11:32.000","2018-08-16T22:23:56.000",,,,,,"Fashion Design",,,,,,,,,,,,,,,,,,,,,,,,"100","I OWN my home and have space within my home that I use for creative work (including home studios separate from living areas, e.g. granny flat, garage studio, etc.)","No","Not relevant to me/ I do not have a workspace separate from my home","Daily, 5 or more hours","78747","Increased by 5% or less","200 - 350 sq. feet","$1.50",,,"Work in a private workspace, but in a larger complex with other artists",,"Coworking/shared maker space with access to a shared space with craft/discipline specific shared tools and resources",,,"Studio/Retail complex",,,,,,,,,,,"Retail Space, Storefront","Classroom, teaching space",,,"Running Water",,,,,,,,,"Individual Artist Workspace",,,,,,,,,,,,,,,,"78756","78703","78704",,,"Considered permanently leaving Austin for another city or state",,"Stopped you from pursuing a specific job, contract, project, or commission",,"Been forced to close and/or discontinue your creative practice",,"Stopped you from expanding your operations",,"Moved 3x from retail/studio space that was sold for redevelopment","I do not utilize any of the above City services",,,"Saw it posted on Facebook",
"10164336658","2018-08-16T08:42:09.000","2018-08-16T08:54:10.000",,,,,,,,,,,,,,,,,,,"Painting, Illustration",,,,,,,,,,,"0","I RENT my home and have space within my home that I use for creative work (including home studios separate from living areas, e.g. granny flat, garage studio, etc.)","No","Not relevant to me/ I do not have a workspace separate from my home","Not relevant to me- I don't need a workspace","78741","Increased by 6-10%","Under 200 sq. feet","0.5","Work at home in a private workspace within my home",,,,,,,,,,,,,,,,,"Exhibition, Gallery Space, more than 1,000 sq. feet",,"Classroom, teaching space",,,"Running Water",,,,,,,,,,,,,,,,,,,,,,,,,"78741","78704",,,,"Considered permanently leaving Austin for another city or state",,"Stopped you from pursuing a specific job, contract, project, or commission",,"Been forced to close and/or discontinue your creative practice",,,,"For me the space has not been the biggest issue, but the lack of work or pay opportunities for artists. I’ve met a lot of very talented people who like myself have struggled to find representation in galleries or the means to sell their work. I know the city does some to help artists but it could extend its reach. As the city grows with all the people moving in there’s is a need for economic growth for our locals. We have all these reach people moving in from out of state and building condos, perhaps there should be an outlet provided to connect artists to buyers, and also means for these artists to share their talents and knowledge with the community","Other (please specify)","I am a temp instructor",,"Saw it posted on Facebook",
"10162901312","2018-08-15T13:40:47.000","2018-08-15T13:48:41.000",,,,"Comedy or Improv",,,,,,,,,,,,,,,,"Performing/Theatre Arts",,,,,,,,,"Arts Education","30","I RENT studio or other work space separate from my home","No","Over $1,500","Daily, less than 5 hours","78704","Increased by 11-25%","1,501 - 2,000 sq. feet","2",,,"Work in a private workspace, but in a larger complex with other artists","Rent workspace on a temporary, as needed basis (by the hour or day)",,,,,"Indoor Performance Space: Black Box/Flex Space  (i.e. no fixed seats)","Indoor Performance Space, Auditorium, Thrust Stage, Proscenium",,,,"Rehearsal Space, less than 1,000 sq. feet",,,,,,"Classroom, teaching space",,,,"Office Space, less than 5 employees",,,,,,"Raked Seats",,,,,,,,,,,,"Wheelchair accessibility","High ceilings",,,,,"78704","78702","78741",,"Used a space that was not ideal for your needs (not the right size, lacking needed equipment, not located in your preferred region, etc.)",,,"Stopped you from pursuing a specific job, contract, project, or commission",,"Been forced to close and/or discontinue your creative practice",,"Stopped you from expanding your operations",,,"Professional development workshops or events for creatives and artists",,,"Other (please specify)","Creatives Meets Business event"
"10160723012","2018-08-14T14:46:48.000","2018-08-14T14:51:08.000",,,"Ceramics",,,,,,,,,,,,,,,,"Painting, Illustration",,,,,"Sculpture",,,,,,"35","I OWN my home and have space within my home that I use for creative work (including home studios separate from living areas, e.g. granny flat, garage studio, etc.)","Yes","under $150","Weekly, at least a few days/hours a week","78610","Stayed the same","501 - 650 sq. feet","$200",,,,,,,,,,,,,,,,,,,,,,,,,,,,,,,,,,,,,,,,,,,,,,,,,,,,,,,,,,,,,,,,,,
"10159322975","2018-08-13T21:49:04.000","2018-08-13T22:04:40.000",,,,,,,,,,,,,,,,,,,,,"Photography",,,,,,,,,"5","I RENT my home and have space within my home that I use for creative work (including home studios separate from living areas, e.g. granny flat, garage studio, etc.)","No","Not relevant to me/ I do not have a workspace separate from my home","Daily, less than 5 hours","78757","Stayed the same","801 - 1,000 sq. feet","0.25",,"Have workspace and living space within a larger complex of studios and residences","Work in a private workspace, but in a larger complex with other artists",,"Coworking/shared maker space with access to a shared space with craft/discipline specific shared tools and resources",,,,,,,,,,,,"Exhibition, Gallery Space, less than 1,000 sq. feet","Exhibition, Gallery Space, more than 1,000 sq. feet",,,"Air-Conditioned Storage Space",,"Running Water",,,,,,,,,"Individual Artist Workspace","Multiple Artist Workspaces",,,,"Photo Studio",,,,,,"High ceilings","Live/Work Space",,,,"78757","78756","78731",,"Used a space that was not ideal for your needs (not the right size, lacking needed equipment, not located in your preferred region, etc.)","Considered permanently leaving Austin for another city or state",,,,,,,,,"Professional development workshops or events for creatives and artists",,,"Saw it posted on Facebook",
"10158701054","2018-08-13T13:55:15.000","2018-08-13T14:05:31.000",,,,,,,,,,,,,,,,,,,"Painting, Illustration",,,,,,,,,,,"100","I RENT my home and have space within my home that I use for creative work (including home studios separate from living areas, e.g. granny flat, garage studio, etc.)","Yes","$0 - I have space free of charge","Daily, 5 or more hours","78744","Increased by 6-10%",,,,"Have workspace and living space within a larger complex of studios and residences","Work in a private workspace, but in a larger complex with other artists",,"Coworking/shared maker space with access to a shared space with craft/discipline specific shared tools and resources",,,,"Indoor Performance Space: Black Box/Flex Space  (i.e. no fixed seats)",,,,,,,,,"Exhibition, Gallery Space, more than 1,000 sq. feet","Retail Space, Storefront","Classroom, teaching space","Air-Conditioned Storage Space",,"Running Water",,"Office Space, more than 5 employees","Serving Alcohol","Serving Food",,,,,"Individual Artist Workspace","Multiple Artist Workspaces","Light Industrial Workshop (mechanical equipment, flammable materials, ventilation)",,,,,,"Ramps/loading dock","Floor Drains","Wheelchair accessibility","High ceilings","Live/Work Space",,,,"78745","78747","78748",,"Used a space that was not ideal for your needs (not the right size, lacking needed equipment, not located in your preferred region, etc.)","Considered permanently leaving Austin for another city or state",,"Stopped you from pursuing a specific job, contract, project, or commission",,"Been forced to close and/or discontinue your creative practice","Stopped you from pursuing your creative practice professionally","Stopped you from expanding your operations",,,"I do not utilize any of the above City services",,,"Saw it posted on Facebook",
"10157289444","2018-08-12T14:49:20.000","2018-08-12T15:40:29.000",,,,,,,,,,,,,,,"Literary Arts",,,"New Media, Tech, Digital Arts",,,,,,,,"Web-based Content Production",,,,"100","I need space occassionaly and rent on an as needed basis","Yes","Not relevant to me/ I do not have a workspace separate from my home","Daily, 5 or more hours","78701","Decreased",,,"Work at home in a private workspace within my home",,"Work in a private workspace, but in a larger complex with other artists",,"Coworking/shared maker space with access to a shared space with craft/discipline specific shared tools and resources",,,,,,,,,,,,,,,,,,"Running Water","Office Space, less than 5 employees",,,,,,,,,"Multiple Artist Workspaces",,,"Film Processing, Darkroom",,"Soundproofing, Recording Studio",,,,,,,,,,"78701","78703","78702",,,,,,,,,,"None of the Above",,"I do not utilize any of the above City services",,,"Other (please specify)","Post card at the Central Library"
"10156534864","2018-08-11T12:19:37.000","2018-08-11T12:29:13.000",,,,,,"Fashion Design",,,,,,,,,,,,,,,,,,,,,,,,"95","I don't currently have the space I need for my art or creative work","No","Not relevant to me/ I do not have a workspace separate from my home","Daily, 5 or more hours","N/A","Not relevant to me/ I do not pay for a space",,,"Work at home in a private workspace within my home","Have workspace and living space within a larger complex of studios and residences","Work in a private workspace, but in a larger complex with other artists",,,,,,"Indoor Performance Space: Black Box/Flex Space  (i.e. no fixed seats)","Indoor Performance Space, Auditorium, Thrust Stage, Proscenium",,,,,,,"Exhibition, Gallery Space, less than 1,000 sq. feet","Exhibition, Gallery Space, more than 1,000 sq. feet","Retail Space, Storefront","Classroom, teaching space",,"Non-Air Conditioned Storage Space","Running Water",,,,,"Commercial kitchen",,,,"Individual Artist Workspace","Multiple Artist Workspaces",,,"Film Processing, Darkroom","Photo Studio",,,"Ramps/loading dock","Floor Drains",,,"Live/Work Space",,,,"78702","78721","78723","Used a space beyond the Austin city limits","Used a space that was not ideal for your needs (not the right size, lacking needed equipment, not located in your preferred region, etc.)","Considered permanently leaving Austin for another city or state","Canceled a performance or production","Stopped you from pursuing a specific job, contract, project, or commission",,"Been forced to close and/or discontinue your creative practice",,"Stopped you from expanding your operations",,"Rising rent (more than tripled) and new landlord’s refusal to fix a leaking roof forced us to give up our perfect studio space in 78702","Professional development workshops or events for creatives and artists",,,"Other (please specify)","Boss Babes"
"10155704869","2018-08-10T16:28:18.000","2018-08-10T16:50:26.000",,,,,,,,,,,,,,,,,,,"Painting, Illustration",,,,,,,,,,"Multidisciplinary visual art","3","I OWN my home and have space within my home that I use for creative work (including home studios separate from living areas, e.g. granny flat, garage studio, etc.)","No","Not relevant to me/ I do not have a workspace separate from my home","Daily, 5 or more hours","78756","Increased by 11-25%",,,"Work at home in a private workspace within my home","Have workspace and living space within a larger complex of studios and residences","Work in a private workspace, but in a larger complex with other artists",,,,,,,,,,,,,,,,,,"Air-Conditioned Storage Space",,"Running Water",,,,,,,,,"Individual Artist Workspace","Multiple Artist Workspaces",,,,,,"Oversized Doors and/or Freight Elevator",,,,"High ceilings",,,,"Art Studio about 1000 sq feet (Did you have a working visual artist help formulate these questions?)","78756","78721","78702",,"Used a space that was not ideal for your needs (not the right size, lacking needed equipment, not located in your preferred region, etc.)","Considered permanently leaving Austin for another city or state",,"Stopped you from pursuing a specific job, contract, project, or commission","Paid for space you could not afford",,,,,,"Other (please specify)","Would like to participate in those programs--they are excellent. Too busy working, or work not applicable at the time, or exh's and grant dates don't line up.",,"Other (please specify)","Online, but Jordan Gentry at Big Medium put a flyer in my hand the other day, so I decided to fill it out in my email box."
"10155026205","2018-08-10T09:49:05.000","2018-08-10T09:57:51.000",,,,,,,,,,,"Graphic Design",,,,,,,,"Painting, Illustration",,"Photography","Printmaking",,,,,,,,"7","I RENT my home and have space within my home that I use for creative work (including home studios separate from living areas, e.g. granny flat, garage studio, etc.)","No","$150- $300","Weekly, at least a few days/hours a week","78721","Increased by 5% or less",,,,"Have workspace and living space within a larger complex of studios and residences","Work in a private workspace, but in a larger complex with other artists",,"Coworking/shared maker space with access to a shared space with craft/discipline specific shared tools and resources",,,,,,,,,,,,"Exhibition, Gallery Space, less than 1,000 sq. feet","Exhibition, Gallery Space, more than 1,000 sq. feet",,,"Air-Conditioned Storage Space",,"Running Water",,,"Serving Alcohol",,,,,,"Individual Artist Workspace","Multiple Artist Workspaces","Light Industrial Workshop (mechanical equipment, flammable materials, ventilation)",,,,,"Oversized Doors and/or Freight Elevator","Ramps/loading dock",,,"High ceilings",,,,,"78702","78721","78722",,"Used a space that was not ideal for your needs (not the right size, lacking needed equipment, not located in your preferred region, etc.)","Considered permanently leaving Austin for another city or state",,,"Paid for space you could not afford",,,"Stopped you from expanding your operations",,,"I do not utilize any of the above City services",,,"Other (please specify)","a postcard was dropped off where I work, at Big Medium Gallery"
"10153560790","2018-08-09T14:12:05.000","2018-08-09T14:19:22.000",,,,,,,,,,,,,,,"Literary Arts",,,,"Painting, Illustration",,,,,"Sculpture",,,,,,"50","I RENT my home and have space within my home that I use for creative work (including home studios separate from living areas, e.g. granny flat, garage studio, etc.)","No","$0 - I have space free of charge","Daily, less than 5 hours","78617","Increased by 11-25%",,,"Work at home in a private workspace within my home",,"Work in a private workspace, but in a larger complex with other artists",,"Coworking/shared maker space with access to a shared space with craft/discipline specific shared tools and resources",,,,,,,,,,,,,,,,"Air-Conditioned Storage Space",,"Running Water",,,,,,,,,"Individual Artist Workspace","Multiple Artist Workspaces","Light Industrial Workshop (mechanical equipment, flammable materials, ventilation)","Ceramics Studio, Kiln",,,,,,,,"High ceilings",,,,,"78617","78744","78741",,,"Considered permanently leaving Austin for another city or state",,,,"Been forced to close and/or discontinue your creative practice","Stopped you from pursuing your creative practice professionally",,,,"I do not utilize any of the above City services",,,"City of Austin Website",
"10153509617","2018-08-09T13:43:57.000","2018-08-09T13:54:37.000","Animation",,,,,,,"Folk and Traditional Art",,,,"Healing Arts/Arts Therapy",,,,"Metalworking",,,"Painting, Illustration",,,"Printmaking",,"Sculpture","Textile/Fiber Arts",,,,,"0","I RENT my home and have space within my home that I use for creative work (including home studios separate from living areas, e.g. granny flat, garage studio, etc.)","No","under $150","Weekly, at least a few days/hours a week","78744","Increased by 6-10%",,,"Work at home in a private workspace within my home",,"Work in a private workspace, but in a larger complex with other artists",,"Coworking/shared maker space with access to a shared space with craft/discipline specific shared tools and resources",,,,,,,,,,,,,,,"Classroom, teaching space",,,"Running Water","Office Space, less than 5 employees",,"Serving Alcohol","Serving Food","Commercial kitchen",,,,"Individual Artist Workspace","Multiple Artist Workspaces","Light Industrial Workshop (mechanical equipment, flammable materials, ventilation)",,,,,,,"Floor Drains",,"High ceilings","Live/Work Space",,,,"78744","78747","78652","Used a space beyond the Austin city limits","Used a space that was not ideal for your needs (not the right size, lacking needed equipment, not located in your preferred region, etc.)","Considered permanently leaving Austin for another city or state",,,,,"Stopped you from pursuing your creative practice professionally","Stopped you from expanding your operations",,,"Professional development workshops or events for creatives and artists",,,"Saw it posted on Facebook",
"10153389486","2018-08-09T12:39:19.000","2018-08-09T13:06:40.000",,,,,,,,,,,,,,,,,,,,,,,,"Sculpture",,,,,,"7","I OWN my home and have space within my home that I use for creative work (including home studios separate from living areas, e.g. granny flat, garage studio, etc.)","Yes","Not relevant to me/ I do not have a workspace separate from my home","Weekly, at least a few days/hours a week","78759","Not relevant to me/ I do not pay for a space",,,"Work at home in a private workspace within my home",,,,"Coworking/shared maker space with access to a shared space with craft/discipline specific shared tools and resources",,,"Need to work with a welder on an as-needed basis",,,,,,,,,"Exhibition, Gallery Space, less than 1,000 sq. feet","Exhibition, Gallery Space, more than 1,000 sq. feet",,,,,,,,,,,,,,,,"Light Industrial Workshop (mechanical equipment, flammable materials, ventilation)",,,,,,,,,,,,,,"78759","78703","78705",,,,,,,,,,"None of the Above",,"I do not utilize any of the above City services",,,"Saw it posted on Facebook",
"10122045226","2018-07-20T09:48:55.000","2018-07-20T09:57:18.000",,,,,,,,,,,,,,,,,,,"Painting, Illustration",,,"Printmaking",,"Sculpture",,,,,,"100","I RENT studio or other work space separate from my home","No","$301- $700","Daily, 5 or more hours","78702","Increased by 6-10%",,,,,"Work in a private workspace, but in a larger complex with other artists",,,,,,,,,,,,,,,,,,,,"Running Water",,,,,,,,,"Individual Artist Workspace","Multiple Artist Workspaces","Light Industrial Workshop (mechanical equipment, flammable materials, ventilation)","Ceramics Studio, Kiln",,,,"Oversized Doors and/or Freight Elevator","Ramps/loading dock",,,"High ceilings",,,,,"78702","78704","78750",,"Used a space that was not ideal for your needs (not the right size, lacking needed equipment, not located in your preferred region, etc.)","Considered permanently leaving Austin for another city or state",,,,,,,,,"I do not utilize any of the above City services",,,"Word of mouth",
"10149691411","2018-08-07T15:12:26.000","2018-08-07T15:17:36.000",,,,,,,,,,,,,,,,,"Music/Music Composition",,,"Performing/Theatre Arts","Photography",,,,,,,,,"50","I don't currently have the space I need for my art or creative work","No","Not relevant to me/ I do not have a workspace separate from my home","Weekly, at least a few days/hours a week","78741","Increased by 5% or less",,,,,"Work in a private workspace, but in a larger complex with other artists",,,,,,"Indoor Performance Space: Black Box/Flex Space  (i.e. no fixed seats)","Indoor Performance Space, Auditorium, Thrust Stage, Proscenium","Outdoor Performance Space without amplified sound","Outdoor Performance Space with amplified sound",,"Rehearsal Space, less than 1,000 sq. feet",,,,,,,"Air-Conditioned Storage Space",,,,,,,,,,,"Individual Artist Workspace","Multiple Artist Workspaces",,,,,"Soundproofing, Recording Studio",,,,,,,,,,"78702","78704","78741",,"Used a space that was not ideal for your needs (not the right size, lacking needed equipment, not located in your preferred region, etc.)","Considered permanently leaving Austin for another city or state",,"Stopped you from pursuing a specific job, contract, project, or commission",,,"Stopped you from pursuing your creative practice professionally","Stopped you from expanding your operations",,,"I do not utilize any of the above City services",,,"City staff",
"10149259214","2018-08-07T11:22:47.000","2018-08-07T11:40:28.000",,,,"Comedy or Improv",,,,,,,,"Healing Arts/Arts Therapy",,,,,,,,,,,,,,,,,"Screenwriting","55","I OWN my home and have space within my home that I use for creative work (including home studios separate from living areas, e.g. granny flat, garage studio, etc.)","Don't know","Not relevant to me/ I do not have a workspace separate from my home","Daily, 5 or more hours","78749","Not relevant to me/ I do not pay for a space",,,"Work at home in a private workspace within my home","Have workspace and living space within a larger complex of studios and residences",,,"Coworking/shared maker space with access to a shared space with craft/discipline specific shared tools and resources",,,,"Indoor Performance Space: Black Box/Flex Space  (i.e. no fixed seats)",,,,,,,,,,,"Classroom, teaching space",,,,,,,,,,,,,"Multiple Artist Workspaces",,,,,,,,,,,"Live/Work Space",,,,"78749","78704","78702",,,,,,,,,,"None of the Above",,"Receiving funding through the Cultural Funding Program",,,"City staff",
"10142362136","2018-08-02T11:46:09.000","2018-08-02T11:55:56.000",,,,,,,,,,,,,,,,,"Music/Music Composition","New Media, Tech, Digital Arts",,,,,,,,,,,,"75","I RENT my home and have space within my home that I use for creative work (including home studios separate from living areas, e.g. granny flat, garage studio, etc.)","No","Not relevant to me/ I do not have a workspace separate from my home","Daily, 5 or more hours","78702","Stayed the same",,,"Work at home in a private workspace within my home",,"Work in a private workspace, but in a larger complex with other artists",,"Coworking/shared maker space with access to a shared space with craft/discipline specific shared tools and resources",,,,,,,,,,,,,,,,"Air-Conditioned Storage Space",,,"Office Space, less than 5 employees",,,,,,,,"Individual Artist Workspace","Multiple Artist Workspaces",,,,,"Soundproofing, Recording Studio",,,,,,,,,,"78702","78721","78722",,"Used a space that was not ideal for your needs (not the right size, lacking needed equipment, not located in your preferred region, etc.)","Considered permanently leaving Austin for another city or state",,,"Paid for space you could not afford",,"Stopped you from pursuing your creative practice professionally","Stopped you from expanding your operations",,,"I do not utilize any of the above City services",,,"City of Austin Newsletters",
"10149061853","2018-08-07T09:48:57.000","2018-08-07T10:03:03.000",,,,,,,,,,,,,,,,,,,"Painting, Illustration",,,"Printmaking",,,,,,,,"10","I OWN my home and have space within my home that I use for creative work (including home studios separate from living areas, e.g. granny flat, garage studio, etc.)","No","Not relevant to me/ I do not have a workspace separate from my home","Daily, less than 5 hours","78741","Increased by 6-10%",,,,,"Work in a private workspace, but in a larger complex with other artists",,"Coworking/shared maker space with access to a shared space with craft/discipline specific shared tools and resources","Share/Sublet my studio part time when I am not using it",,,,,,,,,,,"Exhibition, Gallery Space, less than 1,000 sq. feet",,,,"Air-Conditioned Storage Space",,"Running Water",,,,,,,,,"Individual Artist Workspace","Multiple Artist Workspaces",,,,,,,,,,"High ceilings",,,,,"78741","78702","78744","Used a space beyond the Austin city limits","Used a space that was not ideal for your needs (not the right size, lacking needed equipment, not located in your preferred region, etc.)","Considered permanently leaving Austin for another city or state",,"Stopped you from pursuing a specific job, contract, project, or commission","Paid for space you could not afford","Been forced to close and/or discontinue your creative practice","Stopped you from pursuing your creative practice professionally",,,,"Professional development workshops or events for creatives and artists",,,"City of Austin Newsletters",
"10144437289","2018-08-03T14:03:31.000","2018-08-03T14:10:03.000",,,,,,,,"Folk and Traditional Art",,,"Graphic Design",,,,,,,,"Painting, Illustration",,,,,,,,,,"Collage / Assemblage","0","I don't currently have the space I need for my art or creative work","No","Not relevant to me/ I do not have a workspace separate from my home","Monthly, a few days/hours a month","78723","Not relevant to me/ I do not pay for a space",,,"Work at home in a private workspace within my home",,"Work in a private workspace, but in a larger complex with other artists",,,"Share/Sublet my studio part time when I am not using it",,,,,,,,,,,"Exhibition, Gallery Space, less than 1,000 sq. feet",,,,"Air-Conditioned Storage Space",,"Running Water",,,,,,,,,"Individual Artist Workspace",,,,,,,,,,,,,,,"24-hour access, private, securable entrance","78723","78721","78722",,,"Considered permanently leaving Austin for another city or state",,"Stopped you from pursuing a specific job, contract, project, or commission",,,"Stopped you from pursuing your creative practice professionally",,,,"I do not utilize any of the above City services",,,"Saw it posted on Facebook",
"10144351322","2018-08-03T13:08:59.000","2018-08-03T13:13:10.000",,,,,,,,,,,,,,,,,,,,"Performing/Theatre Arts",,,,,,,,,,"0","I don't currently have the space I need for my art or creative work","No","Not relevant to me/ I do not have a workspace separate from my home","Not relevant to me- I don't need a workspace","N/A","Increased by 6-10%",,,,,,"Rent workspace on a temporary, as needed basis (by the hour or day)","Coworking/shared maker space with access to a shared space with craft/discipline specific shared tools and resources",,,,"Indoor Performance Space: Black Box/Flex Space  (i.e. no fixed seats)","Indoor Performance Space, Auditorium, Thrust Stage, Proscenium","Outdoor Performance Space without amplified sound","Outdoor Performance Space with amplified sound",,"Rehearsal Space, less than 1,000 sq. feet","Rehearsal Space, more than 1,000 sq. feet",,,,,,,"Non-Air Conditioned Storage Space",,,,,,,,"Raked Seats",,,,,,,,,,,,"Wheelchair accessibility","High ceilings",,,,,"78705","78701","78751",,"Used a space that was not ideal for your needs (not the right size, lacking needed equipment, not located in your preferred region, etc.)","Considered permanently leaving Austin for another city or state","Canceled a performance or production","Stopped you from pursuing a specific job, contract, project, or commission","Paid for space you could not afford",,"Stopped you from pursuing your creative practice professionally",,,,"Artists Resource Center services at the Dougherty Arts Center",,,"Saw it posted on Facebook",
"10142385786","2018-08-02T11:58:33.000","2018-08-02T12:07:16.000",,,,,"Dance/Choreography",,,,,,,,,,,,,,,,,,,,,,,,,"50","I RENT studio or other work space separate from my home","No","$150- $300","Monthly, a few days/hours a month","78704","Stayed the same",,,,"Have workspace and living space within a larger complex of studios and residences",,"Rent workspace on a temporary, as needed basis (by the hour or day)",,"Share/Sublet my studio part time when I am not using it",,,"Indoor Performance Space: Black Box/Flex Space  (i.e. no fixed seats)","Indoor Performance Space, Auditorium, Thrust Stage, Proscenium","Outdoor Performance Space without amplified sound","Outdoor Performance Space with amplified sound",,,"Rehearsal Space, more than 1,000 sq. feet",,,,,,,,,"Office Space, less than 5 employees",,,,,,,,"Individual Artist Workspace","Multiple Artist Workspaces",,,,,,,,,"Wheelchair accessibility","High ceilings",,,,"floors that are purpose built (ie. sprung) for dancers","78722","78702","78721",,"Used a space that was not ideal for your needs (not the right size, lacking needed equipment, not located in your preferred region, etc.)","Considered permanently leaving Austin for another city or state",,,,,,,,"Collaborated with a space that is not suitable for dance, because of the floors, but that was 'free' in one case and affordable in another. Dancing on these floors is dangerous and injurious to dancers' bodies.","Other (please specify)","this question is preventing multiple responses. a and e",,"City of Austin Newsletters",
"10143410637","2018-08-03T01:01:11.000","2018-08-03T01:11:56.000",,,,,,,,,,,,,,,,,,,,"Performing/Theatre Arts",,,,,,,,,,"100","I don't currently have the space I need for my art or creative work","No","Not relevant to me/ I do not have a workspace separate from my home","Not relevant to me- I don't need a workspace","n/a","Not relevant to me/ I do not pay for a space",,,,,,,,,"None of the Above",,"Indoor Performance Space: Black Box/Flex Space  (i.e. no fixed seats)","Indoor Performance Space, Auditorium, Thrust Stage, Proscenium",,"Outdoor Performance Space with amplified sound","Fly System, Fly Space","Rehearsal Space, less than 1,000 sq. feet","Rehearsal Space, more than 1,000 sq. feet",,,,,,,,"Running Water",,,,,,,"Raked Seats",,,,"Light Industrial Workshop (mechanical equipment, flammable materials, ventilation)",,,,"Soundproofing, Recording Studio","Oversized Doors and/or Freight Elevator","Ramps/loading dock","Floor Drains","Wheelchair accessibility","High ceilings",,,,,"78745","78704","78702",,,"Considered permanently leaving Austin for another city or state",,"Stopped you from pursuing a specific job, contract, project, or commission",,,"Stopped you from pursuing your creative practice professionally","Stopped you from expanding your operations",,"I make my home in Austin, but routinely leave for weeks at a time to work in New York City and elsewhere. It is, ironically, less expensive to live here and fly to New York for work than it is to live in New York itself. That said, there does not seem to be a viable path toward making a living working in entertainment design in Austin, and without an increased focus on building a stable, sustainable creative community, I'm afraid the city simply won't be able to maintain its creative identity.","I do not utilize any of the above City services",,,"Word of mouth",
"10112365534","2018-07-15T16:17:22.000","2018-07-15T16:27:55.000",,,,,,,,,,,,,,,,,,,"Painting, Illustration",,,,,,,,,,"mixed media visual artist (painting/drawing)","64","I OWN my home and have space within my home that I use for creative work (including home studios separate from living areas, e.g. granny flat, garage studio, etc.)","Yes","$301- $700","Daily, less than 5 hours","78704","Increased by 5% or less",,,,,,,,,,"work in detached work space next to my home",,,,,,,,,,,,,,,,,,,,,,,,,,,,,,,,,,,,,"None of the Above",,"conditioned space with ac/heater, dehumidifier.  work space and storage space","78704","78702","78741",,"Used a space that was not ideal for your needs (not the right size, lacking needed equipment, not located in your preferred region, etc.)",,,"Stopped you from pursuing a specific job, contract, project, or commission",,,,,,,"I do not utilize any of the above City services",,,"Other (please specify)","sightlines 0nline mag"
"10143005966","2018-08-02T15:53:58.000","2018-08-02T18:10:08.000",,,,,,,,,,,,,,,"Literary Arts",,"Music/Music Composition","New Media, Tech, Digital Arts",,,,,,,,,,,,"7","I don't currently have the space I need for my art or creative work","No","Not relevant to me/ I do not have a workspace separate from my home","Monthly, a few days/hours a month","78738","Increased 76% or more",,,"Work at home in a private workspace within my home",,"Work in a private workspace, but in a larger complex with other artists","Rent workspace on a temporary, as needed basis (by the hour or day)",,,,,"Indoor Performance Space: Black Box/Flex Space  (i.e. no fixed seats)",,,,,,,,,,,,,,"Running Water","Office Space, less than 5 employees",,,,,,,,,"Multiple Artist Workspaces",,,,,"Soundproofing, Recording Studio",,,,,,,,,"Tiny music practice rooms.","78704","78756","78738","Used a space beyond the Austin city limits","Used a space that was not ideal for your needs (not the right size, lacking needed equipment, not located in your preferred region, etc.)","Considered permanently leaving Austin for another city or state",,"Stopped you from pursuing a specific job, contract, project, or commission",,"Been forced to close and/or discontinue your creative practice","Stopped you from pursuing your creative practice professionally",,,,"I do not utilize any of the above City services",,,"Other (please specify)","Posted on NEXTDOOR by staff"
"10142885876","2018-08-02T13:40:01.000","2018-08-02T16:40:00.000",,,,,,,,,,,,,,,,,,,"Painting, Illustration",,,,,,,,"Woodworking",,"Bookbinding","24","I RENT my home and have space within my home that I use for creative work (including home studios separate from living areas, e.g. granny flat, garage studio, etc.)","Don't know","Not relevant to me/ I do not have a workspace separate from my home","Daily, less than 5 hours","78705","Increased by 5% or less",,,,"Have workspace and living space within a larger complex of studios and residences","Work in a private workspace, but in a larger complex with other artists",,"Coworking/shared maker space with access to a shared space with craft/discipline specific shared tools and resources",,,,,,,,,,,,"Exhibition, Gallery Space, less than 1,000 sq. feet",,,"Classroom, teaching space","Air-Conditioned Storage Space",,"Running Water",,"Office Space, more than 5 employees",,,,,,,"Individual Artist Workspace","Multiple Artist Workspaces","Light Industrial Workshop (mechanical equipment, flammable materials, ventilation)",,,,,"Oversized Doors and/or Freight Elevator",,"Floor Drains",,,,,,,"78705","78703","78756",,"Used a space that was not ideal for your needs (not the right size, lacking needed equipment, not located in your preferred region, etc.)",,,"Stopped you from pursuing a specific job, contract, project, or commission",,,,"Stopped you from expanding your operations",,,"Professional development workshops or events for creatives and artists",,,"City of Austin Newsletters",
"10142750012","2018-08-02T15:15:05.000","2018-08-02T15:21:51.000",,,,,,,,"Folk and Traditional Art",,,,,,,,,,,,,,,,"Sculpture",,,,,"Stone work","5","I RENT my home and have space within my home that I use for creative work (including home studios separate from living areas, e.g. granny flat, garage studio, etc.)","No","under $150","Weekly, at least a few days/hours a week","78729","Stayed the same",,,"Work at home in a private workspace within my home","Have workspace and living space within a larger complex of studios and residences","Work in a private workspace, but in a larger complex with other artists",,,,,,,,,,,,,,,,,,,,"Running Water",,,,,,,,,,,"Light Industrial Workshop (mechanical equipment, flammable materials, ventilation)",,,,,"Oversized Doors and/or Freight Elevator",,,,,"Live/Work Space",,,,"78702","78704","78722",,"Used a space that was not ideal for your needs (not the right size, lacking needed equipment, not located in your preferred region, etc.)","Considered permanently leaving Austin for another city or state",,"Stopped you from pursuing a specific job, contract, project, or commission",,"Been forced to close and/or discontinue your creative practice","Stopped you from pursuing your creative practice professionally",,,,"I do not utilize any of the above City services",,,"Other (please specify)","Cultural Arts Division email"
"10142673550","2018-08-02T14:26:32.000","2018-08-02T14:41:30.000",,,,,,"Fashion Design",,,,,,,,,,,,,,,,,,,,,,,,"51","I RENT studio or other work space separate from my home","No","$301- $700","Daily, 5 or more hours","78753","Not relevant to me/ I do not pay for a space",,,,"Have workspace and living space within a larger complex of studios and residences",,,,,,,,,,,,,,,,,"Retail Space, Storefront",,,,,,"Office Space, more than 5 employees",,,,,,,,,,,,,,,,,,,,,,,"78723","78753","78721",,"Used a space that was not ideal for your needs (not the right size, lacking needed equipment, not located in your preferred region, etc.)",,,,,,,,,,"I do not utilize any of the above City services",,,"Word of mouth",
"10142444678","2018-08-02T11:58:25.000","2018-08-02T12:35:43.000",,,,,,,,,,,,,,,,,"Music/Music Composition",,"Painting, Illustration",,,,,,,,,,,"14","I RENT my home and have space within my home that I use for creative work (including home studios separate from living areas, e.g. granny flat, garage studio, etc.)","No","$1,001 - $1,500","Daily, 5 or more hours","78721","Stayed the same",,,"Work at home in a private workspace within my home",,"Work in a private workspace, but in a larger complex with other artists",,"Coworking/shared maker space with access to a shared space with craft/discipline specific shared tools and resources",,,,,,,,,,,,,,,,,,,,,,,,,,,"Individual Artist Workspace",,,,,,"Soundproofing, Recording Studio",,,,,,,,,,"78702","78721","78722",,"Used a space that was not ideal for your needs (not the right size, lacking needed equipment, not located in your preferred region, etc.)",,,,"Paid for space you could not afford",,"Stopped you from pursuing your creative practice professionally",,,,"I do not utilize any of the above City services",,,"Word of mouth",
"10142383651","2018-08-02T11:57:49.000","2018-08-02T12:02:40.000",,,,,,,,,,,,,,,,,,,,"Performing/Theatre Arts",,,,,,,,,,"0","I need space occassionaly and rent on an as needed basis","No","Not relevant to me/ I do not have a workspace separate from my home","Rarely, less than 4 days per month","78748","Not relevant to me/ I do not pay for a space",,,,"Have workspace and living space within a larger complex of studios and residences",,"Rent workspace on a temporary, as needed basis (by the hour or day)","Coworking/shared maker space with access to a shared space with craft/discipline specific shared tools and resources",,,,"Indoor Performance Space: Black Box/Flex Space  (i.e. no fixed seats)","Indoor Performance Space, Auditorium, Thrust Stage, Proscenium","Outdoor Performance Space without amplified sound","Outdoor Performance Space with amplified sound","Fly System, Fly Space","Rehearsal Space, less than 1,000 sq. feet","Rehearsal Space, more than 1,000 sq. feet",,,,,,"Air-Conditioned Storage Space",,"Running Water",,,"Serving Alcohol","Serving Food",,,,,,,"Light Industrial Workshop (mechanical equipment, flammable materials, ventilation)",,,,,"Oversized Doors and/or Freight Elevator","Ramps/loading dock",,"Wheelchair accessibility",,,,,,"78745","78748","78721",,"Used a space that was not ideal for your needs (not the right size, lacking needed equipment, not located in your preferred region, etc.)","Considered permanently leaving Austin for another city or state","Canceled a performance or production","Stopped you from pursuing a specific job, contract, project, or commission","Paid for space you could not afford",,"Stopped you from pursuing your creative practice professionally","Stopped you from expanding your operations",,,"Renting City facilities on an as needed basis",,,"Word of mouth",
"10142331062","2018-08-02T11:29:08.000","2018-08-02T11:37:29.000",,,,,,,,,,,,,,,,,,,,"Performing/Theatre Arts",,,,,,,,,,"9","I don't currently have the space I need for my art or creative work","No","Not relevant to me/ I do not have a workspace separate from my home","Weekly, at least a few days/hours a week","n/a","Not relevant to me/ I do not pay for a space",,,,,"Work in a private workspace, but in a larger complex with other artists",,"Coworking/shared maker space with access to a shared space with craft/discipline specific shared tools and resources",,,"Owned spaces within the city that provide space for other artists’ programming","Indoor Performance Space: Black Box/Flex Space  (i.e. no fixed seats)","Indoor Performance Space, Auditorium, Thrust Stage, Proscenium","Outdoor Performance Space without amplified sound","Outdoor Performance Space with amplified sound","Fly System, Fly Space","Rehearsal Space, less than 1,000 sq. feet","Rehearsal Space, more than 1,000 sq. feet","Mirrors/mirrored wall","Exhibition, Gallery Space, less than 1,000 sq. feet","Exhibition, Gallery Space, more than 1,000 sq. feet","Retail Space, Storefront","Classroom, teaching space","Air-Conditioned Storage Space","Non-Air Conditioned Storage Space","Running Water","Office Space, less than 5 employees","Office Space, more than 5 employees","Serving Alcohol","Serving Food","Commercial kitchen","Specialty Floors (Marley, Subfloor, Acro Mats, Sprung Floors)","Raked Seats","Projection, Movie Theater","Individual Artist Workspace","Multiple Artist Workspaces","Light Industrial Workshop (mechanical equipment, flammable materials, ventilation)",,,,"Soundproofing, Recording Studio","Oversized Doors and/or Freight Elevator","Ramps/loading dock",,"Wheelchair accessibility","High ceilings",,,,,"78702","78704","78705",,,"Considered permanently leaving Austin for another city or state",,"Stopped you from pursuing a specific job, contract, project, or commission",,,"Stopped you from pursuing your creative practice professionally","Stopped you from expanding your operations",,,"I do not utilize any of the above City services",,,"Saw it posted on Facebook",
"10142277646","2018-08-02T11:01:05.000","2018-08-02T11:07:21.000",,,,,,,,,,,,,,,,,,,"Painting, Illustration",,"Photography",,,,,,,,,"1","I RENT studio or other work space separate from my home","No","$301- $700","Weekly, at least a few days/hours a week","78757","Increased by 6-10%",,,,,"Work in a private workspace, but in a larger complex with other artists",,,,,,,,,,,,,,,"Exhibition, Gallery Space, more than 1,000 sq. feet","Retail Space, Storefront",,"Air-Conditioned Storage Space",,"Running Water",,,,,,,,,"Individual Artist Workspace","Multiple Artist Workspaces",,,,,,,,,"Wheelchair accessibility","High ceilings",,,,,"78757","78731","78703",,"Used a space that was not ideal for your needs (not the right size, lacking needed equipment, not located in your preferred region, etc.)",,,,"Paid for space you could not afford",,"Stopped you from pursuing your creative practice professionally",,,,"I do not utilize any of the above City services",,,"City of Austin Newsletters",
"10142233785","2018-08-02T10:37:54.000","2018-08-02T10:43:30.000",,,,,,,,,,,,,,,,,,,,"Performing/Theatre Arts",,,,,,,,,,"3","My work space is provided free of charge to me (e.g., member of dance troupe, university student, etc.)","No","$0 - I have space free of charge","Weekly, at least a few days/hours a week","78701","Not relevant to me/ I do not pay for a space",,,,,"Work in a private workspace, but in a larger complex with other artists",,,,,,"Indoor Performance Space: Black Box/Flex Space  (i.e. no fixed seats)","Indoor Performance Space, Auditorium, Thrust Stage, Proscenium","Outdoor Performance Space without amplified sound","Outdoor Performance Space with amplified sound",,,"Rehearsal Space, more than 1,000 sq. feet","Mirrors/mirrored wall",,,,"Classroom, teaching space",,,,,,,,,,,,,,,,,,,,,,,,,,,,"78702","78704","78721","Used a space beyond the Austin city limits","Used a space that was not ideal for your needs (not the right size, lacking needed equipment, not located in your preferred region, etc.)",,,"Stopped you from pursuing a specific job, contract, project, or commission",,,,,,"Worked with many productions that perform outdoors/without proper lighting or amplification because indoor performance and rehearsal spaces are too expensive or get booked up.","Don't Know",,,"City of Austin Newsletters",
"10120266103","2018-07-19T11:17:02.000","2018-07-19T11:18:18.000",,,,,,,,,,,,,,,,,"Music/Music Composition",,,,,,,,,,,,,"0","I don't currently have the space I need for my art or creative work","No","Not relevant to me/ I do not have a workspace separate from my home","Daily, less than 5 hours","78723","Increased by 5% or less",,,,,,,,,,,,,,,,,,,,,,,,,,,,,,,,,,,,,,,,,,,,,,,,,,,,,,,,,,,,,,,,,,,,
"10141237238","2018-08-01T20:44:57.000","2018-08-01T20:51:05.000",,,,,,,,,,,,,"Installation or Public Art",,,"Metalworking",,,"Painting, Illustration",,,,,"Sculpture",,,,,,"10","I don't currently have the space I need for my art or creative work","No","Not relevant to me/ I do not have a workspace separate from my home","Weekly, at least a few days/hours a week","78741","Increased by 6-10%",,,,,"Work in a private workspace, but in a larger complex with other artists",,,,,,,,,,,,,,,"Exhibition, Gallery Space, more than 1,000 sq. feet","Retail Space, Storefront","Classroom, teaching space",,,"Running Water",,,,,,,,,"Individual Artist Workspace","Multiple Artist Workspaces","Light Industrial Workshop (mechanical equipment, flammable materials, ventilation)",,,,,"Oversized Doors and/or Freight Elevator",,,,"High ceilings",,,,"Wood shop , 24 h access","78702","78741","78742",,"Used a space that was not ideal for your needs (not the right size, lacking needed equipment, not located in your preferred region, etc.)","Considered permanently leaving Austin for another city or state",,"Stopped you from pursuing a specific job, contract, project, or commission","Paid for space you could not afford","Been forced to close and/or discontinue your creative practice","Stopped you from pursuing your creative practice professionally","Stopped you from expanding your operations",,,"I do not utilize any of the above City services",,,"Saw it posted on Facebook",
"10141154608","2018-08-01T19:39:29.000","2018-08-01T19:47:17.000",,,,,,,,"Folk and Traditional Art",,,"Graphic Design",,,,,,,,"Painting, Illustration",,,"Printmaking",,,,,,,,"100","I don't currently have the space I need for my art or creative work","Don't know","Not relevant to me/ I do not have a workspace separate from my home","Weekly, at least a few days/hours a week","78757","Increased by 6-10%",,,"Work at home in a private workspace within my home",,"Work in a private workspace, but in a larger complex with other artists",,"Coworking/shared maker space with access to a shared space with craft/discipline specific shared tools and resources",,,,,,,,,,,,"Exhibition, Gallery Space, less than 1,000 sq. feet",,,"Classroom, teaching space","Air-Conditioned Storage Space",,,"Office Space, less than 5 employees",,"Serving Alcohol",,,,,,"Individual Artist Workspace","Multiple Artist Workspaces","Light Industrial Workshop (mechanical equipment, flammable materials, ventilation)",,,,,,,"Floor Drains","Wheelchair accessibility","High ceilings",,,,"Natural light!!!","78757","78758","78723",,"Used a space that was not ideal for your needs (not the right size, lacking needed equipment, not located in your preferred region, etc.)","Considered permanently leaving Austin for another city or state",,"Stopped you from pursuing a specific job, contract, project, or commission",,"Been forced to close and/or discontinue your creative practice","Stopped you from pursuing your creative practice professionally","Stopped you from expanding your operations",,,"Renting City facilities on an as needed basis",,,"Saw it posted on Facebook",
"10141134633","2018-08-01T19:23:02.000","2018-08-01T19:37:04.000",,,,,,,,,,,,,"Installation or Public Art",,,,,,"Painting, Illustration",,,,,,,,,,,"85","I RENT my home and have space within my home that I use for creative work (including home studios separate from living areas, e.g. granny flat, garage studio, etc.)","No","Not relevant to me/ I do not have a workspace separate from my home","Weekly, at least a few days/hours a week","78751","Increased by 5% or less",,,,,"Work in a private workspace, but in a larger complex with other artists","Rent workspace on a temporary, as needed basis (by the hour or day)","Coworking/shared maker space with access to a shared space with craft/discipline specific shared tools and resources",,,,,,,,,"Rehearsal Space, less than 1,000 sq. feet",,"Mirrors/mirrored wall",,,,,,,"Running Water",,,,,,"Specialty Floors (Marley, Subfloor, Acro Mats, Sprung Floors)",,,"Individual Artist Workspace","Multiple Artist Workspaces",,,,,,"Oversized Doors and/or Freight Elevator","Ramps/loading dock",,,,,,,,"78751","78705","78702",,"Used a space that was not ideal for your needs (not the right size, lacking needed equipment, not located in your preferred region, etc.)",,,,"Paid for space you could not afford",,,,,"Isolated myself from other creatives (working in my home) due to not being able to rent an expensive co-working artist space.","Professional development workshops or events for creatives and artists",,,"Other (please specify)","AIPP on facebook"
"10140594940","2018-08-01T13:42:07.000","2018-08-01T13:48:48.000",,,,,,,,,,,,,,,,,"Music/Music Composition",,,,,,,,,,,,,"30","I don't currently have the space I need for my art or creative work","No","Not relevant to me/ I do not have a workspace separate from my home","Daily, less than 5 hours","N/A","Not relevant to me/ I do not pay for a space",,,"Work at home in a private workspace within my home",,"Work in a private workspace, but in a larger complex with other artists",,"Coworking/shared maker space with access to a shared space with craft/discipline specific shared tools and resources","Share/Sublet my studio part time when I am not using it",,,,,,,,"Rehearsal Space, less than 1,000 sq. feet",,,,,,,"Air-Conditioned Storage Space",,"Running Water",,,,,,,,,"Individual Artist Workspace",,,,,,"Soundproofing, Recording Studio",,"Ramps/loading dock",,,,"Live/Work Space",,,,"78705","78704","78702",,"Used a space that was not ideal for your needs (not the right size, lacking needed equipment, not located in your preferred region, etc.)","Considered permanently leaving Austin for another city or state",,,"Paid for space you could not afford",,,,,"The main issue I have here is Austin is finding housing that is suitable to make music in. Detached spaces are hard to come by and costs are becoming prohibitive.","Professional development workshops or events for creatives and artists",,,"City of Austin Newsletters",
"10140048092","2018-08-01T09:10:18.000","2018-08-01T09:18:47.000",,,,"Comedy or Improv",,"Fashion Design",,,,,,,"Installation or Public Art",,,,,,,"Performing/Theatre Arts",,,,"Sculpture","Textile/Fiber Arts",,,,"Immersive and interactive environments","15","I don't currently have the space I need for my art or creative work","No","Not relevant to me/ I do not have a workspace separate from my home","Weekly, at least a few days/hours a week","N/A","Not relevant to me/ I do not pay for a space",,,"Work at home in a private workspace within my home",,"Work in a private workspace, but in a larger complex with other artists",,"Coworking/shared maker space with access to a shared space with craft/discipline specific shared tools and resources",,,,"Indoor Performance Space: Black Box/Flex Space  (i.e. no fixed seats)",,"Outdoor Performance Space without amplified sound",,,,,,,"Exhibition, Gallery Space, more than 1,000 sq. feet",,,"Air-Conditioned Storage Space",,"Running Water",,,,,,,,,"Individual Artist Workspace",,"Light Industrial Workshop (mechanical equipment, flammable materials, ventilation)",,,,,"Oversized Doors and/or Freight Elevator","Ramps/loading dock","Floor Drains",,"High ceilings",,,,,"78745","78748","78739",,"Used a space that was not ideal for your needs (not the right size, lacking needed equipment, not located in your preferred region, etc.)","Considered permanently leaving Austin for another city or state","Canceled a performance or production","Stopped you from pursuing a specific job, contract, project, or commission",,"Been forced to close and/or discontinue your creative practice",,"Stopped you from expanding your operations",,,"I do not utilize any of the above City services",,,"Read about it in the News, Magazine",
"10136982322","2018-07-30T16:51:11.000","2018-07-30T16:56:11.000",,,,,,,,,,,,,,,,,"Music/Music Composition",,"Painting, Illustration",,,,,,,,,,,"15","I don't currently have the space I need for my art or creative work","Don't know","Not relevant to me/ I do not have a workspace separate from my home","Weekly, at least a few days/hours a week","n/a","Not relevant to me/ I do not pay for a space",,,,,"Work in a private workspace, but in a larger complex with other artists","Rent workspace on a temporary, as needed basis (by the hour or day)","Coworking/shared maker space with access to a shared space with craft/discipline specific shared tools and resources",,,,,,,,,"Rehearsal Space, less than 1,000 sq. feet",,,"Exhibition, Gallery Space, less than 1,000 sq. feet",,,,,,,,,,,,,,,"Individual Artist Workspace","Multiple Artist Workspaces",,,,,"Soundproofing, Recording Studio",,,,,,,,,,"78705","78723","78702",,"Used a space that was not ideal for your needs (not the right size, lacking needed equipment, not located in your preferred region, etc.)",,,,"Paid for space you could not afford","Been forced to close and/or discontinue your creative practice","Stopped you from pursuing your creative practice professionally","Stopped you from expanding your operations",,,"Applying for City of Austin Artist Residency Programs",,,"City of Austin Newsletters",
"10136553864","2018-07-30T12:37:08.000","2018-07-30T12:47:25.000",,,,,,,,,,,,,,,,,,,"Painting, Illustration",,,,,,,,,,,"100","I OWN studio or other work space separate from my home","I don't need a workspace/Not relevant to me.","$0 - I have space free of charge","Daily, 5 or more hours","78702","Not relevant to me/ I do not pay for a space",,,"Work at home in a private workspace within my home",,"Work in a private workspace, but in a larger complex with other artists",,,,,"Have my current arrangement, which is a studio outside of my home, located within a property I own.",,,,,,,,,"Exhibition, Gallery Space, less than 1,000 sq. feet",,,,"Air-Conditioned Storage Space","Non-Air Conditioned Storage Space","Running Water",,,,,,,,,"Individual Artist Workspace",,,,,,,,,,,"High ceilings","Live/Work Space",,,,"78702","78701","78703",,"Used a space that was not ideal for your needs (not the right size, lacking needed equipment, not located in your preferred region, etc.)",,,"Stopped you from pursuing a specific job, contract, project, or commission",,,,"Stopped you from expanding your operations",,,"Professional development workshops or events for creatives and artists",,,"City of Austin Newsletters",
"10134888848","2018-07-29T05:25:50.000","2018-07-29T05:31:49.000",,,,,,,,,,,,,,,,,,,"Painting, Illustration",,,"Printmaking",,"Sculpture",,,,,,"33","I OWN my home and have space within my home that I use for creative work (including home studios separate from living areas, e.g. granny flat, garage studio, etc.)","No","$0 - I have space free of charge","Daily, 5 or more hours","78731","Stayed the same",,,"Work at home in a private workspace within my home",,,,,,,,,,,,,,,,"Exhibition, Gallery Space, less than 1,000 sq. feet",,,"Classroom, teaching space",,,,,,,,,,,,,"Multiple Artist Workspaces","Light Industrial Workshop (mechanical equipment, flammable materials, ventilation)",,,,,,"Ramps/loading dock",,"Wheelchair accessibility",,,,,,"78731","78757","78756",,"Used a space that was not ideal for your needs (not the right size, lacking needed equipment, not located in your preferred region, etc.)","Considered permanently leaving Austin for another city or state",,,,,,"Stopped you from expanding your operations",,,"I do not utilize any of the above City services",,,"Other (please specify)","Big Medium"
"10136394370","2018-07-30T11:15:42.000","2018-07-30T11:35:09.000",,,,,,,,,,,,"Healing Arts/Arts Therapy",,,,,"Music/Music Composition","New Media, Tech, Digital Arts","Painting, Illustration",,,,,,,"Web-based Content Production",,,,"100","I OWN my home and have space within my home that I use for creative work (including home studios separate from living areas, e.g. granny flat, garage studio, etc.)","Yes","Not relevant to me/ I do not have a workspace separate from my home","Daily, 5 or more hours","78737","Increased by 11-25%",,,"Work at home in a private workspace within my home",,,,"Coworking/shared maker space with access to a shared space with craft/discipline specific shared tools and resources",,,,,"Indoor Performance Space, Auditorium, Thrust Stage, Proscenium",,"Outdoor Performance Space with amplified sound",,,,,"Exhibition, Gallery Space, less than 1,000 sq. feet",,"Retail Space, Storefront","Classroom, teaching space",,,"Running Water",,,"Serving Alcohol","Serving Food","Commercial kitchen",,,"Projection, Movie Theater",,,,,,,,,,,"Wheelchair accessibility",,,,,,"78701","78703","78737","Used a space beyond the Austin city limits","Used a space that was not ideal for your needs (not the right size, lacking needed equipment, not located in your preferred region, etc.)","Considered permanently leaving Austin for another city or state",,"Stopped you from pursuing a specific job, contract, project, or commission",,,,,,"Paid space too expensive for rent or display, museums have very specific curating or do not have open exhibits for local artists, as an artist and musician, everyone wants my work unpaid (tip jar time!) or wants me to pay them to entertain their paid customers, and frankly, there is a reverse bias for people like me, women who are white, middle-aged, and while not wealthy by any means, I'm not starving, suffering, recently traumatized, representing a ""minority"", college-aged or younger, or sufficiently weird in the most acceptable Austin way.  So I get passed over frequently because I'm none of the above.  Sorry but it's true... total non-prejudice is what I practice, and I wish I received it back...I commute from Austin to Portland, in order to expand my operations.","Other (please specify)","live outside the city",,"City of Austin Newsletters",
"10136329994","2018-07-30T10:41:54.000","2018-07-30T10:48:12.000",,,,,,,,,,,"Graphic Design",,,,,,,,"Painting, Illustration",,,,,,,,,,,"20","I RENT my home and have space within my home that I use for creative work (including home studios separate from living areas, e.g. granny flat, garage studio, etc.)","No","Not relevant to me/ I do not have a workspace separate from my home","Weekly, at least a few days/hours a week","78751","Stayed the same",,,,,"Work in a private workspace, but in a larger complex with other artists",,"Coworking/shared maker space with access to a shared space with craft/discipline specific shared tools and resources",,,,,,,,,,,,"Exhibition, Gallery Space, less than 1,000 sq. feet",,,,"Air-Conditioned Storage Space",,"Running Water",,,,,,,,,"Individual Artist Workspace",,,,,,,,,,,"High ceilings",,,,,"78705","78756","78751",,"Used a space that was not ideal for your needs (not the right size, lacking needed equipment, not located in your preferred region, etc.)","Considered permanently leaving Austin for another city or state",,"Stopped you from pursuing a specific job, contract, project, or commission",,,,"Stopped you from expanding your operations",,,"Applying for City of Austin Artist Residency Programs",,,"Saw it posted on Facebook",
"10136289253","2018-07-30T10:20:33.000","2018-07-30T10:27:41.000",,,,,,,,,,,,,,,,,"Music/Music Composition",,,,,,,,,,,,,"21","I OWN my home and have space within my home that I use for creative work (including home studios separate from living areas, e.g. granny flat, garage studio, etc.)","Yes","$301- $700","Daily, less than 5 hours","78756","Increased by 6-10%",,,"Work at home in a private workspace within my home","Have workspace and living space within a larger complex of studios and residences","Work in a private workspace, but in a larger complex with other artists",,,,,,"Indoor Performance Space: Black Box/Flex Space  (i.e. no fixed seats)","Indoor Performance Space, Auditorium, Thrust Stage, Proscenium",,,,"Rehearsal Space, less than 1,000 sq. feet",,,,,,"Classroom, teaching space",,,"Running Water",,,,,,,"Raked Seats",,,,,,,,"Soundproofing, Recording Studio",,"Ramps/loading dock",,,"High ceilings",,,,,"78756","78757","Uiutq","Used a space beyond the Austin city limits",,,,,,,,,,,"Professional development workshops or events for creatives and artists",,,"City of Austin Newsletters",
"10131885581","2018-07-26T17:16:31.000","2018-07-26T17:23:10.000",,,,,,,,,,,,,,,,,,,,,,,,,"Textile/Fiber Arts",,,,"Book binding","100","I RENT studio or other work space separate from my home","No","Over $1,500","Daily, 5 or more hours","78702","Increased by 6-10%",,,,"Have workspace and living space within a larger complex of studios and residences","Work in a private workspace, but in a larger complex with other artists",,,,,"I'd love to buy affordable studio space within a community of artists!",,,,,,,,,,,"Retail Space, Storefront",,,"Non-Air Conditioned Storage Space","Running Water",,,,,,,,,"Individual Artist Workspace",,"Light Industrial Workshop (mechanical equipment, flammable materials, ventilation)",,,,,"Oversized Doors and/or Freight Elevator","Ramps/loading dock",,"Wheelchair accessibility","High ceilings","Live/Work Space",,,,"78702","78701","78721",,"Used a space that was not ideal for your needs (not the right size, lacking needed equipment, not located in your preferred region, etc.)","Considered permanently leaving Austin for another city or state",,,"Paid for space you could not afford",,,"Stopped you from expanding your operations",,,"Professional development workshops or events for creatives and artists",,,"Other (please specify)","emailed to me from Big Medium"
"10136287558","2018-07-30T10:19:44.000","2018-07-30T10:26:42.000",,,,,,,"Film/TV",,,,"Graphic Design",,,,,,"Music/Music Composition","New Media, Tech, Digital Arts",,,,,,,,"Web-based Content Production",,,,"90","I RENT my home and have space within my home that I use for creative work (including home studios separate from living areas, e.g. granny flat, garage studio, etc.)","No","Not relevant to me/ I do not have a workspace separate from my home","Daily, 5 or more hours","78610","Increased by 5% or less",,,"Work at home in a private workspace within my home",,"Work in a private workspace, but in a larger complex with other artists","Rent workspace on a temporary, as needed basis (by the hour or day)","Coworking/shared maker space with access to a shared space with craft/discipline specific shared tools and resources",,,,"Indoor Performance Space: Black Box/Flex Space  (i.e. no fixed seats)",,,"Outdoor Performance Space with amplified sound",,"Rehearsal Space, less than 1,000 sq. feet",,,,,"Retail Space, Storefront","Classroom, teaching space","Air-Conditioned Storage Space",,"Running Water",,"Office Space, more than 5 employees","Serving Alcohol","Serving Food","Commercial kitchen",,,,,"Multiple Artist Workspaces",,,,,"Soundproofing, Recording Studio",,"Ramps/loading dock",,"Wheelchair accessibility","High ceilings","Live/Work Space",,,,"78745","78704","78701","Used a space beyond the Austin city limits","Used a space that was not ideal for your needs (not the right size, lacking needed equipment, not located in your preferred region, etc.)","Considered permanently leaving Austin for another city or state",,"Stopped you from pursuing a specific job, contract, project, or commission",,,,"Stopped you from expanding your operations",,,"I do not utilize any of the above City services",,,"City of Austin Newsletters",
"10136287022","2018-07-30T10:19:29.000","2018-07-30T10:23:48.000",,,,,,,,,,,,,,,,,"Music/Music Composition",,,"Performing/Theatre Arts",,,,,,,,,,"50","I need space occassionaly and rent on an as needed basis","No","Not relevant to me/ I do not have a workspace separate from my home","Rarely, less than 4 days per month","n/a","Not relevant to me/ I do not pay for a space",,,,,,,,,"None of the Above","Need the right performance space","Indoor Performance Space: Black Box/Flex Space  (i.e. no fixed seats)",,,,,,,,,,,,,,,,,,,,,,,,,,,,,,,,,,,,,,,"78746","78701",,,"Used a space that was not ideal for your needs (not the right size, lacking needed equipment, not located in your preferred region, etc.)",,,,"Paid for space you could not afford",,"Stopped you from pursuing your creative practice professionally",,,,"I do not utilize any of the above City services",,,"Don’t Remember",
"10127068544","2018-07-24T09:47:31.000","2018-07-24T09:53:43.000",,,,,,,,,,,,,,,,,,,,,"Photography",,,,,,,,,"100","I RENT studio or other work space separate from my home","Yes","$701- $1,000","Weekly, at least a few days/hours a week","78702","Increased by 11-25%",,,,,"Work in a private workspace, but in a larger complex with other artists",,,,,"a separate building on the lot our house is on",,,,,,,,,,,,,"Air-Conditioned Storage Space",,"Running Water",,,,,,,,,"Individual Artist Workspace",,,,,,,,,,,"High ceilings",,,,,"78756","78702","78701",,,,,,,,,,"None of the Above",,"Receiving funding through the Cultural Funding Program",,,"City staff",
"10133648187","2018-07-27T17:04:31.000","2018-07-27T17:50:04.000",,,,,,,,,,,,,,,,,,,"Painting, Illustration",,,,,,,,,,,"70","My work space is provided free of charge to me (e.g., member of dance troupe, university student, etc.)","No","$0 - I have space free of charge","Daily, less than 5 hours","78751","Not relevant to me/ I do not pay for a space",,,,,"Work in a private workspace, but in a larger complex with other artists",,"Coworking/shared maker space with access to a shared space with craft/discipline specific shared tools and resources",,,"A private workspace in a complex with other artists with access to a shared space/tools/resources would be ideal",,,,,,,,,"Exhibition, Gallery Space, less than 1,000 sq. feet","Exhibition, Gallery Space, more than 1,000 sq. feet","Retail Space, Storefront","Classroom, teaching space","Air-Conditioned Storage Space",,"Running Water",,,,,,,,,"Individual Artist Workspace","Multiple Artist Workspaces","Light Industrial Workshop (mechanical equipment, flammable materials, ventilation)",,,"Photo Studio",,,,,,"High ceilings",,,,"Ample natural and artificial light (windows/skylights and track lighting or directional clamp lighting) with shades or translucent cover so that live-models could pose safely","78751","78702","78701",,"Used a space that was not ideal for your needs (not the right size, lacking needed equipment, not located in your preferred region, etc.)","Considered permanently leaving Austin for another city or state",,"Stopped you from pursuing a specific job, contract, project, or commission",,"Been forced to close and/or discontinue your creative practice","Stopped you from pursuing your creative practice professionally",,,"Over the last 20 years I have been a creative living in Austin, I have:   - sold work without documenting it because I didn't have photography equipment (camera, lights), could not afford to have it professionally photographed, and needed the space it was taking up  - was unable to sell some work because I didn't have the space to frame it myself, and couldn't afford the cost of getting the work framed,  - had my studio burglarized and equipment stolen (the lock was pried off the shed behind my rented house, which I was using as a studio, and my cordless drill, a ladder, stereo, and bicycle were stolen).  - had to work odd hours because I was sharing space and limited electricity with another artist, as well as the lack of air-conditioning and heating in summers and winters.  - had to give up use of most of my kitchen for several weeks to complete a commission  - had nowhere to invite art curators and critics to view my work to help with professional advancement, causing people to think my day job was my only career","Professional development workshops or events for creatives and artists",,,"Other (please specify)","Instagram"
"10133619095","2018-07-27T16:38:38.000","2018-07-27T16:53:56.000",,,,,,,,,,,,,,,,,,,,,,,,"Sculpture",,,,,,"20","I OWN my home and have space within my home that I use for creative work (including home studios separate from living areas, e.g. granny flat, garage studio, etc.)","No","Not relevant to me/ I do not have a workspace separate from my home","Weekly, at least a few days/hours a week","78629","Increased by 5% or less",,,"Work at home in a private workspace within my home",,"Work in a private workspace, but in a larger complex with other artists",,"Coworking/shared maker space with access to a shared space with craft/discipline specific shared tools and resources",,,,,,,,,,,,"Exhibition, Gallery Space, less than 1,000 sq. feet",,,,,,,,,,,,,,,,,,,,,,,,,,,,,,,"78704","78620","78738","Used a space beyond the Austin city limits","Used a space that was not ideal for your needs (not the right size, lacking needed equipment, not located in your preferred region, etc.)","Considered permanently leaving Austin for another city or state",,,,,"Stopped you from pursuing your creative practice professionally","Stopped you from expanding your operations",,,"I do not utilize any of the above City services",,,"Other (please specify)","It was sent to my email address"
"10130934414","2018-07-26T08:29:46.000","2018-07-26T08:42:14.000",,,,,,,,,,,,,,,,,,,"Painting, Illustration",,,,,,,,,,,"10","I don't currently have the space I need for my art or creative work","No","Not relevant to me/ I do not have a workspace separate from my home","Not relevant to me- I don't need a workspace","N/a","Not relevant to me/ I do not pay for a space",,,,,"Work in a private workspace, but in a larger complex with other artists",,,,,,,,,,,,,,"Exhibition, Gallery Space, less than 1,000 sq. feet",,,,"Air-Conditioned Storage Space",,"Running Water",,,,,,,,,"Individual Artist Workspace","Multiple Artist Workspaces",,,,,,,,,,"High ceilings",,,,,"78757","78759","78731",,"Used a space that was not ideal for your needs (not the right size, lacking needed equipment, not located in your preferred region, etc.)",,,,,"Been forced to close and/or discontinue your creative practice",,,,,"I do not utilize any of the above City services",,,"Saw it posted on Facebook",
"10129892823","2018-07-25T16:36:20.000","2018-07-25T16:48:16.000",,,,,,,,,,,,,,,,,,,,,"Photography",,,,,,,,,"100","I RENT my home and have space within my home that I use for creative work (including home studios separate from living areas, e.g. granny flat, garage studio, etc.)","No","Not relevant to me/ I do not have a workspace separate from my home","Daily, less than 5 hours","78741","Stayed the same",,,"Work at home in a private workspace within my home","Have workspace and living space within a larger complex of studios and residences","Work in a private workspace, but in a larger complex with other artists",,,,,,,,,,,,,,,,,,,,,,,,,,,,,"Individual Artist Workspace","Multiple Artist Workspaces","Light Industrial Workshop (mechanical equipment, flammable materials, ventilation)",,,"Photo Studio",,"Oversized Doors and/or Freight Elevator",,"Floor Drains",,"High ceilings","Live/Work Space",,,,"78702","78703","78701","Used a space beyond the Austin city limits","Used a space that was not ideal for your needs (not the right size, lacking needed equipment, not located in your preferred region, etc.)","Considered permanently leaving Austin for another city or state",,,,,"Stopped you from pursuing your creative practice professionally","Stopped you from expanding your operations",,"I have to use ATX Hackerspace to work on my frames which is thirty minutes from my house, and I have to do things very inefficiently since I do some of the work at home and some at the co-op. Since my living room is an artist studio, my home isn't a comfortable home. It would be nice to have a reasonably priced live/work space which is possible outside of Austin but not realistic for me here.","I do not utilize any of the above City services",,,"Other (please specify)","East Austin Studio Tour Google Group"
"10129494048","2018-07-25T12:46:20.000","2018-07-25T12:54:03.000",,,,,,,,,,,,"Healing Arts/Arts Therapy","Installation or Public Art",,,,"Music/Music Composition",,"Painting, Illustration",,,,,"Sculpture",,,,,,"75","I don't currently have the space I need for my art or creative work","No","$701- $1,000","Daily, 5 or more hours","N/a","Increased 50-75%",,,,,"Work in a private workspace, but in a larger complex with other artists",,,,,,,,,,,"Rehearsal Space, less than 1,000 sq. feet",,,"Exhibition, Gallery Space, less than 1,000 sq. feet",,,"Classroom, teaching space","Air-Conditioned Storage Space",,"Running Water","Office Space, less than 5 employees",,,,,,,,,,,,,,,"Oversized Doors and/or Freight Elevator","Ramps/loading dock",,,"High ceilings","Live/Work Space",,,,"78702","78704","78741",,"Used a space that was not ideal for your needs (not the right size, lacking needed equipment, not located in your preferred region, etc.)","Considered permanently leaving Austin for another city or state","Canceled a performance or production","Stopped you from pursuing a specific job, contract, project, or commission","Paid for space you could not afford","Been forced to close and/or discontinue your creative practice","Stopped you from pursuing your creative practice professionally","Stopped you from expanding your operations",,,"Professional development workshops or events for creatives and artists",,,"Saw it posted on Facebook",
"10129115102","2018-07-25T09:24:23.000","2018-07-25T09:28:57.000",,,,,,,,,,,,,,,,,,,"Painting, Illustration",,,,,,,,,,,"85","I RENT my home and have space within my home that I use for creative work (including home studios separate from living areas, e.g. granny flat, garage studio, etc.)","No","$150- $300","Daily, 5 or more hours","78727","Increased by 5% or less",,,"Work at home in a private workspace within my home","Have workspace and living space within a larger complex of studios and residences",,,,,,,,,,,,,,,,,,"Classroom, teaching space",,,,,,,,,,,,"Individual Artist Workspace","Multiple Artist Workspaces",,,,,,,,,,,"Live/Work Space",,,,"78727","78759","78729",,"Used a space that was not ideal for your needs (not the right size, lacking needed equipment, not located in your preferred region, etc.)",,,,,,,,,,"Other (please specify)","Artist Inc.",,"Word of mouth",
"10121794820","2018-07-20T07:28:04.000","2018-07-20T07:40:30.000",,,,,,,,,,,,,,,"Literary Arts",,,,,,,,,,,,,,,"2","I OWN my home and have space within my home that I use for creative work (including home studios separate from living areas, e.g. granny flat, garage studio, etc.)","No","Not relevant to me/ I do not have a workspace separate from my home","Weekly, at least a few days/hours a week","78745","Increased by 5% or less",,,"Work at home in a private workspace within my home",,"Work in a private workspace, but in a larger complex with other artists",,"Coworking/shared maker space with access to a shared space with craft/discipline specific shared tools and resources",,,,,,,,,,,,,,,,,,,"Office Space, less than 5 employees",,,,,,,,,,,,,,,,,,,,,,,,"78745","78704","78744",,"Used a space that was not ideal for your needs (not the right size, lacking needed equipment, not located in your preferred region, etc.)","Considered permanently leaving Austin for another city or state",,"Stopped you from pursuing a specific job, contract, project, or commission",,,,,,"My writing “office” is a corner of my small bedroom, and it doesn’t provide the separation from home and family that I need to finish big projects, like a poetry manuscript.","I do not utilize any of the above City services",,,"City of Austin Newsletters",
"10121719541","2018-07-20T06:31:42.000","2018-07-20T06:40:28.000",,,,,,,,,,,,,,,,,,,,"Performing/Theatre Arts",,,,,,,,,,"79","I need space occassionaly and rent on an as needed basis","No","Not relevant to me/ I do not have a workspace separate from my home","Rarely, less than 4 days per month","78751","Increased by 5% or less",,,"Work at home in a private workspace within my home","Have workspace and living space within a larger complex of studios and residences","Work in a private workspace, but in a larger complex with other artists",,,,,,"Indoor Performance Space: Black Box/Flex Space  (i.e. no fixed seats)","Indoor Performance Space, Auditorium, Thrust Stage, Proscenium",,,"Fly System, Fly Space","Rehearsal Space, less than 1,000 sq. feet","Rehearsal Space, more than 1,000 sq. feet",,,,,,,,"Running Water",,,,,,,"Raked Seats",,"Individual Artist Workspace","Multiple Artist Workspaces",,,,,,,,,"Wheelchair accessibility",,"Live/Work Space",,,,"78751","78702","78704","Used a space beyond the Austin city limits","Used a space that was not ideal for your needs (not the right size, lacking needed equipment, not located in your preferred region, etc.)",,"Canceled a performance or production",,"Paid for space you could not afford",,,,,,"Professional development workshops or events for creatives and artists",,,"City of Austin Newsletters",
"10120954906","2018-07-19T18:08:19.000","2018-07-19T18:15:16.000",,,,,,,,,,,"Graphic Design",,"Installation or Public Art",,,,,"New Media, Tech, Digital Arts","Painting, Illustration",,,,,,,,,,,"100","I don't currently have the space I need for my art or creative work","No","Not relevant to me/ I do not have a workspace separate from my home","Daily, 5 or more hours","N/A","Not relevant to me/ I do not pay for a space",,,,,,,,,,"Have my own studio",,,,,,,,,"Exhibition, Gallery Space, less than 1,000 sq. feet","Exhibition, Gallery Space, more than 1,000 sq. feet",,,,,"Running Water",,,"Serving Alcohol","Serving Food",,,,,,,,,,,,,,,"Wheelchair accessibility",,,,,,"78701","78704","78705",,"Used a space that was not ideal for your needs (not the right size, lacking needed equipment, not located in your preferred region, etc.)",,,,,,,"Stopped you from expanding your operations",,,,,,,
"10120915279","2018-07-19T17:37:47.000","2018-07-19T17:41:53.000",,,,,,,,,,,,,,,,,,,"Painting, Illustration",,,,,,,,,,,"50","I RENT studio or other work space separate from my home","No","$701- $1,000","Daily, less than 5 hours","78702","Increased by 11-25%",,,"Work at home in a private workspace within my home",,"Work in a private workspace, but in a larger complex with other artists","Rent workspace on a temporary, as needed basis (by the hour or day)",,,,,,,,,,,,,"Exhibition, Gallery Space, less than 1,000 sq. feet",,,,,,,,,,,,,,,,,,,,,,,,,,,,,,,"78702","78722","78704",,,,,,"Paid for space you could not afford",,,,,,"Professional development workshops or events for creatives and artists",,,"Other (please specify)","received from Canopy"
"10120895178","2018-07-19T17:20:53.000","2018-07-19T17:29:54.000",,,,,,,,,,,,,,"Jewelry Design",,,,,,,,,,,,,,,,"50","I OWN my home and have space within my home that I use for creative work (including home studios separate from living areas, e.g. granny flat, garage studio, etc.)","No","Not relevant to me/ I do not have a workspace separate from my home","Daily, less than 5 hours","78757","Increased by 6-10%",,,,"Have workspace and living space within a larger complex of studios and residences",,,,,,,,,,,,,,,,,"Retail Space, Storefront",,,,"Running Water",,,,,,,,,"Individual Artist Workspace","Multiple Artist Workspaces","Light Industrial Workshop (mechanical equipment, flammable materials, ventilation)",,,,,,,,,,"Live/Work Space",,,,"78702","78704","78701",,"Used a space that was not ideal for your needs (not the right size, lacking needed equipment, not located in your preferred region, etc.)","Considered permanently leaving Austin for another city or state",,"Stopped you from pursuing a specific job, contract, project, or commission",,,,"Stopped you from expanding your operations",,,"Professional development workshops or events for creatives and artists",,,"City of Austin Newsletters",
"10120839886","2018-07-19T16:43:45.000","2018-07-19T16:48:39.000",,,,"Comedy or Improv",,,,,"Furniture Design",,,,"Installation or Public Art","Jewelry Design","Literary Arts","Metalworking",,"New Media, Tech, Digital Arts","Painting, Illustration","Performing/Theatre Arts",,,"Radio","Sculpture","Textile/Fiber Arts","Web-based Content Production","Woodworking",,,"50","I need space occassionaly and rent on an as needed basis","No","$150- $300","Weekly, at least a few days/hours a week","78748","Increased by 6-10%",,,,,"Work in a private workspace, but in a larger complex with other artists","Rent workspace on a temporary, as needed basis (by the hour or day)","Coworking/shared maker space with access to a shared space with craft/discipline specific shared tools and resources",,,,"Indoor Performance Space: Black Box/Flex Space  (i.e. no fixed seats)","Indoor Performance Space, Auditorium, Thrust Stage, Proscenium",,,"Fly System, Fly Space",,,"Mirrors/mirrored wall",,,,"Classroom, teaching space",,,"Running Water","Office Space, less than 5 employees","Office Space, more than 5 employees",,"Serving Food",,"Specialty Floors (Marley, Subfloor, Acro Mats, Sprung Floors)",,"Projection, Movie Theater","Individual Artist Workspace","Multiple Artist Workspaces",,"Ceramics Studio, Kiln",,,,"Oversized Doors and/or Freight Elevator",,"Floor Drains",,,"Live/Work Space",,,,"78745","78748","78749","Used a space beyond the Austin city limits","Used a space that was not ideal for your needs (not the right size, lacking needed equipment, not located in your preferred region, etc.)",,,"Stopped you from pursuing a specific job, contract, project, or commission","Paid for space you could not afford","Been forced to close and/or discontinue your creative practice",,"Stopped you from expanding your operations",,,"Other (please specify)","1-5, why only 1 choice?",,"City of Austin Newsletters",
"10120156330","2018-07-19T10:21:23.000","2018-07-19T10:27:11.000",,,,,,,,,,,,,,,,,,,,,,,,"Sculpture",,,,,"educational programming","40","I RENT studio or other work space separate from my home","Yes","$150- $300","Weekly, at least a few days/hours a week","78703 and 78721","Not relevant to me/ I do not pay for a space",,,"Work at home in a private workspace within my home","Have workspace and living space within a larger complex of studios and residences","Work in a private workspace, but in a larger complex with other artists",,,,,,,,,,,,,,,,,,"Air-Conditioned Storage Space",,"Running Water",,,,,,,,,"Individual Artist Workspace",,,,,,,"Oversized Doors and/or Freight Elevator","Ramps/loading dock",,,"High ceilings","Live/Work Space",,,,"78703","78702","78721",,"Used a space that was not ideal for your needs (not the right size, lacking needed equipment, not located in your preferred region, etc.)","Considered permanently leaving Austin for another city or state",,,,,,"Stopped you from expanding your operations",,,"I do not utilize any of the above City services",,,"City staff",
"10120755930","2018-07-19T15:50:44.000","2018-07-19T15:59:52.000",,,"Ceramics",,,,,,,,"Graphic Design",,,,,,,,"Painting, Illustration",,,,,"Sculpture",,,"Woodworking",,,"5","I OWN my home and have space within my home that I use for creative work (including home studios separate from living areas, e.g. granny flat, garage studio, etc.)","No","Not relevant to me/ I do not have a workspace separate from my home","Daily, 5 or more hours","78704","Increased by 5% or less",,,,,"Work in a private workspace, but in a larger complex with other artists",,"Coworking/shared maker space with access to a shared space with craft/discipline specific shared tools and resources",,,,,,,,,,,,,"Exhibition, Gallery Space, more than 1,000 sq. feet",,"Classroom, teaching space",,,"Running Water",,,,,,,,,"Individual Artist Workspace","Multiple Artist Workspaces","Light Industrial Workshop (mechanical equipment, flammable materials, ventilation)","Ceramics Studio, Kiln",,,,,,"Floor Drains",,"High ceilings",,,,,"78702","78704","78721",,"Used a space that was not ideal for your needs (not the right size, lacking needed equipment, not located in your preferred region, etc.)","Considered permanently leaving Austin for another city or state",,"Stopped you from pursuing a specific job, contract, project, or commission",,,"Stopped you from pursuing your creative practice professionally",,,,"Professional development workshops or events for creatives and artists",,,"Other (please specify)","Big Medium newsletter"
"10120536103","2018-07-19T13:46:08.000","2018-07-19T14:23:45.000",,,,,,,,,,,,,,,,,,,,,,,,,"Textile/Fiber Arts",,,,"Leather Crafting","85","I RENT my home and have space within my home that I use for creative work (including home studios separate from living areas, e.g. granny flat, garage studio, etc.)","No","Not relevant to me/ I do not have a workspace separate from my home","Daily, 5 or more hours","78734","Increased by 11-25%",,,,,,,,,,"Have a space to work out of with space to sell",,,,,,,,,,,"Retail Space, Storefront",,"Air-Conditioned Storage Space",,,,,,,,,,,"Individual Artist Workspace",,,,,,,,,,,,,,,,"78701","78704","78703","Used a space beyond the Austin city limits","Used a space that was not ideal for your needs (not the right size, lacking needed equipment, not located in your preferred region, etc.)",,,,"Paid for space you could not afford",,,"Stopped you from expanding your operations",,"I’m a fine arts leather crafter. I hand sew American Bison Bags and Leather Goods.     The number one thing I need is an affordable place to sell. I now live out of my workshop but I have no place where I can afford to sell out of.","Other (please specify)","I would love to utilize some of the City of Austin services but none of them, that I know of, seem to be available for a leather crafter that need a place to sell.",,"City of Austin Newsletters",
"10120489153","2018-07-19T13:20:14.000","2018-07-19T13:48:55.000",,,,,,,,,,,,,,,"Literary Arts",,,,"Painting, Illustration",,,,,,"Textile/Fiber Arts",,"Woodworking",,"So many projects, multi faceted talent ( 61 yr old )","25","I don't currently have the space I need for my art or creative work","Don't know","Not relevant to me/ I do not have a workspace separate from my home","Daily, 5 or more hours","78613","Increased by 11-25%",,,,"Have workspace and living space within a larger complex of studios and residences",,,,,,"Receive supplement to assist with rent cost for reasonable space either in/out of residence",,,,,,,,,,"Exhibition, Gallery Space, more than 1,000 sq. feet","Retail Space, Storefront","Classroom, teaching space","Air-Conditioned Storage Space",,"Running Water",,,,,,,,,"Individual Artist Workspace",,"Light Industrial Workshop (mechanical equipment, flammable materials, ventilation)",,,,,,,,,,"Live/Work Space",,,"Bathroom/Appropriate lighting availability/A/C and Heat/ computer/printer / shop sink / proper flammable disposal outdoor 55gal drum with lid/ trash dumpster or pick up/natural 💡","78613","78641","78645",,"Used a space that was not ideal for your needs (not the right size, lacking needed equipment, not located in your preferred region, etc.)","Considered permanently leaving Austin for another city or state",,"Stopped you from pursuing a specific job, contract, project, or commission",,,"Stopped you from pursuing your creative practice professionally","Stopped you from expanding your operations",,"Considered paying for something I can't afford  Limited my available creative work hours in my own rented apt by taking on PT job to supplement FT job just to afford Austin, and forge on, but experience great continual frustration since my time is so wasted on unrelated low income jobs that I hate and wishing I never moved to Austin or TX 20 years ago. Financially ruined, it's so cliquey here, may just be the 'times'. Become prettyuch a recluse, a happy optimistic onetho","Other (please specify)","Time lack",,"Other (please specify)","Trying to find thru Google Search what help might be available."
"10120475848","2018-07-19T11:13:45.000","2018-07-19T13:36:38.000",,,,,"Dance/Choreography",,"Film/TV",,,,,"Healing Arts/Arts Therapy",,,,,,,,,,,,,,,,,,"40","I don't currently have the space I need for my art or creative work","No","under $150","Weekly, at least a few days/hours a week","78704","Decreased",,,,"Have workspace and living space within a larger complex of studios and residences","Work in a private workspace, but in a larger complex with other artists",,"Coworking/shared maker space with access to a shared space with craft/discipline specific shared tools and resources",,,,"Indoor Performance Space: Black Box/Flex Space  (i.e. no fixed seats)",,,,,"Rehearsal Space, less than 1,000 sq. feet",,"Mirrors/mirrored wall",,,,,,,,,,,,,"Specialty Floors (Marley, Subfloor, Acro Mats, Sprung Floors)",,"Projection, Movie Theater",,"Multiple Artist Workspaces",,,,,,,,,,,,,,,"78702","78722","78704","Used a space beyond the Austin city limits","Used a space that was not ideal for your needs (not the right size, lacking needed equipment, not located in your preferred region, etc.)","Considered permanently leaving Austin for another city or state","Canceled a performance or production",,,,,,,"As a dancer I have worked more outside, which is wonderful in certain ways. But during certain seasons it's awful!  I would be more apt to perform more often if we had a smaller more affordable space to use. The MACC is great but I am not hispanic so it's not an option for me. That preferencing can create limitations for a lot of us. Though I do support affirmative action I wish the MACC could be a bit more inclusive. Also the dance community does not have much money, we are some of the lowest paid artists on the planet, so when we talk about affordable, we need to consider dance artists - we are not selling products and aren't necessarily showing entertainment. It would be so great if post modern work were actually supported in Austin. My COA application for a dance project was criticized by a local dance artist on my panel who didn't appreciate post modern dance work. That felt like just one more example of a lack of understanding about diversity in the arts and the need to support a wide range.","Professional development workshops or events for creatives and artists",,,"City of Austin Newsletters",
"10120444602","2018-07-19T12:55:37.000","2018-07-19T13:01:50.000",,,,,,,,,,,,,,,,,,,"Painting, Illustration",,,,,,,,,,,"100","I RENT studio or other work space separate from my home","No","$301- $700","Daily, less than 5 hours","78702","Increased by 5% or less",,,,"Have workspace and living space within a larger complex of studios and residences","Work in a private workspace, but in a larger complex with other artists","Rent workspace on a temporary, as needed basis (by the hour or day)",,,,,,,,,,,,,,,"Retail Space, Storefront",,"Air-Conditioned Storage Space","Non-Air Conditioned Storage Space","Running Water",,,,,,,,,"Individual Artist Workspace",,,,,,,,,,,,"Live/Work Space",,,,"78726","78702","78721",,,"Considered permanently leaving Austin for another city or state",,,"Paid for space you could not afford",,,"Stopped you from expanding your operations",,,"Professional development workshops or events for creatives and artists",,,"Other (please specify)","Big medium"
"10120423864","2018-07-19T12:43:28.000","2018-07-19T12:53:00.000",,,,,,,,,,,,,,,,,,,,,,,,,"Textile/Fiber Arts",,,,,"80","I RENT studio or other work space separate from my home","No","$701- $1,000","Daily, 5 or more hours","78702","Increased by 5% or less",,,,"Have workspace and living space within a larger complex of studios and residences","Work in a private workspace, but in a larger complex with other artists",,"Coworking/shared maker space with access to a shared space with craft/discipline specific shared tools and resources",,,,,,,,,,,,"Exhibition, Gallery Space, less than 1,000 sq. feet",,"Retail Space, Storefront",,,"Non-Air Conditioned Storage Space","Running Water",,,,,,,,,"Individual Artist Workspace","Multiple Artist Workspaces",,,,,,,,"Floor Drains",,"High ceilings",,,,,"78702","78723","Downtown Austin",,"Used a space that was not ideal for your needs (not the right size, lacking needed equipment, not located in your preferred region, etc.)",,,,"Paid for space you could not afford",,"Stopped you from pursuing your creative practice professionally","Stopped you from expanding your operations",,,"Professional development workshops or events for creatives and artists",,,"Other (please specify)","Property Management of current studio space. Rent is so high, Artists are leaving"
"10120379651","2018-07-19T12:18:20.000","2018-07-19T12:32:34.000",,,,,,,,,,,,,,,,,,,"Painting, Illustration",,,,,,,,,,,"30","My work space is provided free of charge to me (e.g., member of dance troupe, university student, etc.)","No","$0 - I have space free of charge","Weekly, at least a few days/hours a week","78704","Not relevant to me/ I do not pay for a space",,,"Work at home in a private workspace within my home","Have workspace and living space within a larger complex of studios and residences","Work in a private workspace, but in a larger complex with other artists",,,,,,,,,,,,,,"Exhibition, Gallery Space, less than 1,000 sq. feet","Exhibition, Gallery Space, more than 1,000 sq. feet",,"Classroom, teaching space","Air-Conditioned Storage Space",,"Running Water",,,,,,,,,"Individual Artist Workspace",,"Light Industrial Workshop (mechanical equipment, flammable materials, ventilation)",,,,,"Oversized Doors and/or Freight Elevator","Ramps/loading dock",,,"High ceilings","Live/Work Space",,,,"78704","78702","78745",,"Used a space that was not ideal for your needs (not the right size, lacking needed equipment, not located in your preferred region, etc.)","Considered permanently leaving Austin for another city or state",,,,,,"Stopped you from expanding your operations",,"I use a friend's garage space.  I have a tent expanding the space because otherwise it's too small.  There is no ac, so the last several weeks I haven't been able to paint at my studio.  I tried a few weeks ago but was overheated after a few hours and felt sick the rest of the day.  I am attempting to paint in my small apartment right now but I am extremely limited.  I have also been on waiting lists for YEARS for a studio space.  Finally got an email from Canopy but I have no idea what was going on, no one ever followed through.  Not sure if there was really ever a studio available.  Extremely frustrating.  I am planning on leaving Austin for a more affordable city or more artist friendly.","I do not utilize any of the above City services",,,"City of Austin Newsletters",
"10120342886","2018-07-19T11:58:08.000","2018-07-19T12:05:07.000",,,,,,,,,,,,,,,,,,,"Painting, Illustration",,,,,,,,,,,"100","I RENT studio or other work space separate from my home","Yes","$701- $1,000","Weekly, at least a few days/hours a week","78702","Increased by 5% or less",,,"Work at home in a private workspace within my home","Have workspace and living space within a larger complex of studios and residences","Work in a private workspace, but in a larger complex with other artists",,,,,,,,,,,,,,,"Exhibition, Gallery Space, more than 1,000 sq. feet","Retail Space, Storefront",,"Air-Conditioned Storage Space",,"Running Water",,,,,,,,,"Individual Artist Workspace",,,,,,,,,,,,,,,,"78730","78731","78703",,"Used a space that was not ideal for your needs (not the right size, lacking needed equipment, not located in your preferred region, etc.)",,,,,,,"Stopped you from expanding your operations",,,"I do not utilize any of the above City services",,,"City staff",
"10120342391","2018-07-19T11:58:02.000","2018-07-19T12:02:50.000",,,,,,,,,,,,,,,,"Metalworking",,,,,,,,,,,"Woodworking",,,"100","I don't currently have the space I need for my art or creative work","No","Not relevant to me/ I do not have a workspace separate from my home","Weekly, at least a few days/hours a week","n/a","Increased by 6-10%",,,"Work at home in a private workspace within my home",,"Work in a private workspace, but in a larger complex with other artists",,"Coworking/shared maker space with access to a shared space with craft/discipline specific shared tools and resources",,,,,,,,,,,,,,,,,"Non-Air Conditioned Storage Space","Running Water",,,,,,,,,,,,,,,,"Oversized Doors and/or Freight Elevator",,,,,,,,,"78741","78702","78745","Used a space beyond the Austin city limits","Used a space that was not ideal for your needs (not the right size, lacking needed equipment, not located in your preferred region, etc.)","Considered permanently leaving Austin for another city or state",,,,,,,,,"I do not utilize any of the above City services",,,"Other (please specify)","Big Medium"
"10120330552","2018-07-19T11:51:40.000","2018-07-19T11:58:00.000",,,,,,,,,,,,,,,,,,,"Painting, Illustration",,,,,,,,,,,"100","I RENT studio or other work space separate from my home","No","$301- $700","Weekly, at least a few days/hours a week","78702","Increased 76% or more",,,,,"Work in a private workspace, but in a larger complex with other artists",,,,,,,,,,,,,,,"Exhibition, Gallery Space, more than 1,000 sq. feet","Retail Space, Storefront",,"Air-Conditioned Storage Space",,"Running Water",,,"Serving Alcohol","Serving Food","Commercial kitchen",,,,"Individual Artist Workspace","Multiple Artist Workspaces",,,,"Photo Studio",,,,,"Wheelchair accessibility",,,,,"Abundant natural light and windows with ventilation","78704","78703","78746",,"Used a space that was not ideal for your needs (not the right size, lacking needed equipment, not located in your preferred region, etc.)","Considered permanently leaving Austin for another city or state",,,"Paid for space you could not afford",,"Stopped you from pursuing your creative practice professionally","Stopped you from expanding your operations",,,"Professional development workshops or events for creatives and artists",,,"Search Engine- found it online",
"10120327510","2018-07-19T11:49:44.000","2018-07-19T11:58:31.000",,,"Ceramics",,,,,,,,,,,,,,,,,,,,,,,,,,,"100","I OWN my home and have space within my home that I use for creative work (including home studios separate from living areas, e.g. granny flat, garage studio, etc.)","No","Not relevant to me/ I do not have a workspace separate from my home","Daily, 5 or more hours","78725","Not relevant to me/ I do not pay for a space",,,"Work at home in a private workspace within my home",,"Work in a private workspace, but in a larger complex with other artists","Rent workspace on a temporary, as needed basis (by the hour or day)",,,,,,,,,,,,,"Exhibition, Gallery Space, less than 1,000 sq. feet",,"Retail Space, Storefront","Classroom, teaching space",,,"Running Water",,,"Serving Alcohol",,,,,,"Individual Artist Workspace",,,"Ceramics Studio, Kiln",,,,,"Ramps/loading dock","Floor Drains","Wheelchair accessibility",,,,,,"78702","78721","78723","Used a space beyond the Austin city limits","Used a space that was not ideal for your needs (not the right size, lacking needed equipment, not located in your preferred region, etc.)","Considered permanently leaving Austin for another city or state",,"Stopped you from pursuing a specific job, contract, project, or commission","Paid for space you could not afford",,,"Stopped you from expanding your operations",,,"Professional development workshops or events for creatives and artists",,,"Saw it posted on Facebook",
"10120320836","2018-07-19T11:46:23.000","2018-07-19T22:59:39.000","Animation",,,,,,,,,,,,"Installation or Public Art",,,,,"New Media, Tech, Digital Arts",,,,,,,,,,,,"35","I RENT studio or other work space separate from my home","No","Over $1,500","Daily, 5 or more hours","78702","Stayed the same",,,,,,,,,,,,,,,,,,,,,,,,,,,,,,,,,,,,,,,,,,,,,,,,,,,,,,,,,,,,,,,,,,,,
"10120317613","2018-07-19T11:44:40.000","2018-07-19T11:51:23.000",,,,,,,,,,,,,,,,"Metalworking",,,,,,,,,,,"Woodworking",,,"30","I don't currently have the space I need for my art or creative work","No","Not relevant to me/ I do not have a workspace separate from my home","Daily, 5 or more hours","78722","Not relevant to me/ I do not pay for a space",,,,,"Work in a private workspace, but in a larger complex with other artists",,,"Share/Sublet my studio part time when I am not using it",,,,,,,,,,,"Exhibition, Gallery Space, less than 1,000 sq. feet",,"Retail Space, Storefront",,,,"Running Water",,,,,,,,,"Individual Artist Workspace",,"Light Industrial Workshop (mechanical equipment, flammable materials, ventilation)","Ceramics Studio, Kiln",,,,"Oversized Doors and/or Freight Elevator",,,,"High ceilings",,,,,"78722","78702","78721","Used a space beyond the Austin city limits","Used a space that was not ideal for your needs (not the right size, lacking needed equipment, not located in your preferred region, etc.)","Considered permanently leaving Austin for another city or state",,"Stopped you from pursuing a specific job, contract, project, or commission",,"Been forced to close and/or discontinue your creative practice","Stopped you from pursuing your creative practice professionally","Stopped you from expanding your operations",,,"Don't Know",,,"City of Austin Newsletters",
"10120102751","2018-07-19T09:55:00.000","2018-07-19T10:03:51.000",,,,,"Dance/Choreography",,,,,,,,,,,,,,,,,,,,,,,,,"100","I RENT studio or other work space separate from my home","No","Over $1,500","Daily, less than 5 hours","78757","Increased by 6-10%",,,,,"Work in a private workspace, but in a larger complex with other artists",,"Coworking/shared maker space with access to a shared space with craft/discipline specific shared tools and resources","Share/Sublet my studio part time when I am not using it",,,,,,,,,"Rehearsal Space, more than 1,000 sq. feet","Mirrors/mirrored wall",,,,,,,"Running Water","Office Space, less than 5 employees",,,,,"Specialty Floors (Marley, Subfloor, Acro Mats, Sprung Floors)",,,,,,,,,,,,,,"High ceilings",,,,,"78757","78756","78758",,"Used a space that was not ideal for your needs (not the right size, lacking needed equipment, not located in your preferred region, etc.)","Considered permanently leaving Austin for another city or state",,,"Paid for space you could not afford",,,"Stopped you from expanding your operations",,,"Receiving funding through the Cultural Funding Program",,,"City of Austin Newsletters",
"10120087660","2018-07-19T09:47:32.000","2018-07-19T09:52:24.000",,,,,,,,,,,,,,,,,"Music/Music Composition",,,,,,,,,,,,,"83","I OWN my home and have space within my home that I use for creative work (including home studios separate from living areas, e.g. granny flat, garage studio, etc.)","No","Not relevant to me/ I do not have a workspace separate from my home","Not relevant to me- I don't need a workspace","78723","Increased by 5% or less",,,,,,,"Coworking/shared maker space with access to a shared space with craft/discipline specific shared tools and resources",,,,,"Indoor Performance Space, Auditorium, Thrust Stage, Proscenium",,,,,,,,,,,,,,,,,,,,,,,,,,,,,,,,,,,,,,"78723","78751","78705",,"Used a space that was not ideal for your needs (not the right size, lacking needed equipment, not located in your preferred region, etc.)",,,,,,,,,,"Receiving funding through the Cultural Funding Program",,,"Other (please specify)","Received Email"
"10120034563","2018-07-19T09:21:11.000","2018-07-19T09:38:26.000",,,,,,,,,,,,,,,,,"Music/Music Composition",,,,,,,,,,,,,"100","I OWN my home and have space within my home that I use for creative work (including home studios separate from living areas, e.g. granny flat, garage studio, etc.)","Yes","$150- $300","Daily, 5 or more hours","78704","Stayed the same",,,"Work at home in a private workspace within my home",,,"Rent workspace on a temporary, as needed basis (by the hour or day)","Coworking/shared maker space with access to a shared space with craft/discipline specific shared tools and resources",,,,"Indoor Performance Space: Black Box/Flex Space  (i.e. no fixed seats)",,,,,,,,,,,,,,"Running Water",,,,,,,,"Projection, Movie Theater",,,"Light Industrial Workshop (mechanical equipment, flammable materials, ventilation)",,,,"Soundproofing, Recording Studio",,,,,,"Live/Work Space",,,,"78704","78702","78723","Used a space beyond the Austin city limits","Used a space that was not ideal for your needs (not the right size, lacking needed equipment, not located in your preferred region, etc.)","Considered permanently leaving Austin for another city or state",,,,,,,,,"Receiving funding through the Cultural Funding Program",,,"City of Austin Newsletters",
"10120027120","2018-07-19T09:18:27.000","2018-07-19T09:23:28.000",,,,,,,,,,,,,,,"Literary Arts",,,,,,,,,,,,,,,"17","I don't currently have the space I need for my art or creative work","Don't know","Not relevant to me/ I do not have a workspace separate from my home","Monthly, a few days/hours a month","78702","Not relevant to me/ I do not pay for a space",,,,,"Work in a private workspace, but in a larger complex with other artists",,,,,,,"Indoor Performance Space, Auditorium, Thrust Stage, Proscenium",,,,,,,,,,"Classroom, teaching space",,,,,"Office Space, more than 5 employees",,,,,,,,"Multiple Artist Workspaces",,,,,,,,,,,,,,,"78660","78702","78737","Used a space beyond the Austin city limits","Used a space that was not ideal for your needs (not the right size, lacking needed equipment, not located in your preferred region, etc.)",,,,,,,,,,"Professional development workshops or events for creatives and artists",,,"City of Austin Newsletters",
"10120015510","2018-07-19T09:12:39.000","2018-07-19T09:25:21.000",,"Architecture",,,,,,,,,"Graphic Design",,,,,,,,,,,"Printmaking",,,"Textile/Fiber Arts",,,,,"50","I don't currently have the space I need for my art or creative work","No","$301- $700","Daily, 5 or more hours","N/a","Not relevant to me/ I do not pay for a space",,,,"Have workspace and living space within a larger complex of studios and residences","Work in a private workspace, but in a larger complex with other artists",,,,,,,,,,,,,,"Exhibition, Gallery Space, less than 1,000 sq. feet",,"Retail Space, Storefront","Classroom, teaching space",,,"Running Water",,,"Serving Alcohol","Serving Food",,,,,"Individual Artist Workspace","Multiple Artist Workspaces",,,,,,,,,,"High ceilings",,,,,"78752","78723","78722",,"Used a space that was not ideal for your needs (not the right size, lacking needed equipment, not located in your preferred region, etc.)","Considered permanently leaving Austin for another city or state",,"Stopped you from pursuing a specific job, contract, project, or commission",,"Been forced to close and/or discontinue your creative practice","Stopped you from pursuing your creative practice professionally","Stopped you from expanding your operations",,"I was renting in east Austin but it was too remote and far from transportation and people. It would be great to have studio spaces that are in business areas to allow exposure to customers and be a part of a community. I think we need more micro storefronts that are affordable and opportunity for true live/work. If Austin had creative districts: arts district (east Austin) design district (central Austin) performing arts, all scale, independent galleries throughout the city. Even city sponsored open air markets would be great that happen all over on a permanent or weekend basis.","I do not utilize any of the above City services",,,"Other (please specify)","Emailed to me"
"10119951195","2018-07-19T08:40:17.000","2018-07-19T08:46:18.000",,,"Ceramics",,,,,,,,,,,,,,,,,,,,,,,,,,,"78","I OWN my home and have space within my home that I use for creative work (including home studios separate from living areas, e.g. granny flat, garage studio, etc.)","No","Not relevant to me/ I do not have a workspace separate from my home","Daily, 5 or more hours","78751","Increased by 6-10%",,,,"Have workspace and living space within a larger complex of studios and residences",,,"Coworking/shared maker space with access to a shared space with craft/discipline specific shared tools and resources",,,,,,,,,,,,,,"Retail Space, Storefront","Classroom, teaching space",,,"Running Water",,,,,,,,,,"Multiple Artist Workspaces",,"Ceramics Studio, Kiln",,,,,,,,,,,,,"78751","78705","78722",,"Used a space that was not ideal for your needs (not the right size, lacking needed equipment, not located in your preferred region, etc.)","Considered permanently leaving Austin for another city or state",,,,,,"Stopped you from expanding your operations",,"My wife and I share a tiny work space","I do not utilize any of the above City services",,,"Other (please specify)","Email"
"10118024311","2018-07-18T11:53:34.000","2018-07-18T11:56:38.000",,,,,,,"Film/TV",,,,,,,,"Literary Arts",,,"New Media, Tech, Digital Arts",,"Performing/Theatre Arts",,,"Radio",,,,,,,"100","My work space is provided free of charge to me (e.g., member of dance troupe, university student, etc.)","I don't need a workspace/Not relevant to me.","Not relevant to me/ I do not have a workspace separate from my home","Not relevant to me- I don't need a workspace","N/A","Stayed the same",,,,,,"Rent workspace on a temporary, as needed basis (by the hour or day)","Coworking/shared maker space with access to a shared space with craft/discipline specific shared tools and resources",,,,"Indoor Performance Space: Black Box/Flex Space  (i.e. no fixed seats)",,,,,,,,,,,,,,,,,,,,,,"Projection, Movie Theater","Individual Artist Workspace",,,,,,,,,,,,,,,,"78748","78739","78652",,,,,"Stopped you from pursuing a specific job, contract, project, or commission",,,,"Stopped you from expanding your operations",,,"I do not utilize any of the above City services",,,"City staff",
"10117942755","2018-07-18T11:14:16.000","2018-07-18T11:21:24.000",,,,,,,,,,,,,,,,,"Music/Music Composition",,,,,,,,,,,,,"15","My work does not require designated space/I don't need a space","No","Not relevant to me/ I do not have a workspace separate from my home","Not relevant to me- I don't need a workspace","N/A","Not relevant to me/ I do not pay for a space",,,,"Have workspace and living space within a larger complex of studios and residences","Work in a private workspace, but in a larger complex with other artists","Rent workspace on a temporary, as needed basis (by the hour or day)",,,,,,"Indoor Performance Space, Auditorium, Thrust Stage, Proscenium",,,"Fly System, Fly Space",,"Rehearsal Space, more than 1,000 sq. feet","Mirrors/mirrored wall",,,,,,,,,,,,,,"Raked Seats",,,,,,,,"Soundproofing, Recording Studio",,,,,"High ceilings",,,,,"78702","78704","78703",,"Used a space that was not ideal for your needs (not the right size, lacking needed equipment, not located in your preferred region, etc.)",,,"Stopped you from pursuing a specific job, contract, project, or commission","Paid for space you could not afford",,"Stopped you from pursuing your creative practice professionally",,,"Petitioned the Arts Commission for help. Looked for collaborations/-ators; Reduced time spent on artistic endeavors which was replaced by a more traditional 9-5 work.","Professional development workshops or events for creatives and artists",,,"City of Austin Website",
"10117878106","2018-07-18T10:45:40.000","2018-07-18T10:50:33.000",,,,,,,"Film/TV",,,,,,,,,,,,,,,,,,,,,,,"100","I RENT studio or other work space separate from my home","No","$301- $700","Daily, less than 5 hours","78729","Increased by 5% or less",,,,"Have workspace and living space within a larger complex of studios and residences","Work in a private workspace, but in a larger complex with other artists",,"Coworking/shared maker space with access to a shared space with craft/discipline specific shared tools and resources",,,,,"Indoor Performance Space, Auditorium, Thrust Stage, Proscenium",,,,,,,,,,"Classroom, teaching space",,,,"Office Space, less than 5 employees",,"Serving Alcohol","Serving Food",,,,"Projection, Movie Theater",,,,,,,,,,,,,,,,,"78729","78750","78728","Used a space beyond the Austin city limits","Used a space that was not ideal for your needs (not the right size, lacking needed equipment, not located in your preferred region, etc.)",,"Canceled a performance or production","Stopped you from pursuing a specific job, contract, project, or commission",,,,"Stopped you from expanding your operations",,,"Other (please specify)","I have applied for funding but have not heard yet",,"City staff",
"10116738419","2018-07-17T21:41:36.000","2018-07-17T21:50:54.000",,,,,"Dance/Choreography",,,,,,,,,,,,,,,,,,,,,,,,,"15","I RENT studio or other work space separate from my home","Yes","$150- $300","Weekly, at least a few days/hours a week","78702","Increased by 6-10%",,,,,"Work in a private workspace, but in a larger complex with other artists","Rent workspace on a temporary, as needed basis (by the hour or day)",,"Share/Sublet my studio part time when I am not using it",,,"Indoor Performance Space: Black Box/Flex Space  (i.e. no fixed seats)","Indoor Performance Space, Auditorium, Thrust Stage, Proscenium",,,,,"Rehearsal Space, more than 1,000 sq. feet","Mirrors/mirrored wall",,,,,"Air-Conditioned Storage Space",,,,,,,,"Specialty Floors (Marley, Subfloor, Acro Mats, Sprung Floors)",,,,,,,,,,,,,"Wheelchair accessibility","High ceilings",,,,,"78701","78702","78704",,"Used a space that was not ideal for your needs (not the right size, lacking needed equipment, not located in your preferred region, etc.)",,"Canceled a performance or production",,,,,,,"This is not a current issue now but it will be in the future. The dance company that I am a part of has our own rental space that we have been using for rehearsals, performances, and renting out to other artists for the past 3 years. The building switched owners and are planning on increasing the rent to market value (3X what it is now!) when our lease is up in September 2019. At that time, we will have to relocate and rent someone else's space. Our choreographer is considering shutting down operations at that time because it is too difficult to find affordable rental space that fits our needs.","Receiving funding through the Cultural Funding Program",,,"Saw it posted on Facebook",
"10115102668","2018-07-17T07:44:33.000","2018-07-17T07:51:57.000",,"Architecture",,,,,"Film/TV",,,,,,"Installation or Public Art",,,,,"New Media, Tech, Digital Arts",,,,,,,,,,,,"80","I don't currently have the space I need for my art or creative work","No","Not relevant to me/ I do not have a workspace separate from my home","Daily, 5 or more hours","78723","Increased by 11-25%",,,,,"Work in a private workspace, but in a larger complex with other artists",,"Coworking/shared maker space with access to a shared space with craft/discipline specific shared tools and resources",,,,,,,,,,,,,,,,,,,"Office Space, less than 5 employees",,,,,,,,"Individual Artist Workspace",,"Light Industrial Workshop (mechanical equipment, flammable materials, ventilation)",,,,,"Oversized Doors and/or Freight Elevator",,,,"High ceilings",,,,,"78723","78722","78702",,"Used a space that was not ideal for your needs (not the right size, lacking needed equipment, not located in your preferred region, etc.)","Considered permanently leaving Austin for another city or state",,"Stopped you from pursuing a specific job, contract, project, or commission","Paid for space you could not afford",,,"Stopped you from expanding your operations",,,"I do not utilize any of the above City services",,,"Read about it in the News, Magazine",
"10114661843","2018-07-17T00:48:13.000","2018-07-17T00:58:56.000",,,,,,,,,,,,,,"Jewelry Design",,,,,,,,,,,,,,,,"100","I RENT my home and have space within my home that I use for creative work (including home studios separate from living areas, e.g. granny flat, garage studio, etc.)","No","$701- $1,000","Daily, 5 or more hours","78704","Stayed the same",,,"Work at home in a private workspace within my home",,,,,,,,,,,,,,,,,,,,"Air-Conditioned Storage Space",,"Running Water",,,,,,,,,"Individual Artist Workspace","Multiple Artist Workspaces",,,,,,,,,,,"Live/Work Space",,,,"78704","78723","78751",,"Used a space that was not ideal for your needs (not the right size, lacking needed equipment, not located in your preferred region, etc.)",,,,"Paid for space you could not afford",,,"Stopped you from expanding your operations",,,"Artists Resource Center services at the Dougherty Arts Center",,,"Saw it posted on Facebook",
"10114573802","2018-07-16T23:00:02.000","2018-07-16T23:07:41.000",,,,,,,,,,,,,,,,,,,"Painting, Illustration",,,,,,,,,,,"10","I RENT my home and have space within my home that I use for creative work (including home studios separate from living areas, e.g. granny flat, garage studio, etc.)","No","Not relevant to me/ I do not have a workspace separate from my home","Weekly, at least a few days/hours a week","78745","Increased by 5% or less",,,"Work at home in a private workspace within my home","Have workspace and living space within a larger complex of studios and residences","Work in a private workspace, but in a larger complex with other artists",,,,,,,,,,,,,,,,,,"Air-Conditioned Storage Space",,"Running Water",,,,,,,,,"Individual Artist Workspace",,,,,,,,,,,,,,,,"78745","78704","78702",,,"Considered permanently leaving Austin for another city or state",,"Stopped you from pursuing a specific job, contract, project, or commission",,,,"Stopped you from expanding your operations",,,"Professional development workshops or events for creatives and artists",,,"City of Austin Newsletters",
"10114088183","2018-07-16T16:40:56.000","2018-07-16T16:54:42.000",,,,,,,,,,,,,,,,,,,"Painting, Illustration",,,,,,,,,,,"30","I OWN my home and have space within my home that I use for creative work (including home studios separate from living areas, e.g. granny flat, garage studio, etc.)","Yes","Not relevant to me/ I do not have a workspace separate from my home","Daily, less than 5 hours","78750","Not relevant to me/ I do not pay for a space",,,,,,,"Coworking/shared maker space with access to a shared space with craft/discipline specific shared tools and resources",,,,,,,,,,,,"Exhibition, Gallery Space, less than 1,000 sq. feet","Exhibition, Gallery Space, more than 1,000 sq. feet","Retail Space, Storefront","Classroom, teaching space","Air-Conditioned Storage Space","Non-Air Conditioned Storage Space","Running Water",,,,,,,,,,"Multiple Artist Workspaces",,,,,,,,,,,,,,,"78703","78701","78704","Used a space beyond the Austin city limits","Used a space that was not ideal for your needs (not the right size, lacking needed equipment, not located in your preferred region, etc.)",,,,"Paid for space you could not afford",,,,,"Apart from galleries and restaurants, there is very little space to exhibit and sell artwork without signing a contract and have large overhead costs attached to our work.  The groups I belong to go to Round Rock, Georgetown, Dripping Springs, Bastrop, Taylor and other surrounding communities to show and sell our work.  Each of the above towns has a space for artists to show their work and conduct workshops without huge commissions.  As far as I know there is NO PLACE in Austin for artists to conduct workshops unless you sign a semester contract to teach such as the DAC or Laguna Gloria Art School.  Our group brings in top national and international artists to teach workshops and we are having to constantly search for space.","Artists Resource Center services at the Dougherty Arts Center",,,"Word of mouth",
"10113901530","2018-07-16T15:07:01.000","2018-07-16T15:09:14.000",,,,,,,,,,,,,,,,,"Music/Music Composition",,,"Performing/Theatre Arts","Photography",,,,,,,,,"90","I need space occassionaly and rent on an as needed basis","No","$150- $300","Daily, less than 5 hours","78704","Increased by 6-10%",,,,,,,,,,,,,,,,,,,,,,,,,,,,,,,,,,,,,,,,,,,,,,,,,,,,,,,,,,,,,,,,,,,,
"10113854893","2018-07-16T13:47:29.000","2018-07-16T14:55:29.000",,,,,,,,,,,,,,,,,,,"Painting, Illustration",,,,,,,,,,,"50","I OWN my home and have space within my home that I use for creative work (including home studios separate from living areas, e.g. granny flat, garage studio, etc.)","No","$150- $300","Daily, less than 5 hours","78729","Not relevant to me/ I do not pay for a space",,,,,"Work in a private workspace, but in a larger complex with other artists",,,,,,,,,,,,,,,,"Retail Space, Storefront",,,,,,,,,,,,,"Individual Artist Workspace","Multiple Artist Workspaces",,,,,,,,,,"High ceilings",,,,,"78751","78757","78756",,"Used a space that was not ideal for your needs (not the right size, lacking needed equipment, not located in your preferred region, etc.)",,,,,,,"Stopped you from expanding your operations",,"I'm contemplating creating large-scale, 6' paintings, but don't have the space at home.  I can only afford to live in far northwest Austin and work from my home.  I feel this isolates me from other artists.  Although I would love to be involved in a place like Canopy, for example, it's not realistic financially.  And geographically, it wouldn't be easy for me to get there while taking/picking up my daughter from school.  I'd love a nice, affordable, multi-artist space in north Austin.","Other (please specify)","was Artist INC fellow in 2017",,"Other (please specify)","received email"
"10113681431","2018-07-16T13:20:19.000","2018-07-16T13:26:16.000",,,,"Comedy or Improv","Dance/Choreography","Fashion Design","Film/TV",,,,,,,,,,,,"Painting, Illustration","Performing/Theatre Arts",,,,,,,,,,"80","I don't currently have the space I need for my art or creative work","No","$301- $700","Weekly, at least a few days/hours a week","78741","Increased by 6-10%",,,,"Have workspace and living space within a larger complex of studios and residences","Work in a private workspace, but in a larger complex with other artists",,,,,,"Indoor Performance Space: Black Box/Flex Space  (i.e. no fixed seats)","Indoor Performance Space, Auditorium, Thrust Stage, Proscenium",,,,"Rehearsal Space, less than 1,000 sq. feet",,"Mirrors/mirrored wall","Exhibition, Gallery Space, less than 1,000 sq. feet",,,"Classroom, teaching space",,"Non-Air Conditioned Storage Space","Running Water",,,,,,,,"Projection, Movie Theater","Individual Artist Workspace",,,,,,,,,"Floor Drains",,,,,,"storage closet or space with studio","78741","78703","78722",,,"Considered permanently leaving Austin for another city or state","Canceled a performance or production","Stopped you from pursuing a specific job, contract, project, or commission",,,"Stopped you from pursuing your creative practice professionally",,,"As an artist, I don't have places to store my work that is safe.,  I need to store, then take out to show space, but it is in my way once I completed it and it takes up space.","I do not utilize any of the above City services",,,"Word of mouth",
"10113539801","2018-07-16T12:10:08.000","2018-07-16T12:18:10.000",,,,,,,,,,,,,,,,,,,"Painting, Illustration",,,"Printmaking",,,,,,,,"50","I RENT studio or other work space separate from my home","No","$301- $700","Daily, less than 5 hours","78705","Increased by 6-10%",,,,,"Work in a private workspace, but in a larger complex with other artists",,,,,,,,,,,,,,,,,,"Air-Conditioned Storage Space",,,,,,,,,,,"Individual Artist Workspace","Multiple Artist Workspaces",,,,,,"Oversized Doors and/or Freight Elevator","Ramps/loading dock","Floor Drains",,"High ceilings",,,,,"78705","78745","78704",,"Used a space that was not ideal for your needs (not the right size, lacking needed equipment, not located in your preferred region, etc.)",,,,,,,,,,"Professional development workshops or events for creatives and artists",,,"Other (please specify)","Received email"
"10112387992","2018-07-15T16:58:55.000","2018-07-15T17:06:14.000",,,,,,,,,,,,,"Installation or Public Art",,,,,,,,,"Printmaking",,,,,,,"community based collaborative projects","75","I don't currently have the space I need for my art or creative work","No","Not relevant to me/ I do not have a workspace separate from my home","Daily, 5 or more hours","n/a","Not relevant to me/ I do not pay for a space",,,,,"Work in a private workspace, but in a larger complex with other artists",,,,,,,,,,,,,,,,,"Classroom, teaching space","Air-Conditioned Storage Space",,"Running Water",,,,,,,,,"Individual Artist Workspace",,,,,,,,,,,,,,,"Printmaking equipment","78704","78702","78705",,,"Considered permanently leaving Austin for another city or state",,,,"Been forced to close and/or discontinue your creative practice","Stopped you from pursuing your creative practice professionally","Stopped you from expanding your operations",,"I have not been able to afford a private studio space in ATX since 2009, so I started using my work place as a studio. Now, we are being forced out (the building is being knocked down to build more condos) and are not likely to reopen. I honestly don't know where I am going to make work once we move out of there. This is happening all over the city and I am seriously considering leaving Austin despite my having been here for 14 years and considering it home. I am a nationally exhibiting artist and a Cultural Contractor. I am a legitimate professional who is at her wits end.","Receiving funding through the Cultural Funding Program",,,"City of Austin Newsletters",
"10105663915","2018-07-10T20:59:51.000","2018-07-10T21:06:44.000",,,,,,,,,,,,,,,,,,,"Painting, Illustration",,,,,,,,,,,"90","I OWN my home and have space within my home that I use for creative work (including home studios separate from living areas, e.g. granny flat, garage studio, etc.)","Yes","$150- $300","Daily, 5 or more hours","78621","Increased by 11-25%",,,"Work at home in a private workspace within my home",,,,,,,,,,,,,,,,,"Exhibition, Gallery Space, more than 1,000 sq. feet",,,,,,,,,,,,,,,,,,,,,,,,,,,,,,"78758","78705","78664","Used a space beyond the Austin city limits","Used a space that was not ideal for your needs (not the right size, lacking needed equipment, not located in your preferred region, etc.)","Considered permanently leaving Austin for another city or state",,,,,,,,,"I do not utilize any of the above City services",,,"City of Austin Newsletters",
"10112339673","2018-07-15T15:30:12.000","2018-07-15T15:45:34.000",,,,,,,,,,,,,"Installation or Public Art",,,,,,"Painting, Illustration",,,,,"Sculpture",,,,,,"50","I OWN my home and have space within my home that I use for creative work (including home studios separate from living areas, e.g. granny flat, garage studio, etc.)","No","$1,001 - $1,500","Daily, 5 or more hours","78201","Increased 76% or more",,,"Work at home in a private workspace within my home",,,,,,,,,,,,,,,,,,,,"Air-Conditioned Storage Space",,"Running Water",,,,,,,,,,,,,,,,,,,,"High ceilings","Live/Work Space",,,,"78756","78757","78702","Used a space beyond the Austin city limits",,"Considered permanently leaving Austin for another city or state",,"Stopped you from pursuing a specific job, contract, project, or commission",,,"Stopped you from pursuing your creative practice professionally",,,"Making a financial living creating public art, art and adjunct teaching, I was unable to afford a house in Austin so I moved to San Antonio where prices were more affordable, half the cost. I was unable to afford to purchase a house in Austin after having lived there for over 30 years, leaving behind many friends. The house prices plus property tax was not within my financial scope. I moved 3 years ago, found a 1937 house in San Antonio wherein I work and live, in a neighborhood that would be similar to Hyde Park or Rosedale about 10 years ago. I commute to Austin to teach at Austin Community College. This is not an ideal situation since light rail does not exist between the cities, and traffic is exceedingly time consuming. I would most prefer to work and live in the same city, to work at my house, to have a separate studio space from my living space at my house, to be able to own a house as an investment instead of renting. I loved Austin so much; it was difficult to say good bye to my chosen home.","Other (please specify)","public artist",,"Read about it in the News, Magazine",
"10112325761","2018-07-15T15:02:55.000","2018-07-15T15:07:22.000",,,,,,,,,,,,,,,,,,"New Media, Tech, Digital Arts",,,,,,,,,,,,"50","I OWN my home and have space within my home that I use for creative work (including home studios separate from living areas, e.g. granny flat, garage studio, etc.)","No","Not relevant to me/ I do not have a workspace separate from my home","Daily, less than 5 hours","78735","Increased by 6-10%",,,"Work at home in a private workspace within my home",,,,,,,,,,,,,,,,,,,,,,,,,,,,,,,,,,,,,,,,,,,"Live/Work Space",,,,"78735","78704","78753","Used a space beyond the Austin city limits",,,,,,,,,,,"I do not utilize any of the above City services",,,"Other (please specify)","Sightlines"
"10112284228","2018-07-15T13:38:59.000","2018-07-15T13:43:34.000",,,,,,,"Film/TV",,,,,,,,,,,,,,"Photography",,,,,"Web-based Content Production",,,,"5","I OWN my home and have space within my home that I use for creative work (including home studios separate from living areas, e.g. granny flat, garage studio, etc.)","No","Not relevant to me/ I do not have a workspace separate from my home","Weekly, at least a few days/hours a week","78721","Stayed the same",,,"Work at home in a private workspace within my home","Have workspace and living space within a larger complex of studios and residences","Work in a private workspace, but in a larger complex with other artists",,,,,,,,,,,,,"Mirrors/mirrored wall","Exhibition, Gallery Space, less than 1,000 sq. feet",,,,,,,,,,,,,,"Projection, Movie Theater","Individual Artist Workspace","Multiple Artist Workspaces",,,,"Photo Studio",,,,,,,"Live/Work Space",,,,"78721","78702","78723",,,"Considered permanently leaving Austin for another city or state",,,,,,,,,"Applying for City of Austin Artist Residency Programs",,,"Read about it in the News, Magazine",
"10111642909","2018-07-14T13:15:39.000","2018-07-14T13:39:45.000",,,,,,,,,,,,,"Installation or Public Art",,,,"Music/Music Composition","New Media, Tech, Digital Arts",,,,,,,,,,,,"0","I don't currently have the space I need for my art or creative work","No","Not relevant to me/ I do not have a workspace separate from my home","Daily, less than 5 hours","N/A","Stayed the same",,,"Work at home in a private workspace within my home","Have workspace and living space within a larger complex of studios and residences","Work in a private workspace, but in a larger complex with other artists",,,,,,"Indoor Performance Space: Black Box/Flex Space  (i.e. no fixed seats)",,,"Outdoor Performance Space with amplified sound",,"Rehearsal Space, less than 1,000 sq. feet",,,"Exhibition, Gallery Space, less than 1,000 sq. feet",,,,"Air-Conditioned Storage Space",,"Running Water",,,"Serving Alcohol","Serving Food",,,,,"Individual Artist Workspace","Multiple Artist Workspaces",,,"Film Processing, Darkroom","Photo Studio","Soundproofing, Recording Studio",,,,"Wheelchair accessibility","High ceilings","Live/Work Space",,,,"78704","78745","78701",,,"Considered permanently leaving Austin for another city or state",,"Stopped you from pursuing a specific job, contract, project, or commission","Paid for space you could not afford","Been forced to close and/or discontinue your creative practice","Stopped you from pursuing your creative practice professionally","Stopped you from expanding your operations",,,"I do not utilize any of the above City services",,,"Word of mouth",
"10111637214","2018-07-14T13:06:01.000","2018-07-14T13:12:28.000","Animation",,,,,,,,,,"Graphic Design",,,,,,,,"Painting, Illustration",,,,,,,,,,,"5","I don't currently have the space I need for my art or creative work","No","Not relevant to me/ I do not have a workspace separate from my home","Weekly, at least a few days/hours a week","78704","Stayed the same",,,"Work at home in a private workspace within my home","Have workspace and living space within a larger complex of studios and residences","Work in a private workspace, but in a larger complex with other artists",,,,,,,,,,,,,,"Exhibition, Gallery Space, less than 1,000 sq. feet",,,,"Air-Conditioned Storage Space",,,,,,"Serving Food",,,,,"Individual Artist Workspace","Multiple Artist Workspaces",,,,,,,,,,,,,,,"78704","78745","78702",,"Used a space that was not ideal for your needs (not the right size, lacking needed equipment, not located in your preferred region, etc.)","Considered permanently leaving Austin for another city or state",,"Stopped you from pursuing a specific job, contract, project, or commission",,,"Stopped you from pursuing your creative practice professionally",,,,"I do not utilize any of the above City services",,,"Other (please specify)","Instagram"
"10110206844","2018-07-13T09:54:56.000","2018-07-13T10:08:48.000",,,,,,,,,,,,,,,,,,,"Painting, Illustration",,,,,,,,,,,"41","I RENT studio or other work space separate from my home","No","under $150","Weekly, at least a few days/hours a week","78702","Stayed the same",,,"Work at home in a private workspace within my home",,"Work in a private workspace, but in a larger complex with other artists",,,,,,,,,,,,,,"Exhibition, Gallery Space, less than 1,000 sq. feet",,"Retail Space, Storefront","Classroom, teaching space","Air-Conditioned Storage Space",,"Running Water",,,,,,,,,"Individual Artist Workspace","Multiple Artist Workspaces",,,,"Photo Studio",,,,,,,,,,,"78704","78741","78744",,"Used a space that was not ideal for your needs (not the right size, lacking needed equipment, not located in your preferred region, etc.)","Considered permanently leaving Austin for another city or state",,"Stopped you from pursuing a specific job, contract, project, or commission","Paid for space you could not afford",,,"Stopped you from expanding your operations",,"I answered this survey as if I still had my studio at Pump Project, but I am currently forced to work out of a tiny room in my house while we wait to see what happens with the new Pump Project. This limits the size and number of works I can create. The temporary spaces I have looked at are only affordable (around $300)  if there is no air conditioning, and I'm pretty over that.","Professional development workshops or events for creatives and artists",,,"City of Austin Newsletters",
"10109547365","2018-07-13T00:17:45.000","2018-07-13T00:25:32.000",,,,,,,,,"Furniture Design",,,,,,,,,,,,,,,,,,"Woodworking",,,"100","I RENT studio or other work space separate from my home","No","Over $1,500","Daily, 5 or more hours","78702","Stayed the same",,,"Work at home in a private workspace within my home",,"Work in a private workspace, but in a larger complex with other artists",,"Coworking/shared maker space with access to a shared space with craft/discipline specific shared tools and resources",,,,,,,,,,,,"Exhibition, Gallery Space, less than 1,000 sq. feet",,"Retail Space, Storefront",,"Air-Conditioned Storage Space",,"Running Water","Office Space, less than 5 employees",,,,,,,,,,"Light Industrial Workshop (mechanical equipment, flammable materials, ventilation)",,,,,"Oversized Doors and/or Freight Elevator","Ramps/loading dock",,,,,,,,"78702","78704","78741","Used a space beyond the Austin city limits","Used a space that was not ideal for your needs (not the right size, lacking needed equipment, not located in your preferred region, etc.)",,,"Stopped you from pursuing a specific job, contract, project, or commission","Paid for space you could not afford",,,"Stopped you from expanding your operations",,,"I do not utilize any of the above City services",,,"Read about it in the News, Magazine",
"10109262717","2018-07-12T18:47:44.000","2018-07-12T18:52:51.000",,,,,,,"Film/TV",,,,,,,,,,"Music/Music Composition",,"Painting, Illustration",,,,,,,,,,"writing","75","I RENT my home and have space within my home that I use for creative work (including home studios separate from living areas, e.g. granny flat, garage studio, etc.)","Yes","Not relevant to me/ I do not have a workspace separate from my home","Weekly, at least a few days/hours a week","78745","Stayed the same",,,"Work at home in a private workspace within my home",,,,"Coworking/shared maker space with access to a shared space with craft/discipline specific shared tools and resources",,,,,,,,,,,,,,,,,,,,,,,,,,,,,,,,,"Soundproofing, Recording Studio",,,,,,"Live/Work Space",,,,"78702","78704","78745",,"Used a space that was not ideal for your needs (not the right size, lacking needed equipment, not located in your preferred region, etc.)","Considered permanently leaving Austin for another city or state",,,,,"Stopped you from pursuing your creative practice professionally",,,,"Artists Resource Center services at the Dougherty Arts Center",,,"Saw it posted on Facebook",
"10109250358","2018-07-12T18:36:12.000","2018-07-12T18:42:23.000",,,,,,,,,,,,,,,,,,,"Painting, Illustration",,,,,,,,,,,"25","I RENT studio or other work space separate from my home","Don't know","$301- $700","Weekly, at least a few days/hours a week","78721","Increased by 6-10%",,,,,"Work in a private workspace, but in a larger complex with other artists",,,,,,,,,,,,,,"Exhibition, Gallery Space, less than 1,000 sq. feet",,"Retail Space, Storefront",,"Air-Conditioned Storage Space",,"Running Water",,,"Serving Alcohol","Serving Food",,,,,,"Multiple Artist Workspaces",,,,,,"Oversized Doors and/or Freight Elevator",,,,,,,,,"78704","78702","78721",,"Used a space that was not ideal for your needs (not the right size, lacking needed equipment, not located in your preferred region, etc.)","Considered permanently leaving Austin for another city or state",,,"Paid for space you could not afford","Been forced to close and/or discontinue your creative practice","Stopped you from pursuing your creative practice professionally","Stopped you from expanding your operations",,"I currently pay more than I can afford knowing there is a shortage of artist studios.","Applying for City of Austin Artist Residency Programs",,,"Read about it in the News, Magazine",
"10109114077","2018-07-12T16:38:58.000","2018-07-12T16:47:16.000",,,,,,,,,,,,,"Installation or Public Art",,,,"Music/Music Composition","New Media, Tech, Digital Arts","Painting, Illustration",,,,,"Sculpture",,,,,,"40","I RENT my home and have space within my home that I use for creative work (including home studios separate from living areas, e.g. granny flat, garage studio, etc.)","No","$301- $700","Daily, less than 5 hours","78702","Stayed the same",,,,,"Work in a private workspace, but in a larger complex with other artists",,,,,,,,,,,,,,"Exhibition, Gallery Space, less than 1,000 sq. feet","Exhibition, Gallery Space, more than 1,000 sq. feet",,,,,,,,,,,,,,"Individual Artist Workspace","Multiple Artist Workspaces",,,,,,,,,,,,,,,"78723","78752","78721","Used a space beyond the Austin city limits","Used a space that was not ideal for your needs (not the right size, lacking needed equipment, not located in your preferred region, etc.)","Considered permanently leaving Austin for another city or state","Canceled a performance or production","Stopped you from pursuing a specific job, contract, project, or commission","Paid for space you could not afford","Been forced to close and/or discontinue your creative practice","Stopped you from pursuing your creative practice professionally","Stopped you from expanding your operations",,,"Applying for City of Austin Artist Residency Programs",,,"Word of mouth",
"10109111300","2018-07-12T16:37:19.000","2018-07-12T16:48:46.000",,,,,,,,,,,,,"Installation or Public Art",,,,,"New Media, Tech, Digital Arts","Painting, Illustration",,"Photography",,,"Sculpture",,"Web-based Content Production",,,,"5","I don't currently have the space I need for my art or creative work","No","Not relevant to me/ I do not have a workspace separate from my home","Weekly, at least a few days/hours a week","N/a","Increased by 5% or less",,,"Work at home in a private workspace within my home",,"Work in a private workspace, but in a larger complex with other artists",,"Coworking/shared maker space with access to a shared space with craft/discipline specific shared tools and resources",,,,"Indoor Performance Space: Black Box/Flex Space  (i.e. no fixed seats)",,,"Outdoor Performance Space with amplified sound",,"Rehearsal Space, less than 1,000 sq. feet",,,,"Exhibition, Gallery Space, more than 1,000 sq. feet",,,"Air-Conditioned Storage Space","Non-Air Conditioned Storage Space","Running Water",,,"Serving Alcohol","Serving Food","Commercial kitchen",,,"Projection, Movie Theater","Individual Artist Workspace","Multiple Artist Workspaces","Light Industrial Workshop (mechanical equipment, flammable materials, ventilation)",,,"Photo Studio","Soundproofing, Recording Studio","Oversized Doors and/or Freight Elevator","Ramps/loading dock","Floor Drains","Wheelchair accessibility","High ceilings",,,,,"78751","78705","78702","Used a space beyond the Austin city limits","Used a space that was not ideal for your needs (not the right size, lacking needed equipment, not located in your preferred region, etc.)",,,"Stopped you from pursuing a specific job, contract, project, or commission",,,"Stopped you from pursuing your creative practice professionally","Stopped you from expanding your operations",,,"I do not utilize any of the above City services",,,"Saw it posted on Facebook",
"10109068151","2018-07-12T16:08:51.000","2018-07-12T16:10:40.000",,,,,,,,,,,,,,,,,,"New Media, Tech, Digital Arts","Painting, Illustration",,"Photography",,,,,,,,,"20","I don't currently have the space I need for my art or creative work","No","Not relevant to me/ I do not have a workspace separate from my home","Daily, less than 5 hours","78722","Not relevant to me/ I do not pay for a space",,,,,,,,,,,,,,,,,,,,,,,,,,,,,,,,,,,,,,,,,,,,,,,,,,,,,,,,,,,,,,,,,,,,
"10108865682","2018-07-12T14:12:10.000","2018-07-12T14:19:41.000",,,,,,,,,,,"Graphic Design",,,,,,,,"Painting, Illustration",,,,,,,,,,,"90","I RENT my home and have space within my home that I use for creative work (including home studios separate from living areas, e.g. granny flat, garage studio, etc.)","No","Not relevant to me/ I do not have a workspace separate from my home","Daily, 5 or more hours","78751","Stayed the same",,,"Work at home in a private workspace within my home","Have workspace and living space within a larger complex of studios and residences","Work in a private workspace, but in a larger complex with other artists",,,,,,,,,,,,,,"Exhibition, Gallery Space, less than 1,000 sq. feet","Exhibition, Gallery Space, more than 1,000 sq. feet","Retail Space, Storefront",,"Air-Conditioned Storage Space",,"Running Water",,,,,,,,,"Individual Artist Workspace",,,,,,,,,,,,"Live/Work Space",,,,"78704","78705","78703",,"Used a space that was not ideal for your needs (not the right size, lacking needed equipment, not located in your preferred region, etc.)","Considered permanently leaving Austin for another city or state",,"Stopped you from pursuing a specific job, contract, project, or commission",,"Been forced to close and/or discontinue your creative practice","Stopped you from pursuing your creative practice professionally","Stopped you from expanding your operations",,,"Professional development workshops or events for creatives and artists",,,"City of Austin Newsletters",
"10108559980","2018-07-12T11:21:10.000","2018-07-12T11:27:30.000",,,"Ceramics",,,,,,,,,,,,,,,,,,,,,,,,,,,"2","I RENT studio or other work space separate from my home","Yes","$150- $300","Weekly, at least a few days/hours a week","78704","Stayed the same",,,,,,,"Coworking/shared maker space with access to a shared space with craft/discipline specific shared tools and resources",,,,,,,,,,,,,,,,,,"Running Water",,,,,,,,,"Individual Artist Workspace","Multiple Artist Workspaces",,"Ceramics Studio, Kiln",,,,,,"Floor Drains",,,,,,,"78748","78747","78745",,,"Considered permanently leaving Austin for another city or state",,,,,,,,,"I do not utilize any of the above City services",,,"Word of mouth",
"10108427227","2018-07-12T10:11:59.000","2018-07-12T10:16:01.000",,,"Ceramics",,,,,,,,,,,,,,,,,,,,,,,,,,,"4","I RENT studio or other work space separate from my home","Yes","$150- $300","Weekly, at least a few days/hours a week","78748","Stayed the same",,,,"Have workspace and living space within a larger complex of studios and residences",,,"Coworking/shared maker space with access to a shared space with craft/discipline specific shared tools and resources",,,,"Indoor Performance Space: Black Box/Flex Space  (i.e. no fixed seats)",,,,,,,,"Exhibition, Gallery Space, less than 1,000 sq. feet","Exhibition, Gallery Space, more than 1,000 sq. feet","Retail Space, Storefront",,,,,,,,,,,,,,,,"Ceramics Studio, Kiln",,,,,,,,,,,,,"78757","78752","78723",,"Used a space that was not ideal for your needs (not the right size, lacking needed equipment, not located in your preferred region, etc.)","Considered permanently leaving Austin for another city or state",,,"Paid for space you could not afford",,,"Stopped you from expanding your operations",,,"I do not utilize any of the above City services",,,"Other (please specify)","studio owner"
"10108378591","2018-07-12T09:45:39.000","2018-07-12T09:52:38.000",,,"Ceramics",,,,,,,,,,,,,,,,,,,,,,,,,,,"5","I RENT studio or other work space separate from my home","Yes","$150- $300","Weekly, at least a few days/hours a week","78704","Stayed the same",,,"Work at home in a private workspace within my home",,"Work in a private workspace, but in a larger complex with other artists",,"Coworking/shared maker space with access to a shared space with craft/discipline specific shared tools and resources",,,,,,,,,,,,"Exhibition, Gallery Space, less than 1,000 sq. feet","Exhibition, Gallery Space, more than 1,000 sq. feet","Retail Space, Storefront","Classroom, teaching space","Air-Conditioned Storage Space",,"Running Water",,,,,,,,,"Individual Artist Workspace","Multiple Artist Workspaces",,"Ceramics Studio, Kiln",,,,,,,,,,,,,"78745","78704","78741",,,,,,"Paid for space you could not afford",,"Stopped you from pursuing your creative practice professionally",,,,"I do not utilize any of the above City services",,,"Other (please specify)","Studio owner/operator"
"10108351846","2018-07-12T09:31:27.000","2018-07-12T09:39:16.000",,,"Ceramics",,,,,,,,,,,,,,,,,,,,,"Sculpture",,,,,,"50","I RENT studio or other work space separate from my home","Yes","Over $1,500","Daily, 5 or more hours","78704","Increased by 11-25%",,,,"Have workspace and living space within a larger complex of studios and residences",,,,,,,,,,,,,,,,"Exhibition, Gallery Space, more than 1,000 sq. feet","Retail Space, Storefront","Classroom, teaching space",,,"Running Water",,,,,,,,,"Individual Artist Workspace","Multiple Artist Workspaces",,"Ceramics Studio, Kiln",,,,,"Ramps/loading dock","Floor Drains",,"High ceilings",,,,,"78745","78704","78745",,,,,,,,,"Stopped you from expanding your operations",,,"I do not utilize any of the above City services",,,"City staff",
"10108343121","2018-07-12T09:26:40.000","2018-07-12T09:33:56.000",,,"Ceramics",,,,,,,,,"Healing Arts/Arts Therapy",,,,"Metalworking",,,"Painting, Illustration",,"Photography","Printmaking",,"Sculpture","Textile/Fiber Arts",,"Woodworking",,,"0","I don't currently have the space I need for my art or creative work","No","Not relevant to me/ I do not have a workspace separate from my home","Daily, 5 or more hours","N/A","Not relevant to me/ I do not pay for a space",,,,"Have workspace and living space within a larger complex of studios and residences","Work in a private workspace, but in a larger complex with other artists",,"Coworking/shared maker space with access to a shared space with craft/discipline specific shared tools and resources",,,,,,,,,,,,,,,"Classroom, teaching space","Air-Conditioned Storage Space",,"Running Water",,,,,,,,,,"Multiple Artist Workspaces",,"Ceramics Studio, Kiln",,,,,"Ramps/loading dock",,,"High ceilings",,,,,"78731","78704","78741","Used a space beyond the Austin city limits","Used a space that was not ideal for your needs (not the right size, lacking needed equipment, not located in your preferred region, etc.)","Considered permanently leaving Austin for another city or state",,,,,,,,,"Artists Resource Center services at the Dougherty Arts Center",,,"Read about it in the News, Magazine",
"10108336829","2018-07-12T09:23:26.000","2018-07-12T09:43:19.000",,,,,,,,,,,"Graphic Design",,"Installation or Public Art",,,,,,"Painting, Illustration",,,,,"Sculpture",,"Web-based Content Production",,,,"85","I don't currently have the space I need for my art or creative work","No","Not relevant to me/ I do not have a workspace separate from my home","Daily, less than 5 hours","78744","Increased 50-75%",,,"Work at home in a private workspace within my home","Have workspace and living space within a larger complex of studios and residences","Work in a private workspace, but in a larger complex with other artists",,,,,,,,,,,"Rehearsal Space, less than 1,000 sq. feet",,,"Exhibition, Gallery Space, less than 1,000 sq. feet","Exhibition, Gallery Space, more than 1,000 sq. feet","Retail Space, Storefront","Classroom, teaching space","Air-Conditioned Storage Space",,,"Office Space, less than 5 employees",,,,,,,,"Individual Artist Workspace","Multiple Artist Workspaces",,,,,"Soundproofing, Recording Studio",,,,,"High ceilings",,,,"Markable surfaces with flex property habituation reqs.. can make a mess","78744","78741","78742",,"Used a space that was not ideal for your needs (not the right size, lacking needed equipment, not located in your preferred region, etc.)","Considered permanently leaving Austin for another city or state","Canceled a performance or production","Stopped you from pursuing a specific job, contract, project, or commission","Paid for space you could not afford","Been forced to close and/or discontinue your creative practice","Stopped you from pursuing your creative practice professionally","Stopped you from expanding your operations",,"Scaled back mediums options. Increased networking to seek opportunities for space and collaboration opportunities. Halted production in many several expression modes.  The influx of populations has vastly changed the space opportunities that existed in the 1990's & early 2000's. Affordability is challenging.","I do not utilize any of the above City services",,,"Other (please specify)","Cultural Arts Division enewsletter"
"10108275975","2018-07-12T08:51:22.000","2018-07-12T08:58:10.000",,,,,,,,,,,,,,,,,,,"Painting, Illustration",,,,,,,,,,,"100","I RENT my home and have space within my home that I use for creative work (including home studios separate from living areas, e.g. granny flat, garage studio, etc.)","No","Not relevant to me/ I do not have a workspace separate from my home","Daily, 5 or more hours","78744","Increased by 5% or less",,,"Work at home in a private workspace within my home",,"Work in a private workspace, but in a larger complex with other artists",,"Coworking/shared maker space with access to a shared space with craft/discipline specific shared tools and resources",,,,,,,,,,,,,"Exhibition, Gallery Space, more than 1,000 sq. feet","Retail Space, Storefront","Classroom, teaching space","Air-Conditioned Storage Space",,"Running Water",,,"Serving Alcohol","Serving Food",,,,,"Individual Artist Workspace","Multiple Artist Workspaces","Light Industrial Workshop (mechanical equipment, flammable materials, ventilation)",,,,,,,"Floor Drains",,"High ceilings",,,,,"78702","78745","78744",,"Used a space that was not ideal for your needs (not the right size, lacking needed equipment, not located in your preferred region, etc.)","Considered permanently leaving Austin for another city or state",,"Stopped you from pursuing a specific job, contract, project, or commission","Paid for space you could not afford",,,"Stopped you from expanding your operations",,,"Professional development workshops or events for creatives and artists",,,"Saw it posted on Facebook",
"10108219496","2018-07-12T08:19:58.000","2018-07-12T08:27:56.000",,,,,,,,,,,,,,,,,,,,,"Photography",,,,,,,,,"100","I RENT studio or other work space separate from my home","No","$301- $700","Daily, 5 or more hours","78721","Increased 50-75%",,,,"Have workspace and living space within a larger complex of studios and residences",,,,,,,"Indoor Performance Space: Black Box/Flex Space  (i.e. no fixed seats)","Indoor Performance Space, Auditorium, Thrust Stage, Proscenium","Outdoor Performance Space without amplified sound","Outdoor Performance Space with amplified sound","Fly System, Fly Space","Rehearsal Space, less than 1,000 sq. feet","Rehearsal Space, more than 1,000 sq. feet",,"Exhibition, Gallery Space, less than 1,000 sq. feet",,,"Classroom, teaching space","Air-Conditioned Storage Space",,"Running Water","Office Space, less than 5 employees",,,,,,,,"Individual Artist Workspace",,,,"Film Processing, Darkroom","Photo Studio",,,,,,,,,,,"78721","78723","78751",,"Used a space that was not ideal for your needs (not the right size, lacking needed equipment, not located in your preferred region, etc.)","Considered permanently leaving Austin for another city or state","Canceled a performance or production","Stopped you from pursuing a specific job, contract, project, or commission","Paid for space you could not afford",,,"Stopped you from expanding your operations",,"Most artist I know are very close to being evicted","Receiving funding through the Cultural Funding Program",,,"Word of mouth",
"10107811368","2018-07-12T02:56:59.000","2018-07-12T03:05:03.000",,,,,,,,,,,,,,,,,,,"Painting, Illustration",,"Photography",,,,,,,,,"40","I RENT my home and have space within my home that I use for creative work (including home studios separate from living areas, e.g. granny flat, garage studio, etc.)","No","Not relevant to me/ I do not have a workspace separate from my home","Daily, 5 or more hours","78741","Increased by 5% or less",,,"Work at home in a private workspace within my home","Have workspace and living space within a larger complex of studios and residences","Work in a private workspace, but in a larger complex with other artists",,,,,,,,,,,,,,"Exhibition, Gallery Space, less than 1,000 sq. feet",,"Retail Space, Storefront",,,,"Running Water","Office Space, less than 5 employees",,,,,,,,"Individual Artist Workspace","Multiple Artist Workspaces","Light Industrial Workshop (mechanical equipment, flammable materials, ventilation)",,,"Photo Studio",,"Oversized Doors and/or Freight Elevator",,,,"High ceilings","Live/Work Space",,,,"78741","78744","78745",,"Used a space that was not ideal for your needs (not the right size, lacking needed equipment, not located in your preferred region, etc.)","Considered permanently leaving Austin for another city or state","Canceled a performance or production",,,,,"Stopped you from expanding your operations",,,"I do not utilize any of the above City services",,,"Other (please specify)","Email from Cultural Arts Division"
"10107639502","2018-07-11T23:22:34.000","2018-07-11T23:28:39.000",,,,,,,,,,,,,,,,,,,"Painting, Illustration",,,,,,,,,,,"55","I OWN my home and have space within my home that I use for creative work (including home studios separate from living areas, e.g. granny flat, garage studio, etc.)","No","Not relevant to me/ I do not have a workspace separate from my home","Daily, 5 or more hours","78756","Not relevant to me/ I do not pay for a space",,,,,"Work in a private workspace, but in a larger complex with other artists","Rent workspace on a temporary, as needed basis (by the hour or day)",,"Share/Sublet my studio part time when I am not using it",,,,,,,,,,,,,,,"Air-Conditioned Storage Space",,,,,,,,,,,"Individual Artist Workspace","Multiple Artist Workspaces",,,,,,,,,,,,,,,"78702","78722","78756",,,,,"Stopped you from pursuing a specific job, contract, project, or commission",,,,,,"I do not participate in EAST because i cant afford a studio","I do not utilize any of the above City services",,,"Read about it in the News, Magazine",
"10107468385","2018-07-11T20:05:03.000","2018-07-11T20:09:42.000",,,,,,,,,,,,,,,,,,,"Painting, Illustration",,,,,,,,,,,"10","I OWN my home and have space within my home that I use for creative work (including home studios separate from living areas, e.g. granny flat, garage studio, etc.)","No","$150- $300","Weekly, at least a few days/hours a week","78749","Increased by 5% or less",,,"Work at home in a private workspace within my home",,,,,"Share/Sublet my studio part time when I am not using it",,,,,,,,,,,"Exhibition, Gallery Space, less than 1,000 sq. feet",,,,,,"Running Water",,,,,,,,,"Individual Artist Workspace",,,,,"Photo Studio",,,,,,,,,,,"78749","78745","78737",,"Used a space that was not ideal for your needs (not the right size, lacking needed equipment, not located in your preferred region, etc.)","Considered permanently leaving Austin for another city or state",,"Stopped you from pursuing a specific job, contract, project, or commission",,,,"Stopped you from expanding your operations",,,"Artists Resource Center services at the Dougherty Arts Center",,,"Saw it posted on Facebook",
"10107423036","2018-07-11T19:19:19.000","2018-07-11T19:24:44.000",,,,,,,"Film/TV",,,,,,,,,,,,,,,,,,,,,,,"100","I RENT my home and have space within my home that I use for creative work (including home studios separate from living areas, e.g. granny flat, garage studio, etc.)","No","$150- $300","Weekly, at least a few days/hours a week","78721","Increased by 5% or less",,,,,"Work in a private workspace, but in a larger complex with other artists",,"Coworking/shared maker space with access to a shared space with craft/discipline specific shared tools and resources",,,,,,,,,,,,,,,,"Air-Conditioned Storage Space",,,,,,,,,,"Projection, Movie Theater",,,,,"Film Processing, Darkroom","Photo Studio",,,"Ramps/loading dock",,,,,,,,"78704","78702","78721",,"Used a space that was not ideal for your needs (not the right size, lacking needed equipment, not located in your preferred region, etc.)",,,"Stopped you from pursuing a specific job, contract, project, or commission",,,,,,,"I do not utilize any of the above City services",,,"Saw it posted on Facebook",
"10107356106","2018-07-11T18:11:28.000","2018-07-11T18:31:31.000",,,,,,,,,,,,,"Installation or Public Art",,,,,,,,,,,"Sculpture",,,,,,"2","I RENT my home and have space within my home that I use for creative work (including home studios separate from living areas, e.g. granny flat, garage studio, etc.)","No","Not relevant to me/ I do not have a workspace separate from my home","Weekly, at least a few days/hours a week","78751","Increased by 5% or less",,,"Work at home in a private workspace within my home",,"Work in a private workspace, but in a larger complex with other artists",,,,,"a private workspace with shared space with other artists","Indoor Performance Space: Black Box/Flex Space  (i.e. no fixed seats)",,,,,,,,"Exhibition, Gallery Space, less than 1,000 sq. feet","Exhibition, Gallery Space, more than 1,000 sq. feet",,,"Air-Conditioned Storage Space","Non-Air Conditioned Storage Space","Running Water",,,,,,,,,"Individual Artist Workspace","Multiple Artist Workspaces","Light Industrial Workshop (mechanical equipment, flammable materials, ventilation)","Ceramics Studio, Kiln","Film Processing, Darkroom",,"Soundproofing, Recording Studio","Oversized Doors and/or Freight Elevator","Ramps/loading dock","Floor Drains","Wheelchair accessibility","High ceilings","Live/Work Space",,,,"78751","78702","78721",,"Used a space that was not ideal for your needs (not the right size, lacking needed equipment, not located in your preferred region, etc.)","Considered permanently leaving Austin for another city or state",,"Stopped you from pursuing a specific job, contract, project, or commission","Paid for space you could not afford",,"Stopped you from pursuing your creative practice professionally","Stopped you from expanding your operations",,"I have paid what I can into the relocation funds of various visual arts non-profits which have had to relocate and/or face relocation in the past 24 months via crowdfunding sites. I have mourned the closing or pending closure of these same spaces. I have turned my carport into a studio space because of a lack of affordable studio spaces but miss the community and camaraderie of studio complexes with shared spaces. As I do not own my home and therefore my studio space, I am limited in the amount of changes I can or should make to improve the working conditions of my space. I have given sweat equity to the efforts of my community as we try to eek out another new space and gain favorable long term lease.","I do not utilize any of the above City services",,,"Other (please specify)","sightlinesmag.org"
"10107062781","2018-07-11T14:41:59.000","2018-07-11T14:45:06.000",,,,,,,,,,,,,,,,,,,"Painting, Illustration",,,"Printmaking",,,,,"Woodworking",,,"15","I RENT my home and have space within my home that I use for creative work (including home studios separate from living areas, e.g. granny flat, garage studio, etc.)","No","Not relevant to me/ I do not have a workspace separate from my home","Daily, less than 5 hours","78745","Increased by 11-25%",,,,"Have workspace and living space within a larger complex of studios and residences","Work in a private workspace, but in a larger complex with other artists",,,,,,,,,,,,,,,,,,,,,,,,,,,,,,,"Light Industrial Workshop (mechanical equipment, flammable materials, ventilation)",,,,,,,,,,,,,,"78704","78702","78745",,"Used a space that was not ideal for your needs (not the right size, lacking needed equipment, not located in your preferred region, etc.)",,,"Stopped you from pursuing a specific job, contract, project, or commission",,,"Stopped you from pursuing your creative practice professionally",,,,"Professional development workshops or events for creatives and artists",,,"Don’t Remember",
"10107035930","2018-07-11T14:25:04.000","2018-07-11T14:30:16.000",,,,,,,,,,,,,,,"Literary Arts",,,,"Painting, Illustration",,,,,"Sculpture",,,,,,"0","I RENT my home and have space within my home that I use for creative work (including home studios separate from living areas, e.g. granny flat, garage studio, etc.)","No","Not relevant to me/ I do not have a workspace separate from my home","Weekly, at least a few days/hours a week","78745","Increased by 5% or less",,,"Work at home in a private workspace within my home",,,,,,,,,,,,,,,,,,,,,,"Running Water",,,,,,"Specialty Floors (Marley, Subfloor, Acro Mats, Sprung Floors)",,,"Individual Artist Workspace",,"Light Industrial Workshop (mechanical equipment, flammable materials, ventilation)",,,,,"Oversized Doors and/or Freight Elevator","Ramps/loading dock","Floor Drains",,"High ceilings","Live/Work Space",,,,"78745","78704","78701",,"Used a space that was not ideal for your needs (not the right size, lacking needed equipment, not located in your preferred region, etc.)","Considered permanently leaving Austin for another city or state",,"Stopped you from pursuing a specific job, contract, project, or commission",,"Been forced to close and/or discontinue your creative practice","Stopped you from pursuing your creative practice professionally","Stopped you from expanding your operations",,"I have to rent a 3 bedroom duplex even though I live alone because it has a garage I can use for art.","I do not utilize any of the above City services",,,"City of Austin Newsletters",
"10106904810","2018-07-11T13:06:52.000","2018-07-11T13:17:10.000",,,,,,,,,,,,,,,,,,,"Painting, Illustration",,"Photography",,,,,,,,,"5","I RENT studio or other work space separate from my home","No","$150- $300","Monthly, a few days/hours a month","78757","Stayed the same",,,,,,,,,,"gallery, display for possible sales are most important for me","Indoor Performance Space: Black Box/Flex Space  (i.e. no fixed seats)",,,,,,,,,"Exhibition, Gallery Space, more than 1,000 sq. feet","Retail Space, Storefront","Classroom, teaching space",,,"Running Water",,,"Serving Alcohol",,,,,,,,"Light Industrial Workshop (mechanical equipment, flammable materials, ventilation)",,,,,,,,"Wheelchair accessibility",,,,,,"78745","78704","78735",,"Used a space that was not ideal for your needs (not the right size, lacking needed equipment, not located in your preferred region, etc.)","Considered permanently leaving Austin for another city or state",,"Stopped you from pursuing a specific job, contract, project, or commission","Paid for space you could not afford",,,"Stopped you from expanding your operations",,"I love the communal gallery space I'm at now, but due to lack of funds, it's only open to the public for two days a week, and has minimal traffic, not the best location, but it's all I can afford right now and the paintings won't sell sitting in my living room studio, which is where I work.","I do not utilize any of the above City services",,,"Saw it posted on Facebook",
"10106895639","2018-07-11T13:01:23.000","2018-07-11T13:08:17.000",,,,"Comedy or Improv",,,,,,,"Graphic Design",,,,,,"Music/Music Composition",,"Painting, Illustration",,,,,"Sculpture",,,,,,"10","I OWN my home and have space within my home that I use for creative work (including home studios separate from living areas, e.g. granny flat, garage studio, etc.)","No","Not relevant to me/ I do not have a workspace separate from my home","Daily, 5 or more hours","78758","Increased by 6-10%",,,,,"Work in a private workspace, but in a larger complex with other artists","Rent workspace on a temporary, as needed basis (by the hour or day)","Coworking/shared maker space with access to a shared space with craft/discipline specific shared tools and resources",,,,"Indoor Performance Space: Black Box/Flex Space  (i.e. no fixed seats)","Indoor Performance Space, Auditorium, Thrust Stage, Proscenium",,,,,,,"Exhibition, Gallery Space, less than 1,000 sq. feet","Exhibition, Gallery Space, more than 1,000 sq. feet","Retail Space, Storefront",,,,"Running Water",,,"Serving Alcohol","Serving Food",,,,,"Individual Artist Workspace","Multiple Artist Workspaces",,,,,,,,,,"High ceilings","Live/Work Space",,,,"78703","78731","78746",,"Used a space that was not ideal for your needs (not the right size, lacking needed equipment, not located in your preferred region, etc.)","Considered permanently leaving Austin for another city or state",,"Stopped you from pursuing a specific job, contract, project, or commission","Paid for space you could not afford",,"Stopped you from pursuing your creative practice professionally","Stopped you from expanding your operations",,,"I do not utilize any of the above City services",,,"City of Austin Newsletters",
"10106866864","2018-07-11T12:44:10.000","2018-07-11T12:55:33.000",,,,,,,,,,,,,,,,,,,,"Performing/Theatre Arts",,,,,,,,,,"31","My work does not require designated space/I don't need a space","No","Not relevant to me/ I do not have a workspace separate from my home","Not relevant to me- I don't need a workspace","N/A","Not relevant to me/ I do not pay for a space",,,"Work at home in a private workspace within my home",,"Work in a private workspace, but in a larger complex with other artists","Rent workspace on a temporary, as needed basis (by the hour or day)",,,,,"Indoor Performance Space: Black Box/Flex Space  (i.e. no fixed seats)","Indoor Performance Space, Auditorium, Thrust Stage, Proscenium",,,"Fly System, Fly Space","Rehearsal Space, less than 1,000 sq. feet",,"Mirrors/mirrored wall",,,,"Classroom, teaching space","Air-Conditioned Storage Space",,"Running Water",,,,,"Commercial kitchen",,,"Projection, Movie Theater","Individual Artist Workspace","Multiple Artist Workspaces","Light Industrial Workshop (mechanical equipment, flammable materials, ventilation)",,,,,"Oversized Doors and/or Freight Elevator","Ramps/loading dock",,"Wheelchair accessibility",,,,,,"78723","78724","78702",,"Used a space that was not ideal for your needs (not the right size, lacking needed equipment, not located in your preferred region, etc.)",,"Canceled a performance or production","Stopped you from pursuing a specific job, contract, project, or commission",,"Been forced to close and/or discontinue your creative practice","Stopped you from pursuing your creative practice professionally","Stopped you from expanding your operations",,,"Receiving funding through the Cultural Funding Program",,,"City of Austin Newsletters",
"10106816572","2018-07-11T12:14:35.000","2018-07-11T12:29:05.000",,,,,,,,,,,,,,,,,,,"Painting, Illustration",,,,,,,,,,,"50","I RENT studio or other work space separate from my home","No","$701- $1,000","Daily, less than 5 hours","78702","Increased by 6-10%",,,,,"Work in a private workspace, but in a larger complex with other artists",,"Coworking/shared maker space with access to a shared space with craft/discipline specific shared tools and resources","Share/Sublet my studio part time when I am not using it",,,,,,,,,,,,"Exhibition, Gallery Space, more than 1,000 sq. feet",,,,,"Running Water",,,,,,,,,"Individual Artist Workspace","Multiple Artist Workspaces",,,,,,,,,,"High ceilings",,,,,"78702","78722","78723",,,,,,"Paid for space you could not afford","Been forced to close and/or discontinue your creative practice",,,,,"I do not utilize any of the above City services",,,"Other (please specify)","Received email"
"10106797830","2018-07-11T12:04:14.000","2018-07-11T12:09:22.000","Animation",,,,,,,"Folk and Traditional Art",,,,,,,,,,"New Media, Tech, Digital Arts",,,,,,,,,,,,"85","I don't currently have the space I need for my art or creative work","No","$150- $300","Daily, 5 or more hours","78704","Increased by 6-10%",,,,"Have workspace and living space within a larger complex of studios and residences","Work in a private workspace, but in a larger complex with other artists",,"Coworking/shared maker space with access to a shared space with craft/discipline specific shared tools and resources",,,,,,,,,,,,"Exhibition, Gallery Space, less than 1,000 sq. feet",,,,,,"Running Water",,,,,,,,,"Individual Artist Workspace","Multiple Artist Workspaces","Light Industrial Workshop (mechanical equipment, flammable materials, ventilation)",,,"Photo Studio","Soundproofing, Recording Studio",,,,,,,,,,"78702","78722","78704","Used a space beyond the Austin city limits","Used a space that was not ideal for your needs (not the right size, lacking needed equipment, not located in your preferred region, etc.)","Considered permanently leaving Austin for another city or state",,"Stopped you from pursuing a specific job, contract, project, or commission","Paid for space you could not afford",,"Stopped you from pursuing your creative practice professionally","Stopped you from expanding your operations",,,"I do not utilize any of the above City services",,,"Word of mouth",
"10106607213","2018-07-11T10:24:55.000","2018-07-11T10:28:08.000",,,,,,,,,,,,,,,,,,,,,"Photography",,,,,,,,,"99","My work does not require designated space/I don't need a space","I don't need a workspace/Not relevant to me.","Not relevant to me/ I do not have a workspace separate from my home","Not relevant to me- I don't need a workspace","78704","Increased by 6-10%",,,"Work at home in a private workspace within my home",,,,,,,,,,,,,,,,,,,,"Air-Conditioned Storage Space",,,,,"Serving Alcohol",,,,,,,,,,,"Photo Studio",,,,,,,,,,,"78704","78702","78745",,,"Considered permanently leaving Austin for another city or state",,,,,,,,,"I do not utilize any of the above City services",,,"Saw it posted on Facebook",
"10106560003","2018-07-11T09:50:48.000","2018-07-11T10:07:34.000",,,,,,,,"Folk and Traditional Art",,,"Graphic Design",,,,,,,"New Media, Tech, Digital Arts","Painting, Illustration",,,,,"Sculpture","Textile/Fiber Arts",,,,,"0","I OWN my home and have space within my home that I use for creative work (including home studios separate from living areas, e.g. granny flat, garage studio, etc.)","Don't know","Not relevant to me/ I do not have a workspace separate from my home","Weekly, at least a few days/hours a week","78758","Not relevant to me/ I do not pay for a space",,,"Work at home in a private workspace within my home",,"Work in a private workspace, but in a larger complex with other artists","Rent workspace on a temporary, as needed basis (by the hour or day)",,,,,,,,,,,,,,,"Retail Space, Storefront","Classroom, teaching space","Air-Conditioned Storage Space",,"Running Water",,,,,,,,,"Individual Artist Workspace","Multiple Artist Workspaces",,"Ceramics Studio, Kiln",,,,,,,,"High ceilings",,,,,"78758","78757","78705",,"Used a space that was not ideal for your needs (not the right size, lacking needed equipment, not located in your preferred region, etc.)","Considered permanently leaving Austin for another city or state",,"Stopped you from pursuing a specific job, contract, project, or commission",,,"Stopped you from pursuing your creative practice professionally","Stopped you from expanding your operations",,,"Professional development workshops or events for creatives and artists",,,"City of Austin Newsletters",
"10106483074","2018-07-11T09:22:39.000","2018-07-11T09:25:22.000",,,,,,,,,,,,,,,,,,,,,,,,,,,"Woodworking",,,"90","I don't currently have the space I need for my art or creative work","No","Not relevant to me/ I do not have a workspace separate from my home","Daily, 5 or more hours","na","Not relevant to me/ I do not pay for a space",,,,,,,,,,,,,,,,,,,,,,,,,,,,,,,,,,,,,,,,,,,,,,,,,,,,,,,,,,,,,,,,,,,,
"10106462107","2018-07-11T09:11:46.000","2018-07-11T09:18:50.000",,,,,,,,,,,,,,,,,,,,,,,,"Sculpture",,,,,,"9","I don't currently have the space I need for my art or creative work","No","Not relevant to me/ I do not have a workspace separate from my home","Daily, less than 5 hours","N/A","Not relevant to me/ I do not pay for a space",,,,"Have workspace and living space within a larger complex of studios and residences","Work in a private workspace, but in a larger complex with other artists",,"Coworking/shared maker space with access to a shared space with craft/discipline specific shared tools and resources",,,,,,,,,,,,"Exhibition, Gallery Space, less than 1,000 sq. feet",,,,"Air-Conditioned Storage Space",,,,,,,,,,,,"Multiple Artist Workspaces",,"Ceramics Studio, Kiln",,,,,,,,,"Live/Work Space",,,,"78705","78702","78703",,,"Considered permanently leaving Austin for another city or state",,"Stopped you from pursuing a specific job, contract, project, or commission",,,,,,,"Professional development workshops or events for creatives and artists",,,"City of Austin Newsletters",
"10106451121","2018-07-11T09:05:53.000","2018-07-11T09:13:39.000",,,,,,,,,,,,,,,,,,,"Painting, Illustration",,,,,,,,,,,"4","I OWN studio or other work space separate from my home","Yes","$1,001 - $1,500","Weekly, at least a few days/hours a week","78602","Stayed the same",,,,,"Work in a private workspace, but in a larger complex with other artists",,,,,,,,,,,,,,,,,,"Air-Conditioned Storage Space",,"Running Water",,,,,,,,,"Individual Artist Workspace",,,,,,,,,,,,,,,,"78723","78752","78722","Used a space beyond the Austin city limits","Used a space that was not ideal for your needs (not the right size, lacking needed equipment, not located in your preferred region, etc.)",,,,,,,,,"Location keeps me from painting daily due to distance.","Other (please specify)","Exhibits at Old Bakery and ABIA",,"City of Austin Newsletters",
"10106276938","2018-07-11T07:28:56.000","2018-07-11T09:50:06.000",,,,,,"Fashion Design",,,,,,,,"Jewelry Design",,,,,,,,,,,"Textile/Fiber Arts",,,,"Crafts of many natures","50","I RENT my home and have space within my home that I use for creative work (including home studios separate from living areas, e.g. granny flat, garage studio, etc.)","I don't need a workspace/Not relevant to me.","Not relevant to me/ I do not have a workspace separate from my home","Daily, less than 5 hours","78752","Increased by 5% or less",,,"Work at home in a private workspace within my home",,,"Rent workspace on a temporary, as needed basis (by the hour or day)",,,,"I ‘manufacture’ the items I sell at home and does not cost since the rent is a given and outside of my rent which I would pay and using it won’t increase the cost other then what is usually assumed as a rent increase when signing a new lease. Having locations in which people can sell their items at different venues within the city would not enable me to make a living wage. Venues such as the Asian Center, Mexican Heritage Center and Palmer Auditorium would not only be available on a regular basis but cost more for many multiple vendors to use. The ability to be able to sell or perform to have enough revenue to make a living need to be where there is the same amount of foot traffic on a consistent basis and visible to tourists. For the most part tourists will want to stay in areas where there is a larger variety of places to visit in a single area that is easily accessible and in the same proximality not to spend additional time and increased cost going to a location where artisans gather. The ability to set up as street vendors in areas such as Congress and South Congress on a regular basis each weekend and even during the week not only will be visible for tourists who spend money, also to Austinites who go to businesses in the entertainment districts. As it is now, businesses have issues with vendors that are allowed to set up only for special events like the Pecan Festival cost do not meet the revenue made in one weekend. Allowing vendors to use sidewalks along the businesses on a regular basis would provide the ability to increase sales. I also think that reducing the amount of traffic lanes and using one or two to be dedicated to vendors would allow more business for them as the foot traffic in the area id the busiest in Austin. 99% of artisians need additional space to work outside of their home. Space for musicians to practice can be obtained at low costs using businesses that rent out storage spaces if not located close to neighborhoods that would have issues with the loud music. To rent storage spaces are extremely cheat to use for space to work.",,,,"Outdoor Performance Space with amplified sound",,,,,"Exhibition, Gallery Space, less than 1,000 sq. feet",,,,,"Non-Air Conditioned Storage Space",,,,,,,,,,,,,,,,,,,,,,"Live/Work Space",,,"Space in front of existing businesses tha tattract the most tourists and Austinites for entertainment and handmade wares.","78701","78704","78705",,"Used a space that was not ideal for your needs (not the right size, lacking needed equipment, not located in your preferred region, etc.)",,,,"Paid for space you could not afford","Been forced to close and/or discontinue your creative practice","Stopped you from pursuing your creative practice professionally","Stopped you from expanding your operations",,"Actually size of space has not been an issue. I only require an area about 15' x 15' is required to display and sell items. The locations that provide activity is the issue that prevents the ability to make a living of the skills that I excel in.","Other (please specify)","Funding through Cultural Funding Program is not avialible to all who apply. And when funding is approved and provided it is inadequate to be an asset to Austin.",,"Other (please specify)","Austin Monitor"
"10106271385","2018-07-11T07:25:59.000","2018-07-11T07:38:01.000",,,,,,,,,,,"Graphic Design",,"Installation or Public Art",,,,,,"Painting, Illustration",,,,,"Sculpture",,,,,,"100","I don't currently have the space I need for my art or creative work","No","Not relevant to me/ I do not have a workspace separate from my home","Daily, 5 or more hours","78732","Stayed the same",,,,"Have workspace and living space within a larger complex of studios and residences","Work in a private workspace, but in a larger complex with other artists",,,,,,,,,,,,,,"Exhibition, Gallery Space, less than 1,000 sq. feet","Exhibition, Gallery Space, more than 1,000 sq. feet",,"Classroom, teaching space","Air-Conditioned Storage Space",,"Running Water",,,,,,,,,"Individual Artist Workspace","Multiple Artist Workspaces","Light Industrial Workshop (mechanical equipment, flammable materials, ventilation)",,,,,"Oversized Doors and/or Freight Elevator","Ramps/loading dock",,,"High ceilings","Live/Work Space",,,,"78732","78730","78750","Used a space beyond the Austin city limits","Used a space that was not ideal for your needs (not the right size, lacking needed equipment, not located in your preferred region, etc.)","Considered permanently leaving Austin for another city or state","Canceled a performance or production","Stopped you from pursuing a specific job, contract, project, or commission","Paid for space you could not afford",,,"Stopped you from expanding your operations",,,"Professional development workshops or events for creatives and artists",,,"Word of mouth",
"10106253842","2018-07-11T07:14:31.000","2018-07-11T07:18:41.000",,,,,,,,,,,,"Healing Arts/Arts Therapy",,,,,,,,,"Photography",,,,,,,,,"25","I RENT my home and have space within my home that I use for creative work (including home studios separate from living areas, e.g. granny flat, garage studio, etc.)","No","$1,001 - $1,500","Weekly, at least a few days/hours a week","78741","Stayed the same",,,"Work at home in a private workspace within my home","Have workspace and living space within a larger complex of studios and residences","Work in a private workspace, but in a larger complex with other artists",,,,,,,,,,,,,,,,"Retail Space, Storefront",,"Air-Conditioned Storage Space",,"Running Water",,,,,,,,,,,,,,"Photo Studio",,,,,,,,,,,"78702","78701","78746",,,,,,,,"Stopped you from pursuing your creative practice professionally",,,,"I do not utilize any of the above City services",,,"Other (please specify)","Culture Map"
"10105830944","2018-07-11T00:19:44.000","2018-07-11T00:33:46.000",,,,,,,,,,,,,,,,,,,"Painting, Illustration",,,,,"Sculpture",,,,,,"17","I OWN my home and have space within my home that I use for creative work (including home studios separate from living areas, e.g. granny flat, garage studio, etc.)","Don't know","Not relevant to me/ I do not have a workspace separate from my home","Daily, 5 or more hours","78727","Increased by 6-10%",,,,"Have workspace and living space within a larger complex of studios and residences",,,,,,,,,,,,,,,,"Exhibition, Gallery Space, more than 1,000 sq. feet",,,,,"Running Water",,,,,,,,,,"Multiple Artist Workspaces",,"Ceramics Studio, Kiln",,,,,,,,,,,,,"78703","78757","78727",,,"Considered permanently leaving Austin for another city or state",,,,,,,,"I don't think there is anything that would stop me from pursuing my creative work but I am getting older and fear I won't be able to afford to stay in Austin for very long after retirement.  The venues to sell art are diminishing and, truthfully, Austin sustains its musicians better than its visual artists.  At least this has been my experience over the years.  I have lived in Austin since 1973.","Other (please specify)","I am a member of Austin Visual Arts Association which I believe is partially funded by the city.",,"Other (please specify)","A link to the survey was sent to me via email."
"10105807434","2018-07-10T23:47:19.000","2018-07-10T23:54:45.000",,,,,,,,,,,,,,,,,,,,,,,,"Sculpture",,,,,"Mixed media, encaustics","7","I RENT my home and have space within my home that I use for creative work (including home studios separate from living areas, e.g. granny flat, garage studio, etc.)","No","Not relevant to me/ I do not have a workspace separate from my home","Weekly, at least a few days/hours a week","78751","Stayed the same",,,"Work at home in a private workspace within my home","Have workspace and living space within a larger complex of studios and residences","Work in a private workspace, but in a larger complex with other artists",,,,,,,,,,,,,,"Exhibition, Gallery Space, less than 1,000 sq. feet","Exhibition, Gallery Space, more than 1,000 sq. feet","Retail Space, Storefront",,"Air-Conditioned Storage Space",,"Running Water",,,"Serving Alcohol","Serving Food",,,,,"Individual Artist Workspace","Multiple Artist Workspaces","Light Industrial Workshop (mechanical equipment, flammable materials, ventilation)",,,,,,,,,,"Live/Work Space",,,,"78750","78731","78759",,,"Considered permanently leaving Austin for another city or state",,,,,"Stopped you from pursuing your creative practice professionally","Stopped you from expanding your operations",,"Refined and / or paused my choice of media in which to explore my creative art making ventures (e.g., waiting to experiment with encaustics until the weather cools down so I can be outside for health and safety concerns).","I do not utilize any of the above City services",,,"City of Austin Newsletters",
"10105702441","2018-07-10T21:38:36.000","2018-07-10T21:52:37.000",,,,,,,,,,,,,,,,,,,"Painting, Illustration",,,,,,,,,,,"30","I RENT studio or other work space separate from my home","No","$150- $300","Daily, less than 5 hours","78702","Stayed the same",,,,,"Work in a private workspace, but in a larger complex with other artists",,,,,,,,,,,,,,,"Exhibition, Gallery Space, more than 1,000 sq. feet",,,,,"Running Water",,,,,,,,,,"Multiple Artist Workspaces",,,,,,,,,,,,,,,"78702","78741","78721",,,,,,,,"Stopped you from pursuing your creative practice professionally",,,"Artist Complex sold and forced to leave","Receiving funding through the Cultural Funding Program",,,"Other (please specify)","Was sent to me."
"10105684992","2018-07-10T21:20:49.000","2018-07-10T21:24:39.000",,,,,"Dance/Choreography",,,,,,"Graphic Design",,,,,,,,"Painting, Illustration",,"Photography",,,,,,,,,"35","I OWN my home and have space within my home that I use for creative work (including home studios separate from living areas, e.g. granny flat, garage studio, etc.)","Don't know","Not relevant to me/ I do not have a workspace separate from my home","Daily, 5 or more hours","78704","Increased by 6-10%",,,,,,,,,,,,,,,,,,,,,,,,,,,,,,,,,,,,,,,,,,,,,,,,,,,,,,,,,,,,,,,,,,,,
"10105576847","2018-07-10T19:38:20.000","2018-07-10T19:45:46.000",,,,,,,,,,,"Graphic Design",,,,,,,,,,,,,,"Textile/Fiber Arts",,,,,"100","I OWN my home and have space within my home that I use for creative work (including home studios separate from living areas, e.g. granny flat, garage studio, etc.)","No","Not relevant to me/ I do not have a workspace separate from my home","Daily, less than 5 hours","78751","Increased by 6-10%",,,"Work at home in a private workspace within my home",,"Work in a private workspace, but in a larger complex with other artists",,"Coworking/shared maker space with access to a shared space with craft/discipline specific shared tools and resources",,,,,,,,,,,,"Exhibition, Gallery Space, less than 1,000 sq. feet",,"Retail Space, Storefront","Classroom, teaching space","Air-Conditioned Storage Space",,"Running Water","Office Space, less than 5 employees",,,,,,,,"Individual Artist Workspace",,,"Ceramics Studio, Kiln","Film Processing, Darkroom","Photo Studio",,,,"Floor Drains",,,,,,,"78751","78756","78703","Used a space beyond the Austin city limits",,,,"Stopped you from pursuing a specific job, contract, project, or commission",,,"Stopped you from pursuing your creative practice professionally","Stopped you from expanding your operations",,,"Applying for City of Austin Artist Residency Programs",,,"City of Austin Newsletters",
"10105554447","2018-07-10T19:17:42.000","2018-07-10T19:25:06.000",,,,,,,,,,,,,,,,,,,"Painting, Illustration",,,,,,,,,,,"99","I OWN my home and have space within my home that I use for creative work (including home studios separate from living areas, e.g. granny flat, garage studio, etc.)","No","Not relevant to me/ I do not have a workspace separate from my home","Daily, 5 or more hours","78746","Not relevant to me/ I do not pay for a space",,,,,"Work in a private workspace, but in a larger complex with other artists",,,,,,,,,,,,,,"Exhibition, Gallery Space, less than 1,000 sq. feet",,,,,,"Running Water",,,,,,,,,"Individual Artist Workspace","Multiple Artist Workspaces","Light Industrial Workshop (mechanical equipment, flammable materials, ventilation)","Ceramics Studio, Kiln",,,,"Oversized Doors and/or Freight Elevator",,,,"High ceilings",,,,,"78746","78703","78704",,,,,,,,,"Stopped you from expanding your operations",,,"Other (please specify)","I haven't utilized them yet, but plan to in the future",,"City of Austin Newsletters",
"10105509484","2018-07-10T18:37:01.000","2018-07-10T19:09:46.000",,,,,,,,,,,,,,,,,,,"Painting, Illustration",,,,,,,,,,,"85","I RENT studio or other work space separate from my home","Don't know","$701- $1,000","Daily, less than 5 hours","78702","Increased by 11-25%",,,,,"Work in a private workspace, but in a larger complex with other artists",,,,,,,,,,,,,,"Exhibition, Gallery Space, less than 1,000 sq. feet",,,,"Air-Conditioned Storage Space",,"Running Water",,,,,,,,,"Individual Artist Workspace",,"Light Industrial Workshop (mechanical equipment, flammable materials, ventilation)",,,,,"Oversized Doors and/or Freight Elevator","Ramps/loading dock",,,"High ceilings",,,,,"78702","78704",,"Used a space beyond the Austin city limits","Used a space that was not ideal for your needs (not the right size, lacking needed equipment, not located in your preferred region, etc.)","Considered permanently leaving Austin for another city or state",,,"Paid for space you could not afford","Been forced to close and/or discontinue your creative practice",,"Stopped you from expanding your operations",,"Being displaced from your working studio because it is bought by a developer (who doubled the rent overnight) is incredibly disruptive. Although I had a lease that allowed me to continue to the end of that year, most of the artists were in a month-to-month situation and had no where to go. I was displaced over a year looking for something comparable. Ultimately, I had to share studio space until something came available two years later.","Professional development workshops or events for creatives and artists",,,"Other (please specify)","shared by Cultural Arts Division by email"
"10105500693","2018-07-10T18:29:06.000","2018-07-10T18:31:29.000",,,,,,,,,,,,,,,,,,,,"Performing/Theatre Arts",,,,,,,,,,"25","Don't Know","No","$301- $700","Daily, less than 5 hours","78723","Increased by 6-10%",,,,,,,,,,,,,,,,,,,,,,,,,,,,,,,,,,,,,,,,,,,,,,,,,,,,,,,,,,,,,,,,,,,,
"10105497439","2018-07-10T18:26:09.000","2018-07-11T14:03:24.000",,,,"Comedy or Improv",,,"Film/TV",,,,,,,,"Literary Arts",,,"New Media, Tech, Digital Arts",,,,,"Radio",,,"Web-based Content Production",,,,"10","I don't currently have the space I need for my art or creative work","Don't know","Not relevant to me/ I do not have a workspace separate from my home","Daily, less than 5 hours","78758","Increased 76% or more",,,"Work at home in a private workspace within my home",,"Work in a private workspace, but in a larger complex with other artists",,"Coworking/shared maker space with access to a shared space with craft/discipline specific shared tools and resources",,,,,,,,,,,,,,,,,,,"Office Space, less than 5 employees",,"Serving Alcohol","Serving Food",,,,,"Individual Artist Workspace",,,,,,"Soundproofing, Recording Studio",,,,,"High ceilings","Live/Work Space",,,,"78758","78757","78759",,"Used a space that was not ideal for your needs (not the right size, lacking needed equipment, not located in your preferred region, etc.)",,,"Stopped you from pursuing a specific job, contract, project, or commission",,,"Stopped you from pursuing your creative practice professionally","Stopped you from expanding your operations",,"Honestly, I can usually duct tape together space for literary or podcasting work, but childcare is my big obstacle right now.","I do not utilize any of the above City services",,,"City of Austin Newsletters",
"10105468072","2018-07-10T18:00:07.000","2018-07-10T18:43:44.000",,,,,"Dance/Choreography",,,,,,,,,,,,,,,,,,,,,,,,,"24","I RENT studio or other work space separate from my home","Don't know","$301- $700","Daily, less than 5 hours","78702","Increased by 5% or less",,,,,,,,,,,,,,,,,,,,,,,,,,,,,,,,,,,,,,,,,,,,,,,,,,,,,,,,,,,,,,,,,,,,
"10105429462","2018-07-10T17:27:40.000","2018-07-10T17:34:21.000",,,,,,,,,,,,,,,,,,,"Painting, Illustration",,,,,,,,,,,"31","I don't currently have the space I need for my art or creative work","No","Not relevant to me/ I do not have a workspace separate from my home","Daily, 5 or more hours","78741","Increased by 6-10%",,,"Work at home in a private workspace within my home","Have workspace and living space within a larger complex of studios and residences","Work in a private workspace, but in a larger complex with other artists",,,,,,,,,,,,,,,,,,,,"Running Water",,,,,,,,,,,,,,,,,,,,,,,,,"78741","78723","78702",,,"Considered permanently leaving Austin for another city or state","Canceled a performance or production","Stopped you from pursuing a specific job, contract, project, or commission",,"Been forced to close and/or discontinue your creative practice","Stopped you from pursuing your creative practice professionally","Stopped you from expanding your operations",,,"I do not utilize any of the above City services",,,"Other (please specify)","It was emailed to me"
"10105423078","2018-07-10T16:53:58.000","2018-07-10T17:27:06.000",,,,,,,,,,,,,,,,,,,,,"Photography",,,,,,,,,"26","I don't currently have the space I need for my art or creative work","No","Not relevant to me/ I do not have a workspace separate from my home","Daily, 5 or more hours","78704","Stayed the same",,,"Work at home in a private workspace within my home",,"Work in a private workspace, but in a larger complex with other artists",,,,,,,,,,,,,,,,"Retail Space, Storefront",,"Air-Conditioned Storage Space",,,,,,,,,,,"Individual Artist Workspace","Multiple Artist Workspaces",,,,"Photo Studio",,,,,,"High ceilings",,,,,"78704","78746","78745",,"Used a space that was not ideal for your needs (not the right size, lacking needed equipment, not located in your preferred region, etc.)","Considered permanently leaving Austin for another city or state",,"Stopped you from pursuing a specific job, contract, project, or commission",,,"Stopped you from pursuing your creative practice professionally","Stopped you from expanding your operations",,,"I do not utilize any of the above City services",,,"City of Austin Newsletters",
"10105405291","2018-07-10T17:08:52.000","2018-07-10T17:22:00.000",,,,,,,,,,,,,,,,,,,,,,,,"Sculpture",,,,,,"75","I don't currently have the space I need for my art or creative work","No","Not relevant to me/ I do not have a workspace separate from my home","Daily, less than 5 hours","78702","Increased by 5% or less",,,,,"Work in a private workspace, but in a larger complex with other artists",,"Coworking/shared maker space with access to a shared space with craft/discipline specific shared tools and resources",,,"Shared space with other artists, but use only your own tools and resources",,,,,,,,,,"Exhibition, Gallery Space, more than 1,000 sq. feet","Retail Space, Storefront",,,,"Running Water",,,,,,,,,"Individual Artist Workspace","Multiple Artist Workspaces",,,,,,,,"Floor Drains",,"High ceilings",,,,,"78702","78660","78705","Used a space beyond the Austin city limits","Used a space that was not ideal for your needs (not the right size, lacking needed equipment, not located in your preferred region, etc.)",,,,"Paid for space you could not afford","Been forced to close and/or discontinue your creative practice","Stopped you from pursuing your creative practice professionally","Stopped you from expanding your operations",,"I used to have a huge studio with gallery space on Caesar Chavez, the rent more than tripled and later closed all together. I had to move from the East Side to Pflugerville so I could afford a place to live with a little extra space for my things. It's so small I can't create the things I want to, and so isolated I feel alone and uninspired. There are no other fine artists around here, just crafty people. Such a sad situation.","I do not utilize any of the above City services",,,"Other (please specify)","I'm on the mailing list and got an email."
"10105401503","2018-07-10T17:06:07.000","2018-07-10T17:11:45.000",,,,,,,,,,,,"Healing Arts/Arts Therapy",,,,,"Music/Music Composition",,,,,,,,,,,,"modeling","70","I RENT my home and have space within my home that I use for creative work (including home studios separate from living areas, e.g. granny flat, garage studio, etc.)","Yes","Not relevant to me/ I do not have a workspace separate from my home","Daily, 5 or more hours","78751","Increased by 5% or less",,,"Work at home in a private workspace within my home","Have workspace and living space within a larger complex of studios and residences","Work in a private workspace, but in a larger complex with other artists",,,,,,"Indoor Performance Space: Black Box/Flex Space  (i.e. no fixed seats)",,,,,,,,"Exhibition, Gallery Space, less than 1,000 sq. feet",,,"Classroom, teaching space",,,,,,,,,,,,"Individual Artist Workspace","Multiple Artist Workspaces",,,,,,,,,,,,,,,"78751","78702","78703",,"Used a space that was not ideal for your needs (not the right size, lacking needed equipment, not located in your preferred region, etc.)","Considered permanently leaving Austin for another city or state",,,"Paid for space you could not afford",,"Stopped you from pursuing your creative practice professionally","Stopped you from expanding your operations",,,"Receiving funding through the Cultural Funding Program",,,"City of Austin Newsletters",
"10105389508","2018-07-10T16:56:53.000","2018-07-10T17:11:44.000",,,,,,,,,,,,,,,,,,,"Painting, Illustration",,,,,,,,,,,"25","I don't currently have the space I need for my art or creative work","No","Not relevant to me/ I do not have a workspace separate from my home","Daily, less than 5 hours","78702","Not relevant to me/ I do not pay for a space",,,"Work at home in a private workspace within my home","Have workspace and living space within a larger complex of studios and residences","Work in a private workspace, but in a larger complex with other artists",,,,,,,,,,,,,,,,,,,,"Running Water",,,,,,,,,"Individual Artist Workspace",,,,,,,,,,,,,,,"Windows, A.C. and some kind of ventilation.","78702","78721","78741",,"Used a space that was not ideal for your needs (not the right size, lacking needed equipment, not located in your preferred region, etc.)","Considered permanently leaving Austin for another city or state",,"Stopped you from pursuing a specific job, contract, project, or commission",,"Been forced to close and/or discontinue your creative practice",,,,"Just lost my current painting studio due to building being sold and new owner changing the use of the building. It had no windows, was too small, and had no ventilation but it was a space to work. Having a real studio to work in would allow me to expand my painting practice & sell more paintings. Considering relocating to New Orleans.","I do not utilize any of the above City services",,,"Don’t Remember",
"10105386064","2018-07-10T16:54:12.000","2018-07-10T17:05:05.000",,,,,,,,,,,,,,,,,,,,,,,,,"Textile/Fiber Arts",,,,,"15","I OWN my home and have space within my home that I use for creative work (including home studios separate from living areas, e.g. granny flat, garage studio, etc.)","Yes","Not relevant to me/ I do not have a workspace separate from my home","Daily, less than 5 hours","78633","Stayed the same",,,"Work at home in a private workspace within my home",,,,,,,,,,,,,,,,,,,,"Air-Conditioned Storage Space",,"Running Water",,,,,,,,,"Individual Artist Workspace",,"Light Industrial Workshop (mechanical equipment, flammable materials, ventilation)",,,,,,,,,"High ceilings",,,,,"78717","78728","78681","Used a space beyond the Austin city limits","Used a space that was not ideal for your needs (not the right size, lacking needed equipment, not located in your preferred region, etc.)",,,,,"Been forced to close and/or discontinue your creative practice",,"Stopped you from expanding your operations",,,"Artists Resource Center services at the Dougherty Arts Center",,,"Don’t Remember",
"10105375595","2018-07-10T16:46:44.000","2018-07-10T17:02:40.000",,,,,,,,,,,,,,,,"Metalworking",,,,,,,,,,,"Woodworking",,,"10","I don't currently have the space I need for my art or creative work","No","Not relevant to me/ I do not have a workspace separate from my home","Weekly, at least a few days/hours a week","78704","Increased by 5% or less",,,,,,,"Coworking/shared maker space with access to a shared space with craft/discipline specific shared tools and resources","Share/Sublet my studio part time when I am not using it",,,,,,,,,,,,,,,,,,,,,,,,,,,,"Light Industrial Workshop (mechanical equipment, flammable materials, ventilation)",,,,,"Oversized Doors and/or Freight Elevator","Ramps/loading dock",,,"High ceilings",,,,"adequate power","78745","78652","78719",,"Used a space that was not ideal for your needs (not the right size, lacking needed equipment, not located in your preferred region, etc.)","Considered permanently leaving Austin for another city or state",,"Stopped you from pursuing a specific job, contract, project, or commission",,,"Stopped you from pursuing your creative practice professionally",,,"I have tools but no power or not enough and no room to adequately create.  I am forced to work out in the open and people interrupt me constantly","I do not utilize any of the above City services",,,"City of Austin Newsletters",
"10105285396","2018-07-10T15:46:42.000","2018-07-10T15:50:07.000",,,,,,,,,,,,,,,,,,,,,,,,,,"Web-based Content Production",,,"Writing","99","I RENT studio or other work space separate from my home","I don't need a workspace/Not relevant to me.","$1,001 - $1,500","Weekly, at least a few days/hours a week","78701","Increased by 6-10%",,,,,,,,,,,,,,,,,,,,,,,,,,,,,,,,,,,,,,,,,,,,,,,,,,,,,,,,,,,,,,,,,,,,
"10103912670","2018-07-09T23:45:34.000","2018-07-09T23:51:03.000",,,"Ceramics",,,,,,,,,,,,,,,,,,,,,,,,,,,"4","I OWN my home and have space within my home that I use for creative work (including home studios separate from living areas, e.g. granny flat, garage studio, etc.)","No","Not relevant to me/ I do not have a workspace separate from my home","Daily, less than 5 hours","78723","Increased by 5% or less",,,"Work at home in a private workspace within my home",,"Work in a private workspace, but in a larger complex with other artists",,"Coworking/shared maker space with access to a shared space with craft/discipline specific shared tools and resources",,,,,,,,,,,,,,,,"Air-Conditioned Storage Space",,,,,,,,,,,"Individual Artist Workspace","Multiple Artist Workspaces","Light Industrial Workshop (mechanical equipment, flammable materials, ventilation)","Ceramics Studio, Kiln",,,,,,,,,,,,,"78723","78722","78721",,"Used a space that was not ideal for your needs (not the right size, lacking needed equipment, not located in your preferred region, etc.)",,,,,,,"Stopped you from expanding your operations",,,"Applying for City of Austin Artist Residency Programs",,,"Saw it posted on Facebook",
"10103808675","2018-07-09T21:29:18.000","2018-07-09T21:39:39.000",,,,,,,,,,,,,,,,,"Music/Music Composition",,,,,,,,,,,,,"50","I don't currently have the space I need for my art or creative work","No","Not relevant to me/ I do not have a workspace separate from my home","Daily, 5 or more hours","78130","Stayed the same",,,,,,,,,,"Access to an affordable private studio/workspace outside of my home",,"Indoor Performance Space, Auditorium, Thrust Stage, Proscenium",,,,"Rehearsal Space, less than 1,000 sq. feet",,,,,,,,,,,,,,,,,,"Individual Artist Workspace",,,,,,"Soundproofing, Recording Studio",,,,,,,,,,"78704","78741","78746",,"Used a space that was not ideal for your needs (not the right size, lacking needed equipment, not located in your preferred region, etc.)",,,,,,,,,,"I do not utilize any of the above City services",,,"Other (please specify)","Arts & Culture Texas"
"10103432608","2018-07-09T16:02:12.000","2018-07-09T16:08:48.000",,,,,,,,,,,,,,,,,"Music/Music Composition",,,,,,,,,,,,,"20","I RENT my home and have space within my home that I use for creative work (including home studios separate from living areas, e.g. granny flat, garage studio, etc.)","No","$1,001 - $1,500","Daily, less than 5 hours","78751","Stayed the same",,,"Work at home in a private workspace within my home","Have workspace and living space within a larger complex of studios and residences","Work in a private workspace, but in a larger complex with other artists",,,,,,,,,"Outdoor Performance Space with amplified sound",,"Rehearsal Space, less than 1,000 sq. feet",,,,,,,,,,,,,,,,,,"Individual Artist Workspace",,,,,,"Soundproofing, Recording Studio",,,,,"High ceilings","Live/Work Space",,,,"78751","78722","78702",,,"Considered permanently leaving Austin for another city or state",,,,,"Stopped you from pursuing your creative practice professionally",,,,"Professional development workshops or events for creatives and artists",,,"Read about it in the News, Magazine",
"10103410065","2018-07-09T15:52:02.000","2018-07-09T15:58:52.000",,,,,"Dance/Choreography",,,,,,,,,,,,,,,"Performing/Theatre Arts",,,,,,,,,,"85","I don't currently have the space I need for my art or creative work","No","under $150","Weekly, at least a few days/hours a week","78744","Decreased",,,,"Have workspace and living space within a larger complex of studios and residences","Work in a private workspace, but in a larger complex with other artists",,"Coworking/shared maker space with access to a shared space with craft/discipline specific shared tools and resources",,,,"Indoor Performance Space: Black Box/Flex Space  (i.e. no fixed seats)","Indoor Performance Space, Auditorium, Thrust Stage, Proscenium","Outdoor Performance Space without amplified sound","Outdoor Performance Space with amplified sound",,"Rehearsal Space, less than 1,000 sq. feet",,"Mirrors/mirrored wall",,,,"Classroom, teaching space",,,"Running Water",,,,,,"Specialty Floors (Marley, Subfloor, Acro Mats, Sprung Floors)",,,,,,,,,,,,,,"High ceilings",,,,,"78745","78744","78704","Used a space beyond the Austin city limits","Used a space that was not ideal for your needs (not the right size, lacking needed equipment, not located in your preferred region, etc.)","Considered permanently leaving Austin for another city or state",,,"Paid for space you could not afford",,,,,,"I do not utilize any of the above City services",,,"Saw it posted on Facebook",
"10103341437","2018-07-09T15:11:14.000","2018-07-09T15:16:22.000",,,,,"Dance/Choreography",,,,,,,,,,,,,,,"Performing/Theatre Arts",,,,,,,,,"fire dancer","25","I need space occassionaly and rent on an as needed basis","No","under $150","Weekly, at least a few days/hours a week","78702","Increased by 11-25%",,,,"Have workspace and living space within a larger complex of studios and residences",,"Rent workspace on a temporary, as needed basis (by the hour or day)","Coworking/shared maker space with access to a shared space with craft/discipline specific shared tools and resources",,,,,"Indoor Performance Space, Auditorium, Thrust Stage, Proscenium",,,,,"Rehearsal Space, more than 1,000 sq. feet","Mirrors/mirrored wall",,,,,,,,,,,,,"Specialty Floors (Marley, Subfloor, Acro Mats, Sprung Floors)",,,,,,,,,,,,,,,,,,,"78702","78723","78722","Used a space beyond the Austin city limits","Used a space that was not ideal for your needs (not the right size, lacking needed equipment, not located in your preferred region, etc.)","Considered permanently leaving Austin for another city or state",,,"Paid for space you could not afford",,,,,,"I do not utilize any of the above City services",,,"Word of mouth",
"10103335653","2018-07-09T15:07:29.000","2018-07-09T15:15:08.000",,,,,"Dance/Choreography",,,,,,,,,,,,,,,"Performing/Theatre Arts",,,,,,,,,,"20","I RENT studio or other work space separate from my home","No","under $150","Monthly, a few days/hours a month","78702","Stayed the same",,,,"Have workspace and living space within a larger complex of studios and residences",,"Rent workspace on a temporary, as needed basis (by the hour or day)",,"Share/Sublet my studio part time when I am not using it",,,"Indoor Performance Space: Black Box/Flex Space  (i.e. no fixed seats)","Indoor Performance Space, Auditorium, Thrust Stage, Proscenium",,,"Fly System, Fly Space",,"Rehearsal Space, more than 1,000 sq. feet","Mirrors/mirrored wall",,,,,,,"Running Water",,,,,,"Specialty Floors (Marley, Subfloor, Acro Mats, Sprung Floors)","Raked Seats",,,,,,,,,,"Ramps/loading dock",,,"High ceilings",,,,,"78723","78724","78745","Used a space beyond the Austin city limits","Used a space that was not ideal for your needs (not the right size, lacking needed equipment, not located in your preferred region, etc.)",,"Canceled a performance or production","Stopped you from pursuing a specific job, contract, project, or commission","Paid for space you could not afford",,"Stopped you from pursuing your creative practice professionally","Stopped you from expanding your operations",,,"Receiving funding through the Cultural Funding Program",,,"Saw it posted on Facebook",
"10103032814","2018-07-09T12:10:58.000","2018-07-09T12:13:15.000",,,,,,,,,,,"Graphic Design",,"Installation or Public Art",,,,,"New Media, Tech, Digital Arts",,,"Photography",,,"Sculpture",,,,,,"40","I RENT studio or other work space separate from my home","Yes","$150- $300","Daily, less than 5 hours","78702","Stayed the same",,,,,,,,,,,,,,,,,,,,,,,,,,,,,,,,,,,,,,,,,,,,,,,,,,,,,,,,,,,,,,,,,,,,
"10102915588","2018-07-09T11:06:12.000","2018-07-09T11:11:40.000",,,,,,,,,,,,,,,,,,,"Painting, Illustration",,,,,,,,"Woodworking",,,"0","I don't currently have the space I need for my art or creative work","No","Not relevant to me/ I do not have a workspace separate from my home","Weekly, at least a few days/hours a week","78759","Not relevant to me/ I do not pay for a space",,,"Work at home in a private workspace within my home","Have workspace and living space within a larger complex of studios and residences","Work in a private workspace, but in a larger complex with other artists",,,,,,,,,,,,,,,,,,"Air-Conditioned Storage Space",,"Running Water",,,,,,,,,"Individual Artist Workspace",,,,,,,,,,,"High ceilings",,,,,"78759","78758","78757",,,"Considered permanently leaving Austin for another city or state",,"Stopped you from pursuing a specific job, contract, project, or commission",,,"Stopped you from pursuing your creative practice professionally",,,,"I do not utilize any of the above City services",,,"Read about it in the News, Magazine",
