"fiscal_year","contractor","award"
"1986-09-30T00:00:00.000","La Peña","8082"
"2020-09-30T00:00:00.000","Sightlines","5063"
"2021-09-30T00:00:00.000","Dance Waterloo","6185"
"2023-09-30T00:00:00.000","MAS Cultura","5000"
"1982-09-30T00:00:00.000","Austin Choral Union","3266"
"1982-09-30T00:00:00.000","Chorus Austin","8028"
"1982-09-30T00:00:00.000","Austin Symphony Orchestra Society, Inc.","61551"
"1983-09-30T00:00:00.000","Ballet East Dance Company","4391"
"1983-09-30T00:00:00.000","Austin Choral Union","4640"
"1983-09-30T00:00:00.000","Austin Creative Alliance","5579"
"1983-09-30T00:00:00.000","Sharir + Bustamante Danceworks","6873"
"1983-09-30T00:00:00.000","Chorus Austin","6957"
"1983-09-30T00:00:00.000","Austin Visual Arts Association","10455"
"1983-09-30T00:00:00.000","Texas Circuit","12787"
"1983-09-30T00:00:00.000","Capitol City Playhouse","16503"
"1983-09-30T00:00:00.000","Dance Umbrella","17639"
"1983-09-30T00:00:00.000","Austin Federation of Musicians","20873"
"1983-09-30T00:00:00.000","Academia (Aztlan) De Danza Y Folklore","22095"
"1983-09-30T00:00:00.000","Center For Women & Their Work","26940"
"1983-09-30T00:00:00.000","Ballet Austin, Inc.","41613"
"1983-09-30T00:00:00.000","Austin Theatre Alliance (formerly Paramount Theatre and State Theatre)","53426"
"1983-09-30T00:00:00.000","Austin Symphony Orchestra Society, Inc.","64089"
"1983-09-30T00:00:00.000","Zachary Scott Theatre Center","402469"
"1984-09-30T00:00:00.000","Austin Civic Orchestra Society","1300"
"1984-09-30T00:00:00.000","Chorus Austin","4305"
"1984-09-30T00:00:00.000","Austin Creative Alliance","4900"
"1984-09-30T00:00:00.000","Ballet East Dance Company","5086"
"1984-09-30T00:00:00.000","Sharir + Bustamante Danceworks","8000"
"1984-09-30T00:00:00.000","Austin Choral Union","10650"
"1984-09-30T00:00:00.000","Texas Circuit","11888"
"1984-09-30T00:00:00.000","Austin Visual Arts Association","12384"
"1984-09-30T00:00:00.000","Dance Umbrella","15974"
"1984-09-30T00:00:00.000","Capitol City Playhouse","20000"
"1984-09-30T00:00:00.000","Academia (Aztlan) De Danza Y Folklore","23167"
"1984-09-30T00:00:00.000","Austin Federation of Musicians","27794"
"1984-09-30T00:00:00.000","Center For Women & Their Work","28325"
"1984-09-30T00:00:00.000","Ballet Austin, Inc.","43275"
"1984-09-30T00:00:00.000","Austin Theatre Alliance (formerly Paramount Theatre and State Theatre)","56000"
"1984-09-30T00:00:00.000","Austin Symphony Orchestra Society, Inc.","66653"
"1984-09-30T00:00:00.000","Zachary Scott Theatre Center","400632"
"1985-09-30T00:00:00.000","Austin Chamber Music Center, Inc.","1109"
"1985-09-30T00:00:00.000","Austin Civic Orchestra Society","1294"
"1985-09-30T00:00:00.000","La Peña","1560"
"1985-09-30T00:00:00.000","Austin Symphonic Band","1571"
"1985-09-30T00:00:00.000","Chorus Austin","4252"
"1985-09-30T00:00:00.000","Texas Circuit","4622"
"1985-09-30T00:00:00.000","Austin Creative Alliance","10167"
"1985-09-30T00:00:00.000","Sharir + Bustamante Danceworks","10167"
"1985-09-30T00:00:00.000","Austin Choral Union","11552"
"1985-09-30T00:00:00.000","Ballet East Dance Company","12333"
"1985-09-30T00:00:00.000","Academia (Aztlan) De Danza Y Folklore","17300"
"1985-09-30T00:00:00.000","Austin Visual Arts Association","19268"
"1985-09-30T00:00:00.000","Dance Umbrella","22066"
"1985-09-30T00:00:00.000","Capitol City Playhouse","24029"
"1985-09-30T00:00:00.000","Austin Federation of Musicians","26962"
"1985-09-30T00:00:00.000","Center For Women & Their Work","29416"
"1985-09-30T00:00:00.000","Ballet Austin, Inc.","43900"
"1985-09-30T00:00:00.000","Austin Theatre Alliance (formerly Paramount Theatre and State Theatre)","56865"
"1985-09-30T00:00:00.000","Austin Symphony Orchestra Society, Inc.","65298"
"1985-09-30T00:00:00.000","Zachary Scott Theatre Center","417349"
"1986-09-30T00:00:00.000","Austin Chamber Music Center, Inc.","1500"
"1986-09-30T00:00:00.000","Austin Civic Orchestra Society","2500"
"1986-09-30T00:00:00.000","Austin Symphonic Band","2800"
"1986-09-30T00:00:00.000","Chorus Austin","4000"
"1986-09-30T00:00:00.000","Austin Children's Museum DBA Thinkery","5000"
"1986-09-30T00:00:00.000","Texas Circuit","7000"
"1986-09-30T00:00:00.000","Mexic-Arte Museum","10500"
"1986-09-30T00:00:00.000","Academia (Aztlan) De Danza Y Folklore","11500"
"1986-09-30T00:00:00.000","Sharir + Bustamante Danceworks","13000"
"1986-09-30T00:00:00.000","Roy Lozano's Ballet Folklorico de Texas","14000"
"1986-09-30T00:00:00.000","Austin Creative Alliance","15500"
"1986-09-30T00:00:00.000","Austin Choral Union","17190"
"1986-09-30T00:00:00.000","Austin Visual Arts Association","17500"
"1986-09-30T00:00:00.000","Ballet East Dance Company","24167"
"1986-09-30T00:00:00.000","Dance Umbrella","25000"
"1986-09-30T00:00:00.000","Capitol City Playhouse","28000"
"1986-09-30T00:00:00.000","Austin Federation of Musicians","30000"
"1986-09-30T00:00:00.000","Center For Women & Their Work","32500"
"1986-09-30T00:00:00.000","Ballet Austin, Inc.","62700"
"1986-09-30T00:00:00.000","Austin Theatre Alliance (formerly Paramount Theatre and State Theatre)","63800"
"1986-09-30T00:00:00.000","Austin Symphony Orchestra Society, Inc.","74341"
"1986-09-30T00:00:00.000","Zachary Scott Theatre Center","479283"
"1987-09-30T00:00:00.000","Austin Chamber Music Center, Inc.","1351"
"1987-09-30T00:00:00.000","Austin Symphonic Band","1902"
"1987-09-30T00:00:00.000","Texas Folklife Resources","3131"
"1987-09-30T00:00:00.000","Chorus Austin","3483"
"1987-09-30T00:00:00.000","Austin Civic Orchestra Society","4222"
"1987-09-30T00:00:00.000","Texas Circuit","9400"
"1987-09-30T00:00:00.000","Ballet East Dance Company","10000"
"1987-09-30T00:00:00.000","Academia (Aztlan) De Danza Y Folklore","10500"
"1987-09-30T00:00:00.000","Austin Choral Union","15202"
"1987-09-30T00:00:00.000","Austin Children's Museum DBA Thinkery","15500"
"1987-09-30T00:00:00.000","Sharir + Bustamante Danceworks","15600"
"1987-09-30T00:00:00.000","Roy Lozano's Ballet Folklorico de Texas","18000"
"1987-09-30T00:00:00.000","Austin Visual Arts Association","20648"
"1987-09-30T00:00:00.000","La Peña","22298"
"1987-09-30T00:00:00.000","Austin Creative Alliance","23000"
"1987-09-30T00:00:00.000","Dance Umbrella","23715"
"1987-09-30T00:00:00.000","Austin Federation of Musicians","24190"
"1987-09-30T00:00:00.000","Capitol City Playhouse","26155"
"1987-09-30T00:00:00.000","Mexic-Arte Museum","32456"
"1987-09-30T00:00:00.000","Center For Women & Their Work","37670"
"1987-09-30T00:00:00.000","Ballet Austin, Inc.","64702"
"1987-09-30T00:00:00.000","Austin Symphony Orchestra Society, Inc.","65505"
"1987-09-30T00:00:00.000","Austin Theatre Alliance (formerly Paramount Theatre and State Theatre)","65627"
"1987-09-30T00:00:00.000","Zachary Scott Theatre Center","466387"
"1988-09-30T00:00:00.000","Chorus Austin","959"
"1988-09-30T00:00:00.000","Austin Symphonic Band","1242"
"1988-09-30T00:00:00.000","Austin Chamber Music Center, Inc.","1601"
"1988-09-30T00:00:00.000","Texas Music Museum","2375"
"1988-09-30T00:00:00.000","Austin Civic Orchestra Society","2942"
"1988-09-30T00:00:00.000","Austin Choral Union","5024"
"1988-09-30T00:00:00.000","Different Stages, Inc.","5042"
"1988-09-30T00:00:00.000","Texas Circuit","8159"
"1988-09-30T00:00:00.000","Austin Lyric Opera dba Austin Opera","8408"
"1988-09-30T00:00:00.000","Ballet East Dance Company","10000"
"1988-09-30T00:00:00.000","Academia (Aztlan) De Danza Y Folklore","10488"
"1988-09-30T00:00:00.000","Texas Folklife Resources","10784"
"1988-09-30T00:00:00.000","Sharir + Bustamante Danceworks","11600"
"1988-09-30T00:00:00.000","Austin Children's Museum DBA Thinkery","12411"
"1988-09-30T00:00:00.000","Dance Umbrella","13818"
"1988-09-30T00:00:00.000","Austin Visual Arts Association","14250"
"1988-09-30T00:00:00.000","Roy Lozano's Ballet Folklorico de Texas","15532"
"1988-09-30T00:00:00.000","Austin Federation of Musicians","16659"
"1988-09-30T00:00:00.000","La Peña","19155"
"1988-09-30T00:00:00.000","Austin Creative Alliance","19950"
"1988-09-30T00:00:00.000","Capitol City Playhouse","22081"
"1988-09-30T00:00:00.000","Mexic-Arte Museum","26155"
"1988-09-30T00:00:00.000","Center For Women & Their Work","27685"
"1988-09-30T00:00:00.000","Zachary Scott Theatre Center","33542"
"1988-09-30T00:00:00.000","Ballet Austin, Inc.","40477"
"1988-09-30T00:00:00.000","Austin Symphony Orchestra Society, Inc.","50691"
"1988-09-30T00:00:00.000","Austin Theatre Alliance (formerly Paramount Theatre and State Theatre)","56085"
"1990-09-30T00:00:00.000","Austin Chamber Music Center, Inc.","1223"
"1990-09-30T00:00:00.000","Austin Chamber Ensemble","1287"
"1990-09-30T00:00:00.000","Austin Symphonic Band","1600"
"1990-09-30T00:00:00.000","Austin Civic Wind Ensemble","1675"
"1990-09-30T00:00:00.000","Texas Music Museum","2105"
"1990-09-30T00:00:00.000","Remembrance Through the Performing Arts","2776"
"1990-09-30T00:00:00.000","Chorus Austin","3424"
"1990-09-30T00:00:00.000","Austin Civic Orchestra Society","4280"
"1990-09-30T00:00:00.000","Texas Folklife Resources","4892"
"1990-09-30T00:00:00.000","Texas Circuit","9049"
"1990-09-30T00:00:00.000","Creative Opportunity Orchestra, Inc.","9051"
"1990-09-30T00:00:00.000","Different Stages, Inc.","9875"
"1990-09-30T00:00:00.000","Austin Choral Union","12705"
"1990-09-30T00:00:00.000","Ballet East Dance Company","15654"
"1990-09-30T00:00:00.000","Austin Creative Alliance","18344"
"1990-09-30T00:00:00.000","Dance Umbrella","18955"
"1990-09-30T00:00:00.000","Austin Children's Museum DBA Thinkery","23602"
"1990-09-30T00:00:00.000","Roy Lozano's Ballet Folklorico de Texas","26078"
"1990-09-30T00:00:00.000","La Peña","26904"
"1990-09-30T00:00:00.000","Austin Federation of Musicians","36361"
"1990-09-30T00:00:00.000","Capitol City Playhouse","37036"
"1990-09-30T00:00:00.000","Center For Women & Their Work","37554"
"1990-09-30T00:00:00.000","Austin Theatre Alliance (formerly Paramount Theatre and State Theatre)","38080"
"1990-09-30T00:00:00.000","Sharir + Bustamante Danceworks","38600"
"1990-09-30T00:00:00.000","Mexic-Arte Museum","44862"
"1990-09-30T00:00:00.000","Austin Lyric Opera dba Austin Opera","45521"
"1990-09-30T00:00:00.000","Ballet Austin, Inc.","52582"
"1990-09-30T00:00:00.000","Zachary Scott Theatre Center","57472"
"1990-09-30T00:00:00.000","Austin Symphony Orchestra Society, Inc.","72148"
"1991-09-30T00:00:00.000","Austin Chamber Ensemble","1417"
"1991-09-30T00:00:00.000","Austin Civic Wind Ensemble","1710"
"1991-09-30T00:00:00.000","Texas Folklife Resources","2000"
"1991-09-30T00:00:00.000","Austin Chamber Music Center, Inc.","2176"
"1991-09-30T00:00:00.000","Chamber Soloists of Austin, Inc.","3744"
"1991-09-30T00:00:00.000","Texas Music Museum","4000"
"1991-09-30T00:00:00.000","Austin Symphonic Band","4326"
"1991-09-30T00:00:00.000","Austin Boys Choir","6784"
"1991-09-30T00:00:00.000","Austin Civic Orchestra Society","7254"
"1991-09-30T00:00:00.000","Texas Circuit","9012"
"1991-09-30T00:00:00.000","Chorus Austin","9234"
"1991-09-30T00:00:00.000","Vortex Repertory Company","9500"
"1991-09-30T00:00:00.000","Austin Choral Union","9741"
"1991-09-30T00:00:00.000","Creative Opportunity Orchestra, Inc.","10000"
"1991-09-30T00:00:00.000","Austin Creative Alliance","12000"
"1991-09-30T00:00:00.000","Austin Contemporary Ballet/ Texas Youth Ballet","12612"
"1991-09-30T00:00:00.000","Ballet East Dance Company","15000"
"1991-09-30T00:00:00.000","Different Stages, Inc.","15000"
"1991-09-30T00:00:00.000","Jumpstart Artist Group","15000"
"1991-09-30T00:00:00.000","Dance Umbrella","25000"
"1991-09-30T00:00:00.000","Roy Lozano's Ballet Folklorico de Texas","26000"
"1991-09-30T00:00:00.000","La Peña","30472"
"1991-09-30T00:00:00.000","Sharir + Bustamante Danceworks","36498"
"1991-09-30T00:00:00.000","Austin Federation of Musicians","37780"
"1991-09-30T00:00:00.000","Capitol City Playhouse","38000"
"1991-09-30T00:00:00.000","Zachary Scott Theatre Center","43000"
"1991-09-30T00:00:00.000","Center For Women & Their Work","43436"
"1991-09-30T00:00:00.000","Austin Theatre Alliance (formerly Paramount Theatre and State Theatre)","44541"
"1991-09-30T00:00:00.000","Austin Children's Museum DBA Thinkery","48700"
"1991-09-30T00:00:00.000","Ballet Austin, Inc.","49060"
"1991-09-30T00:00:00.000","Mexic-Arte Museum","51200"
"1991-09-30T00:00:00.000","Austin Lyric Opera dba Austin Opera","52000"
"1991-09-30T00:00:00.000","Austin Symphony Orchestra Society, Inc.","72500"
"1993-09-30T00:00:00.000","Austin Chamber Ensemble","1500"
"1993-09-30T00:00:00.000","Borderlands Texas Poetry aka Texas Poetry Review (also Ramona Cearley)","1500"
"1993-09-30T00:00:00.000","Gilbert & Sullivan Society of Austin, Texas, Inc.","1500"
"1993-09-30T00:00:00.000","Sankofa (Foscette), Nailah","1500"
"1993-09-30T00:00:00.000","Austin Children's Choir","2025"
"1993-09-30T00:00:00.000","Red Salmon Arts","2400"
"1993-09-30T00:00:00.000","Veintemillas, Carlos","2583"
"1993-09-30T00:00:00.000","Texas Music Museum","2650"
"1993-09-30T00:00:00.000","Youth Ballet Theatre","2700"
"1993-09-30T00:00:00.000","Austin Dance Ensemble","3000"
"1993-09-30T00:00:00.000","Second Youth","3000"
"1993-09-30T00:00:00.000","Teatro Comunitario en Español","3000"
"1993-09-30T00:00:00.000","Austin Chamber Music Center, Inc.","3004"
"1993-09-30T00:00:00.000","Johnson/Long Dance Company","3065"
"1993-09-30T00:00:00.000","Bright, Susan","3200"
"1993-09-30T00:00:00.000","Performance Encounters","3400"
"1993-09-30T00:00:00.000","Outreach Productions","3411"
"1993-09-30T00:00:00.000","Ariel Dance Theatre","3500"
"1993-09-30T00:00:00.000","Bravo, Maria","3500"
"1993-09-30T00:00:00.000","Film Society of Austin, Inc.","3740"
"1993-09-30T00:00:00.000","River City Pops","4000"
"1993-09-30T00:00:00.000","Day Without Art","4035"
"1993-09-30T00:00:00.000","Austin Civic Orchestra Society","4600"
"1993-09-30T00:00:00.000","Austin Shakespeare Festival","4750"
"1993-09-30T00:00:00.000","Pulido, Pio","4923"
"1993-09-30T00:00:00.000","Mexic-Arte Museum/ Robert Rodriguez","5447"
"1993-09-30T00:00:00.000","Chorus Austin","6600"
"1993-09-30T00:00:00.000","First Stage Productions","6745"
"1993-09-30T00:00:00.000","Arthouse at the Jones Center (merged into AMOA during FY2012)","7009"
"1993-09-30T00:00:00.000","Artists' Legal & Accounting Assistance of Austin","7262"
"1993-09-30T00:00:00.000","Chamber Soloists of Austin, Inc.","7300"
"1993-09-30T00:00:00.000","Austix","7636"
"1993-09-30T00:00:00.000","Visions in Rhythm aka Tapestry Dance Company","7788"
"1993-09-30T00:00:00.000","Austin Choral Union","8500"
"1993-09-30T00:00:00.000","Different Stages, Inc.","9000"
"1993-09-30T00:00:00.000","Texas Circuit","9250"
"1993-09-30T00:00:00.000","Austin Symphonic Band","9400"
"1993-09-30T00:00:00.000","Center for Women & Their Work / Diverse Arts (also Harold McMillan)","10000"
"1993-09-30T00:00:00.000","Texas Folklife Resources","10193"
"1993-09-30T00:00:00.000","Center for Women & Their Work and Dance Umbrella Joint Project","10213"
"1993-09-30T00:00:00.000","Vortex Repertory Company","10915"
"1993-09-30T00:00:00.000","Austin Boys Choir","11000"
"1993-09-30T00:00:00.000","Austin League of Tejano Artists","12898"
"1993-09-30T00:00:00.000","Zilker Theatre Productions","16250"
"1993-09-30T00:00:00.000","Austin Contemporary Ballet/ Texas Youth Ballet","16500"
"1993-09-30T00:00:00.000","Austin Creative Alliance","16547"
"1993-09-30T00:00:00.000","Writer's League of Texas","16750"
"1993-09-30T00:00:00.000","Jumpstart Artist Group","18750"
"1993-09-30T00:00:00.000","Creative Opportunity Orchestra, Inc.","19174"
"1993-09-30T00:00:00.000","Robot Group","19232"
"1993-09-30T00:00:00.000","Academia (Aztlan) De Danza Y Folklore","23500"
"1993-09-30T00:00:00.000","Ballet East Dance Company","26000"
"1993-09-30T00:00:00.000","Dance Umbrella","29230"
"1993-09-30T00:00:00.000","Roy Lozano's Ballet Folklorico de Texas","30000"
"1993-09-30T00:00:00.000","La Peña","36000"
"1993-09-30T00:00:00.000","Capitol City Playhouse","36750"
"1993-09-30T00:00:00.000","Austin Federation of Musicians","37000"
"1993-09-30T00:00:00.000","Austin Theatre Alliance (formerly Paramount Theatre and State Theatre)","38000"
"1993-09-30T00:00:00.000","Sharir + Bustamante Danceworks","38700"
"1993-09-30T00:00:00.000","Austin Theatre Alliance (formerly State Theatre Company portion before merger)","39750"
"1993-09-30T00:00:00.000","Zachary Scott Theatre Center","39750"
"1993-09-30T00:00:00.000","Center For Women & Their Work","47500"
"1993-09-30T00:00:00.000","Austin Children's Museum DBA Thinkery","48700"
"1993-09-30T00:00:00.000","Ballet Austin, Inc.","55250"
"1993-09-30T00:00:00.000","Mexic-Arte Museum","60129"
"1993-09-30T00:00:00.000","Austin Lyric Opera dba Austin Opera","67000"
"1993-09-30T00:00:00.000","Austin Symphony Orchestra Society, Inc.","80001"
"1993-09-30T00:00:00.000","The Contemporary Austin Museum Inc","135000"
"1994-09-30T00:00:00.000","Austin Area Community Philharmonic","1500"
"1994-09-30T00:00:00.000","Children of Light Players","1500"
"1994-09-30T00:00:00.000","Cultural Warriors","1500"
"1994-09-30T00:00:00.000","Informe-Sida","1500"
"1994-09-30T00:00:00.000","Austin Vocal Arts Ensemble","1588"
"1994-09-30T00:00:00.000","Stephens, Phillip","1775"
"1994-09-30T00:00:00.000","Austin Poets International, Inc./ Austin International Poetry Festival","2000"
"1994-09-30T00:00:00.000","Austin Acoustic Music Festival","2050"
"1994-09-30T00:00:00.000","Film Society of Austin, Inc.","2100"
"1994-09-30T00:00:00.000","Borderlands Texas Poetry aka Texas Poetry Review (also Ramona Cearley)","2500"
"1994-09-30T00:00:00.000","A. Mozart Fest","2661"
"1994-09-30T00:00:00.000","Veintemillas, Carlos","2719"
"1994-09-30T00:00:00.000","Austin Children's Choir","3049"
"1994-09-30T00:00:00.000","New Texas Music Works","3082"
"1994-09-30T00:00:00.000","Texas Music Museum","3175"
"1994-09-30T00:00:00.000","Youth Ballet Theatre","3210"
"1994-09-30T00:00:00.000","Teatro Comunitario en Español","3416"
"1994-09-30T00:00:00.000","Turner, Jimmy","4050"
"1994-09-30T00:00:00.000","Performance Encounters","4185"
"1994-09-30T00:00:00.000","Ariel Dance Theatre","4396"
"1994-09-30T00:00:00.000","Bright, Susan","4400"
"1994-09-30T00:00:00.000","Austin Chamber Music Center, Inc.","4936"
"1994-09-30T00:00:00.000","Bravo, Maria","4960"
"1994-09-30T00:00:00.000","Red Salmon Arts","5000"
"1994-09-30T00:00:00.000","River City Pops","5098"
"1994-09-30T00:00:00.000","Chamber Soloists of Austin, Inc.","5152"
"1994-09-30T00:00:00.000","Second Youth","5200"
"1994-09-30T00:00:00.000","Austin Civic Orchestra Society","5229"
"1994-09-30T00:00:00.000","Mexic-Arte Museum/ Robert Rodriguez","5604"
"1994-09-30T00:00:00.000","Austin Shakespeare Festival","5608"
"1994-09-30T00:00:00.000","Pulido, Pio","6014"
"1994-09-30T00:00:00.000","Legends Project","6020"
"1994-09-30T00:00:00.000","Austix","6097"
"1994-09-30T00:00:00.000","Serie Project, Inc.","6433"
"1994-09-30T00:00:00.000","Johnson/Long Dance Company","6500"
"1994-09-30T00:00:00.000","Chorus Austin","6643"
"1994-09-30T00:00:00.000","First Stage Productions","6745"
"1994-09-30T00:00:00.000","Artists' Legal & Accounting Assistance of Austin","6865"
"1994-09-30T00:00:00.000","Outreach Productions","7150"
"1994-09-30T00:00:00.000","Austin Dance Ensemble","7218"
"1994-09-30T00:00:00.000","Austin Choral Union","9489"
"1994-09-30T00:00:00.000","Center for Women & Their Work / Diverse Arts (also Harold McMillan)","10000"
"1994-09-30T00:00:00.000","Austin Boys Choir","10416"
"1994-09-30T00:00:00.000","Center for Women & Their Work and Dance Umbrella Joint Project","10510"
"1994-09-30T00:00:00.000","Different Stages, Inc.","10861"
"1994-09-30T00:00:00.000","Austin Symphonic Band","10887"
"1994-09-30T00:00:00.000","Texas Circuit","11000"
"1994-09-30T00:00:00.000","Austin League of Tejano Artists","12898"
"1994-09-30T00:00:00.000","Visions in Rhythm aka Tapestry Dance Company","13093"
"1994-09-30T00:00:00.000","Vortex Repertory Company","13387"
"1994-09-30T00:00:00.000","Zilker Theatre Productions","16250"
"1994-09-30T00:00:00.000","Arthouse at the Jones Center (merged into AMOA during FY2012)","17360"
"1994-09-30T00:00:00.000","Austin Visual Arts Association","17360"
"1994-09-30T00:00:00.000","Jumpstart Artist Group","17750"
"1994-09-30T00:00:00.000","Austin Contemporary Ballet/ Texas Youth Ballet","18353"
"1994-09-30T00:00:00.000","Robot Group","18650"
"1994-09-30T00:00:00.000","Austin Creative Alliance","18995"
"1994-09-30T00:00:00.000","Creative Opportunity Orchestra, Inc.","21804"
"1994-09-30T00:00:00.000","Academia (Aztlan) De Danza Y Folklore","23500"
"1994-09-30T00:00:00.000","Writer's League of Texas","24000"
"1994-09-30T00:00:00.000","Texas Folklife Resources","24690"
"1994-09-30T00:00:00.000","Ballet East Dance Company","28500"
"1994-09-30T00:00:00.000","Roy Lozano's Ballet Folklorico de Texas","30000"
"1994-09-30T00:00:00.000","Dance Umbrella","32959"
"1994-09-30T00:00:00.000","Austin Federation of Musicians","36150"
"1994-09-30T00:00:00.000","Capitol City Playhouse","36750"
"1994-09-30T00:00:00.000","Austin Theatre Alliance (formerly Paramount Theatre and State Theatre)","39000"
"1994-09-30T00:00:00.000","La Peña","40000"
"1994-09-30T00:00:00.000","Austin Theatre Alliance (formerly State Theatre Company portion before merger)","43834"
"1994-09-30T00:00:00.000","Zachary Scott Theatre Center","44088"
"1994-09-30T00:00:00.000","Austin Children's Museum DBA Thinkery","48400"
"1994-09-30T00:00:00.000","Sharir + Bustamante Danceworks","49338"
"1994-09-30T00:00:00.000","Center For Women & Their Work","50000"
"1994-09-30T00:00:00.000","Ballet Austin, Inc.","55250"
"1994-09-30T00:00:00.000","Austin Lyric Opera dba Austin Opera","67000"
"1994-09-30T00:00:00.000","Mexic-Arte Museum","71629"
"1994-09-30T00:00:00.000","Austin Symphony Orchestra Society, Inc.","82001"
"1994-09-30T00:00:00.000","The Contemporary Austin Museum Inc","147000"
"1995-09-30T00:00:00.000","Remembrance Through the Performing Arts","1000"
"1995-09-30T00:00:00.000","Wax Track Gallery International","1000"
"1995-09-30T00:00:00.000","Gilbert & Sullivan Society of Austin, Texas, Inc.","1121"
"1995-09-30T00:00:00.000","Austin Area Community Philharmonic","1500"
"1995-09-30T00:00:00.000","Manosevitz, Carolyn","1500"
"1995-09-30T00:00:00.000","Austin Vocal Arts Ensemble","1715"
"1995-09-30T00:00:00.000","Austin Chamber Ensemble","1789"
"1995-09-30T00:00:00.000","Austin Poets International, Inc./ Austin International Poetry Festival","2000"
"1995-09-30T00:00:00.000","Film Society of Austin, Inc.","2000"
"1995-09-30T00:00:00.000","Green, Bryan","2050"
"1995-09-30T00:00:00.000","Oleson, Jill","2073"
"1995-09-30T00:00:00.000","Informe-Sida","2400"
"1995-09-30T00:00:00.000","Veintemillas, Carlos","2700"
"1995-09-30T00:00:00.000","Ramirez, Alex","2779"
"1995-09-30T00:00:00.000","Cultural Warriors","2882"
"1995-09-30T00:00:00.000","Austin Children's Choir","3034"
"1995-09-30T00:00:00.000","Public Domain","3085"
"1995-09-30T00:00:00.000","One World/ Nada Stearns","3200"
"1995-09-30T00:00:00.000","Meyer, Delia","3206"
"1995-09-30T00:00:00.000","Kathy Dunn Hamrick Dance Co.","3250"
"1995-09-30T00:00:00.000","Mexic-Arte Museum/ Johnny Degollado (AKA Austin Conjunto Festival)","3340"
"1995-09-30T00:00:00.000","Legends Project","3400"
"1995-09-30T00:00:00.000","Teatro Comunitario en Español","3415"
"1995-09-30T00:00:00.000","Texas Music Museum","3510"
"1995-09-30T00:00:00.000","Austin Acoustic Music Festival","3514"
"1995-09-30T00:00:00.000","Sylviana y Estampa Española","3575"
"1995-09-30T00:00:00.000","Borderlands Texas Poetry aka Texas Poetry Review (also Ramona Cearley)","3600"
"1995-09-30T00:00:00.000","A. Mozart Fest","3618"
"1995-09-30T00:00:00.000","Hyde Park Theatre/ MS/Nerve Dance Co.","3700"
"1995-09-30T00:00:00.000","One World","3780"
"1995-09-30T00:00:00.000","Austin Jazz Workshop, Inc.","3980"
"1995-09-30T00:00:00.000","Centro de Arte y Cultura Nahualli","3987"
"1995-09-30T00:00:00.000","Center for Women & Their Work / Michele Owens-Pearce","4000"
"1995-09-30T00:00:00.000","Children of Light Players","4000"
"1995-09-30T00:00:00.000","Mitchell, Mark","4000"
"1995-09-30T00:00:00.000","Performance Encounters","4175"
"1995-09-30T00:00:00.000","Austin Jazz Band","4261"
"1995-09-30T00:00:00.000","Ariel Dance Theatre","4384"
"1995-09-30T00:00:00.000","Bright, Susan","4400"
"1995-09-30T00:00:00.000","Turner, Jimmy","4427"
"1995-09-30T00:00:00.000","Chicano/Latino Film Forum","4500"
"1995-09-30T00:00:00.000","Sankofa (Foscette), Nailah","4595"
"1995-09-30T00:00:00.000","Day Without Art","4700"
"1995-09-30T00:00:00.000","Austix","5000"
"1995-09-30T00:00:00.000","Capital City Men's Chorus","5000"
"1995-09-30T00:00:00.000","Chamber Soloists of Austin, Inc.","5134"
"1995-09-30T00:00:00.000","Austin Civic Orchestra Society","5227"
"1995-09-30T00:00:00.000","Littleton, Sue","5325"
"1995-09-30T00:00:00.000","River City Pops","5375"
"1995-09-30T00:00:00.000","Mexic-Arte Museum/ Robert Rodriguez","5498"
"1995-09-30T00:00:00.000","Austin Chamber Music Center, Inc.","5643"
"1995-09-30T00:00:00.000","Austin Area Art from the Streets","5648"
"1995-09-30T00:00:00.000","Artists' Coalition of Austin","5743"
"1995-09-30T00:00:00.000","Austin Community Access Center","6000"
"1995-09-30T00:00:00.000","Red Salmon Arts","6000"
"1995-09-30T00:00:00.000","Great Promise for American Indians, Inc.","6007"
"1995-09-30T00:00:00.000","New Texas Music Works","6375"
"1995-09-30T00:00:00.000","Chorus Austin","6600"
"1995-09-30T00:00:00.000","Teatro Humanidad Cansada","6700"
"1995-09-30T00:00:00.000","First Stage Productions","6741"
"1995-09-30T00:00:00.000","Second Youth","6818"
"1995-09-30T00:00:00.000","Outreach Productions","7136"
"1995-09-30T00:00:00.000","Austin Dance Ensemble","7218"
"1995-09-30T00:00:00.000","Believe in Me Project, Inc.","7500"
"1995-09-30T00:00:00.000","Bravo, Maria","8335"
"1995-09-30T00:00:00.000","Austin Shakespeare Festival","8588"
"1995-09-30T00:00:00.000","Austin Choral Union","9478"
"1995-09-30T00:00:00.000","Pulido, Pio","9808"
"1995-09-30T00:00:00.000","Center for Women & Their Work / Diverse Arts (also Harold McMillan)","10000"
"1995-09-30T00:00:00.000","Serie Project, Inc.","10095"
"1995-09-30T00:00:00.000","Austin Boys Choir","10402"
"1995-09-30T00:00:00.000","Center for Women & Their Work and Dance Umbrella Joint Project","10803"
"1995-09-30T00:00:00.000","Different Stages, Inc.","10854"
"1995-09-30T00:00:00.000","Austin Symphonic Band","10875"
"1995-09-30T00:00:00.000","Texas Circuit","11000"
"1995-09-30T00:00:00.000","Johnson/Long Dance Company","11003"
"1995-09-30T00:00:00.000","Blue Lapis Light, Inc.","11500"
"1995-09-30T00:00:00.000","Texas Folklife Resources","11500"
"1995-09-30T00:00:00.000","Artists' Legal & Accounting Assistance of Austin","12706"
"1995-09-30T00:00:00.000","Austin League of Tejano Artists","12889"
"1995-09-30T00:00:00.000","Vortex Repertory Company","13385"
"1995-09-30T00:00:00.000","Visions in Rhythm aka Tapestry Dance Company","14093"
"1995-09-30T00:00:00.000","Hyde Park Theatre","14500"
"1995-09-30T00:00:00.000","Jumpstart Artist Group","15500"
"1995-09-30T00:00:00.000","Zilker Theatre Productions","16236"
"1995-09-30T00:00:00.000","Austin Visual Arts Association","17339"
"1995-09-30T00:00:00.000","Arthouse at the Jones Center (merged into AMOA during FY2012)","17348"
"1995-09-30T00:00:00.000","Robot Group","18636"
"1995-09-30T00:00:00.000","Creative Opportunity Orchestra, Inc.","21783"
"1995-09-30T00:00:00.000","Austin Contemporary Ballet/ Texas Youth Ballet","25000"
"1995-09-30T00:00:00.000","Austin Creative Alliance","25630"
"1995-09-30T00:00:00.000","Writer's League of Texas","26000"
"1995-09-30T00:00:00.000","Academia (Aztlan) De Danza Y Folklore","29450"
"1995-09-30T00:00:00.000","Ballet East Dance Company","30500"
"1995-09-30T00:00:00.000","Roy Lozano's Ballet Folklorico de Texas","34000"
"1995-09-30T00:00:00.000","Dance Umbrella","35053"
"1995-09-30T00:00:00.000","Austin Federation of Musicians","36144"
"1995-09-30T00:00:00.000","La Peña","43223"
"1995-09-30T00:00:00.000","Austin Theatre Alliance (formerly Paramount Theatre and State Theatre)","44100"
"1995-09-30T00:00:00.000","Austin Theatre Alliance (formerly State Theatre Company portion before merger)","44900"
"1995-09-30T00:00:00.000","Zachary Scott Theatre Center","47398"
"1995-09-30T00:00:00.000","Austin Children's Museum DBA Thinkery","48451"
"1995-09-30T00:00:00.000","Sharir + Bustamante Danceworks","51447"
"1995-09-30T00:00:00.000","Center For Women & Their Work","53927"
"1995-09-30T00:00:00.000","Capitol City Playhouse","56796"
"1995-09-30T00:00:00.000","Ballet Austin, Inc.","57350"
"1995-09-30T00:00:00.000","Austin Lyric Opera dba Austin Opera","68505"
"1995-09-30T00:00:00.000","Mexic-Arte Museum","73067"
"1995-09-30T00:00:00.000","Austin Symphony Orchestra Society, Inc.","83505"
"1995-09-30T00:00:00.000","The Contemporary Austin Museum Inc","150000"
"1996-09-30T00:00:00.000","Gilbert & Sullivan Society of Austin, Texas, Inc.","1000"
"1996-09-30T00:00:00.000","Remembrance Through the Performing Arts","1000"
"1996-09-30T00:00:00.000","Austin Area Community Philharmonic","1265"
"1996-09-30T00:00:00.000","Grace, Dory","1400"
"1996-09-30T00:00:00.000","Legends Project","1500"
"1996-09-30T00:00:00.000","Salvage Vanguard Theatre","1543"
"1996-09-30T00:00:00.000","Meyer, Delia","1706"
"1996-09-30T00:00:00.000","Playfest","2000"
"1996-09-30T00:00:00.000","Brown, Stephen","2155"
"1996-09-30T00:00:00.000","Austin Chamber Ensemble","2170"
"1996-09-30T00:00:00.000","Green, Bryan","2489"
"1996-09-30T00:00:00.000","Dancer's Edge","2500"
"1996-09-30T00:00:00.000","Ourstory","2500"
"1996-09-30T00:00:00.000","Performance Encounters","2500"
"1996-09-30T00:00:00.000","Austin Jazz Band","2597"
"1996-09-30T00:00:00.000","Sankofa (Foscette), Nailah","2700"
"1996-09-30T00:00:00.000","Veintemillas, Carlos","2700"
"1996-09-30T00:00:00.000","Austin Children's Choir","2775"
"1996-09-30T00:00:00.000","Informe-Sida","2800"
"1996-09-30T00:00:00.000","Cultural Warriors","2882"
"1996-09-30T00:00:00.000","Austin Lite Opera Ensemble","2930"
"1996-09-30T00:00:00.000","STILLPOINT Dance","3000"
"1996-09-30T00:00:00.000","Chorus Austin/ Handel-Haydn Joint Project","3017"
"1996-09-30T00:00:00.000","Youth Ballet Theatre","3058"
"1996-09-30T00:00:00.000","Austin Heart of Film Festival","3100"
"1996-09-30T00:00:00.000","McPherson, Dunya Dianne","3188"
"1996-09-30T00:00:00.000","Hyde Park Theatre/ MS/Nerve Dance Co.","3228"
"1996-09-30T00:00:00.000","One World/ Nada Stearns","3267"
"1996-09-30T00:00:00.000","Topos Art Space","3313"
"1996-09-30T00:00:00.000","Manosevitz, Carolyn","3412"
"1996-09-30T00:00:00.000","Teatro Comunitario en Español","3415"
"1996-09-30T00:00:00.000","Central Texas Bluegrass","3483"
"1996-09-30T00:00:00.000","Borderlands Texas Poetry aka Texas Poetry Review (also Ramona Cearley)","3500"
"1996-09-30T00:00:00.000","Day Without Art","3511"
"1996-09-30T00:00:00.000","Sylviana y Estampa Española","3575"
"1996-09-30T00:00:00.000","Texas Education Broadcasting Co-Operative, Inc. (KOOP RADIO 91.7FM)","3600"
"1996-09-30T00:00:00.000","Hyde Park Theatre","22960"
"1996-09-30T00:00:00.000","Austin Poets International, Inc./ Austin International Poetry Festival","3635"
"1996-09-30T00:00:00.000","Film Society of Austin, Inc.","3700"
"1996-09-30T00:00:00.000","Austin Vocal Arts Ensemble","3767"
"1996-09-30T00:00:00.000","Mexic-Arte Museum/ Johnny Degollado (AKA Austin Conjunto Festival)","3767"
"1996-09-30T00:00:00.000","Salon Concerts, Inc.","3850"
"1996-09-30T00:00:00.000","Texas Music Museum","3983"
"1996-09-30T00:00:00.000","Centro de Arte y Cultura Nahualli","3987"
"1996-09-30T00:00:00.000","Book Boosters","4000"
"1996-09-30T00:00:00.000","Children of Light Players","4000"
"1996-09-30T00:00:00.000","Kathy Dunn Hamrick Dance Co.","4000"
"1996-09-30T00:00:00.000","Mexic-Arte Museum/ Kenneth W. Jones","4000"
"1996-09-30T00:00:00.000","Mitchell, Mark","4000"
"1996-09-30T00:00:00.000","Birchum, Jana","4012"
"1996-09-30T00:00:00.000","Art Spark Texas","4100"
"1996-09-30T00:00:00.000","One World/ Julian Goldstein","4200"
"1996-09-30T00:00:00.000","Women in Jazz Association","4200"
"1996-09-30T00:00:00.000","Second Youth","4210"
"1996-09-30T00:00:00.000","Chamber Soloists of Austin, Inc.","4267"
"1996-09-30T00:00:00.000","River City Pops","4275"
"1996-09-30T00:00:00.000","Public Domain","4453"
"1996-09-30T00:00:00.000","Bright, Susan","4500"
"1996-09-30T00:00:00.000","Oleson, Jill","4659"
"1996-09-30T00:00:00.000","Center for Women & Their Work / Michele Owens-Pearce","4710"
"1996-09-30T00:00:00.000","Bradford, K.","4800"
"1996-09-30T00:00:00.000","Turner, Jimmy","4820"
"1996-09-30T00:00:00.000","Austin Civic Orchestra Society","4846"
"1996-09-30T00:00:00.000","Austin Area Art from the Streets","4904"
"1996-09-30T00:00:00.000","Austin Jazz Workshop, Inc.","4925"
"1996-09-30T00:00:00.000","New Texas Music Works","4938"
"1996-09-30T00:00:00.000","Capital City Men's Chorus","5000"
"1996-09-30T00:00:00.000","Ariel Dance Theatre","5238"
"1996-09-30T00:00:00.000","Mexic-Arte Museum/ Robert Rodriguez","5498"
"1996-09-30T00:00:00.000","Austin Creative Alliance / Bob Livingston","5500"
"1996-09-30T00:00:00.000","Austin Acoustic Music Festival","5517"
"1996-09-30T00:00:00.000","Shaver, Mary","6000"
"1996-09-30T00:00:00.000","Chicano/Latino Film Forum","6400"
"1996-09-30T00:00:00.000","Artists' Coalition of Austin","6411"
"1996-09-30T00:00:00.000","Austin Boys Choir","6421"
"1996-09-30T00:00:00.000","Jumpstart Artist Group","6500"
"1996-09-30T00:00:00.000","Teatro Humanidad Cansada","6700"
"1996-09-30T00:00:00.000","First Stage Productions","6741"
"1996-09-30T00:00:00.000","Chorus Austin","6967"
"1996-09-30T00:00:00.000","Pulido, Pio","7047"
"1996-09-30T00:00:00.000","Outreach Productions","7150"
"1996-09-30T00:00:00.000","Different Stages, Inc.","7543"
"1996-09-30T00:00:00.000","Austin Chamber Music Center, Inc.","7650"
"1996-09-30T00:00:00.000","Red Salmon Arts","7900"
"1996-09-30T00:00:00.000","Great Promise for American Indians, Inc.","8200"
"1996-09-30T00:00:00.000","Austin Shakespeare Festival","8512"
"1996-09-30T00:00:00.000","Believe in Me Project, Inc.","8680"
"1996-09-30T00:00:00.000","Bravo, Maria","9085"
"1996-09-30T00:00:00.000","Austin Dance Ensemble","9204"
"1996-09-30T00:00:00.000","Austin Choral Union","9478"
"1996-09-30T00:00:00.000","Serie Project, Inc.","10095"
"1996-09-30T00:00:00.000","Texas Circuit","10170"
"1996-09-30T00:00:00.000","Austin Symphonic Band","10875"
"1996-09-30T00:00:00.000","Blue Lapis Light, Inc.","11000"
"1996-09-30T00:00:00.000","Artists' Legal & Accounting Assistance of Austin","12500"
"1996-09-30T00:00:00.000","Austin League of Tejano Artists","12988"
"1996-09-30T00:00:00.000","Vortex Repertory Company","13385"
"1996-09-30T00:00:00.000","Austix","14000"
"1996-09-30T00:00:00.000","Center for Women & Their Work and Dance Umbrella Joint Project","14100"
"1996-09-30T00:00:00.000","Austin Visual Arts Association","16119"
"1996-09-30T00:00:00.000","Zilker Theatre Productions","16960"
"1996-09-30T00:00:00.000","Visions in Rhythm aka Tapestry Dance Company","17319"
"1996-09-30T00:00:00.000","Robot Group","17362"
"1996-09-30T00:00:00.000","Arthouse at the Jones Center (merged into AMOA during FY2012)","17931"
"1996-09-30T00:00:00.000","One World","18000"
"1996-09-30T00:00:00.000","Texas Folklife Resources","19500"
"1996-09-30T00:00:00.000","Creative Opportunity Orchestra, Inc.","21783"
"1996-09-30T00:00:00.000","Johnson/Long Dance Company","22300"
"1996-09-30T00:00:00.000","Writer's League of Texas","26000"
"1996-09-30T00:00:00.000","Austin Contemporary Ballet/ Texas Youth Ballet","26500"
"1996-09-30T00:00:00.000","Austin Creative Alliance","27000"
"1996-09-30T00:00:00.000","Academia (Aztlan) De Danza Y Folklore","30450"
"1996-09-30T00:00:00.000","Dance Umbrella","31453"
"1996-09-30T00:00:00.000","Roy Lozano's Ballet Folklorico de Texas","35000"
"1996-09-30T00:00:00.000","Austin Federation of Musicians","36144"
"1996-09-30T00:00:00.000","Ballet East Dance Company","38000"
"1996-09-30T00:00:00.000","Capitol City Playhouse","41000"
"1996-09-30T00:00:00.000","La Peña","43224"
"1996-09-30T00:00:00.000","Austin Theatre Alliance (formerly Paramount Theatre and State Theatre)","44100"
"1996-09-30T00:00:00.000","Austin Theatre Alliance (formerly State Theatre Company portion before merger)","44900"
"1996-09-30T00:00:00.000","Zachary Scott Theatre Center","47398"
"1996-09-30T00:00:00.000","Sharir + Bustamante Danceworks","51447"
"1996-09-30T00:00:00.000","Ballet Austin, Inc.","57350"
"1996-09-30T00:00:00.000","Center For Women & Their Work","61200"
"1996-09-30T00:00:00.000","Austin Children's Museum DBA Thinkery","69000"
"1996-09-30T00:00:00.000","Austin Lyric Opera dba Austin Opera","73000"
"1996-09-30T00:00:00.000","Mexic-Arte Museum","79067"
"1996-09-30T00:00:00.000","Austin Symphony Orchestra Society, Inc.","83505"
"1996-09-30T00:00:00.000","The Contemporary Austin Museum Inc","150000"
"1997-09-30T00:00:00.000","Gilbert & Sullivan Society of Austin, Texas, Inc.","1000"
"1997-09-30T00:00:00.000","Sippio, Darreyl","1000"
"1997-09-30T00:00:00.000","Austin Musical Theatre DBA Broadway Texas","1173"
"1997-09-30T00:00:00.000","Remembrance Through the Performing Arts","1400"
"1997-09-30T00:00:00.000","Austin Area Community Philharmonic","1500"
"1997-09-30T00:00:00.000","Green, Bryan","1500"
"1997-09-30T00:00:00.000","Meredith, Fred A.","1500"
"1997-09-30T00:00:00.000","Moody, Sid","1500"
"1997-09-30T00:00:00.000","Stephens, Phillip","1500"
"1997-09-30T00:00:00.000","Central Texas Bluegrass","1696"
"1997-09-30T00:00:00.000","Dancer's Edge","1700"
"1997-09-30T00:00:00.000","Austin Girls Choir","1863"
"1997-09-30T00:00:00.000","Austin Civic Orchestra Society","1900"
"1997-09-30T00:00:00.000","Austin Heart of Film Festival","2000"
"1997-09-30T00:00:00.000","Beckham, Andrea","2000"
"1997-09-30T00:00:00.000","Dinitz, Karen","2000"
"1997-09-30T00:00:00.000","Otis, Jamie","2000"
"1997-09-30T00:00:00.000","Ramirez, Alex","2000"
"1997-09-30T00:00:00.000","Shaver, Mary","2000"
"1997-09-30T00:00:00.000","Yanez, Sr.","2000"
"1997-09-30T00:00:00.000","Meyer, Delia","2006"
"1997-09-30T00:00:00.000","Austin Chamber Ensemble","2170"
"1997-09-30T00:00:00.000","Salvage Vanguard Theatre","2400"
"1997-09-30T00:00:00.000","Third Coast Repertory Theatre","2500"
"1997-09-30T00:00:00.000","Austin Jazz Band","2597"
"1997-09-30T00:00:00.000","Griesbach, Tita","2600"
"1997-09-30T00:00:00.000","Performance Encounters","2700"
"1997-09-30T00:00:00.000","Veintemillas, Carlos","2700"
"1997-09-30T00:00:00.000","Austin Children's Choir","2775"
"1997-09-30T00:00:00.000","Austin League of Minority Artists","3000"
"1997-09-30T00:00:00.000","Film Society of Austin, Inc./ Karen Kocher","3000"
"1997-09-30T00:00:00.000","Legends Project","3000"
"1997-09-30T00:00:00.000","STILLPOINT Dance","3000"
"1997-09-30T00:00:00.000","Texas Education Broadcasting Co-Operative, Inc. (KOOP RADIO 91.7FM)","3000"
"1997-09-30T00:00:00.000","Topos Art Space","3000"
"1997-09-30T00:00:00.000","Chorus Austin/ Handel-Haydn Joint Project","3050"
"1997-09-30T00:00:00.000","Youth Ballet Theatre","3058"
"1997-09-30T00:00:00.000","Austin Lite Opera Ensemble","3066"
"1997-09-30T00:00:00.000","Cultural Warriors","3150"
"1997-09-30T00:00:00.000","Inside Out Steelband","3179"
"1997-09-30T00:00:00.000","Greene, Patricia","3200"
"1997-09-30T00:00:00.000","Manosevitz, Carolyn","3412"
"1997-09-30T00:00:00.000","Borderlands Texas Poetry aka Texas Poetry Review (also Ramona Cearley)","3500"
"1997-09-30T00:00:00.000","McPherson, Dunya Dianne","3500"
"1997-09-30T00:00:00.000","Brown, Stephen","3800"
"1997-09-30T00:00:00.000","Salon Concerts, Inc.","3850"
"1997-09-30T00:00:00.000","Austin Creative Alliance / Cosmic Intuition Productions","4000"
"1997-09-30T00:00:00.000","Informe-Sida","4000"
"1997-09-30T00:00:00.000","International Women's Day Community","4000"
"1997-09-30T00:00:00.000","Mitchell, Mark","4000"
"1997-09-30T00:00:00.000","Austin Vocal Arts Ensemble","4046"
"1997-09-30T00:00:00.000","Art Spark Texas","4100"
"1997-09-30T00:00:00.000","One World/ Nada Stearns","4129"
"1997-09-30T00:00:00.000","Jumpstart Artist Group","4200"
"1997-09-30T00:00:00.000","Karttunen, Frances","4200"
"1997-09-30T00:00:00.000","Playfest","4350"
"1997-09-30T00:00:00.000","Austin Poets International, Inc./ Austin International Poetry Festival","4500"
"1997-09-30T00:00:00.000","Bright, Susan","4500"
"1997-09-30T00:00:00.000","Teatro Comunitario en Español","4500"
"1997-09-30T00:00:00.000","Texas Music Museum","4529"
"1997-09-30T00:00:00.000","River City Pops","4563"
"1997-09-30T00:00:00.000","Kathy Dunn Hamrick Dance Co.","4600"
"1997-09-30T00:00:00.000","Children of Light Players","4772"
"1997-09-30T00:00:00.000","Austin Area Art from the Streets","4904"
"1997-09-30T00:00:00.000","Austin Jazz Workshop, Inc.","4925"
"1997-09-30T00:00:00.000","Book Boosters","5000"
"1997-09-30T00:00:00.000","Fleshman, Karen","5000"
"1997-09-30T00:00:00.000","Hyde Park Theatre/ MS/Nerve Dance Co.","5000"
"1997-09-30T00:00:00.000","Multimedia Café","5000"
"1997-09-30T00:00:00.000","Sankofa (Foscette), Nailah","5000"
"1997-09-30T00:00:00.000","New Texas Music Works","5046"
"1997-09-30T00:00:00.000","Capital City Men's Chorus","5353"
"1997-09-30T00:00:00.000","Austin Creative Alliance / Bob Livingston","5500"
"1997-09-30T00:00:00.000","Austin Acoustic Music Festival","5517"
"1997-09-30T00:00:00.000","Day Without Art","6000"
"1997-09-30T00:00:00.000","One World/ Julian Goldstein","6000"
"1997-09-30T00:00:00.000","Center for Women & Their Work / Michele Owens-Pearce","6238"
"1997-09-30T00:00:00.000","Austin Boys Choir","6421"
"1997-09-30T00:00:00.000","Sylviana y Estampa Española","6500"
"1997-09-30T00:00:00.000","A. Mozart Fest","6729"
"1997-09-30T00:00:00.000","Turner, Jimmy","7000"
"1997-09-30T00:00:00.000","Artists' Coalition of Austin","7300"
"1997-09-30T00:00:00.000","Chamber Soloists of Austin, Inc.","7379"
"1997-09-30T00:00:00.000","Chorus Austin","7459"
"1997-09-30T00:00:00.000","Bradford, K.","7500"
"1997-09-30T00:00:00.000","Pulido, Pio","7647"
"1997-09-30T00:00:00.000","Centro de Arte y Cultura Nahualli","7974"
"1997-09-30T00:00:00.000","Mexic-Arte Museum/ Robert Rodriguez","8000"
"1997-09-30T00:00:00.000","Ourstory","8000"
"1997-09-30T00:00:00.000","Robot Group","8000"
"1997-09-30T00:00:00.000","Valdez, Raul","8000"
"1997-09-30T00:00:00.000","Different Stages, Inc.","8076"
"1997-09-30T00:00:00.000","Film Society of Austin, Inc.","8500"
"1997-09-30T00:00:00.000","Austin Shakespeare Festival","8512"
"1997-09-30T00:00:00.000","Public Domain","8561"
"1997-09-30T00:00:00.000","Believe in Me Project, Inc.","8680"
"1997-09-30T00:00:00.000","Austin Dance Ensemble","9000"
"1997-09-30T00:00:00.000","Bravo, Maria","9085"
"1997-09-30T00:00:00.000","Chicano/Latino Film Forum","10000"
"1997-09-30T00:00:00.000","First Stage Productions","10000"
"1997-09-30T00:00:00.000","Latino Arts Consortium of Austin","10000"
"1997-09-30T00:00:00.000","Mexic-Arte Museum & Roy Lozano Ballet Folklorico Joint Project","10000"
"1997-09-30T00:00:00.000","Mexic-Arte Museum/ Johnny Degollado (AKA Austin Conjunto Festival)","10000"
"1997-09-30T00:00:00.000","Mexic-Arte Museum/ Kenneth W. Jones","10000"
"1997-09-30T00:00:00.000","Teatro Humanidad Cansada","10000"
"1997-09-30T00:00:00.000","Austin Choral Union","10148"
"1997-09-30T00:00:00.000","Ariel Dance Theatre","10238"
"1997-09-30T00:00:00.000","Texas Circuit","10470"
"1997-09-30T00:00:00.000","Great Promise for American Indians, Inc.","11000"
"1997-09-30T00:00:00.000","Austin Symphonic Band","11644"
"1997-09-30T00:00:00.000","Center for Women & Their Work and Dance Umbrella Joint Project","12000"
"1997-09-30T00:00:00.000","Outreach Productions","13000"
"1997-09-30T00:00:00.000","Artists' Legal & Accounting Assistance of Austin","13383"
"1997-09-30T00:00:00.000","Red Salmon Arts","13500"
"1997-09-30T00:00:00.000","Austin League of Tejano Artists","13989"
"1997-09-30T00:00:00.000","Vortex Repertory Company","14331"
"1997-09-30T00:00:00.000","Austix","14800"
"1997-09-30T00:00:00.000","Austin Chamber Music Center, Inc.","15000"
"1997-09-30T00:00:00.000","Women in Jazz Association","15000"
"1997-09-30T00:00:00.000","One World","15500"
"1997-09-30T00:00:00.000","Serie Project, Inc.","15900"
"1999-09-30T00:00:00.000","Hoffman","2000"
"1997-09-30T00:00:00.000","Austin Visual Arts Association","16550"
"1997-09-30T00:00:00.000","Zilker Theatre Productions","16960"
"1997-09-30T00:00:00.000","Creative Opportunity Orchestra, Inc.","23323"
"1997-09-30T00:00:00.000","Johnson/Long Dance Company","25000"
"1997-09-30T00:00:00.000","Texas Folklife Resources","25000"
"1997-09-30T00:00:00.000","Visions in Rhythm aka Tapestry Dance Company","25000"
"1997-09-30T00:00:00.000","Hyde Park Theatre","26300"
"1997-09-30T00:00:00.000","Writer's League of Texas","27838"
"1997-09-30T00:00:00.000","Austin Contemporary Ballet/ Texas Youth Ballet","28373"
"1997-09-30T00:00:00.000","Austin Creative Alliance","28908"
"1997-09-30T00:00:00.000","Arthouse at the Jones Center (merged into AMOA during FY2012)","30500"
"1997-09-30T00:00:00.000","Center for Women & Their Work / Diverse Arts (also Harold McMillan)","31000"
"1997-09-30T00:00:00.000","Progressive Arts Collective","31000"
"1997-09-30T00:00:00.000","Academia (Aztlan) De Danza Y Folklore","32602"
"1997-09-30T00:00:00.000","Dance Umbrella","33676"
"1997-09-30T00:00:00.000","Austin Federation of Musicians","36644"
"1997-09-30T00:00:00.000","Roy Lozano's Ballet Folklorico de Texas","37000"
"1997-09-30T00:00:00.000","Ballet East Dance Company","41826"
"1997-09-30T00:00:00.000","Capitol City Playhouse","43898"
"1997-09-30T00:00:00.000","La Peña","46279"
"1997-09-30T00:00:00.000","Austin Theatre Alliance (formerly Paramount Theatre and State Theatre)","47217"
"1997-09-30T00:00:00.000","Austin Theatre Alliance (formerly State Theatre Company portion before merger)","48073"
"1997-09-30T00:00:00.000","Zachary Scott Theatre Center","50748"
"1997-09-30T00:00:00.000","Sharir + Bustamante Danceworks","55083"
"1997-09-30T00:00:00.000","Ballet Austin, Inc.","61403"
"1997-09-30T00:00:00.000","Center For Women & Their Work","65525"
"1997-09-30T00:00:00.000","Austin Children's Museum DBA Thinkery","73877"
"1997-09-30T00:00:00.000","Austin Lyric Opera dba Austin Opera","78159"
"1997-09-30T00:00:00.000","Mexic-Arte Museum","84655"
"1997-09-30T00:00:00.000","Austin Symphony Orchestra Society, Inc.","89407"
"1997-09-30T00:00:00.000","The Contemporary Austin Museum Inc","160602"
"1998-09-30T00:00:00.000","Austin Area Community Philharmonic","1000"
"1998-09-30T00:00:00.000","Austin Creative Alliance / Tongue & Groove Theatre","1000"
"1998-09-30T00:00:00.000","Austin District Music Teachers Association","1000"
"1998-09-30T00:00:00.000","Austin Theatreworks","1000"
"1998-09-30T00:00:00.000","Gilbert & Sullivan Society of Austin, Texas, Inc.","1000"
"1998-09-30T00:00:00.000","Rude Mechanicals - A Theatre Collective","1000"
"1998-09-30T00:00:00.000","Central Texas Bluegrass","1250"
"1998-09-30T00:00:00.000","Grace, Dory","1500"
"1998-09-30T00:00:00.000","Larson","1500"
"1998-09-30T00:00:00.000","Pryor, Larita","1500"
"1998-09-30T00:00:00.000","Physical Plant Theatre","1700"
"1998-09-30T00:00:00.000","Prevost, Susan","1700"
"1998-09-30T00:00:00.000","Birchum, Jana","2000"
"1998-09-30T00:00:00.000","Hoffman","2000"
"1998-09-30T00:00:00.000","Indigo Jones Productions","2000"
"1998-09-30T00:00:00.000","Austin Script Works aka Austin Scriptworks","2100"
"1998-09-30T00:00:00.000","Green, Bryan","2100"
"1998-09-30T00:00:00.000","Austin Chamber Ensemble","2200"
"1998-09-30T00:00:00.000","Vortex Repertory Company/Ethos AKA Chad Salvata","2300"
"1998-09-30T00:00:00.000","Cuban Arts Council","2500"
"1998-09-30T00:00:00.000","Landlocked Productions","2500"
"1998-09-30T00:00:00.000","Remembrance Through the Performing Arts","2500"
"1998-09-30T00:00:00.000","Riddell, Laura","2500"
"1998-09-30T00:00:00.000","Texas Education Broadcasting Co-Operative, Inc. (KOOP RADIO 91.7FM)/ Gilka W. Cespedes","2500"
"1998-09-30T00:00:00.000","Tim Curry Voice Project","2500"
"1998-09-30T00:00:00.000","Stephens, Phillip","2750"
"1998-09-30T00:00:00.000","Mason, Susanne","2800"
"1998-09-30T00:00:00.000","Salon Concerts, Inc.","2900"
"1998-09-30T00:00:00.000","Austin Theatre for Youth","2926"
"1998-09-30T00:00:00.000","Auspicious, Inc.","3000"
"1998-09-30T00:00:00.000","Chorus Austin/ Handel-Haydn Joint Project","3000"
"1998-09-30T00:00:00.000","Diva Productions","3000"
"1998-09-30T00:00:00.000","National Poetry Slam","3000"
"1998-09-30T00:00:00.000","STILLPOINT Dance","3000"
"1998-09-30T00:00:00.000","Third Coast Repertory Theatre","3000"
"1998-09-30T00:00:00.000","Wood, Shelly","3000"
"1998-09-30T00:00:00.000","Weiss, Dawn","3100"
"1998-09-30T00:00:00.000","Cultural Warriors","3150"
"1998-09-30T00:00:00.000","Austin Lite Opera Ensemble","3200"
"1998-09-30T00:00:00.000","Tre' Arenz/Deborah Hay","3300"
"1998-09-30T00:00:00.000","Deborah Hay Dance Company","3400"
"1998-09-30T00:00:00.000","Manosevitz, Carolyn","3412"
"1998-09-30T00:00:00.000","Youth Ballet Theatre","3485"
"1998-09-30T00:00:00.000","Indigenous Women's Network","3500"
"1998-09-30T00:00:00.000","Marino","3500"
"1998-09-30T00:00:00.000","Austin Civic Orchestra Society","3588"
"1998-09-30T00:00:00.000","Salazar, Ruben","4000"
"1998-09-30T00:00:00.000","Aguilar-Moreno","4000"
"1998-09-30T00:00:00.000","Austin Children's Choir","4000"
"1998-09-30T00:00:00.000","Blue Jazz Workshop/Settles","4000"
"1998-09-30T00:00:00.000","Borderlands Texas Poetry aka Texas Poetry Review (also Ramona Cearley)","4000"
"1998-09-30T00:00:00.000","Inside Out Steelband","4000"
"1998-09-30T00:00:00.000","International Women's Day Community","4000"
"1998-09-30T00:00:00.000","Legends Project","4000"
"1998-09-30T00:00:00.000","Littleton, Sue","4000"
"1998-09-30T00:00:00.000","Mexican Community Cultural Center","4000"
"1998-09-30T00:00:00.000","Playfest","4350"
"1998-09-30T00:00:00.000","Bright, Susan","4500"
"1998-09-30T00:00:00.000","One World/ Nada Stearns","4500"
"1998-09-30T00:00:00.000","Samarripa, Consuelo","4500"
"1998-09-30T00:00:00.000","Salvage Vanguard Theatre","4526"
"1998-09-30T00:00:00.000","Texas Music Museum","4529"
"1998-09-30T00:00:00.000","Austin Vocal Arts Ensemble","4600"
"1998-09-30T00:00:00.000","Kathy Dunn Hamrick Dance Co.","4600"
"1998-09-30T00:00:00.000","River City Pops","4700"
"1998-09-30T00:00:00.000","Austin Acoustic Music Festival","5000"
"1998-09-30T00:00:00.000","Book Boosters","5000"
"1998-09-30T00:00:00.000","Goins, BJ","5000"
"1998-09-30T00:00:00.000","Hyde Park Theatre/ MS/Nerve Dance Co.","5000"
"1998-09-30T00:00:00.000","Meyer, Delia","5000"
"1998-09-30T00:00:00.000","Pulido, Pio","5000"
"1998-09-30T00:00:00.000","Ramirez, Alex","5000"
"1998-09-30T00:00:00.000","Art Spark Texas","5200"
"1998-09-30T00:00:00.000","Austin Creative Alliance / Bob Livingston","5500"
"1998-09-30T00:00:00.000","Austin League of Minority Artists","5500"
"1998-09-30T00:00:00.000","Austin Community Access Center","5700"
"1998-09-30T00:00:00.000","Capital City Men's Chorus","5792"
"1998-09-30T00:00:00.000","Austin Poets International, Inc./ Austin International Poetry Festival","5800"
"1998-09-30T00:00:00.000","Austin Area Art from the Streets","6000"
"1998-09-30T00:00:00.000","Austin Creative Alliance / Cosmic Intuition Productions","6000"
"1998-09-30T00:00:00.000","Austin Jazz Workshop, Inc.","6000"
"1998-09-30T00:00:00.000","Jumpstart Artist Group","6000"
"1998-09-30T00:00:00.000","Multimedia Café","6000"
"1998-09-30T00:00:00.000","Oleson, Jill","6000"
"1998-09-30T00:00:00.000","One World/ Julian Goldstein","6000"
"1998-09-30T00:00:00.000","Talenti, Francesca","6000"
"1998-09-30T00:00:00.000","Veintemillas, Carlos","6000"
"1998-09-30T00:00:00.000","Wax Track Gallery International","6000"
"1998-09-30T00:00:00.000","Texas Education Broadcasting Co-Operative, Inc. (KOOP RADIO 91.7FM)","6500"
"1998-09-30T00:00:00.000","Center for Women & Their Work / Michele Owens-Pearce","6781"
"1998-09-30T00:00:00.000","Austin Girls Choir","7000"
"1998-09-30T00:00:00.000","Day Without Art","7000"
"1998-09-30T00:00:00.000","Mexic-Arte Museum/ Robert Rodriguez","7000"
"1998-09-30T00:00:00.000","Teatro Comunitario en Español","7000"
"1998-09-30T00:00:00.000","New Texas Music Works","7089"
"1998-09-30T00:00:00.000","Artists' Coalition of Austin","7300"
"1998-09-30T00:00:00.000","A. Mozart Fest","7588"
"1998-09-30T00:00:00.000","Bradford, K.","7800"
"1998-09-30T00:00:00.000","Chamber Soloists of Austin, Inc.","7984"
"1998-09-30T00:00:00.000","Chorus Austin","8070"
"1998-09-30T00:00:00.000","Austin Boys Choir","8500"
"1998-09-30T00:00:00.000","Austin Shakespeare Festival","8512"
"1998-09-30T00:00:00.000","Different Stages, Inc.","8738"
"1998-09-30T00:00:00.000","Austin Dance Ensemble","9000"
"1998-09-30T00:00:00.000","Texas Gospel Announcers Guild","9000"
"1998-09-30T00:00:00.000","Turner, Jimmy","9000"
"1998-09-30T00:00:00.000","Bravo, Maria","9085"
"1998-09-30T00:00:00.000","Film Society of Austin, Inc.","9500"
"1998-09-30T00:00:00.000","Centro de Arte y Cultura Nahualli","10000"
"1998-09-30T00:00:00.000","Ourstory","10000"
"1998-09-30T00:00:00.000","Austin Musical Theatre DBA Broadway Texas","10826"
"1998-09-30T00:00:00.000","Public Domain","10926"
"1998-09-30T00:00:00.000","Austin Choral Union","10979"
"1998-09-30T00:00:00.000","Blue Lapis Light, Inc.","11000"
"1998-09-30T00:00:00.000","Ariel Dance Theatre","11450"
"1998-09-30T00:00:00.000","Center for Women & Their Work and Dance Umbrella Joint Project","12000"
"1998-09-30T00:00:00.000","Mexic-Arte Museum/ Kenneth W. Jones","12000"
"1998-09-30T00:00:00.000","Austin Symphonic Band","12598"
"1998-09-30T00:00:00.000","First Stage Productions","13500"
"1998-09-30T00:00:00.000","Great Promise for American Indians, Inc.","14000"
"1998-09-30T00:00:00.000","Mexic-Arte Museum/ Johnny Degollado (AKA Austin Conjunto Festival)","14000"
"1998-09-30T00:00:00.000","Outreach Productions","14000"
"1998-09-30T00:00:00.000","Artists' Legal & Accounting Assistance of Austin","14479"
"1998-09-30T00:00:00.000","Believe in Me Project, Inc.","14680"
"1998-09-30T00:00:00.000","Austin League of Tejano Artists","15000"
"1998-09-30T00:00:00.000","One World","15500"
"1998-09-30T00:00:00.000","Red Salmon Arts","15500"
"1998-09-30T00:00:00.000","Chicano/Latino Film Forum","16000"
"1998-09-30T00:00:00.000","Latino Arts Consortium of Austin","16000"
"1998-09-30T00:00:00.000","Austin Chamber Music Center, Inc.","16229"
"1998-09-30T00:00:00.000","Vortex Repertory Company","16831"
"1998-09-30T00:00:00.000","Zilker Theatre Productions","17110"
"1998-09-30T00:00:00.000","Austin Visual Arts Association","19100"
"1998-09-30T00:00:00.000","Women in Jazz Association","20000"
"1998-09-30T00:00:00.000","Serie Project, Inc.","23000"
"1998-09-30T00:00:00.000","Creative Opportunity Orchestra, Inc.","25234"
"1998-09-30T00:00:00.000","Visions in Rhythm aka Tapestry Dance Company","26465"
"1998-09-30T00:00:00.000","Teatro Humanidad Cansada","27506"
"1998-09-30T00:00:00.000","Texas Folklife Resources","28000"
"1998-09-30T00:00:00.000","Johnson/Long Dance Company","30047"
"1998-09-30T00:00:00.000","Writer's League of Texas","30119"
"1998-09-30T00:00:00.000","Austin Contemporary Ballet/ Texas Youth Ballet","30698"
"1998-09-30T00:00:00.000","Progressive Arts Collective","34500"
"1998-09-30T00:00:00.000","Dance Umbrella","36435"
"1998-09-30T00:00:00.000","Austin Federation of Musicians","36944"
"1998-09-30T00:00:00.000","Hyde Park Theatre","37800"
"1998-09-30T00:00:00.000","Center for Women & Their Work / Diverse Arts (also Harold McMillan)","38000"
"1998-09-30T00:00:00.000","Academia (Aztlan) De Danza Y Folklore","40000"
"1998-09-30T00:00:00.000","Roy Lozano's Ballet Folklorico de Texas","40031"
"1998-09-30T00:00:00.000","Arthouse at the Jones Center (merged into AMOA during FY2012)","42000"
"1998-09-30T00:00:00.000","Ballet East Dance Company","45253"
"1998-09-30T00:00:00.000","Austin Creative Alliance","47076"
"1998-09-30T00:00:00.000","La Peña","50071"
"1998-09-30T00:00:00.000","Austin Theatre Alliance (formerly Paramount Theatre and State Theatre)","51085"
"1998-09-30T00:00:00.000","Austin Theatre Alliance (formerly State Theatre Company portion before merger)","52012"
"1998-09-30T00:00:00.000","Zachary Scott Theatre Center","54906"
"1998-09-30T00:00:00.000","Sharir + Bustamante Danceworks","59596"
"1998-09-30T00:00:00.000","Ballet Austin, Inc.","66434"
"1998-09-30T00:00:00.000","Center For Women & Their Work","70893"
"1998-09-30T00:00:00.000","Austin Children's Museum DBA Thinkery","79930"
"1998-09-30T00:00:00.000","Austin Lyric Opera dba Austin Opera","84563"
"1998-09-30T00:00:00.000","Mexic-Arte Museum","91597"
"1998-09-30T00:00:00.000","Austin Symphony Orchestra Society, Inc.","96732"
"1998-09-30T00:00:00.000","The Contemporary Austin Museum Inc","173760"
"1999-09-30T00:00:00.000","Austin Creative Alliance / Tongue & Groove Theatre","1000"
"1999-09-30T00:00:00.000","Austin District Music Teachers Association","1000"
"1999-09-30T00:00:00.000","Blue Lapis Light, Inc.","1000"
"1999-09-30T00:00:00.000","Texas Education Broadcasting Co-Operative, Inc. (KOOP RADIO 91.7FM)/ Gilka W. Cespedes","1000"
"1999-09-30T00:00:00.000","Theatre Week","1000"
"1999-09-30T00:00:00.000","Austin Children's Choir","1250"
"1999-09-30T00:00:00.000","Austin Acoustic Music Festival","1500"
"1999-09-30T00:00:00.000","Austin Creative Alliance / Cosmic Intuition Productions","1500"
"1999-09-30T00:00:00.000","Center for Women & Their Work and Dance Umbrella Joint Project","1500"
"1999-09-30T00:00:00.000","Believe in Me Project, Inc.","1700"
"1999-09-30T00:00:00.000","Public Domain","1700"
"1999-09-30T00:00:00.000","Austin Chamber Ensemble","2000"
"1999-09-30T00:00:00.000","Austin Script Works aka Austin Scriptworks","2000"
"1999-09-30T00:00:00.000","Hyde Park Theatre","2100"
"1999-09-30T00:00:00.000","Film Society of Austin, Inc.","2200"
"1999-09-30T00:00:00.000","Vortex Repertory Company/Ethos AKA Chad Salvata","2300"
"1999-09-30T00:00:00.000","Austin Boys Choir","2500"
"1999-09-30T00:00:00.000","Mexican Community Cultural Center","2500"
"1999-09-30T00:00:00.000","Outreach Productions","2500"
"1999-09-30T00:00:00.000","Playfest","2500"
"1999-09-30T00:00:00.000","Texas Education Broadcasting Co-Operative, Inc. (KOOP RADIO 91.7FM)","2500"
"1999-09-30T00:00:00.000","Texas Folklife Resources","2500"
"1999-09-30T00:00:00.000","Mexic-Arte Museum/ Johnny Degollado (AKA Austin Conjunto Festival)","2750"
"1999-09-30T00:00:00.000","Talenti, Francesca","2926"
"1999-09-30T00:00:00.000","Austin Creative Alliance / Bob Livingston","3000"
"1999-09-30T00:00:00.000","Bravo, Maria","3000"
"1999-09-30T00:00:00.000","Capital City Men's Chorus","3000"
"1999-09-30T00:00:00.000","Center For Women & Their Work","3000"
"1999-09-30T00:00:00.000","Deborah Hay Dance Company","3000"
"1999-09-30T00:00:00.000","Diva Productions","3000"
"1999-09-30T00:00:00.000","Indigo Jones Productions","3000"
"1999-09-30T00:00:00.000","Zilker Theatre Productions","3000"
"1999-09-30T00:00:00.000","Rude Mechanicals - A Theatre Collective","3150"
"1999-09-30T00:00:00.000","Austin Dance Ensemble","3200"
"1999-09-30T00:00:00.000","Progressive Arts Collective","3400"
"1999-09-30T00:00:00.000","Third Coast Repertory Theatre","3412"
"1999-09-30T00:00:00.000","Physical Plant Theatre","3485"
"1999-09-30T00:00:00.000","Goins, BJ","3500"
"1999-09-30T00:00:00.000","Green, Bryan","3500"
"1999-09-30T00:00:00.000","Cultural Warriors","3540"
"1999-09-30T00:00:00.000","Samarripa, Consuelo","3588"
"1999-09-30T00:00:00.000","Visions in Rhythm aka Tapestry Dance Company","3800"
"1999-09-30T00:00:00.000","Ourstory","3900"
"1999-09-30T00:00:00.000","Artists' Legal & Accounting Assistance of Austin","4000"
"1999-09-30T00:00:00.000","Austin League of Tejano Artists","4000"
"1999-09-30T00:00:00.000","Center for Women & Their Work / Michele Owens-Pearce","4000"
"1999-09-30T00:00:00.000","Chicano/Latino Film Forum","4000"
"1999-09-30T00:00:00.000","International Women's Day Community","4000"
"1999-09-30T00:00:00.000","Larson","4000"
"1999-09-30T00:00:00.000","Meyer, Delia","4000"
"1999-09-30T00:00:00.000","Ramirez, Alex","4000"
"1999-09-30T00:00:00.000","Veintemillas, Carlos","4000"
"1999-09-30T00:00:00.000","One World","4500"
"1999-09-30T00:00:00.000","Wax Track Gallery International","4500"
"1999-09-30T00:00:00.000","Wood, Shelly","4500"
"1999-09-30T00:00:00.000","Salvage Vanguard Theatre","4526"
"1999-09-30T00:00:00.000","National Poetry Slam","4529"
"1999-09-30T00:00:00.000","Grace, Dory","4600"
"1999-09-30T00:00:00.000","Jumpstart Artist Group","4700"
"1999-09-30T00:00:00.000","Arthouse at the Jones Center (merged into AMOA during FY2012)","5000"
"1999-09-30T00:00:00.000","Auspicious, Inc.","5000"
"1999-09-30T00:00:00.000","Austin League of Minority Artists","5000"
"1999-09-30T00:00:00.000","Bright, Susan","5000"
"1999-09-30T00:00:00.000","Johnson/Long Dance Company","5000"
"1999-09-30T00:00:00.000","Oleson, Jill","5000"
"1999-09-30T00:00:00.000","Creative Opportunity Orchestra, Inc.","5017"
"1999-09-30T00:00:00.000","Art Spark Texas","5200"
"1999-09-30T00:00:00.000","Bradford, K.","5500"
"1999-09-30T00:00:00.000","Chamber Soloists of Austin, Inc.","5500"
"1999-09-30T00:00:00.000","Texas Gospel Announcers Guild","5792"
"1999-09-30T00:00:00.000","Mexic-Arte Museum/ Kenneth W. Jones","5800"
"1999-09-30T00:00:00.000","Day Without Art","6000"
"1999-09-30T00:00:00.000","Different Stages, Inc.","6000"
"1999-09-30T00:00:00.000","Great Promise for American Indians, Inc.","6000"
"1999-09-30T00:00:00.000","Kathy Dunn Hamrick Dance Co.","6000"
"1999-09-30T00:00:00.000","La Peña","6000"
"1999-09-30T00:00:00.000","Manosevitz, Carolyn","6000"
"1999-09-30T00:00:00.000","Mexic-Arte Museum/ Robert Rodriguez","6000"
"1999-09-30T00:00:00.000","Pulido, Pio","6000"
"1999-09-30T00:00:00.000","Salazar, Ruben","6000"
"1999-09-30T00:00:00.000","Turner, Jimmy","6000"
"1999-09-30T00:00:00.000","Central Texas Bluegrass","6500"
"1999-09-30T00:00:00.000","Imagine Art, Inc.","6781"
"1999-09-30T00:00:00.000","Chorus Austin/ Handel-Haydn Joint Project","6833"
"1999-09-30T00:00:00.000","Austin Poets International, Inc./ Austin International Poetry Festival","7000"
"1999-09-30T00:00:00.000","Tim Curry Voice Project","7000"
"1999-09-30T00:00:00.000","Youth Ballet Theatre","7000"
"1999-09-30T00:00:00.000","Second Youth","7114"
"1999-09-30T00:00:00.000","Austin Community Access Center","7142"
"1999-09-30T00:00:00.000","Cuban Arts Council","7300"
"1999-09-30T00:00:00.000","Book Boosters","7588"
"1999-09-30T00:00:00.000","Austin Area Art from the Streets","7800"
"1999-09-30T00:00:00.000","Tre' Arenz/Deborah Hay","8000"
"1999-09-30T00:00:00.000","Pryor, Larita","8500"
"1999-09-30T00:00:00.000","Moody, Sid","8738"
"1999-09-30T00:00:00.000","Austin Civic Orchestra Society","9000"
"1999-09-30T00:00:00.000","Austin Shakespeare Festival","9000"
"1999-09-30T00:00:00.000","Riddell, Laura","9125"
"1999-09-30T00:00:00.000","Centro de Arte y Cultura Nahualli","9687"
"1999-09-30T00:00:00.000","Dance Umbrella","10000"
"1999-09-30T00:00:00.000","Littleton, Sue","10000"
"1999-09-30T00:00:00.000","Gilbert & Sullivan Society of Austin, Texas, Inc.","10152"
"1999-09-30T00:00:00.000","Prevost, Susan","10289"
"1999-09-30T00:00:00.000","Stephens, Phillip","10629"
"1999-09-30T00:00:00.000","Marino","10826"
"1999-09-30T00:00:00.000","Austin Choral Union","10979"
"1999-09-30T00:00:00.000","Women in Jazz Association","11000"
"1999-09-30T00:00:00.000","First Stage Productions","11406"
"1999-09-30T00:00:00.000","Indigenous Women's Network","11442"
"1999-09-30T00:00:00.000","New Texas Music Works","11926"
"1999-09-30T00:00:00.000","Austin Theatre Alliance (formerly State Theatre Company portion before merger)","12000"
"1999-09-30T00:00:00.000","Teatro Comunitario en Español","12000"
"1999-09-30T00:00:00.000","Austin Symphonic Band","12450"
"1999-09-30T00:00:00.000","Ballet East Dance Company","12598"
"1999-09-30T00:00:00.000","Austin Lyric Opera dba Austin Opera","14000"
"1999-09-30T00:00:00.000","Roy Lozano's Ballet Folklorico de Texas","14115"
"1999-09-30T00:00:00.000","Brigham","14680"
"1999-09-30T00:00:00.000","Aguilar-Moreno","15000"
"1999-09-30T00:00:00.000","River City Pops","15000"
"1999-09-30T00:00:00.000","Blue Jazz Workshop/Settles","15500"
"1999-09-30T00:00:00.000","STILLPOINT Dance","15500"
"1999-09-30T00:00:00.000","Austin Area Community Philharmonic","16000"
"1999-09-30T00:00:00.000","Austin Jazz Workshop, Inc.","16000"
"1999-09-30T00:00:00.000","Center for Women & Their Work / Diverse Arts (also Harold McMillan)","16000"
"1999-09-30T00:00:00.000","Austin Theatreworks","16790"
"1999-09-30T00:00:00.000","Multimedia Café","16831"
"1999-09-30T00:00:00.000","Borderlands Texas Poetry aka Texas Poetry Review (also Ramona Cearley)","17110"
"1999-09-30T00:00:00.000","Mexic-Arte Museum","17846"
"1999-09-30T00:00:00.000","Salon Concerts, Inc.","19100"
"1999-09-30T00:00:00.000","Austin Chamber Music Center, Inc.","20615"
"1999-09-30T00:00:00.000","Texas Music Museum","22602"
"1999-09-30T00:00:00.000","The Contemporary Austin Museum Inc","24000"
"1999-09-30T00:00:00.000","Chorus Austin","42000"
"1999-09-30T00:00:00.000","Austin Contemporary Ballet/ Texas Youth Ballet","26234"
"1999-09-30T00:00:00.000","Hyde Park Theatre/ MS/Nerve Dance Co.","27465"
"1999-09-30T00:00:00.000","Vortex Repertory Company","27500"
"1999-09-30T00:00:00.000","Legends Project","28000"
"1999-09-30T00:00:00.000","Teatro Humanidad Cansada","30047"
"1999-09-30T00:00:00.000","Austin Symphony Orchestra Society, Inc.","30119"
"1999-09-30T00:00:00.000","Sharir + Bustamante Danceworks","30698"
"1999-09-30T00:00:00.000","Ariel Dance Theatre","34500"
"1999-09-30T00:00:00.000","Ballet Austin, Inc.","36944"
"1999-09-30T00:00:00.000","Academia (Aztlan) De Danza Y Folklore","41000"
"1999-09-30T00:00:00.000","Austin Lite Opera Ensemble","42310"
"1999-09-30T00:00:00.000","Austin Federation of Musicians","42314"
"1999-09-30T00:00:00.000","Birchum, Jana","42478"
"1999-09-30T00:00:00.000","Austin Theatre Alliance (formerly Paramount Theatre and State Theatre)","44551"
"1999-09-30T00:00:00.000","Writer's League of Texas","47253"
"1999-09-30T00:00:00.000","Austin Creative Alliance","51780"
"1999-09-30T00:00:00.000","Richard-Crow","53650"
"1999-09-30T00:00:00.000","Serie Project, Inc.","54668"
"1999-09-30T00:00:00.000","Red Salmon Arts","56246"
"1999-09-30T00:00:00.000","Zachary Scott Theatre Center","59124"
"1999-09-30T00:00:00.000","One World/ Julian Goldstein","60596"
"1999-09-30T00:00:00.000","Austin Visual Arts Association","67867"
"1999-09-30T00:00:00.000","One World/ Nada Stearns","76995"
"1999-09-30T00:00:00.000","Austin Children's Museum DBA Thinkery","86499"
"1999-09-30T00:00:00.000","Landlocked Productions","91132"
"1999-09-30T00:00:00.000","Inside Out Steelband","93597"
"1999-09-30T00:00:00.000","Remembrance Through the Performing Arts","100272"
"1999-09-30T00:00:00.000","Weiss, Dawn","178193"
"2000-09-30T00:00:00.000","Austin Puppet Theater","1000"
"2000-09-30T00:00:00.000","Austin Singers, Inc.","1000"
"2000-09-30T00:00:00.000","Gans, Elizabeth","1000"
"2000-09-30T00:00:00.000","Hernandez, David","1000"
"2000-09-30T00:00:00.000","Karuna, Jean","1000"
"2000-09-30T00:00:00.000","Rison, Alton","1000"
"2000-09-30T00:00:00.000","Texas Education Broadcasting Co-Operative, Inc. (KOOP RADIO 91.7FM)/ Gilka W. Cespedes","1000"
"2000-09-30T00:00:00.000","Tips on Art","1000"
"2000-09-30T00:00:00.000","Young, Naomi","1000"
"2000-09-30T00:00:00.000","Austin Creative Alliance / Will Taylor & Strings Attached","1500"
"2000-09-30T00:00:00.000","Cortez, Dyanne","1910"
"2000-09-30T00:00:00.000","Comedy Gym","2533"
"2000-09-30T00:00:00.000","African American Arts Technical Resource Center/ Charles Medearis","2000"
"2000-09-30T00:00:00.000","Asian American Alliance: Asian Arts in America","2000"
"2000-09-30T00:00:00.000","Austin Area Community Philharmonic","2000"
"2000-09-30T00:00:00.000","Chaparro, Javier","2000"
"2000-09-30T00:00:00.000","Tapestry Singers","2000"
"2000-09-30T00:00:00.000","Green, Bryan","2151"
"2000-09-30T00:00:00.000","The Pulse Contemporary Music Project","2314"
"2000-09-30T00:00:00.000","Puerto Rican Folkloric Dance, Inc.","2640"
"2000-09-30T00:00:00.000","Austin Children's Choir","3000"
"2000-09-30T00:00:00.000","Austin Commedia Society","3000"
"2000-09-30T00:00:00.000","Austin Creative Alliance / Tongue & Groove Theatre","3000"
"2000-09-30T00:00:00.000","Nichols, Clay","3000"
"2000-09-30T00:00:00.000","Pryor, Larita","3000"
"2000-09-30T00:00:00.000","Stephens, Phillip","3000"
"2000-09-30T00:00:00.000","Walch, John","3000"
"2000-09-30T00:00:00.000","Mosaic Dance Body","3071"
"2000-09-30T00:00:00.000","Austin Classical Guitar","3100"
"2000-09-30T00:00:00.000","Sweeney, Marla","3209"
"2000-09-30T00:00:00.000","Legends Project","3236"
"2000-09-30T00:00:00.000","Anthropos Arts","3264"
"2000-09-30T00:00:00.000","Austin Visual Arts Association/ Mahalene Louis","3285"
"2000-09-30T00:00:00.000","Avila, Jerry III","3300"
"2000-09-30T00:00:00.000","Austin District Music Teachers Association","3375"
"2000-09-30T00:00:00.000","Cultural Warriors","3500"
"2000-09-30T00:00:00.000","Remembrance Through the Performing Arts","3500"
"2000-09-30T00:00:00.000","Second Youth","3500"
"2000-09-30T00:00:00.000","Grassroots Media Network","3614"
"2000-09-30T00:00:00.000","One World/ ACAC Joint Project","3776"
"2000-09-30T00:00:00.000","Austin Civic Orchestra Society","3965"
"2000-09-30T00:00:00.000","Blue Jazz Workshop/Settles","4000"
"2000-09-30T00:00:00.000","Center for Mexican American Cultural Arts, Inc.","4000"
"2000-09-30T00:00:00.000","Creative Action","4000"
"2000-09-30T00:00:00.000","Garth, Kip","4000"
"2000-09-30T00:00:00.000","Salon Concerts, Inc.","4000"
"2000-09-30T00:00:00.000","Wax Track Gallery International","4075"
"2000-09-30T00:00:00.000","Texas Nafas","4200"
"2000-09-30T00:00:00.000","Austin Script Works aka Austin Scriptworks","4217"
"2000-09-30T00:00:00.000","Performance Encounters","4333"
"2000-09-30T00:00:00.000","Austin Latino/a Lesbian & Gay Organization AKA allgo","4342"
"2000-09-30T00:00:00.000","Austin Boys Choir","4346"
"2000-09-30T00:00:00.000","Franco, Aida","4357"
"2000-09-30T00:00:00.000","Austin Association of Sculptors","4493"
"2000-09-30T00:00:00.000","Austin Chamber Ensemble","4500"
"2000-09-30T00:00:00.000","Eutsey, Nicole","4610"
"2000-09-30T00:00:00.000","Garza, Mary Jane","4750"
"2000-09-30T00:00:00.000","Villegas, Adrian","4813"
"2000-09-30T00:00:00.000","Briseño, Amandine","4933"
"2000-09-30T00:00:00.000","Odeluga, Chinwe","4984"
"2000-09-30T00:00:00.000","Texas Music Museum","5029"
"2000-09-30T00:00:00.000","Austin Creative Alliance / Jason Phelps & Co","5100"
"2000-09-30T00:00:00.000","Austin Creative Alliance / Anuradha Naimpally","5400"
"2000-09-30T00:00:00.000","Texas Democracy Foundation","5400"
"2000-09-30T00:00:00.000","Valentine Productions","5400"
"2000-09-30T00:00:00.000","Valdez, Raul","5428"
"2000-09-30T00:00:00.000","The NonProfit Center/Handy, Wendell","5639"
"2000-09-30T00:00:00.000","Perez, Martha","5824"
"2000-09-30T00:00:00.000","One World/ Sabrina Barker","5933"
"2000-09-30T00:00:00.000","Auspicious, Inc.","6038"
"2000-09-30T00:00:00.000","Austin Area Art from the Streets","6128"
"2000-09-30T00:00:00.000","Reel Women","6233"
"2000-09-30T00:00:00.000","Kathy Dunn Hamrick Dance Co.","6340"
"2000-09-30T00:00:00.000","Necer, Jorge","6342"
"2000-09-30T00:00:00.000","Austin Poets International, Inc./ Austin International Poetry Festival","6368"
"2000-09-30T00:00:00.000","Austin Cinemaker Cooperative","6477"
"2000-09-30T00:00:00.000","Dance International","6666"
"2000-09-30T00:00:00.000","Center for Women & Their Work / Michele Owens-Pearce","6992"
"2000-09-30T00:00:00.000","Capital City Men's Chorus","7000"
"2000-09-30T00:00:00.000","Mexic-Arte Museum/ AMOA/ACM","7072"
"2000-09-30T00:00:00.000","Austin Theatre for Youth","7500"
"2000-09-30T00:00:00.000","Austin Museum Partnership","7152"
"2000-09-30T00:00:00.000","Center for Maximum Potential Building Systems, Inc./ Peter Struble","7186"
"2000-09-30T00:00:00.000","Hyde Park Theatre/ MS/Nerve Dance Co.","7299"
"2000-09-30T00:00:00.000","Newsome, Ivry","7360"
"2000-09-30T00:00:00.000","Samarripa, Consuelo","7500"
"2000-09-30T00:00:00.000","Rockett, Bennet","7595"
"2000-09-30T00:00:00.000","Borderlands Texas Poetry aka Texas Poetry Review (also Ramona Cearley)","7609"
"2000-09-30T00:00:00.000","Austin Choral Artists","7700"
"2000-09-30T00:00:00.000","Manosevitz, Carolyn","7811"
"2000-09-30T00:00:00.000","Circle the Earth","7886"
"2000-09-30T00:00:00.000","Ambrosavage, Joseph","8014"
"2000-09-30T00:00:00.000","Dancer's Edge","8155"
"2000-09-30T00:00:00.000","Austin Community Radio, KAZI 88.7 FM","8400"
"2000-09-30T00:00:00.000","Teatro Humanidad/ La Peña","8421"
"2000-09-30T00:00:00.000","Cine Las Americas","8424"
"2000-09-30T00:00:00.000","Texas Gospel Announcers Guild","8482"
"2000-09-30T00:00:00.000","Austin Dance Ensemble","8526"
"2000-09-30T00:00:00.000","Indigenous Women's Network","8543"
"2000-09-30T00:00:00.000","Different Stages, Inc.","9000"
"2000-09-30T00:00:00.000","Austin Symphonic Band","9081"
"2000-09-30T00:00:00.000","Weiss, Dawn","9082"
"2000-09-30T00:00:00.000","STILLPOINT Dance","9083"
"2000-09-30T00:00:00.000","Inside Out Steelband","9150"
"2000-09-30T00:00:00.000","River City Pops","9482"
"2000-09-30T00:00:00.000","Centro de Arte y Cultura Nahualli","9500"
"2000-09-30T00:00:00.000","Austin Creative Alliance / Bob Livingston","9556"
"2000-09-30T00:00:00.000","Bravo, Maria","9628"
"2000-09-30T00:00:00.000","Deborah Hay Dance Company","9666"
"2000-09-30T00:00:00.000","International Women's Day Community","9793"
"2000-09-30T00:00:00.000","Vortex Repertory Company/Ethos AKA Chad Salvata","9818"
"2000-09-30T00:00:00.000","Art Spark Texas","12915"
"2000-09-30T00:00:00.000","Talenti, Francesca","10157"
"2000-09-30T00:00:00.000","Meyer, Delia","10500"
"2000-09-30T00:00:00.000","Leadership Enrichment Arts Program","10664"
"2000-09-30T00:00:00.000","Imagine Art, Inc.","10672"
"2000-09-30T00:00:00.000","Castrejon, Pilar","10957"
"2000-09-30T00:00:00.000","Veintemillas, Carlos","10957"
"2000-09-30T00:00:00.000","Mason, Susanne","11493"
"2000-09-30T00:00:00.000","Outreach Productions","11600"
"2000-09-30T00:00:00.000","Art Spark Texas/ Accessible Arts School Outreach","11621"
"2000-09-30T00:00:00.000","One World/ Julian Goldstein","12046"
"2000-09-30T00:00:00.000","One World/ Nada Stearns","12250"
"2000-09-30T00:00:00.000","Austin Creative Alliance / Cosmic Intuition Productions","12500"
"2000-09-30T00:00:00.000","Multimedia Café","12593"
"2000-09-30T00:00:00.000","Artists' Coalition of Austin","12757"
"2000-09-30T00:00:00.000","Day Without Art","12783"
"2000-09-30T00:00:00.000","Austin Jazz Workshop, Inc.","12900"
"2000-09-30T00:00:00.000","Chicano/Latino Film Forum","14457"
"2000-09-30T00:00:00.000","Austin Shakespeare Festival","15500"
"2000-09-30T00:00:00.000","Ourstory","15500"
"2000-09-30T00:00:00.000","Rude Mechanicals - A Theatre Collective","15500"
"2000-09-30T00:00:00.000","New Texas Music Works","15547"
"2000-09-30T00:00:00.000","Texas Education Broadcasting Co-Operative, Inc. (KOOP RADIO 91.7FM)","16247"
"2000-09-30T00:00:00.000","Mexic-Arte Museum/ Johnny Degollado (AKA Austin Conjunto Festival)","16500"
"2000-09-30T00:00:00.000","Great Promise for American Indians, Inc.","17602"
"2000-09-30T00:00:00.000","Chamber Soloists of Austin, Inc.","18500"
"2000-09-30T00:00:00.000","Latino Arts Consortium of Austin","18500"
"2000-09-30T00:00:00.000","Ariel Dance Theatre","19600"
"2000-09-30T00:00:00.000","Blue Lapis Light, Inc.","19749"
"2000-09-30T00:00:00.000","One World","20500"
"2000-09-30T00:00:00.000","Austin Chamber Music Center, Inc.","20697"
"2000-09-30T00:00:00.000","Center for Women & Their Work and Dance Umbrella Joint Project","21117"
"2000-09-30T00:00:00.000","Public Domain","21357"
"2000-09-30T00:00:00.000","Artists' Legal & Accounting Assistance of Austin","21564"
"2000-09-30T00:00:00.000","Believe in Me Project, Inc.","22830"
"2000-09-30T00:00:00.000","Salvage Vanguard Theatre","24000"
"2000-09-30T00:00:00.000","Red Salmon Arts","24026"
"2000-09-30T00:00:00.000","Austin Visual Arts Association","25900"
"2000-09-30T00:00:00.000","Women in Jazz Association","26000"
"2000-09-30T00:00:00.000","Chorus Austin","27482"
"2000-09-30T00:00:00.000","La Peña","60946"
"2000-09-30T00:00:00.000","Vortex Repertory Company","28000"
"2000-09-30T00:00:00.000","Writer's League of Texas","31371"
"2000-09-30T00:00:00.000","Johnson/Long Dance Company","33378"
"2000-09-30T00:00:00.000","Serie Project, Inc.","33500"
"2000-09-30T00:00:00.000","Creative Opportunity Orchestra, Inc.","34900"
"2000-09-30T00:00:00.000","Film Society of Austin, Inc.","36900"
"2000-09-30T00:00:00.000","Roy Lozano's Ballet Folklorico de Texas","37066"
"2000-09-30T00:00:00.000","Austin Federation of Musicians","38719"
"2000-09-30T00:00:00.000","Hyde Park Theatre","41500"
"2000-09-30T00:00:00.000","Austin Musical Theatre DBA Broadway Texas","42000"
"2000-09-30T00:00:00.000","Dance Umbrella","42016"
"2000-09-30T00:00:00.000","Teatro Humanidad Cansada","42500"
"2000-09-30T00:00:00.000","Progressive Arts Collective","42829"
"2000-09-30T00:00:00.000","Academia (Aztlan) De Danza Y Folklore","43500"
"2000-09-30T00:00:00.000","Arthouse at the Jones Center (merged into AMOA during FY2012)","44000"
"2000-09-30T00:00:00.000","Texas Folklife Resources","45000"
"2000-09-30T00:00:00.000","Zilker Theatre Productions","45000"
"2000-09-30T00:00:00.000","Visions in Rhythm aka Tapestry Dance Company","45500"
"2000-09-30T00:00:00.000","Center for Women & Their Work / Diverse Arts (also Harold McMillan)","49075"
"2000-09-30T00:00:00.000","Ballet East Dance Company","49366"
"2000-09-30T00:00:00.000","Sharir + Bustamante Danceworks","52612"
"2000-09-30T00:00:00.000","Austin Theatre Alliance (formerly Paramount Theatre and State Theatre)","53085"
"2000-09-30T00:00:00.000","Austin Theatre Alliance (formerly State Theatre Company portion before merger)","53312"
"2000-09-30T00:00:00.000","Austin Creative Alliance","60850"
"2000-09-30T00:00:00.000","Ballet Austin, Inc.","68500"
"2000-09-30T00:00:00.000","Center For Women & Their Work","82909"
"2000-09-30T00:00:00.000","Austin Children's Museum DBA Thinkery","86900"
"2000-09-30T00:00:00.000","Austin Symphony Orchestra Society, Inc.","100183"
"2000-09-30T00:00:00.000","Mexic-Arte Museum","105388"
"2000-09-30T00:00:00.000","Austin Lyric Opera dba Austin Opera","107788"
"2000-09-30T00:00:00.000","Zachary Scott Theatre Center","121042"
"2000-09-30T00:00:00.000","The Contemporary Austin Museum Inc","175100"
"2001-09-30T00:00:00.000","Austin Creative Alliance / a chick and a dude productions","1000"
"2001-09-30T00:00:00.000","Austin Girls Choir","1000"
"2001-09-30T00:00:00.000","Chamber Music Austin","1000"
"2001-09-30T00:00:00.000","Chaparro, Javier","1000"
"2001-09-30T00:00:00.000","Dervin, Juliet","1000"
"2001-09-30T00:00:00.000","Mathes, Isaac E.","1000"
"2001-09-30T00:00:00.000","McMillan, Murray","1000"
"2001-09-30T00:00:00.000","Rogge, Paula","1000"
"2001-09-30T00:00:00.000","Texas Education Broadcasting Co-Operative, Inc. (KOOP RADIO 91.7FM)/ Gilka W. Cespedes","1000"
"2001-09-30T00:00:00.000","Walshe, Siobhan A.","1000"
"2001-09-30T00:00:00.000","Karuna, Jean","1860"
"2001-09-30T00:00:00.000","Garcia, Evelyn","1884"
"2001-09-30T00:00:00.000","Miller/Herfort","1884"
"2001-09-30T00:00:00.000","Realm Dance Project","1884"
"2001-09-30T00:00:00.000","Flatlander Productions","2000"
"2001-09-30T00:00:00.000","Gilbert & Sullivan Society of Austin, Texas, Inc.","2000"
"2001-09-30T00:00:00.000","Karsten, Gabel","2000"
"2001-09-30T00:00:00.000","Marsh, Lorie","2000"
"2001-09-30T00:00:00.000","Tapestry Singers","2000"
"2001-09-30T00:00:00.000","Austin Civic Orchestra Society","2230"
"2001-09-30T00:00:00.000","Allison Orr Dance Inc. aka Forklift Dance Works","2404"
"2001-09-30T00:00:00.000","Tejano Artist Music Museum","2500"
"2001-09-30T00:00:00.000","Nushank Theater Collective","2560"
"2001-09-30T00:00:00.000","Cultural Warriors","2700"
"2001-09-30T00:00:00.000","Austin Chamber Ensemble/ Classical Music Consortium of Austin","2884"
"2001-09-30T00:00:00.000","Kagen, Dina","2884"
"2001-09-30T00:00:00.000","Austin Creative Alliance / The Dirigo Group","3000"
"2001-09-30T00:00:00.000","Baker, Ray L.","3000"
"2001-09-30T00:00:00.000","Center for Women & Their Work / Amie Maciszewski","3000"
"2001-09-30T00:00:00.000","Comedy Gym","3000"
"2001-09-30T00:00:00.000","Texas Early Music Project","3000"
"2001-09-30T00:00:00.000","The Journeymakers","3000"
"2001-09-30T00:00:00.000","Tinto Press","3000"
"2001-09-30T00:00:00.000","COLLIDE/ Epistrophy Arts","3384"
"2001-09-30T00:00:00.000","Cortlund, Jason","3384"
"2001-09-30T00:00:00.000","Hernandez, David","3500"
"2001-09-30T00:00:00.000","Tips on Art","3524"
"2001-09-30T00:00:00.000","Jamal, Mo","3769"
"2001-09-30T00:00:00.000","Austin Children's Choir","3800"
"2001-09-30T00:00:00.000","Austin Singers, Inc.","4000"
"2001-09-30T00:00:00.000","Dance International","4000"
"2001-09-30T00:00:00.000","The Violet Crown Players, Inc.","4000"
"2001-09-30T00:00:00.000","Halperin, Julia","4184"
"2001-09-30T00:00:00.000","Mosaic Dance Body","4224"
"2001-09-30T00:00:00.000","Center for Women & Their Work / Women Printmakers of Austin","4307"
"2001-09-30T00:00:00.000","Reid, Annie/Halder, Meghan","4384"
"2001-09-30T00:00:00.000","Lee, Helen Haeyoung","4500"
"2001-09-30T00:00:00.000","Austin Association of Sculptors","4569"
"2001-09-30T00:00:00.000","Austin Classical Guitar","4769"
"2001-09-30T00:00:00.000","Austin Commedia Society","4884"
"2001-09-30T00:00:00.000","Austin Chamber Ensemble","4984"
"2001-09-30T00:00:00.000","Briseño, Amandine","5000"
"2001-09-30T00:00:00.000","River City Pops","5000"
"2001-09-30T00:00:00.000","Second Youth","5297"
"2001-09-30T00:00:00.000","Kirr, Susan","5384"
"2001-09-30T00:00:00.000","Garza, Mary Jane","5493"
"2001-09-30T00:00:00.000","Mexic-Arte Museum/ Kenneth W. Jones","5500"
"2001-09-30T00:00:00.000","Texas Music Museum","5500"
"2001-09-30T00:00:00.000","Austin Creative Alliance / Tongue & Groove Theatre","5749"
"2001-09-30T00:00:00.000","Performance Encounters","5840"
"2001-09-30T00:00:00.000","Prism Works","6000"
"2001-09-30T00:00:00.000","Salon Concerts, Inc.","6100"
"2001-09-30T00:00:00.000","Austin Creative Alliance / Anuradha Naimpally","6140"
"2001-09-30T00:00:00.000","Center for Women & Their Work / Michele Owens-Pearce","6179"
"2001-09-30T00:00:00.000","Texas Democracy Foundation","6204"
"2001-09-30T00:00:00.000","Puerto Rican Folkloric Dance, Inc.","6420"
"2001-09-30T00:00:00.000","One World/ Sabrina Barker","6440"
"2001-09-30T00:00:00.000","Red Salmon Arts/ Daniel Llanes","6545"
"2001-09-30T00:00:00.000","Austin Visual Arts Association/ Mahalene Louis","6649"
"2001-09-30T00:00:00.000","Avila, Jerry III","6692"
"2001-09-30T00:00:00.000","Film Society of Austin, Inc./ Anne Lewis","6692"
"2001-09-30T00:00:00.000","Garza, Margie","6809"
"2001-09-30T00:00:00.000","Perez, Martha","7169"
"2001-09-30T00:00:00.000","Tsangari, Athina Rachel","7384"
"2001-09-30T00:00:00.000","Film Society of Austin, Inc./ Heather Courtney","7384"
"2001-09-30T00:00:00.000","Kelso, Michelle","7475"
"2001-09-30T00:00:00.000","Anthropos Arts","7500"
"2001-09-30T00:00:00.000","Samarripa, Consuelo","7723"
"2001-09-30T00:00:00.000","Center for Maximum Potential Building Systems, Inc./ Peter Struble","7798"
"2001-09-30T00:00:00.000","Austin Choral Artists","8000"
"2001-09-30T00:00:00.000","Creative Action","8000"
"2001-09-30T00:00:00.000","Teatro Vivo","8000"
"2001-09-30T00:00:00.000","Hyde Park Theatre/ MS/Nerve Dance Co.","8402"
"2001-09-30T00:00:00.000","Austin Visual Arts Association/ Dr. Christopher Adejumo","8405"
"2001-09-30T00:00:00.000","Austin Script Works aka Austin Scriptworks","8549"
"2001-09-30T00:00:00.000","Mexic-Arte Museum/ Robert Rodriguez","8594"
"2001-09-30T00:00:00.000","Wood, Shelly","8597"
"2001-09-30T00:00:00.000","Austin Symphonic Band","8700"
"2001-09-30T00:00:00.000","Borderlands Texas Poetry aka Texas Poetry Review (also Ramona Cearley)","8749"
"2001-09-30T00:00:00.000","Austin Latino/a Lesbian & Gay Organization AKA allgo","9017"
"2001-09-30T00:00:00.000","Weiss, Dawn","9382"
"2001-09-30T00:00:00.000","Vortex Repertory Company/Ethos AKA Chad Salvata","9386"
"2001-09-30T00:00:00.000","Remembrance Through the Performing Arts","9783"
"2001-09-30T00:00:00.000","Austin Poets International, Inc./ Austin International Poetry Festival","10028"
"2001-09-30T00:00:00.000","Asian American Community Partnership","10126"
"2001-09-30T00:00:00.000","Center for Women & Their Work / Asian American Community Partnership","10126"
"2001-09-30T00:00:00.000","Austin Theatre for Youth","10454"
"2001-09-30T00:00:00.000","Austin Dance Ensemble","10630"
"2001-09-30T00:00:00.000","Latinas Unidas Por el Arte (LUPE Arte)","10769"
"2001-09-30T00:00:00.000","Rockett, Bennet","10884"
"2001-09-30T00:00:00.000","Veintemillas, Carlos","11055"
"2001-09-30T00:00:00.000","The NonProfit Center/Handy, Wendell","11210"
"2001-09-30T00:00:00.000","Reel Women","11304"
"2001-09-30T00:00:00.000","Austin Cinemaker Cooperative","11384"
"2001-09-30T00:00:00.000","Centro de Arte y Cultura Nahualli","11500"
"2001-09-30T00:00:00.000","Texas Nafas","11641"
"2001-09-30T00:00:00.000","Film Society of Austin, Inc./ Karen Kocher","11984"
"2001-09-30T00:00:00.000","Different Stages, Inc.","12200"
"2001-09-30T00:00:00.000","STILLPOINT Dance","12857"
"2001-09-30T00:00:00.000","Outreach Productions","12940"
"2001-09-30T00:00:00.000","Artists' Coalition of Austin","12984"
"2001-09-30T00:00:00.000","Austin Creative Alliance / Bob Livingston","13169"
"2001-09-30T00:00:00.000","Circle the Earth","13269"
"2001-09-30T00:00:00.000","One World/ Julian Goldstein","13984"
"2001-09-30T00:00:00.000","Wax Track Gallery International","14090"
"2001-09-30T00:00:00.000","Inside Out Steelband","14861"
"2001-09-30T00:00:00.000","Austin Shakespeare Festival","15125"
"2001-09-30T00:00:00.000","Austin Area Art from the Streets","15148"
"2001-09-30T00:00:00.000","Indigenous Women's Network","15769"
"2001-09-30T00:00:00.000","Leadership Enrichment Arts Program","16115"
"2001-09-30T00:00:00.000","Austin Jazz Workshop, Inc.","16921"
"2001-09-30T00:00:00.000","Kathy Dunn Hamrick Dance Co.","17078"
"2001-09-30T00:00:00.000","Ourstory","17132"
"2001-09-30T00:00:00.000","Austin Visual Arts Association","18390"
"2001-09-30T00:00:00.000","Multimedia Café","18769"
"2001-09-30T00:00:00.000","One World/ Nada Stearns","19192"
"2001-09-30T00:00:00.000","Zilker Theatre Productions","19487"
"2001-09-30T00:00:00.000","Public Domain","19622"
"2001-09-30T00:00:00.000","Mexic-Arte Museum/ Johnny Degollado (AKA Austin Conjunto Festival)","20576"
"2001-09-30T00:00:00.000","Cine Las Americas","20769"
"2001-09-30T00:00:00.000","Art Spark Texas/ Accessible Arts School Outreach","21076"
"2001-09-30T00:00:00.000","Texas Education Broadcasting Co-Operative, Inc. (KOOP RADIO 91.7FM)","22384"
"2001-09-30T00:00:00.000","Imagine Art, Inc.","23248"
"2001-09-30T00:00:00.000","Ariel Dance Theatre","23299"
"2001-09-30T00:00:00.000","Austin Chamber Music Center, Inc.","23937"
"2001-09-30T00:00:00.000","Art Spark Texas","24121"
"2001-09-30T00:00:00.000","Chamber Soloists of Austin, Inc.","25253"
"2001-09-30T00:00:00.000","Chorus Austin","25538"
"2001-09-30T00:00:00.000","Great Promise for American Indians, Inc.","26057"
"2001-09-30T00:00:00.000","Believe in Me Project, Inc.","28484"
"2001-09-30T00:00:00.000","Austin Creative Alliance / Cosmic Intuition Productions","28884"
"2001-09-30T00:00:00.000","Women in Jazz Association","29269"
"2001-09-30T00:00:00.000","Red Salmon Arts","30666"
"2001-09-30T00:00:00.000","Salvage Vanguard Theatre","31428"
"2001-09-30T00:00:00.000","New Texas Music Works","32422"
"2001-09-30T00:00:00.000","Writer's League of Texas","33371"
"2001-09-30T00:00:00.000","Blue Lapis Light, Inc.","38062"
"2001-09-30T00:00:00.000","Vortex Repertory Company","38982"
"2001-09-30T00:00:00.000","Rude Mechanicals - A Theatre Collective","39537"
"2001-09-30T00:00:00.000","Austin Federation of Musicians","40719"
"2001-09-30T00:00:00.000","Roy Lozano's Ballet Folklorico de Texas","41060"
"2001-09-30T00:00:00.000","Creative Opportunity Orchestra, Inc.","42806"
"2001-09-30T00:00:00.000","Austin Musical Theatre DBA Broadway Texas","43192"
"2001-09-30T00:00:00.000","Johnson/Long Dance Company","43678"
"2001-09-30T00:00:00.000","Academia (Aztlan) De Danza Y Folklore","43784"
"2001-09-30T00:00:00.000","A. Mozart Fest","46037"
"2001-09-30T00:00:00.000","One World","46537"
"2001-09-30T00:00:00.000","Teatro Humanidad Cansada","46941"
"2001-09-30T00:00:00.000","Progressive Arts Collective","48440"
"2001-09-30T00:00:00.000","Serie Project, Inc.","51640"
"2001-09-30T00:00:00.000","Ballet East Dance Company","52340"
"2001-09-30T00:00:00.000","Arthouse at the Jones Center (merged into AMOA during FY2012)","52491"
"2001-09-30T00:00:00.000","Austin Theatre Alliance (formerly State Theatre Company portion before merger)","53303"
"2001-09-30T00:00:00.000","Dance Umbrella","54973"
"2001-09-30T00:00:00.000","Hyde Park Theatre","56575"
"2001-09-30T00:00:00.000","Sharir + Bustamante Danceworks","57549"
"2001-09-30T00:00:00.000","Visions in Rhythm aka Tapestry Dance Company","58839"
"2001-09-30T00:00:00.000","Austin Creative Alliance","60426"
"2001-09-30T00:00:00.000","Texas Folklife Resources","62500"
"2001-09-30T00:00:00.000","Zachary Scott Theatre Center","63239"
"2001-09-30T00:00:00.000","Ballet Austin, Inc.","70361"
"2001-09-30T00:00:00.000","Film Society of Austin, Inc.","77038"
"2001-09-30T00:00:00.000","La Peña","79653"
"2001-09-30T00:00:00.000","Austin Children's Museum DBA Thinkery","82076"
"2001-09-30T00:00:00.000","Center For Women & Their Work","92188"
"2001-09-30T00:00:00.000","Austin Theatre Alliance (formerly Paramount Theatre and State Theatre)","105184"
"2001-09-30T00:00:00.000","Austin Symphony Orchestra Society, Inc.","109537"
"2001-09-30T00:00:00.000","Mexic-Arte Museum","111403"
"2001-09-30T00:00:00.000","Austin Lyric Opera dba Austin Opera","112788"
"2001-09-30T00:00:00.000","The Contemporary Austin Museum Inc","178600"
"2002-09-30T00:00:00.000","Sharon, Mark","2250"
"2002-09-30T00:00:00.000","31st Street Concerts","1500"
"2002-09-30T00:00:00.000","Austin Celtic Association, Inc.","1500"
"2002-09-30T00:00:00.000","Austin Civic Orchestra Society","1500"
"2002-09-30T00:00:00.000","Austin Friends of Traditional Music (Chaski-Adrienne Ingliss)","1500"
"2002-09-30T00:00:00.000","Buzz Production","1500"
"2002-09-30T00:00:00.000","Groundwork Music Project","1500"
"2002-09-30T00:00:00.000","Riggio, Roberto Paolo","1500"
"2002-09-30T00:00:00.000","Robertson, Rebecca","1500"
"2002-09-30T00:00:00.000","Save Barton Creek Association/ Bill Oliver","1500"
"2002-09-30T00:00:00.000","Texas Education Broadcasting Co-Operative, Inc. (KOOP RADIO 91.7FM)/ Gilka W. Cespedes","1500"
"2002-09-30T00:00:00.000","Woodard, Vincent","1500"
"2002-09-30T00:00:00.000","Carrillo, Elena","1508"
"2002-09-30T00:00:00.000","Conner, Aisha N.","1508"
"2002-09-30T00:00:00.000","Pryor, Larita","1508"
"2002-09-30T00:00:00.000","Warson, Skipper Chong","1511"
"2002-09-30T00:00:00.000","Austin Poets International, Inc./ Barbara Youngblood Carr","1653"
"2002-09-30T00:00:00.000","Austin Young Artists Concert","1750"
"2002-09-30T00:00:00.000","Austin Pro Chorus","2000"
"2002-09-30T00:00:00.000","Baker, Ray L.","2000"
"2002-09-30T00:00:00.000","Hernandez, David","2000"
"2002-09-30T00:00:00.000","Tejano Artist Music Museum","2000"
"2002-09-30T00:00:00.000","Conservatory Dance Theatre dba The Austin City Ballet","2167"
"2002-09-30T00:00:00.000","Garcia, Evelyn","2399"
"2002-09-30T00:00:00.000","Austin Handbell Ensemble","2500"
"2002-09-30T00:00:00.000","Center for Women & Their Work / Amie Maciszewski","2500"
"2002-09-30T00:00:00.000","Diaz, Oralia","2500"
"2002-09-30T00:00:00.000","Golden Hornet Project, Inc.","2500"
"2002-09-30T00:00:00.000","Legareta, Veronica","2643"
"2002-09-30T00:00:00.000","Austin Creative Alliance / a chick and a dude productions","3000"
"2002-09-30T00:00:00.000","Chamber Music Austin","3000"
"2002-09-30T00:00:00.000","Garth, Kip","3000"
"2002-09-30T00:00:00.000","River City Pops","3000"
"2002-09-30T00:00:00.000","First Frontier Collage Society","3050"
"2002-09-30T00:00:00.000","Dulan, Malik Omar Daniels","3125"
"2002-09-30T00:00:00.000","McIntosh, Tarance","3150"
"2002-09-30T00:00:00.000","Marsh, Lorie","3170"
"2002-09-30T00:00:00.000","Waterloo Watercolor Group","3413"
"2002-09-30T00:00:00.000","Cicchini, Emily Ball","3474"
"2002-09-30T00:00:00.000","Mosaic Dance Body","3690"
"2002-09-30T00:00:00.000","Allison Orr Dance Inc. aka Forklift Dance Works","3818"
"2002-09-30T00:00:00.000","Austin Creative Alliance / The Dirigo Group","3921"
"2002-09-30T00:00:00.000","Brewer, June H.","3974"
"2002-09-30T00:00:00.000","Austin Chamber Ensemble","4000"
"2002-09-30T00:00:00.000","Austin Children's Choir","4000"
"2002-09-30T00:00:00.000","Austin Creative Alliance / Will Taylor & Strings Attached","4000"
"2002-09-30T00:00:00.000","Texas Early Music Project","4100"
"2002-09-30T00:00:00.000","Jamal, Mo","4109"
"2002-09-30T00:00:00.000","Austin Chamber Ensemble/ Classical Music Consortium of Austin","4500"
"2002-09-30T00:00:00.000","Austin Singers, Inc.","4500"
"2002-09-30T00:00:00.000","Texas Music Museum","4509"
"2002-09-30T00:00:00.000","Kerkhoff, Cari","4533"
"2002-09-30T00:00:00.000","Realm Dance Project","4692"
"2002-09-30T00:00:00.000","Austin Association of Sculptors","4900"
"2002-09-30T00:00:00.000","Winegarten, Debra","4974"
"2002-09-30T00:00:00.000","Austin Choral Artists","5000"
"2002-09-30T00:00:00.000","Conn, Scott","5092"
"2002-09-30T00:00:00.000","Austin Playhouse","5143"
"2002-09-30T00:00:00.000","Celtic Cultural Center of Texas","5480"
"2002-09-30T00:00:00.000","Center for Women & Their Work / Women Printmakers of Austin","5492"
"2002-09-30T00:00:00.000","Ambrosavage, Joseph","5500"
"2002-09-30T00:00:00.000","Landlocked Productions","5592"
"2002-09-30T00:00:00.000","Samarripa, Consuelo","5950"
"2002-09-30T00:00:00.000","Austin Theatre for Youth","6000"
"2002-09-30T00:00:00.000","Salon Concerts, Inc.","6000"
"2002-09-30T00:00:00.000","Cash, Alana","6500"
"2002-09-30T00:00:00.000","Prism Works","6500"
"2002-09-30T00:00:00.000","Vater, Regina","6502"
"2002-09-30T00:00:00.000","Austin Visual Arts Association/ Mahalene Louis","6892"
"2002-09-30T00:00:00.000","Perez, Martha","7099"
"2002-09-30T00:00:00.000","Center for Maximum Potential Building Systems, Inc./ Peter Struble","7116"
"2002-09-30T00:00:00.000","Mexic-Arte Museum/ Kenneth W. Jones","7259"
"2002-09-30T00:00:00.000","Villegas, Adrian","7500"
"2002-09-30T00:00:00.000","Austin Poetry Slam","7608"
"2002-09-30T00:00:00.000","Vortex Repertory Company/Ethos AKA Chad Salvata","7679"
"2002-09-30T00:00:00.000","Tips on Art","7700"
"2002-09-30T00:00:00.000","Nushank Theater Collective","7786"
"2002-09-30T00:00:00.000","Texas Democracy Foundation","7952"
"2002-09-30T00:00:00.000","Performance Encounters","7992"
"2002-09-30T00:00:00.000","Austin Classical Guitar","8200"
"2002-09-30T00:00:00.000","COLLIDE/ Epistrophy Arts","8250"
"2002-09-30T00:00:00.000","Dancer's Edge","8417"
"2002-09-30T00:00:00.000","Talenti, Francesca","8584"
"2002-09-30T00:00:00.000","Austin Symphonic Band","8700"
"2002-09-30T00:00:00.000","Borderlands Texas Poetry aka Texas Poetry Review (also Ramona Cearley)","8780"
"2002-09-30T00:00:00.000","Puerto Rican Folkloric Dance, Inc.","8966"
"2002-09-30T00:00:00.000","Avila, Jerry III","9000"
"2002-09-30T00:00:00.000","Mason, Susanne","9000"
"2002-09-30T00:00:00.000","Austin Area Art from the Streets","9092"
"2002-09-30T00:00:00.000","Red Salmon Arts/ Daniel Llanes","9104"
"2002-09-30T00:00:00.000","Hyde Park Theatre/ MS/Nerve Dance Co.","9242"
"2002-09-30T00:00:00.000","Capital City Men's Chorus","9500"
"2002-09-30T00:00:00.000","Center for Women & Their Work / Michele Owens-Pearce","9680"
"2002-09-30T00:00:00.000","Veintemillas, Carlos","9799"
"2002-09-30T00:00:00.000","The Violet Crown Players, Inc.","9857"
"2002-09-30T00:00:00.000","International Women's Day Community","10000"
"2002-09-30T00:00:00.000","Mexic-Arte Museum/ Robert Rodriguez","10000"
"2002-09-30T00:00:00.000","Austin Poets International, Inc./ Austin International Poetry Festival","10187"
"2002-09-30T00:00:00.000","The NonProfit Center/Handy, Wendell","10300"
"2002-09-30T00:00:00.000","Austin Creative Alliance / Tongue & Groove Theatre","10314"
"2002-09-30T00:00:00.000","Castillo, Anne del","10500"
"2002-09-30T00:00:00.000","One World/ Sabrina Barker","10524"
"2002-09-30T00:00:00.000","Remembrance Through the Performing Arts","10566"
"2002-09-30T00:00:00.000","Teatro Vivo","10821"
"2002-09-30T00:00:00.000","Center for Mexican American Cultural Arts, Inc.","10836"
"2002-09-30T00:00:00.000","Dance International","11000"
"2002-09-30T00:00:00.000","Outreach Productions","11181"
"2002-09-30T00:00:00.000","Asian American Community Partnership","11209"
"2002-09-30T00:00:00.000","Center for Women & Their Work / Asian American Community Partnership","11209"
"2002-09-30T00:00:00.000","Austin Creative Alliance / Anuradha Naimpally","12375"
"2002-09-30T00:00:00.000","Briseño, Amandine","12391"
"2002-09-30T00:00:00.000","Different Stages, Inc.","12743"
"2002-09-30T00:00:00.000","Austin Dance Ensemble","13317"
"2002-09-30T00:00:00.000","Austin Script Works aka Austin Scriptworks","13386"
"2002-09-30T00:00:00.000","Rockett, Bennet","13421"
"2002-09-30T00:00:00.000","Artists' Coalition of Austin","13480"
"2002-09-30T00:00:00.000","Austin Creative Alliance / Bob Livingston","13900"
"2002-09-30T00:00:00.000","Austin Creative Alliance / Cosmic Intuition Productions","14000"
"2002-09-30T00:00:00.000","Second Youth","14328"
"2003-09-30T00:00:00.000","Cox, Sam","3301"
"2002-09-30T00:00:00.000","Wax Track Gallery International","14375"
"2002-09-30T00:00:00.000","Anthropos Arts","14500"
"2002-09-30T00:00:00.000","Film Society of Austin, Inc./ Karen Kocher","14500"
"2002-09-30T00:00:00.000","Art Spark Texas/ Accessible Arts School Outreach","15909"
"2002-09-30T00:00:00.000","Texas Nafas","16000"
"2002-09-30T00:00:00.000","Indigenous Women's Network","16031"
"2002-09-30T00:00:00.000","STILLPOINT Dance","16191"
"2002-09-30T00:00:00.000","Leadership Enrichment Arts Program","16500"
"2002-09-30T00:00:00.000","Public Domain","17566"
"2002-09-30T00:00:00.000","Ourstory","17714"
"2002-09-30T00:00:00.000","Austin Shakespeare Festival","17843"
"2002-09-30T00:00:00.000","Austin Visual Arts Association","18892"
"2002-09-30T00:00:00.000","One World/ Julian Goldstein","19000"
"2002-09-30T00:00:00.000","Mexic-Arte Museum/ Johnny Degollado (AKA Austin Conjunto Festival)","20050"
"2002-09-30T00:00:00.000","One World/ Nada Stearns","20400"
"2002-09-30T00:00:00.000","Kathy Dunn Hamrick Dance Co.","20845"
"2002-09-30T00:00:00.000","Austin Cinemaker Cooperative","21000"
"2002-09-30T00:00:00.000","Austin Jazz Workshop, Inc.","21000"
"2002-09-30T00:00:00.000","Reel Women","21000"
"2002-09-30T00:00:00.000","Inside Out Steelband","21200"
"2002-09-30T00:00:00.000","Latinas Unidas Por el Arte (LUPE Arte)","22491"
"2002-09-30T00:00:00.000","Chorus Austin","23000"
"2002-09-30T00:00:00.000","Texas Education Broadcasting Co-Operative, Inc. (KOOP RADIO 91.7FM)","24000"
"2002-09-30T00:00:00.000","Austin Chamber Music Center, Inc.","25000"
"2002-09-30T00:00:00.000","Austin Latino/a Lesbian & Gay Organization AKA allgo","25453"
"2002-09-30T00:00:00.000","Chamber Soloists of Austin, Inc.","25500"
"2002-09-30T00:00:00.000","Great Promise for American Indians, Inc.","25992"
"2002-09-30T00:00:00.000","Women in Jazz Association","26234"
"2002-09-30T00:00:00.000","Zilker Theatre Productions","26850"
"2002-09-30T00:00:00.000","Ariel Dance Theatre","27006"
"2002-09-30T00:00:00.000","Creative Action","28550"
"2002-09-30T00:00:00.000","Believe in Me Project, Inc.","29833"
"2002-09-30T00:00:00.000","New Texas Music Works","29975"
"2002-09-30T00:00:00.000","Red Salmon Arts","30258"
"2002-09-30T00:00:00.000","Art Spark Texas","30639"
"2002-09-30T00:00:00.000","Salvage Vanguard Theatre","31757"
"2002-09-30T00:00:00.000","Writer's League of Texas","33104"
"2002-09-30T00:00:00.000","Center for Women & Their Work / Diverse Arts (also Harold McMillan)","35592"
"2002-09-30T00:00:00.000","Austin Federation of Musicians","36209"
"2002-09-30T00:00:00.000","Cine Las Americas","36500"
"2002-09-30T00:00:00.000","Imagine Art, Inc.","36807"
"2002-09-30T00:00:00.000","Blue Lapis Light, Inc.","37509"
"2002-09-30T00:00:00.000","Roy Lozano's Ballet Folklorico de Texas","41150"
"2002-09-30T00:00:00.000","Vortex Repertory Company","41471"
"2002-09-30T00:00:00.000","Johnson/Long Dance Company","41500"
"2002-09-30T00:00:00.000","Academia (Aztlan) De Danza Y Folklore","42465"
"2002-09-30T00:00:00.000","Austin Musical Theatre DBA Broadway Texas","42571"
"2002-09-30T00:00:00.000","A. Mozart Fest","44500"
"2002-09-30T00:00:00.000","Creative Opportunity Orchestra, Inc.","44700"
"2002-09-30T00:00:00.000","Rude Mechanicals - A Theatre Collective","45000"
"2002-09-30T00:00:00.000","Ballet East Dance Company","47830"
"2002-09-30T00:00:00.000","Teatro Humanidad Cansada","48628"
"2002-09-30T00:00:00.000","One World","49000"
"2002-09-30T00:00:00.000","Progressive Arts Collective","49106"
"2002-09-30T00:00:00.000","Hyde Park Theatre","51393"
"2002-09-30T00:00:00.000","Arthouse at the Jones Center (merged into AMOA during FY2012)","51397"
"2002-09-30T00:00:00.000","Dance Umbrella","54834"
"2002-09-30T00:00:00.000","Serie Project, Inc.","54843"
"2002-09-30T00:00:00.000","Sharir + Bustamante Danceworks","56596"
"2002-09-30T00:00:00.000","Austin Creative Alliance","57192"
"2002-09-30T00:00:00.000","Texas Folklife Resources","60125"
"2002-09-30T00:00:00.000","Visions in Rhythm aka Tapestry Dance Company","61354"
"2002-09-30T00:00:00.000","Zachary Scott Theatre Center","62867"
"2002-09-30T00:00:00.000","Ballet Austin, Inc.","71527"
"2002-09-30T00:00:00.000","La Peña","75712"
"2002-09-30T00:00:00.000","Film Society of Austin, Inc.","80000"
"2002-09-30T00:00:00.000","Austin Children's Museum DBA Thinkery","83000"
"2002-09-30T00:00:00.000","Center For Women & Their Work","85742"
"2002-09-30T00:00:00.000","Austin Theatre Alliance (formerly Paramount Theatre and State Theatre)","98943"
"2002-09-30T00:00:00.000","Austin Lyric Opera dba Austin Opera","114000"
"2002-09-30T00:00:00.000","Austin Symphony Orchestra Society, Inc.","115500"
"2002-09-30T00:00:00.000","Mexic-Arte Museum","116657"
"2002-09-30T00:00:00.000","The Contemporary Austin Museum Inc","170777"
"2003-09-30T00:00:00.000","The NonProfit Center/Michelle Voss","2056"
"2003-09-30T00:00:00.000","31st Street Concerts","2000"
"2003-09-30T00:00:00.000","Andre, Sarah & Rogers, Kathryn","2000"
"2003-09-30T00:00:00.000","Arte Sana","2000"
"2003-09-30T00:00:00.000","Austin Civic Orchestra Society","2000"
"2003-09-30T00:00:00.000","Austin Community Radio, KAZI 88.7 FM","2000"
"2003-09-30T00:00:00.000","Austin Creative Alliance / Wicked Cricket Dance Theater","2000"
"2003-09-30T00:00:00.000","Austin Friends of Traditional Music (Chaski-Adrienne Ingliss)","2000"
"2003-09-30T00:00:00.000","Austin Handbell Ensemble","2000"
"2003-09-30T00:00:00.000","Austin Poets International, Inc./ Barbara Youngblood Carr","2000"
"2003-09-30T00:00:00.000","Austin Traditional Jazz Society","2000"
"2003-09-30T00:00:00.000","Baker, Ray L.","2000"
"2003-09-30T00:00:00.000","Ballet East Dance Company/ Proyecto Teatro","2000"
"2003-09-30T00:00:00.000","Botti, John W.","2000"
"2003-09-30T00:00:00.000","Buzz Production","2000"
"2003-09-30T00:00:00.000","Cine Las Americas/ Youth Liberation Network","2000"
"2003-09-30T00:00:00.000","Conservatory Dance Theatre dba The Austin City Ballet","2000"
"2003-09-30T00:00:00.000","Cross, Jacqui","2000"
"2003-09-30T00:00:00.000","Foster, Enrique Manuel","2000"
"2003-09-30T00:00:00.000","Garcia, Evelyn","2000"
"2003-09-30T00:00:00.000","Groundwork Music Project","2000"
"2003-09-30T00:00:00.000","Hernandez, David","2000"
"2003-09-30T00:00:00.000","Moulton, Stuart","2000"
"2003-09-30T00:00:00.000","Odeluga, Chinwe","2000"
"2003-09-30T00:00:00.000","Physical Plant Theatre","2000"
"2003-09-30T00:00:00.000","Pryor, Larita","2000"
"2003-09-30T00:00:00.000","Riggio, Roberto Paolo","2000"
"2003-09-30T00:00:00.000","Save Barton Creek Association/ Bill Oliver","2000"
"2003-09-30T00:00:00.000","Shard Live Performance Collective","2000"
"2003-09-30T00:00:00.000","Silver Star Theater Group","2000"
"2003-09-30T00:00:00.000","Texas Education Broadcasting Co-Operative, Inc. (KOOP RADIO 91.7FM)/ Gilka W. Cespedes","2000"
"2003-09-30T00:00:00.000","The Rhizome Collective","2000"
"2003-09-30T00:00:00.000","Warson, Skipper Chong","2000"
"2003-09-30T00:00:00.000","Woodard, Vincent","2000"
"2003-09-30T00:00:00.000","Cicchini, Emily Ball","2038"
"2003-09-30T00:00:00.000","African American Arts Technical Resource Center/ Versie Smith","2056"
"2003-09-30T00:00:00.000","River City Pops","2056"
"2003-09-30T00:00:00.000","Dulan, Malik Omar Daniels","2142"
"2003-09-30T00:00:00.000","Austin Rumi Arts Festival","2467"
"2003-09-30T00:00:00.000","Silver Thistle Pipes and Drums","2500"
"2003-09-30T00:00:00.000","The NonProfit Center/Tonya Engel","2500"
"2003-09-30T00:00:00.000","Pruitt, Stephen","2525"
"2003-09-30T00:00:00.000","Waterloo Watercolor Group","2525"
"2003-09-30T00:00:00.000","Chamber Music Austin","2556"
"2003-09-30T00:00:00.000","Gomez, Raymond","2569"
"2003-09-30T00:00:00.000","Nickerson-Adams, Carla","2588"
"2003-09-30T00:00:00.000","Robertson, Rebecca","2664"
"2003-09-30T00:00:00.000","Austin Creative Alliance / The Dirigo Group","2687"
"2003-09-30T00:00:00.000","Austin Celtic Association, Inc.","2700"
"2003-09-30T00:00:00.000","Brewer, June H.","2724"
"2003-09-30T00:00:00.000","Austin Chamber Ensemble","2742"
"2003-09-30T00:00:00.000","Austin Children's Choir","2742"
"2003-09-30T00:00:00.000","Graham, Jean","2742"
"2003-09-30T00:00:00.000","Ray, Bob","2742"
"2003-09-30T00:00:00.000","Texas Music Museum","2742"
"2003-09-30T00:00:00.000","Austin Music Foundation","2800"
"2003-09-30T00:00:00.000","Austin Visual Arts Association/ Dr. Christopher Adejumo","2901"
"2003-09-30T00:00:00.000","Texas Early Music Project","2967"
"2003-09-30T00:00:00.000","Allison Orr Dance Inc. aka Forklift Dance Works","2980"
"2003-09-30T00:00:00.000","Winegarten, Debra","3066"
"2003-09-30T00:00:00.000","Aienla Project","3083"
"2003-09-30T00:00:00.000","Kerkhoff, Cari","3107"
"2003-09-30T00:00:00.000","Austin Creative Alliance / a chick and a dude productions","3118"
"2003-09-30T00:00:00.000","Golden Hornet Project, Inc.","3200"
"2003-09-30T00:00:00.000","Gilbert & Sullivan Society of Austin, Texas, Inc.","3242"
"2003-09-30T00:00:00.000","Realm Dance Project","3242"
"2003-09-30T00:00:00.000","Austin Chamber Ensemble/ Classical Music Consortium of Austin","3370"
"2003-09-30T00:00:00.000","Casey, Belinda","3413"
"2003-09-30T00:00:00.000","Browning, Karen","3427"
"2003-09-30T00:00:00.000","Center for Women & Their Work / David Barker","3427"
"2003-09-30T00:00:00.000","Center for Women & Their Work / Nancy Schiesari","3427"
"2003-09-30T00:00:00.000","Cortlund, Jason","3427"
"2003-09-30T00:00:00.000","Film Society of Austin, Inc./ Anne Lewis","3427"
"2003-09-30T00:00:00.000","Mederson, Mark","3427"
"2003-09-30T00:00:00.000","Rude Mechanicals - A Theatre Collective/Herbert Bennett","3427"
"2003-09-30T00:00:00.000","Texas Folklife Resources/ Welcome Home Productions","3427"
"2003-09-30T00:00:00.000","Zander, Diane","3427"
"2003-09-30T00:00:00.000","Austin Playhouse","3525"
"2003-09-30T00:00:00.000","Austin Creative Alliance / Will Taylor & Strings Attached","3542"
"2003-09-30T00:00:00.000","Austin Singers, Inc.","3584"
"2003-09-30T00:00:00.000","Austin Association of Sculptors","3605"
"2003-09-30T00:00:00.000","Samarripa, Consuelo","3735"
"2003-09-30T00:00:00.000","Celtic Cultural Center of Texas","3763"
"2003-09-30T00:00:00.000","Austin Visual Arts Association/ Mahalene Louis","4439"
"2003-09-30T00:00:00.000","Center for Maximum Potential Building Systems, Inc./ Peter Struble","4441"
"2003-09-30T00:00:00.000","Perez, Martha","4455"
"2003-09-30T00:00:00.000","First Frontier Collage Society","4513"
"2003-09-30T00:00:00.000","Tips on Art","4592"
"2003-09-30T00:00:00.000","Salon Concerts, Inc.","4612"
"2003-09-30T00:00:00.000","COLLIDE/ Epistrophy Arts","4798"
"2003-09-30T00:00:00.000","Lundberg, Bill","4823"
"2003-09-30T00:00:00.000","Vater, Regina","5412"
"2003-09-30T00:00:00.000","Avila, Jerry III","5483"
"2003-09-30T00:00:00.000","Performance Encounters","5623"
"2003-09-30T00:00:00.000","Mexic-Arte Museum/ Kenneth W. Jones","5771"
"2003-09-30T00:00:00.000","Nushank Theater Collective","5837"
"2003-09-30T00:00:00.000","Austin Symphonic Band","5963"
"2003-09-30T00:00:00.000","Refraction Arts Project","6151"
"2003-09-30T00:00:00.000","Vortex Repertory Company/Ethos AKA Chad Salvata","6161"
"2003-09-30T00:00:00.000","Capital City Men's Chorus","6169"
"2003-09-30T00:00:00.000","Red Salmon Arts/ Daniel Llanes","6240"
"2003-09-30T00:00:00.000","Austin Poetry Slam","6250"
"2003-09-30T00:00:00.000","Austin Area Art from the Streets","6257"
"2003-09-30T00:00:00.000","Texas Democracy Foundation","6288"
"2003-09-30T00:00:00.000","Veintemillas, Carlos","6306"
"2003-09-30T00:00:00.000","Austin Classical Guitar","6398"
"2003-09-30T00:00:00.000","Hyde Park Theatre/ MS/Nerve Dance Co.","6424"
"2003-09-30T00:00:00.000","Borderlands Texas Poetry aka Texas Poetry Review (also Ramona Cearley)","6475"
"2003-09-30T00:00:00.000","Puerto Rican Folkloric Dance, Inc.","6585"
"2003-09-30T00:00:00.000","The NonProfit Center","6592"
"2003-09-30T00:00:00.000","The NonProfit Center/Handy, Wendell","6717"
"2003-09-30T00:00:00.000","Austin Creative Alliance / Tongue & Groove Theatre","6727"
"2003-09-30T00:00:00.000","The Violet Crown Players, Inc.","6756"
"2003-09-30T00:00:00.000","Mexic-Arte Museum/ Robert Rodriguez","6854"
"2003-09-30T00:00:00.000","Center for Women & Their Work / Michele Owens-Pearce","7040"
"2003-09-30T00:00:00.000","Center for Mexican American Cultural Arts, Inc.","7153"
"2003-09-30T00:00:00.000","Teatro Vivo","7231"
"2003-09-30T00:00:00.000","One World/ Sabrina Barker","7297"
"2003-09-30T00:00:00.000","Asian American Community Partnership","7334"
"2003-09-30T00:00:00.000","Center for Women & Their Work / Asian American Community Partnership","7334"
"2003-09-30T00:00:00.000","Dance International","7468"
"2003-09-30T00:00:00.000","Outreach Productions","7663"
"2003-09-30T00:00:00.000","Mexican Community Center of Austin","7824"
"2003-09-30T00:00:00.000","Austin Poets International, Inc./ Austin International Poetry Festival","7930"
"2003-09-30T00:00:00.000","Briseño, Amandine","8029"
"2003-09-30T00:00:00.000","Austin Creative Alliance / Bob Livingston","9100"
"2003-09-30T00:00:00.000","Second Youth","9214"
"2003-09-30T00:00:00.000","Different Stages, Inc.","9234"
"2003-09-30T00:00:00.000","Austin Dance Ensemble","9351"
"2003-09-30T00:00:00.000","Wax Track Gallery International","9438"
"2003-09-30T00:00:00.000","Austin Creative Alliance / Anuradha Naimpally","9482"
"2003-09-30T00:00:00.000","Film Society of Austin, Inc./ Karen Kocher","9596"
"2003-09-30T00:00:00.000","Rockett, Bennet","9775"
"2003-09-30T00:00:00.000","Texas Nafas","10281"
"2003-09-30T00:00:00.000","Austin Script Works aka Austin Scriptworks","11058"
"2003-09-30T00:00:00.000","Indigenous Women's Network","11124"
"2003-09-30T00:00:00.000","STILLPOINT Dance","11244"
"2003-09-30T00:00:00.000","Leadership Enrichment Arts Program","11309"
"2003-09-30T00:00:00.000","Anthropos Arts","11410"
"2003-09-30T00:00:00.000","Art Spark Texas/ Accessible Arts School Outreach","11802"
"2003-09-30T00:00:00.000","One World/ Julian Goldstein","12337"
"2003-09-30T00:00:00.000","Austin Visual Arts Association","12638"
"2003-09-30T00:00:00.000","Austin Cinemaker Cooperative","13708"
"2003-09-30T00:00:00.000","Reel Women","13708"
"2003-09-30T00:00:00.000","Austin Shakespeare Festival","13928"
"2003-09-30T00:00:00.000","One World/ Nada Stearns","14265"
"2003-09-30T00:00:00.000","Mexic-Arte Museum/ Johnny Degollado (AKA Austin Conjunto Festival)","14593"
"2003-09-30T00:00:00.000","Latinas Unidas Por el Arte (LUPE Arte)","15052"
"2003-09-30T00:00:00.000","Kathy Dunn Hamrick Dance Co.","15160"
"2003-09-30T00:00:00.000","Austin Jazz Workshop, Inc.","15337"
"2003-09-30T00:00:00.000","Inside Out Steelband","15423"
"2003-09-30T00:00:00.000","Chorus Austin","15764"
"2003-09-30T00:00:00.000","Texas Education Broadcasting Co-Operative, Inc. (KOOP RADIO 91.7FM)","15764"
"2003-09-30T00:00:00.000","Chamber Soloists of Austin, Inc.","17250"
"2003-09-30T00:00:00.000","Women in Jazz Association","17478"
"2003-09-30T00:00:00.000","Zilker Theatre Productions","17526"
"2003-09-30T00:00:00.000","Austin Chamber Music Center, Inc.","17607"
"2003-09-30T00:00:00.000","Austin Latino/a Lesbian & Gay Organization AKA allgo","18068"
"2003-09-30T00:00:00.000","Ariel Dance Theatre","19021"
"2003-09-30T00:00:00.000","Great Promise for American Indians, Inc.","19621"
"2003-09-30T00:00:00.000","Creative Action","19992"
"2003-09-30T00:00:00.000","Believe in Me Project, Inc.","20010"
"2003-09-30T00:00:00.000","Red Salmon Arts","21266"
"2003-09-30T00:00:00.000","New Texas Music Works","21705"
"2003-09-30T00:00:00.000","Salvage Vanguard Theatre","22062"
"2003-09-30T00:00:00.000","Art Spark Texas","22354"
"2003-09-30T00:00:00.000","Writer's League of Texas","22689"
"2003-09-30T00:00:00.000","Cine Las Americas","23989"
"2003-09-30T00:00:00.000","Imagine Art, Inc.","24456"
"2003-09-30T00:00:00.000","Center for Women & Their Work / Diverse Arts (also Harold McMillan)","24489"
"2003-09-30T00:00:00.000","Austin Federation of Musicians","24818"
"2003-09-30T00:00:00.000","Blue Lapis Light, Inc.","25860"
"2003-09-30T00:00:00.000","Johnson/Long Dance Company","28478"
"2003-09-30T00:00:00.000","Roy Lozano's Ballet Folklorico de Texas","28914"
"2003-09-30T00:00:00.000","Austin Musical Theatre DBA Broadway Texas","29493"
"2003-09-30T00:00:00.000","Academia (Aztlan) De Danza Y Folklore","29684"
"2003-09-30T00:00:00.000","Vortex Repertory Company","29881"
"2003-09-30T00:00:00.000","A. Mozart Fest","30515"
"2003-09-30T00:00:00.000","Creative Opportunity Orchestra, Inc.","30787"
"2003-09-30T00:00:00.000","Rude Mechanicals - A Theatre Collective","32472"
"2003-09-30T00:00:00.000","Ballet East Dance Company","32899"
"2003-09-30T00:00:00.000","Teatro Humanidad Cansada","33208"
"2003-09-30T00:00:00.000","Progressive Arts Collective","33657"
"2003-09-30T00:00:00.000","One World","34714"
"2003-09-30T00:00:00.000","Arthouse at the Jones Center (merged into AMOA during FY2012)","35228"
"2003-09-30T00:00:00.000","Hyde Park Theatre","36838"
"2003-09-30T00:00:00.000","Dance Umbrella","37372"
"2003-09-30T00:00:00.000","Serie Project, Inc.","38905"
"2003-09-30T00:00:00.000","Sharir + Bustamante Danceworks","40888"
"2003-09-30T00:00:00.000","Austin Creative Alliance","40995"
"2003-09-30T00:00:00.000","African American Arts Technical Resource Center","41124"
"2003-09-30T00:00:00.000","Texas Folklife Resources","41210"
"2003-09-30T00:00:00.000","Visions in Rhythm aka Tapestry Dance Company","43031"
"2003-09-30T00:00:00.000","Zachary Scott Theatre Center","43686"
"2003-09-30T00:00:00.000","Ballet Austin, Inc.","49833"
"2003-09-30T00:00:00.000","La Peña","52386"
"2003-09-30T00:00:00.000","Film Society of Austin, Inc.","54832"
"2003-09-30T00:00:00.000","Austin Children's Museum DBA Thinkery","58074"
"2003-09-30T00:00:00.000","Center For Women & Their Work","59884"
"2003-09-30T00:00:00.000","Austin Theatre Alliance (formerly Paramount Theatre and State Theatre)","66900"
"2003-09-30T00:00:00.000","Austin Lyric Opera dba Austin Opera","78608"
"2003-09-30T00:00:00.000","Austin Symphony Orchestra Society, Inc.","79950"
"2003-09-30T00:00:00.000","Mexic-Arte Museum","81360"
"2003-09-30T00:00:00.000","The Contemporary Austin Museum Inc","117051"
"2004-09-30T00:00:00.000","31st Street Concerts","2420"
"2004-09-30T00:00:00.000","Austin Civic Orchestra Society","2420"
"2004-09-30T00:00:00.000","Riggio, Roberto Paolo","2178"
"2004-09-30T00:00:00.000","Dulan, Malik Omar Daniels","2333"
"2004-09-30T00:00:00.000","Austin Community Radio, KAZI 88.7 FM","2420"
"2004-09-30T00:00:00.000","Austin Friends of Traditional Music (Chaski-Adrienne Ingliss)","2420"
"2004-09-30T00:00:00.000","Austin Handbell Ensemble","2420"
"2004-09-30T00:00:00.000","Austin Poets International, Inc./ Barbara Youngblood Carr","2420"
"2004-09-30T00:00:00.000","Austin Traditional Jazz Society","2420"
"2004-09-30T00:00:00.000","Baker, Ray L.","2420"
"2004-09-30T00:00:00.000","Ballet East Dance Company/ Proyecto Teatro","2420"
"2004-09-30T00:00:00.000","Botti, John W.","2420"
"2004-09-30T00:00:00.000","Cine Las Americas/ Youth Liberation Network","2420"
"2004-09-30T00:00:00.000","Conservatory Dance Theatre dba The Austin City Ballet","2420"
"2004-09-30T00:00:00.000","Cross, Jacqui","2420"
"2004-09-30T00:00:00.000","Foster, Enrique Manuel","2420"
"2004-09-30T00:00:00.000","Garcia, Evelyn","2420"
"2004-09-30T00:00:00.000","Groundwork Music Project","2420"
"2004-09-30T00:00:00.000","Hernandez, David","2420"
"2004-09-30T00:00:00.000","Moulton, Stuart","2420"
"2004-09-30T00:00:00.000","Physical Plant Theatre","2420"
"2004-09-30T00:00:00.000","Pryor, Larita","2420"
"2004-09-30T00:00:00.000","Save Barton Creek Association/ Bill Oliver","2420"
"2004-09-30T00:00:00.000","Shard Live Performance Collective","2420"
"2004-09-30T00:00:00.000","The Rhizome Collective","2420"
"2004-09-30T00:00:00.000","Cicchini, Emily Ball","2466"
"2004-09-30T00:00:00.000","African American Arts Technical Resource Center/ Versie Smith","2488"
"2004-09-30T00:00:00.000","River City Pops","2488"
"2004-09-30T00:00:00.000","The NonProfit Center/Michelle Voss","2488"
"2004-09-30T00:00:00.000","Pruitt, Stephen","2522"
"2004-09-30T00:00:00.000","Silver Thistle Pipes and Drums","2747"
"2004-09-30T00:00:00.000","The NonProfit Center/Tonya Engel","2747"
"2004-09-30T00:00:00.000","Waterloo Watercolor Group","2764"
"2004-09-30T00:00:00.000","Aienla Project","3279"
"2004-09-30T00:00:00.000","Gomez, Raymond","2792"
"2004-09-30T00:00:00.000","Nickerson-Adams, Carla","2805"
"2004-09-30T00:00:00.000","Chamber Music Austin","2815"
"2004-09-30T00:00:00.000","Austin Celtic Association, Inc.","2878"
"2004-09-30T00:00:00.000","Austin Music Foundation","2944"
"2004-09-30T00:00:00.000","Allison Orr Dance Inc. aka Forklift Dance Works","3061"
"2004-09-30T00:00:00.000","Golden Hornet Project, Inc.","3205"
"2004-09-30T00:00:00.000","Austin Creative Alliance / a chick and a dude productions","3183"
"2004-09-30T00:00:00.000","Austin Visual Arts Association/ Dr. Christopher Adejumo","3184"
"2004-09-30T00:00:00.000","Austin Creative Alliance / The Dirigo Group","3251"
"2004-09-30T00:00:00.000","Texas Early Music Project","3312"
"2004-09-30T00:00:00.000","Austin Chamber Ensemble","3318"
"2004-09-30T00:00:00.000","Austin Children's Choir","3318"
"2004-09-30T00:00:00.000","Ray, Bob","3318"
"2004-09-30T00:00:00.000","Texas Music Museum","3318"
"2004-09-30T00:00:00.000","Austin Chamber Ensemble/ Classical Music Consortium of Austin","3634"
"2004-09-30T00:00:00.000","Gilbert & Sullivan Society of Austin, Texas, Inc.","3645"
"2004-09-30T00:00:00.000","Realm Dance Project","3645"
"2004-09-30T00:00:00.000","Winegarten, Debra","3710"
"2004-09-30T00:00:00.000","Kerkhoff, Cari","3759"
"2004-09-30T00:00:00.000","Austin Association of Sculptors","3806"
"2004-09-30T00:00:00.000","Center for Women & Their Work / Women Printmakers of Austin","3852"
"2004-09-30T00:00:00.000","Celtic Cultural Center of Texas","3944"
"2004-09-30T00:00:00.000","Austin Singers, Inc.","4059"
"2004-09-30T00:00:00.000","Center for Women & Their Work / David Barker","4147"
"2004-09-30T00:00:00.000","Cortlund, Jason","4147"
"2004-09-30T00:00:00.000","Film Society of Austin, Inc./ Anne Lewis","4147"
"2004-09-30T00:00:00.000","Rude Mechanicals - A Theatre Collective/Herbert Bennett","4147"
"2004-09-30T00:00:00.000","Texas Folklife Resources/ Welcome Home Productions","4147"
"2004-09-30T00:00:00.000","Austin Playhouse","4265"
"2004-09-30T00:00:00.000","Samarripa, Consuelo","4519"
"2004-09-30T00:00:00.000","Austin Visual Arts Association/ Mahalene Louis","5047"
"2004-09-30T00:00:00.000","Lundberg, Bill","5108"
"2004-09-30T00:00:00.000","First Frontier Collage Society","5176"
"2004-09-30T00:00:00.000","Salon Concerts, Inc.","5303"
"2004-09-30T00:00:00.000","Center for Maximum Potential Building Systems, Inc./ Peter Struble","5374"
"2004-09-30T00:00:00.000","Perez, Martha","5391"
"2004-09-30T00:00:00.000","Vater, Regina","5446"
"2004-09-30T00:00:00.000","Tips on Art","5556"
"2004-09-30T00:00:00.000","COLLIDE/ Epistrophy Arts","5806"
"2004-09-30T00:00:00.000","Mexic-Arte Museum/ Kenneth W. Jones","6346"
"2004-09-30T00:00:00.000","Performance Encounters","6526"
"2004-09-30T00:00:00.000","Refraction Arts Project","6604"
"2004-09-30T00:00:00.000","Vortex Repertory Company/Ethos AKA Chad Salvata","6698"
"2004-09-30T00:00:00.000","Texas Democracy Foundation","6787"
"2004-09-30T00:00:00.000","Austin Poetry Slam","6796"
"2004-09-30T00:00:00.000","The NonProfit Center","6845"
"2004-09-30T00:00:00.000","Austin Classical Guitar","6853"
"2004-09-30T00:00:00.000","Hyde Park Theatre/ MS/Nerve Dance Co.","7111"
"2004-09-30T00:00:00.000","Austin Symphonic Band","7215"
"2004-09-30T00:00:00.000","Austin Area Art from the Streets","7293"
"2004-09-30T00:00:00.000","Borderlands Texas Poetry aka Texas Poetry Review (also Ramona Cearley)","7391"
"2004-09-30T00:00:00.000","Capital City Men's Chorus","7464"
"2004-09-30T00:00:00.000","Puerto Rican Folkloric Dance, Inc.","7481"
"2004-09-30T00:00:00.000","Red Salmon Arts/ Daniel Llanes","7550"
"2004-09-30T00:00:00.000","Veintemillas, Carlos","7630"
"2004-09-30T00:00:00.000","Center for Women & Their Work / Michele Owens-Pearce","7718"
"2004-09-30T00:00:00.000","Center for Mexican American Cultural Arts, Inc.","8074"
"2004-09-30T00:00:00.000","The NonProfit Center/Handy, Wendell","8128"
"2004-09-30T00:00:00.000","Austin Creative Alliance / Tongue & Groove Theatre","8140"
"2004-09-30T00:00:00.000","The Violet Crown Players, Inc.","8175"
"2004-09-30T00:00:00.000","Mexic-Arte Museum/ Robert Rodriguez","8293"
"2004-09-30T00:00:00.000","One World/ Sabrina Barker","8551"
"2004-09-30T00:00:00.000","Dance International","8758"
"2004-09-30T00:00:00.000","Austin Poets International, Inc./ Austin International Poetry Festival","8845"
"2004-09-30T00:00:00.000","Asian American Community Partnership","8874"
"2004-09-30T00:00:00.000","Center for Women & Their Work / Asian American Community Partnership","8874"
"2004-09-30T00:00:00.000","Outreach Productions","9272"
"2004-09-30T00:00:00.000","Briseño, Amandine","9715"
"2004-09-30T00:00:00.000","Rockett, Bennet","10870"
"2004-09-30T00:00:00.000","Second Youth","10871"
"2004-09-30T00:00:00.000","Different Stages, Inc.","10895"
"2004-09-30T00:00:00.000","Austin Creative Alliance / Anuradha Naimpally","10917"
"2004-09-30T00:00:00.000","Austin Dance Ensemble","10982"
"2004-09-30T00:00:00.000","Austin Creative Alliance / Bob Livingston","11011"
"2004-09-30T00:00:00.000","Wax Track Gallery International","11079"
"2004-09-30T00:00:00.000","Film Society of Austin, Inc./ Karen Kocher","11611"
"2004-09-30T00:00:00.000","Austin Script Works aka Austin Scriptworks","11713"
"2004-09-30T00:00:00.000","Austin Community Foundation/ Austin Music Network","12100"
"2004-09-30T00:00:00.000","Anthropos Arts","12417"
"2004-09-30T00:00:00.000","Texas Nafas","12440"
"2004-09-30T00:00:00.000","Indigenous Women's Network","13182"
"2004-09-30T00:00:00.000","STILLPOINT Dance","13327"
"2004-09-30T00:00:00.000","Art Spark Texas/ Accessible Arts School Outreach","13588"
"2004-09-30T00:00:00.000","Leadership Enrichment Arts Program","13684"
"2004-09-30T00:00:00.000","One World/ Julian Goldstein","14928"
"2004-09-30T00:00:00.000","Austin Visual Arts Association","14972"
"2004-09-30T00:00:00.000","Austin Shakespeare Festival","15483"
"2004-09-30T00:00:00.000","Motion Media Arts Center aka The Austin School of Film","16587"
"2004-09-30T00:00:00.000","Reel Women","16587"
"2004-09-30T00:00:00.000","One World/ Nada Stearns","16761"
"2004-09-30T00:00:00.000","Austin Jazz Workshop, Inc.","16891"
"2004-09-30T00:00:00.000","Mexic-Arte Museum/ Johnny Degollado (AKA Austin Conjunto Festival)","16899"
"2004-09-30T00:00:00.000","Kathy Dunn Hamrick Dance Co.","17310"
"2004-09-30T00:00:00.000","Inside Out Steelband","17329"
"2004-09-30T00:00:00.000","Latinas Unidas Por el Arte (LUPE Arte)","17522"
"2004-09-30T00:00:00.000","Chorus Austin","19074"
"2004-09-30T00:00:00.000","Texas Education Broadcasting Co-Operative, Inc. (KOOP RADIO 91.7FM)","19074"
"2004-09-30T00:00:00.000","Chamber Soloists of Austin, Inc.","20429"
"2004-09-30T00:00:00.000","Austin Chamber Music Center, Inc.","20471"
"2004-09-30T00:00:00.000","Austin Latino/a Lesbian & Gay Organization AKA allgo","20910"
"2008-09-30T00:00:00.000","India Fine Arts","10000"
"2004-09-30T00:00:00.000","Women in Jazz Association","21148"
"2004-09-30T00:00:00.000","Zilker Theatre Productions","21206"
"2004-09-30T00:00:00.000","Great Promise for American Indians, Inc.","22074"
"2004-09-30T00:00:00.000","Ariel Dance Theatre","22118"
"2004-09-30T00:00:00.000","Creative Action","23079"
"2004-09-30T00:00:00.000","Conspirare, Inc.","25152"
"2004-09-30T00:00:00.000","Red Salmon Arts","25230"
"2004-09-30T00:00:00.000","Art Spark Texas","25381"
"2004-09-30T00:00:00.000","Salvage Vanguard Theatre","25862"
"2004-09-30T00:00:00.000","Writer's League of Texas","27454"
"2004-09-30T00:00:00.000","Cine Las Americas","29027"
"2004-09-30T00:00:00.000","Imagine Art, Inc.","29142"
"2004-09-30T00:00:00.000","Center for Women & Their Work / Diverse Arts (also Harold McMillan)","29354"
"2004-09-30T00:00:00.000","Austin Federation of Musicians","30030"
"2004-09-30T00:00:00.000","Blue Lapis Light, Inc.","31013"
"2004-09-30T00:00:00.000","Roy Lozano's Ballet Folklorico de Texas","34153"
"2004-09-30T00:00:00.000","Vortex Repertory Company","34786"
"2004-09-30T00:00:00.000","Austin Musical Theatre DBA Broadway Texas","35131"
"2004-09-30T00:00:00.000","Academia (Aztlan) De Danza Y Folklore","35273"
"2004-09-30T00:00:00.000","Creative Opportunity Orchestra, Inc.","36141"
"2004-09-30T00:00:00.000","A. Mozart Fest","36534"
"2004-09-30T00:00:00.000","Rude Mechanicals - A Theatre Collective","37624"
"2004-09-30T00:00:00.000","Ballet East Dance Company","39470"
"2004-09-30T00:00:00.000","Teatro Humanidad Cansada","39765"
"2004-09-30T00:00:00.000","One World","40615"
"2004-09-30T00:00:00.000","Progressive Arts Collective","40725"
"2004-09-30T00:00:00.000","Arthouse at the Jones Center (merged into AMOA during FY2012)","42626"
"2004-09-30T00:00:00.000","Hyde Park Theatre","43204"
"2004-09-30T00:00:00.000","Dance Umbrella","44798"
"2004-09-30T00:00:00.000","Serie Project, Inc.","45548"
"2004-09-30T00:00:00.000","Austin Creative Alliance","47937"
"2004-09-30T00:00:00.000","Sharir + Bustamante Danceworks","48309"
"2004-09-30T00:00:00.000","African American Arts Technical Resource Center","49760"
"2004-09-30T00:00:00.000","Texas Folklife Resources","49864"
"2004-09-30T00:00:00.000","Visions in Rhythm aka Tapestry Dance Company","50778"
"2004-09-30T00:00:00.000","Zachary Scott Theatre Center","52027"
"2004-09-30T00:00:00.000","Johnson/Long Dance Company","57870"
"2004-09-30T00:00:00.000","Ballet Austin, Inc.","59391"
"2004-09-30T00:00:00.000","La Peña","62842"
"2004-09-30T00:00:00.000","Film Society of Austin, Inc.","66347"
"2004-09-30T00:00:00.000","Austin Children's Museum DBA Thinkery","69610"
"2004-09-30T00:00:00.000","Center For Women & Their Work","71556"
"2004-09-30T00:00:00.000","Austin Theatre Alliance (formerly Paramount Theatre and State Theatre)","80949"
"2004-09-30T00:00:00.000","Austin Lyric Opera dba Austin Opera","94283"
"2004-09-30T00:00:00.000","Austin Symphony Orchestra Society, Inc.","95351"
"2004-09-30T00:00:00.000","Mexic-Arte Museum","96909"
"2004-09-30T00:00:00.000","The Contemporary Austin Museum Inc","141632"
"2005-09-30T00:00:00.000","Austin Young Artists Concert","1000"
"2005-09-30T00:00:00.000","Center for Women & Their Work / Philippine Arts & Cultural Group","1000"
"2005-09-30T00:00:00.000","Texas Juggling Society","1000"
"2005-09-30T00:00:00.000","Austin Friends of Traditional Music (Chaski-Adrienne Ingliss)","1047"
"2005-09-30T00:00:00.000","Silver Thistle Pipes and Drums","1063"
"2005-09-30T00:00:00.000","African American Arts Technical Resource Center/ Mario Vasquez","1326"
"2005-09-30T00:00:00.000","African American Arts Technical Resource Center/ Roisel Ramirez","1376"
"2005-09-30T00:00:00.000","African American Arts Technical Resource Center/ Carolyn Jones","1460"
"2005-09-30T00:00:00.000","Indian Classical Music Circle of Austin","1551"
"2005-09-30T00:00:00.000","Austin Creative Alliance / Bernadette Nason the Storyteller","1783"
"2005-09-30T00:00:00.000","Austin Poets International, Inc./ Barbara Youngblood Carr","2144"
"2005-09-30T00:00:00.000","Austin Visual Arts Association/ Tim Pipe","2182"
"2005-09-30T00:00:00.000","Austin Visual Arts Association/ Mahalene Louis","2286"
"2005-09-30T00:00:00.000","First Frontier Collage Society","2293"
"2005-09-30T00:00:00.000","The Rhizome Collective","2321"
"2005-09-30T00:00:00.000","African American Arts Technical Resource Center/ Jacob Fontaine Religious Museum","2405"
"2005-09-30T00:00:00.000","Austin Creative Alliance / Wicked Cricket Dance Theater","2601"
"2005-09-30T00:00:00.000","Cine Las Americas/ Youth Liberation Network","2662"
"2005-09-30T00:00:00.000","The NonProfit Center/Michelle Voss","2737"
"2005-09-30T00:00:00.000","Refraction Arts Project/ Lauren K. Tietz of Improvisational Movement Project","2752"
"2005-09-30T00:00:00.000","Austin Chamber Ensemble/ Classical Music Consortium of Austin","2779"
"2005-09-30T00:00:00.000","The NonProfit Center/Tonya Engel","3022"
"2005-09-30T00:00:00.000","Texas Early Music Project","3121"
"2005-09-30T00:00:00.000","Chamber Music Austin","3211"
"2005-09-30T00:00:00.000","Center for Mexican American Cultural Arts, Inc.","3267"
"2005-09-30T00:00:00.000","Film Society of Austin, Inc./ Karen Skloss","3507"
"2005-09-30T00:00:00.000","Spank Dance Company","3524"
"2005-09-30T00:00:00.000","Austin Singers, Inc.","3535"
"2005-09-30T00:00:00.000","Vortex Repertory Company/Lorella Loftus","3794"
"2005-09-30T00:00:00.000","Center for Women & Their Work / Women Printmakers of Austin","3860"
"2005-09-30T00:00:00.000","Center for Women & Their Work / Museum of Ephemerate","3893"
"2005-09-30T00:00:00.000","Austin Creative Alliance / Coda Theater Project","3916"
"2005-09-30T00:00:00.000","Tutto Theatre Company","3916"
"2005-09-30T00:00:00.000","Gilbert & Sullivan Society of Austin, Texas, Inc.","4010"
"2005-09-30T00:00:00.000","Aienla Project","4128"
"2005-09-30T00:00:00.000","Salon Concerts, Inc.","4279"
"2005-09-30T00:00:00.000","Austin Creative Alliance / Gypsy Baby","4139"
"2005-09-30T00:00:00.000","Salvage Vanguard Theater/The Dionysium","4139"
"2005-09-30T00:00:00.000","Austin Children's Choir","4251"
"2005-09-30T00:00:00.000","Austin Traditional Jazz Society","4251"
"2005-09-30T00:00:00.000","Center for Women & Their Work / Michele Owens-Pearce","4251"
"2005-09-30T00:00:00.000","Austin Chamber Ensemble","4259"
"2005-09-30T00:00:00.000","Capital City Men's Chorus","4268"
"2005-09-30T00:00:00.000","Austin Creative Alliance / The Dirigo Group","4292"
"2005-09-30T00:00:00.000","Mexic-Arte Museum/ Kenneth W. Jones","4307"
"2005-09-30T00:00:00.000","Austin Creative Alliance / a chick and a dude productions","4419"
"2005-09-30T00:00:00.000","African American Arts Technical Resource Center/ Versie Smith","4475"
"2005-09-30T00:00:00.000","Ballet East Dance Company/ Proyecto Teatro","4475"
"2005-09-30T00:00:00.000","The Violet Crown Players, Inc.","4475"
"2005-09-30T00:00:00.000","Austin Association of Sculptors","4531"
"2005-09-30T00:00:00.000","Austin Gay & Lesbian International Film Festival/ Best Kept Secret","4531"
"2005-09-30T00:00:00.000","Mexican Community Center of Austin","4531"
"2005-09-30T00:00:00.000","Center for Women & Their Work / David Barker","4562"
"2005-09-30T00:00:00.000","Rude Mechanicals - A Theatre Collective/Herbert Bennett","4562"
"2005-09-30T00:00:00.000","Asian American Community Partnership","4587"
"2005-09-30T00:00:00.000","Center for Women & Their Work / Asian American Community Partnership","4587"
"2005-09-30T00:00:00.000","Austin Playhouse","4692"
"2005-09-30T00:00:00.000","Teatro Vivo","4699"
"2005-09-30T00:00:00.000","Celtic Cultural Center of Texas","4755"
"2005-09-30T00:00:00.000","The Nonprofit Center/Poet on Watch","4755"
"2005-09-30T00:00:00.000","American YouthWorks","4811"
"2005-09-30T00:00:00.000","Pollyanna Theatre Company","4852"
"2005-09-30T00:00:00.000","Austin Civic Orchestra Society","4923"
"2005-09-30T00:00:00.000","Austin Visual Arts Association/ Dr. Christopher Adejumo","4923"
"2005-09-30T00:00:00.000","Conservatory Dance Theatre dba The Austin City Ballet","4923"
"2005-09-30T00:00:00.000","The NonProfit Center/Gin Daniel","4923"
"2005-09-30T00:00:00.000","Save Barton Creek Association/ Bill Oliver","4929"
"2005-09-30T00:00:00.000","Outreach Productions","4979"
"2005-09-30T00:00:00.000","African American Arts Technical Resource Center/ Austin Black Arts Movement","5000"
"2005-09-30T00:00:00.000","African American Arts Technical Resource Center/ Bolm Studios","5000"
"2005-09-30T00:00:00.000","Austin Creative Alliance / Will Taylor & Strings Attached","5000"
"2005-09-30T00:00:00.000","Austin Film Festival, Inc.","5000"
"2005-09-30T00:00:00.000","Austin Museum of Digital Art","5000"
"2005-09-30T00:00:00.000","Austin Scottish Rite Community & Childrens's Theatre (formerly Scottish Rite Children's Theatre and formerly Austin Scottish Rite Co.)","5000"
"2005-09-30T00:00:00.000","Ballet East Dance Company/ Melissa Villarreal","5000"
"2005-09-30T00:00:00.000","Center for Women & Their Work / Amie Maciszewski","5000"
"2005-09-30T00:00:00.000","Classical Guitar Alive","5000"
"2005-09-30T00:00:00.000","Film Society of Austin, Inc./ Anne Lewis","5000"
"2005-09-30T00:00:00.000","Film Society of Austin, Inc./ Ellen Spiro","5000"
"2005-09-30T00:00:00.000","Film Society of Austin, Inc./ Heather Courtney","5000"
"2005-09-30T00:00:00.000","Film Society of Austin, Inc./ Margaret Brown","5000"
"2005-09-30T00:00:00.000","International Cinematexas Short Film Festival","5000"
"2005-09-30T00:00:00.000","Knowbility, Inc.","5000"
"2005-09-30T00:00:00.000","Lannaya aka Lannaya West African Drum and Dance Ensemble","5000"
"2005-09-30T00:00:00.000","Latinas Unidas Por el Arte (LUPE Arte)/Austin Latino Theatre Alliance","5000"
"2005-09-30T00:00:00.000","One World/ Emily Dedear","5000"
"2005-09-30T00:00:00.000","One World/ Kalinka","5000"
"2005-09-30T00:00:00.000","One World/ Mohammad Firoozi","5000"
"2005-09-30T00:00:00.000","One World/ Oliver Rajamani","5000"
"2005-09-30T00:00:00.000","One World/ Sergey Vashchenko","5000"
"2005-09-30T00:00:00.000","Rude Mechanicals - A Theatre Collective/Glover Gill","5000"
"2005-09-30T00:00:00.000","Texas Folklife Resources/ Texas Folkmasters","5000"
"2005-09-30T00:00:00.000","Texas Music Museum","5035"
"2005-09-30T00:00:00.000","Performance Encounters","5082"
"2005-09-30T00:00:00.000","Austin Celtic Association, Inc.","5090"
"2005-09-30T00:00:00.000","Golden Hornet Project, Inc.","5090"
"2005-09-30T00:00:00.000","Tips on Art","5125"
"2005-09-30T00:00:00.000","Allison Orr Dance Inc. aka Forklift Dance Works","5258"
"2005-09-30T00:00:00.000","Austin Symphonic Band","5365"
"2005-09-30T00:00:00.000","Austin Area Art from the Streets","5417"
"2005-09-30T00:00:00.000","Vortex Repertory Company/Ethos AKA Chad Salvata","5495"
"2005-09-30T00:00:00.000","Center for Maximum Potential Building Systems, Inc./ Peter Struble","5911"
"2005-09-30T00:00:00.000","Austin Poetry Slam","6081"
"2005-09-30T00:00:00.000","Red Salmon Arts/ Daniel Llanes","6477"
"2005-09-30T00:00:00.000","The NonProfit Center","6586"
"2005-09-30T00:00:00.000","Hyde Park Theatre/ MS/Nerve Dance Co.","6847"
"2005-09-30T00:00:00.000","Refraction Arts Project","7264"
"2005-09-30T00:00:00.000","Borderlands Texas Poetry aka Texas Poetry Review (also Ramona Cearley)","7335"
"2005-09-30T00:00:00.000","Texas Democracy Foundation","7466"
"2005-09-30T00:00:00.000","Austin Classical Guitar","7538"
"2005-09-30T00:00:00.000","Austin Poets International, Inc./ Austin International Poetry Festival","7897"
"2005-09-30T00:00:00.000","Dance International","8151"
"2005-09-30T00:00:00.000","Puerto Rican Folkloric Dance, Inc.","8229"
"2005-09-30T00:00:00.000","Mexic-Arte Museum/ Robert Rodriguez","8542"
"2005-09-30T00:00:00.000","Austin Creative Alliance / Anuradha Naimpally","8747"
"2005-09-30T00:00:00.000","Austin Creative Alliance / Tongue & Groove Theatre","8954"
"2005-09-30T00:00:00.000","Different Stages, Inc.","9086"
"2005-09-30T00:00:00.000","One World/ Sabrina Barker","9159"
"2005-09-30T00:00:00.000","Texas Nafas","9222"
"2005-09-30T00:00:00.000","Austin Creative Alliance / Bob Livingston","9262"
"2005-09-30T00:00:00.000","STILLPOINT Dance","9388"
"2005-09-30T00:00:00.000","Film Society of Austin, Inc./ Karen Kocher","9776"
"2005-09-30T00:00:00.000","Austin Dance Ensemble","9842"
"2005-09-30T00:00:00.000","Austin Script Works aka Austin Scriptworks","10469"
"2005-09-30T00:00:00.000","Second Youth","10789"
"2005-09-30T00:00:00.000","Anthropos Arts","10862"
"2005-09-30T00:00:00.000","Indigenous Women's Network","11855"
"2005-09-30T00:00:00.000","Austin Visual Arts Association","11961"
"2005-09-30T00:00:00.000","Wax Track Gallery International","12187"
"2005-09-30T00:00:00.000","Kathy Dunn Hamrick Dance Co.","12422"
"2005-09-30T00:00:00.000","Leadership Enrichment Arts Program","12596"
"2005-09-30T00:00:00.000","Motion Media Arts Center aka The Austin School of Film","13111"
"2005-09-30T00:00:00.000","Austin Community Foundation/ Austin Music Network","13310"
"2005-09-30T00:00:00.000","Austin Jazz Workshop, Inc.","13313"
"2005-09-30T00:00:00.000","One World/ Julian Goldstein","13644"
"2005-09-30T00:00:00.000","Inside Out Steelband","13897"
"2005-09-30T00:00:00.000","Mexic-Arte Museum/ Johnny Degollado (AKA Austin Conjunto Festival)","14159"
"2005-09-30T00:00:00.000","One World/ Nada Stearns","14159"
"2005-09-30T00:00:00.000","Chorus Austin","14262"
"2005-09-30T00:00:00.000","Art Spark Texas/ Accessible Arts School Outreach","14947"
"2005-09-30T00:00:00.000","Texas Education Broadcasting Co-Operative, Inc. (KOOP RADIO 91.7FM)","15497"
"2005-09-30T00:00:00.000","Great Promise for American Indians, Inc.","15906"
"2005-09-30T00:00:00.000","Reel Women","16114"
"2005-09-30T00:00:00.000","Austin Shakespeare Festival","17031"
"2005-09-30T00:00:00.000","Zilker Theatre Productions","18318"
"2005-09-30T00:00:00.000","Latinas Unidas Por el Arte (LUPE Arte)","18730"
"2005-09-30T00:00:00.000","Women in Jazz Association","18747"
"2005-09-30T00:00:00.000","Art Spark Texas","19553"
"2005-09-30T00:00:00.000","Ariel Dance Theatre","19739"
"2005-09-30T00:00:00.000","Chamber Soloists of Austin, Inc.","20373"
"2005-09-30T00:00:00.000","Creative Action","20404"
"2005-09-30T00:00:00.000","Writer's League of Texas","22412"
"2005-09-30T00:00:00.000","Austin Chamber Music Center, Inc.","22518"
"2005-09-30T00:00:00.000","Imagine Art, Inc.","22625"
"2005-09-30T00:00:00.000","Austin Latino/a Lesbian & Gay Organization AKA allgo","23001"
"2005-09-30T00:00:00.000","Blue Lapis Light, Inc.","26663"
"2005-09-30T00:00:00.000","Conspirare, Inc.","27667"
"2005-09-30T00:00:00.000","Red Salmon Arts","27753"
"2005-09-30T00:00:00.000","Vortex Repertory Company","27786"
"2005-09-30T00:00:00.000","Teatro Humanidad Cansada","28095"
"2005-09-30T00:00:00.000","Academia (Aztlan) De Danza Y Folklore","28261"
"2005-09-30T00:00:00.000","Center for Women & Their Work / Diverse Arts (also Harold McMillan)","28403"
"2005-09-30T00:00:00.000","Salvage Vanguard Theatre","28403"
"2005-09-30T00:00:00.000","Creative Opportunity Orchestra, Inc.","29305"
"2005-09-30T00:00:00.000","Cine Las Americas","29638"
"2005-09-30T00:00:00.000","A. Mozart Fest","30234"
"2005-09-30T00:00:00.000","Rude Mechanicals - A Theatre Collective","31222"
"2005-09-30T00:00:00.000","Roy Lozano's Ballet Folklorico de Texas","31857"
"2005-09-30T00:00:00.000","Ballet East Dance Company","32477"
"2005-09-30T00:00:00.000","Hyde Park Theatre","32495"
"2005-09-30T00:00:00.000","African American Arts Technical Resource Center","33524"
"2005-09-30T00:00:00.000","Serie Project, Inc.","33805"
"2005-09-30T00:00:00.000","Austin Creative Alliance","33840"
"2005-09-30T00:00:00.000","Progressive Arts Collective","34759"
"2005-09-30T00:00:00.000","Sharir + Bustamante Danceworks","36184"
"2005-09-30T00:00:00.000","Dance Umbrella","36438"
"2005-09-30T00:00:00.000","Texas Folklife Resources","37141"
"2005-09-30T00:00:00.000","Zachary Scott Theatre Center","39150"
"2005-09-30T00:00:00.000","Visions in Rhythm aka Tapestry Dance Company","39884"
"2005-09-30T00:00:00.000","Johnson/Long Dance Company","41477"
"2005-09-30T00:00:00.000","La Peña","43712"
"2005-09-30T00:00:00.000","One World","44677"
"2005-09-30T00:00:00.000","Arthouse at the Jones Center (merged into AMOA during FY2012)","46889"
"2005-09-30T00:00:00.000","Austin Children's Museum DBA Thinkery","48547"
"2005-09-30T00:00:00.000","Center For Women & Their Work","48921"
"2005-09-30T00:00:00.000","Film Society of Austin, Inc.","52855"
"2005-09-30T00:00:00.000","Mexic-Arte Museum","62302"
"2005-09-30T00:00:00.000","Ballet Austin, Inc.","65330"
"2005-09-30T00:00:00.000","Austin Theatre Alliance (formerly Paramount Theatre and State Theatre)","70745"
"2005-09-30T00:00:00.000","Austin Lyric Opera dba Austin Opera","81629"
"2005-09-30T00:00:00.000","Austin Symphony Orchestra Society, Inc.","84350"
"2005-09-30T00:00:00.000","The Contemporary Austin Museum Inc","89815"
"2006-09-30T00:00:00.000","Russian Speakers Society","1000"
"2006-09-30T00:00:00.000","Arts Entertainment Group, Inc.","1025"
"2006-09-30T00:00:00.000","Austin Civic Wind Ensemble","1050"
"2006-09-30T00:00:00.000","Refraction Arts Project/ Open Doors Collective","1325"
"2006-09-30T00:00:00.000","River City Pops","1325"
"2006-09-30T00:00:00.000","Texas Death Penalty Education and Resource Center","1325"
"2006-09-30T00:00:00.000","Center for Women & Their Work / Philippine Arts & Cultural Group","1600"
"2006-09-30T00:00:00.000","Texas Juggling Society","1800"
"2006-09-30T00:00:00.000","Austin Creative Alliance / Bayou Radio","1850"
"2006-09-30T00:00:00.000","Center for Women & Their Work / Iron Gate Studios","1850"
"2006-09-30T00:00:00.000","The Rhizome Collective","2089"
"2006-09-30T00:00:00.000","Austin Creative Alliance / Wicked Cricket Dance Theater","2341"
"2006-09-30T00:00:00.000","Austin Creative Alliance / Cosmic Intuition Productions","2375"
"2006-09-30T00:00:00.000","Badgerdog Literary Publishing","2375"
"2006-09-30T00:00:00.000","Silver Thistle Pipes and Drums","2500"
"2006-09-30T00:00:00.000","Austin Chamber Ensemble/ Classical Music Consortium of Austin","2501"
"2006-09-30T00:00:00.000","Austin Latino Music Association","2900"
"2006-09-30T00:00:00.000","Austin Summer Musical for Children","2900"
"2006-09-30T00:00:00.000","Austin Young Artists Concert","2900"
"2006-09-30T00:00:00.000","African American Arts Technical Resource Center/ Roisel Ramirez","3000"
"2006-09-30T00:00:00.000","African American Arts Technical Resource Center/ Versie Smith","3000"
"2006-09-30T00:00:00.000","Indian Classical Music Circle of Austin","3150"
"2006-09-30T00:00:00.000","Austin Singers, Inc.","3500"
"2006-09-30T00:00:00.000","Aienla Project","3715"
"2006-09-30T00:00:00.000","Center for Women & Their Work / Women Printmakers of Austin","3737"
"2006-09-30T00:00:00.000","Austin Creative Alliance / Bernadette Nason the Storyteller","3750"
"2006-09-30T00:00:00.000","Center for Mexican American Cultural Arts, Inc.","3753"
"2006-09-30T00:00:00.000","Austin Chamber Ensemble","3833"
"2006-09-30T00:00:00.000","Austin Creative Alliance / The Dirigo Group","3863"
"2006-09-30T00:00:00.000","Austin Music Foundation","3950"
"2006-09-30T00:00:00.000","Austin New Music Corporation (Co-op)","3950"
"2006-09-30T00:00:00.000","Salvage Vanguard Theater/Gnap! Theater Projects","3950"
"2006-09-30T00:00:00.000","Austin Creative Alliance / a chick and a dude productions","3977"
"2006-09-30T00:00:00.000","Austin Creative Alliance / Coda Theater Project","4000"
"2006-09-30T00:00:00.000","Austin Visual Arts Association/ Tim Pipe","4000"
"2006-09-30T00:00:00.000","Center for Women & Their Work / Museum of Ephemerate","4000"
"2006-09-30T00:00:00.000","Film Society of Austin, Inc./ Karen Skloss","4000"
"2006-09-30T00:00:00.000","Refraction Arts Project/ Lauren K. Tietz of Improvisational Movement Project","4000"
"2006-09-30T00:00:00.000","Salvage Vanguard Theater/The Dionysium","4000"
"2006-09-30T00:00:00.000","Tutto Theatre Company","4000"
"2006-09-30T00:00:00.000","Vortex Repertory Company/Lorella Loftus","4000"
"2006-09-30T00:00:00.000","Mexican Community Center of Austin","4078"
"2006-09-30T00:00:00.000","Teatro Vivo","4229"
"2006-09-30T00:00:00.000","Celtic Cultural Center of Texas","4280"
"2006-09-30T00:00:00.000","Pollyanna Theatre Company","4367"
"2006-09-30T00:00:00.000","Imagine Art, Inc./ Theron Parker-ABC ASL","4475"
"2006-09-30T00:00:00.000","India Fine Arts","4475"
"2006-09-30T00:00:00.000","African American Arts Technical Resource Center/ Jacob Fontaine Religious Museum","4500"
"2006-09-30T00:00:00.000","American YouthWorks","4500"
"2006-09-30T00:00:00.000","Austin Scottish Rite Community & Childrens's Theatre (formerly Scottish Rite Children's Theatre and formerly Austin Scottish Rite Co.)","4500"
"2006-09-30T00:00:00.000","Classical Guitar Alive","4500"
"2006-09-30T00:00:00.000","Lannaya aka Lannaya West African Drum and Dance Ensemble","4500"
"2006-09-30T00:00:00.000","Latinas Unidas Por el Arte (LUPE Arte)/Austin Latino Theatre Alliance","4500"
"2006-09-30T00:00:00.000","One World/ Emily Dedear","4500"
"2006-09-30T00:00:00.000","One World/ Kalinka","4500"
"2006-09-30T00:00:00.000","One World/ Mohammad Firoozi","4500"
"2006-09-30T00:00:00.000","Texas Folklife Resources/ Texas Folkmasters","4500"
"2006-09-30T00:00:00.000","The NonProfit Center/Gin Daniel","4500"
"2006-09-30T00:00:00.000","The Nonprofit Center/Poet on Watch","4500"
"2006-09-30T00:00:00.000","Texas Music Museum","4532"
"2006-09-30T00:00:00.000","Austin Celtic Association, Inc.","4581"
"2006-09-30T00:00:00.000","Tips on Art","4613"
"2006-09-30T00:00:00.000","Allison Orr Dance Inc. aka Forklift Dance Works","4732"
"2006-09-30T00:00:00.000","Austin Poets International, Inc./ Barbara Youngblood Carr","4850"
"2006-09-30T00:00:00.000","Vortex Repertory Company/Ethos AKA Chad Salvata","4946"
"2006-09-30T00:00:00.000","Film Society of Austin, Inc./ Anne Lewis","5000"
"2006-09-30T00:00:00.000","First Frontier Collage Society","5000"
"2006-09-30T00:00:00.000","Physical Plant Theatre","5000"
"2006-09-30T00:00:00.000","Ballet East Dance Company/ Proyecto Teatro","5324"
"2006-09-30T00:00:00.000","Center for Women & Their Work / Amie Maciszewski","5500"
"2006-09-30T00:00:00.000","Knowbility, Inc.","5500"
"2006-09-30T00:00:00.000","Spank Dance Company","5500"
"2006-09-30T00:00:00.000","Austin Traditional Jazz Society","5664"
"2006-09-30T00:00:00.000","Save Barton Creek Association/ Bill Oliver","5880"
"2006-09-30T00:00:00.000","Golden Hornet Project, Inc.","6000"
"2006-09-30T00:00:00.000","Mexic-Arte Museum/ Kenneth W. Jones","6000"
"2006-09-30T00:00:00.000","Texas Early Music Project","6000"
"2006-09-30T00:00:00.000","Hyde Park Theatre/ MS/Nerve Dance Co.","6162"
"2006-09-30T00:00:00.000","Austin Museum of Digital Art","6500"
"2006-09-30T00:00:00.000","Chamber Music Austin","6500"
"2006-09-30T00:00:00.000","African American Arts Technical Resource Center/ Bolm Studios","7000"
"2006-09-30T00:00:00.000","Austin Visual Arts Association/ Dr. Christopher Adejumo","7000"
"2006-09-30T00:00:00.000","Ballet East Dance Company/ Melissa Villarreal","7000"
"2006-09-30T00:00:00.000","International Cinematexas Short Film Festival","7000"
"2006-09-30T00:00:00.000","One World/ Oliver Rajamani","7000"
"2006-09-30T00:00:00.000","Cine Las Americas/ Youth Liberation Network","7080"
"2006-09-30T00:00:00.000","The Violet Crown Players, Inc.","7228"
"2006-09-30T00:00:00.000","Austin Poets International, Inc./ Austin International Poetry Festival","7498"
"2006-09-30T00:00:00.000","Austin Film Festival, Inc.","7500"
"2006-09-30T00:00:00.000","Center for Maximum Potential Building Systems, Inc./ Peter Struble","7500"
"2006-09-30T00:00:00.000","Performance Encounters","7500"
"2006-09-30T00:00:00.000","Red Salmon Arts/ Daniel Llanes","7500"
"2006-09-30T00:00:00.000","Rude Mechanicals - A Theatre Collective/Herbert Bennett","7500"
"2006-09-30T00:00:00.000","The NonProfit Center/Allison Foster","7500"
"2006-09-30T00:00:00.000","The NonProfit Center/Michelle Voss","7500"
"2006-09-30T00:00:00.000","Mexic-Arte Museum/ Robert Rodriguez","7688"
"2006-09-30T00:00:00.000","Austin Symphonic Band","8000"
"2006-09-30T00:00:00.000","Center for Women & Their Work / Michele Owens-Pearce","8000"
"2006-09-30T00:00:00.000","Texas Nafas","8300"
"2006-09-30T00:00:00.000","STILLPOINT Dance","8449"
"2006-09-30T00:00:00.000","Salon Concerts, Inc.","8470"
"2006-09-30T00:00:00.000","Asian American Community Partnership","8500"
"2006-09-30T00:00:00.000","Center for Women & Their Work / Asian American Community Partnership","8500"
"2006-09-30T00:00:00.000","Different Stages, Inc.","8500"
"2006-09-30T00:00:00.000","The NonProfit Center","8500"
"2006-09-30T00:00:00.000","Capital City Men's Chorus","8670"
"2006-09-30T00:00:00.000","Anthropos Arts","9776"
"2006-09-30T00:00:00.000","Austin Creative Alliance / Tongue & Groove Theatre","9827"
"2006-09-30T00:00:00.000","Austin Children's Choir","10000"
"2006-09-30T00:00:00.000","Austin Civic Orchestra Society","10000"
"2006-09-30T00:00:00.000","Austin Creative Alliance / Anuradha Naimpally","10000"
"2006-09-30T00:00:00.000","Austin Poetry Slam","10000"
"2006-09-30T00:00:00.000","Conservatory Dance Theatre dba The Austin City Ballet","10000"
"2006-09-30T00:00:00.000","Film Society of Austin, Inc./ Heather Courtney","10000"
"2006-09-30T00:00:00.000","One World/ Sabrina Barker","10000"
"2006-09-30T00:00:00.000","Outreach Productions","10000"
"2006-09-30T00:00:00.000","Texas Democracy Foundation","10000"
"2006-09-30T00:00:00.000","Borderlands Texas Poetry aka Texas Poetry Review (also Ramona Cearley)","10532"
"2006-09-30T00:00:00.000","Second Youth","10789"
"2006-09-30T00:00:00.000","Austin Dance Ensemble","11000"
"2006-09-30T00:00:00.000","Kathy Dunn Hamrick Dance Co.","11180"
"2006-09-30T00:00:00.000","One World/ Julian Goldstein","12280"
"2006-09-30T00:00:00.000","Austin Creative Alliance / Bob Livingston","12500"
"2006-09-30T00:00:00.000","Dance International","12500"
"2006-09-30T00:00:00.000","Mexic-Arte Museum/ Johnny Degollado (AKA Austin Conjunto Festival)","12743"
"2006-09-30T00:00:00.000","One World/ Nada Stearns","12743"
"2006-09-30T00:00:00.000","Inside Out Steelband","13000"
"2006-09-30T00:00:00.000","Austin Area Art from the Streets","14000"
"2006-09-30T00:00:00.000","Film Society of Austin, Inc./ Karen Kocher","14657"
"2006-09-30T00:00:00.000","Wax Track Gallery International","15129"
"2006-09-30T00:00:00.000","Austin Visual Arts Association","15848"
"2006-09-30T00:00:00.000","Indigenous Women's Network","16000"
"2006-09-30T00:00:00.000","Art Spark Texas/ Accessible Arts School Outreach","16448"
"2006-09-30T00:00:00.000","Latinas Unidas Por el Arte (LUPE Arte)","16857"
"2006-09-30T00:00:00.000","Austin Script Works aka Austin Scriptworks","17706"
"2006-09-30T00:00:00.000","Austin Classical Guitar","17731"
"2006-09-30T00:00:00.000","Ariel Dance Theatre","17765"
"2006-09-30T00:00:00.000","Puerto Rican Folkloric Dance, Inc.","18174"
"2006-09-30T00:00:00.000","Chamber Soloists of Austin, Inc.","18336"
"2006-09-30T00:00:00.000","Gilbert & Sullivan Society of Austin, Texas, Inc.","18341"
"2006-09-30T00:00:00.000","Leadership Enrichment Arts Program","18500"
"2006-09-30T00:00:00.000","Texas Education Broadcasting Co-Operative, Inc. (KOOP RADIO 91.7FM)","18500"
"2006-09-30T00:00:00.000","Women in Jazz Association","18500"
"2006-09-30T00:00:00.000","Motion Media Arts Center aka The Austin School of Film","20123"
"2006-09-30T00:00:00.000","Imagine Art, Inc.","20363"
"2006-09-30T00:00:00.000","Chorus Austin","21000"
"2006-09-30T00:00:00.000","Creative Action","21000"
"2006-09-30T00:00:00.000","Reel Women","21000"
"2006-09-30T00:00:00.000","Great Promise for American Indians, Inc.","22000"
"2006-09-30T00:00:00.000","Austin Latino/a Lesbian & Gay Organization AKA allgo","22500"
"2006-09-30T00:00:00.000","Blue Lapis Light, Inc.","23997"
"2006-09-30T00:00:00.000","Red Salmon Arts","24978"
"2006-09-30T00:00:00.000","Austin Jazz Workshop, Inc.","25000"
"2006-09-30T00:00:00.000","A. Mozart Fest","27211"
"2006-09-30T00:00:00.000","Roy Lozano's Ballet Folklorico de Texas","28671"
"2006-09-30T00:00:00.000","Vortex Repertory Company","29000"
"2006-09-30T00:00:00.000","Ballet East Dance Company","29229"
"2006-09-30T00:00:00.000","Academia (Aztlan) De Danza Y Folklore","30000"
"2006-09-30T00:00:00.000","African American Arts Technical Resource Center","30172"
"2006-09-30T00:00:00.000","Serie Project, Inc.","30425"
"2006-09-30T00:00:00.000","Center for Women & Their Work / Diverse Arts (also Harold McMillan)","31000"
"2006-09-30T00:00:00.000","Creative Opportunity Orchestra, Inc.","31000"
"2006-09-30T00:00:00.000","Sharir + Bustamante Danceworks","32566"
"2006-09-30T00:00:00.000","Refraction Arts Project","33000"
"2006-09-30T00:00:00.000","Dance Umbrella","34000"
"2006-09-30T00:00:00.000","Cine Las Americas","35000"
"2006-09-30T00:00:00.000","Johnson/Long Dance Company","37329"
"2006-09-30T00:00:00.000","Hyde Park Theatre","39000"
"2006-09-30T00:00:00.000","Zilker Theatre Productions","39000"
"2006-09-30T00:00:00.000","Salvage Vanguard Theatre","39797"
"2006-09-30T00:00:00.000","La Peña","40721"
"2006-09-30T00:00:00.000","Progressive Arts Collective","45000"
"2006-09-30T00:00:00.000","Writer's League of Texas","45000"
"2006-09-30T00:00:00.000","Teatro Humanidad Cansada","48095"
"2006-09-30T00:00:00.000","Art Spark Texas","50000"
"2006-09-30T00:00:00.000","Austin Creative Alliance","50413"
"2006-09-30T00:00:00.000","Austin Shakespeare Festival","51292"
"2006-09-30T00:00:00.000","Rude Mechanicals - A Theatre Collective","53447"
"2006-09-30T00:00:00.000","Austin Playhouse","57858"
"2006-09-30T00:00:00.000","Texas Folklife Resources","59814"
"2006-09-30T00:00:00.000","Visions in Rhythm aka Tapestry Dance Company","64000"
"2006-09-30T00:00:00.000","Austin Chamber Music Center, Inc.","66000"
"2006-09-30T00:00:00.000","Center For Women & Their Work","69000"
"2006-09-30T00:00:00.000","Conspirare, Inc.","70000"
"2006-09-30T00:00:00.000","Austin Theatre Alliance (formerly Paramount Theatre and State Theatre)","78000"
"2006-09-30T00:00:00.000","Mexic-Arte Museum","78000"
"2006-09-30T00:00:00.000","Arthouse at the Jones Center (merged into AMOA during FY2012)","80000"
"2006-09-30T00:00:00.000","Austin Children's Museum DBA Thinkery","83000"
"2006-09-30T00:00:00.000","The Contemporary Austin Museum Inc","83000"
"2006-09-30T00:00:00.000","Zachary Scott Theatre Center","83000"
"2006-09-30T00:00:00.000","Austin Lyric Opera dba Austin Opera","88000"
"2006-09-30T00:00:00.000","Film Society of Austin, Inc.","88000"
"2006-09-30T00:00:00.000","One World","92000"
"2006-09-30T00:00:00.000","Austin Symphony Orchestra Society, Inc.","94000"
"2006-09-30T00:00:00.000","Ballet Austin, Inc.","100000"
"2007-09-30T00:00:00.000","Salvage Vanguard Theater/Trouble Puppet Company","1500"
"2007-09-30T00:00:00.000","Center for Women & Their Work / Nancy Schiesari","1650"
"2007-09-30T00:00:00.000","Texas Juggling Society","1966"
"2007-09-30T00:00:00.000","Austin Young Artists Concert","2610"
"2007-09-30T00:00:00.000","La Peña/ David Gutierrez","3000"
"2007-09-30T00:00:00.000","Center for Women & Their Work / Shay Ishii Dance Company","3100"
"2007-09-30T00:00:00.000","Austin New Music Corporation (Co-op)","3555"
"2007-09-30T00:00:00.000","Center for Women & Their Work / Museum of Ephemerate","3600"
"2007-09-30T00:00:00.000","Salvage Vanguard Theater/The Dionysium","3600"
"2007-09-30T00:00:00.000","Ballet East Dance Company/ Up Rise Productions","3800"
"2007-09-30T00:00:00.000","Salvage Vanguard Theater/Gnap! Theater Projects","3880"
"2007-09-30T00:00:00.000","Refraction Arts Project/ St. Idiot Collective","4100"
"2007-09-30T00:00:00.000","Aienla Project","4113"
"2007-09-30T00:00:00.000","Austin Visual Arts Association/ Tim Pipe","4310"
"2007-09-30T00:00:00.000","Austin Poets International, Inc./ Barbara Youngblood Carr","4365"
"2007-09-30T00:00:00.000","Austin Creative Alliance / John Ashe Corry","4400"
"2007-09-30T00:00:00.000","Austin Creative Alliance / Shrewd Production","4400"
"2007-09-30T00:00:00.000","Public Access Community Television, Inc./ Pam Thompson","4400"
"2007-09-30T00:00:00.000","Austin Civic Wind Ensemble","4450"
"2007-09-30T00:00:00.000","Capitol View Arts","4500"
"2007-09-30T00:00:00.000","Center for Women & Their Work / Yellow Tape Construction Co.","4500"
"2007-09-30T00:00:00.000","Texas Youth Word Collective","4500"
"2007-09-30T00:00:00.000","La Follia Austin Baroque","4600"
"2007-09-30T00:00:00.000","Writer's League of Texas","4600"
"2007-09-30T00:00:00.000","Writer's League of Texas/Shia Shabazz","4600"
"2007-09-30T00:00:00.000","Shady Tree Studios","4700"
"2007-09-30T00:00:00.000","Center for Women & Their Work / Women Printmakers of Austin","4805"
"2007-09-30T00:00:00.000","American Repertory Ensemble","4900"
"2007-09-30T00:00:00.000","Center for Women & Their Work / Bennie Klain aka Trickster Films, LLC","4900"
"2007-09-30T00:00:00.000","Austin Gay & Lesbian International Film Festival (aGLIFF)","5000"
"2007-09-30T00:00:00.000","Tips on Art","5300"
"2007-09-30T00:00:00.000","Austin Creative Alliance / Bernadette Nason the Storyteller","5400"
"2007-09-30T00:00:00.000","Golden Hornet Project, Inc.","5400"
"2007-09-30T00:00:00.000","Tutto Theatre Company","5481"
"2007-09-30T00:00:00.000","The NonProfit Center/Gin Daniel","5830"
"2007-09-30T00:00:00.000","Allison Orr Dance Inc. aka Forklift Dance Works","5884"
"2007-09-30T00:00:00.000","Save Barton Creek Association/ Bill Oliver","6115"
"2007-09-30T00:00:00.000","Austin Chamber Ensemble","6263"
"2007-09-30T00:00:00.000","African American Arts Technical Resource Center/ Bolm Studios","6300"
"2007-09-30T00:00:00.000","Spank Dance Company","6480"
"2007-09-30T00:00:00.000","The Violet Crown Players, Inc.","6505"
"2007-09-30T00:00:00.000","Texas Early Music Project","6600"
"2007-09-30T00:00:00.000","Ballet East Dance Company/ Proyecto Teatro","6703"
"2007-09-30T00:00:00.000","Performance Encounters","6750"
"2007-09-30T00:00:00.000","Austin Visual Arts Association/ Dr. Christopher Adejumo","6850"
"2007-09-30T00:00:00.000","Texas Music Museum","6923"
"2007-09-30T00:00:00.000","COLLIDE/ Epistrophy Arts","7175"
"2007-09-30T00:00:00.000","Center for Women & Their Work / Michele Owens-Pearce","7200"
"2007-09-30T00:00:00.000","Teatro Vivo","7219"
"2007-09-30T00:00:00.000","Austin Gay & Lesbian International Film Festival/ Best Kept Secret","7246"
"2007-09-30T00:00:00.000","Chamber Music Austin","7500"
"2007-09-30T00:00:00.000","Mexic-Arte Museum/ Robert Rodriguez","8000"
"2007-09-30T00:00:00.000","Center for Maximum Potential Building Systems, Inc./ Peter Struble","8291"
"2007-09-30T00:00:00.000","Vortex Repertory Company/Lorella Loftus","9000"
"2007-09-30T00:00:00.000","Red Salmon Arts/ Daniel Llanes","9500"
"2007-09-30T00:00:00.000","Austin Poets International, Inc./ Austin International Poetry Festival","9687"
"2007-09-30T00:00:00.000","The Rhizome Collective","9736"
"2007-09-30T00:00:00.000","Austin Creative Alliance / Tongue & Groove Theatre","9849"
"2007-09-30T00:00:00.000","Austin Dance Ensemble","9900"
"2007-09-30T00:00:00.000","Film Society of Austin, Inc./ Anne Lewis","9900"
"2007-09-30T00:00:00.000","Asian American Community Partnership","10000"
"2007-09-30T00:00:00.000","Austin Children's Choir","10000"
"2007-09-30T00:00:00.000","Badgerdog Literary Publishing","10000"
"2007-09-30T00:00:00.000","Ballet East Dance Company/ Melissa Villarreal","10000"
"2007-09-30T00:00:00.000","Russian Speakers Society","10000"
"2007-09-30T00:00:00.000","Indian Classical Music Circle of Austin","10490"
"2007-09-30T00:00:00.000","Celtic Cultural Center of Texas","10511"
"2007-09-30T00:00:00.000","Second Youth","10789"
"2007-09-30T00:00:00.000","Conservatory Dance Theatre dba The Austin City Ballet","11000"
"2007-09-30T00:00:00.000","Mexic-Arte Museum/ Johnny Degollado (AKA Austin Conjunto Festival)","11469"
"2007-09-30T00:00:00.000","Cine Las Americas/ Youth Liberation Network","11648"
"2007-09-30T00:00:00.000","Latinas Unidas Por el Arte (LUPE Arte)/Austin Latino Theatre Alliance","11916"
"2007-09-30T00:00:00.000","Capital City Men's Chorus","12222"
"2007-09-30T00:00:00.000","Vortex Repertory Company/Ethos AKA Chad Salvata","12430"
"2007-09-30T00:00:00.000","Austin Symphonic Band","12500"
"2007-09-30T00:00:00.000","Borderlands Texas Poetry aka Texas Poetry Review (also Ramona Cearley)","12968"
"2007-09-30T00:00:00.000","Different Stages, Inc.","13967"
"2007-09-30T00:00:00.000","River City Pops","14000"
"2007-09-30T00:00:00.000","Classical Guitar Alive","14052"
"2007-09-30T00:00:00.000","Texas Nafas","14533"
"2007-09-30T00:00:00.000","Austin Civic Orchestra Society","15000"
"2007-09-30T00:00:00.000","Ariel Dance Theatre","15989"
"2007-09-30T00:00:00.000","Chamber Soloists of Austin, Inc.","16502"
"2007-09-30T00:00:00.000","Pollyanna Theatre Company","16778"
"2007-09-30T00:00:00.000","Media Arts & Literacy Institute","18000"
"2007-09-30T00:00:00.000","Austin Celtic Association, Inc.","18588"
"2007-09-30T00:00:00.000","Imagine Art, Inc.","18725"
"2007-09-30T00:00:00.000","Kathy Dunn Hamrick Dance Co.","18812"
"2007-09-30T00:00:00.000","Gilbert & Sullivan Society of Austin, Texas, Inc.","19000"
"2007-09-30T00:00:00.000","Wax Track Gallery International","19000"
"2007-09-30T00:00:00.000","Great Promise for American Indians, Inc.","20000"
"2007-09-30T00:00:00.000","Austin Visual Arts Association","20941"
"2007-09-30T00:00:00.000","Austin Latino/a Lesbian & Gay Organization AKA allgo","21000"
"2007-09-30T00:00:00.000","International Cinematexas Short Film Festival","21000"
"2007-09-30T00:00:00.000","Red Salmon Arts","22480"
"2007-09-30T00:00:00.000","Chorus Austin","22500"
"2007-09-30T00:00:00.000","Texas Democracy Foundation","22500"
"2007-09-30T00:00:00.000","Austin Script Works aka Austin Scriptworks","22942"
"2007-09-30T00:00:00.000","Austin Area Art from the Streets","23505"
"2007-09-30T00:00:00.000","Texas Education Broadcasting Co-Operative, Inc. (KOOP RADIO 91.7FM)","24000"
"2007-09-30T00:00:00.000","Texas Folklife Resources/ Welcome Home Productions","24500"
"2007-09-30T00:00:00.000","Reel Women","24578"
"2007-09-30T00:00:00.000","Center for Women & Their Work / Diverse Arts (also Harold McMillan)","25000"
"2007-09-30T00:00:00.000","Blue Lapis Light, Inc.","25498"
"2007-09-30T00:00:00.000","Ballet East Dance Company","26306"
"2007-09-30T00:00:00.000","Roy Lozano's Ballet Folklorico de Texas","27000"
"2007-09-30T00:00:00.000","Austin Music Foundation","28500"
"2007-09-30T00:00:00.000","Sharir + Bustamante Danceworks","29309"
"2007-09-30T00:00:00.000","Austin Jazz Workshop, Inc.","30000"
"2007-09-30T00:00:00.000","Academia (Aztlan) De Danza Y Folklore","32000"
"2007-09-30T00:00:00.000","Refraction Arts Project","32000"
"2007-09-30T00:00:00.000","African American Arts Technical Resource Center","33000"
"2007-09-30T00:00:00.000","Serie Project, Inc.","33000"
"2007-09-30T00:00:00.000","Johnson/Long Dance Company","33596"
"2007-09-30T00:00:00.000","Dance Umbrella","34000"
"2007-09-30T00:00:00.000","Austin Classical Guitar","35000"
"2007-09-30T00:00:00.000","Austin Federation of Musicians","35000"
"2007-09-30T00:00:00.000","Creative Opportunity Orchestra, Inc.","37000"
"2007-09-30T00:00:00.000","La Peña","38000"
"2007-09-30T00:00:00.000","Progressive Arts Collective","40500"
"2007-09-30T00:00:00.000","Teatro Humanidad Cansada","43286"
"2007-09-30T00:00:00.000","Motion Media Arts Center aka The Austin School of Film","44000"
"2007-09-30T00:00:00.000","Cine Las Americas","45853"
"2007-09-30T00:00:00.000","Vortex Repertory Company","47000"
"2007-09-30T00:00:00.000","Austin Film Festival, Inc.","50000"
"2007-09-30T00:00:00.000","Salvage Vanguard Theatre","50000"
"2007-09-30T00:00:00.000","Zilker Theatre Productions","50000"
"2007-09-30T00:00:00.000","Hyde Park Theatre","54000"
"2007-09-30T00:00:00.000","Creative Action","55000"
"2007-09-30T00:00:00.000","Austin Shakespeare Festival","63000"
"2007-09-30T00:00:00.000","Texas Folklife Resources","63000"
"2007-09-30T00:00:00.000","Rude Mechanicals - A Theatre Collective","68537"
"2007-09-30T00:00:00.000","Austin Creative Alliance","69000"
"2007-09-30T00:00:00.000","Art Spark Texas","73000"
"2007-09-30T00:00:00.000","Austin Chamber Music Center, Inc.","73000"
"2007-09-30T00:00:00.000","Austin Playhouse","73000"
"2007-09-30T00:00:00.000","Center For Women & Their Work","73000"
"2007-09-30T00:00:00.000","Mexic-Arte Museum","86000"
"2007-09-30T00:00:00.000","Conspirare, Inc.","94000"
"2007-09-30T00:00:00.000","Arthouse at the Jones Center (merged into AMOA during FY2012)","100000"
"2007-09-30T00:00:00.000","Film Society of Austin, Inc.","107000"
"2007-09-30T00:00:00.000","Austin Children's Museum DBA Thinkery","111000"
"2007-09-30T00:00:00.000","One World","115000"
"2007-09-30T00:00:00.000","Zachary Scott Theatre Center","120000"
"2007-09-30T00:00:00.000","Austin Theatre Alliance (formerly Paramount Theatre and State Theatre)","121000"
"2007-09-30T00:00:00.000","The Contemporary Austin Museum Inc","121000"
"2007-09-30T00:00:00.000","Austin Lyric Opera dba Austin Opera","140000"
"2008-09-30T00:00:00.000","Salvage Vanguard Theater/Trouble Puppet Company","1500"
"2008-09-30T00:00:00.000","Texas Juggling Society","2179"
"2008-09-30T00:00:00.000","Austin Scottish Rite Community & Childrens's Theatre (formerly Scottish Rite Children's Theatre and formerly Austin Scottish Rite Co.)","3000"
"2008-09-30T00:00:00.000","Austin Young Artists Concert","3000"
"2008-09-30T00:00:00.000","La Peña/ David Gutierrez","3000"
"2008-09-30T00:00:00.000","Austin Chinese Choir Inc.","3250"
"2008-09-30T00:00:00.000","Austin New Music Corporation (Co-op)","3555"
"2008-09-30T00:00:00.000","Center for Women & Their Work / Museum of Ephemerate","3600"
"2008-09-30T00:00:00.000","Salvage Vanguard Theater/The Dionysium","3600"
"2008-09-30T00:00:00.000","Center for Mexican American Cultural Arts, Inc.","3861"
"2008-09-30T00:00:00.000","Center for Women & Their Work / Shay Ishii Dance Company","4050"
"2008-09-30T00:00:00.000","Ballet East Dance Company/ Up Rise Productions","4083"
"2008-09-30T00:00:00.000","Aienla Project","4113"
"2008-09-30T00:00:00.000","Austin Poets International, Inc./ Barbara Youngblood Carr","4365"
"2008-09-30T00:00:00.000","Buzz Production","4400"
"2008-09-30T00:00:00.000","Center for Women and Their Work / Project Abundant Life","4500"
"2008-09-30T00:00:00.000","Progressive Arts Collective/ Sight Ain't Seeing Productions","4500"
"2008-09-30T00:00:00.000","Austin Visual Arts Association/ Rama Tirumalachar","4550"
"2008-09-30T00:00:00.000","Austin Visual Arts Association/ Songwriters Series Internet TV Series","4550"
"2008-09-30T00:00:00.000","Refraction Arts Project/ St. Idiot Collective","4550"
"2008-09-30T00:00:00.000","Austin Civic Wind Ensemble","4600"
"2008-09-30T00:00:00.000","Austin Singers, Inc.","4600"
"2008-09-30T00:00:00.000","Austin Creative Alliance / John Ashe Corry","4700"
"2008-09-30T00:00:00.000","Austin Creative Alliance / Shrewd Production","4700"
"2008-09-30T00:00:00.000","Austin Summer Musical for Children","4750"
"2008-09-30T00:00:00.000","Capitol View Arts","4750"
"2008-09-30T00:00:00.000","Texas Youth Word Collective","4750"
"2008-09-30T00:00:00.000","Imagine Art, Inc./ Debbie Boyd Kizer aka Storybook Studio","4800"
"2008-09-30T00:00:00.000","La Follia Austin Baroque","4800"
"2008-09-30T00:00:00.000","Writer's League of Texas/Shia Shabazz","4800"
"2008-09-30T00:00:00.000","Austin Latino Music Association","4850"
"2008-09-30T00:00:00.000","Imagine Art, Inc./ Mindy Moore","4850"
"2008-09-30T00:00:00.000","Shady Tree Studios","4850"
"2008-09-30T00:00:00.000","Center for No Idea","4900"
"2008-09-30T00:00:00.000","Hyde Park Theatre/ Capital T Theatre","4900"
"2008-09-30T00:00:00.000","Public Access Community Television, Inc. aka Public Access Community Television","4900"
"2008-09-30T00:00:00.000","Southwest Key Programs/ Xenogia Spoken Word Collective","4900"
"2008-09-30T00:00:00.000","American Repertory Ensemble","4950"
"2008-09-30T00:00:00.000","Center for Women & Their Work / Bennie Klain aka Trickster Films, LLC","4950"
"2008-09-30T00:00:00.000","Austin Gay & Lesbian International Film Festival (aGLIFF)","5000"
"2008-09-30T00:00:00.000","Film Society of Austin, Inc./ Karen Skloss","5000"
"2008-09-30T00:00:00.000","First Frontier Collage Society","5000"
"2008-09-30T00:00:00.000","Writer's League of Texas/Writer's at Work","5000"
"2008-09-30T00:00:00.000","Tips on Art","5300"
"2008-09-30T00:00:00.000","Austin Creative Alliance / Bernadette Nason the Storyteller","5400"
"2008-09-30T00:00:00.000","Mexic-Arte Museum/ Kenneth W. Jones","5400"
"2008-09-30T00:00:00.000","Austin Visual Arts Association/ Tim Pipe","5455"
"2008-09-30T00:00:00.000","Center for Women & Their Work / Women Printmakers of Austin","5663"
"2008-09-30T00:00:00.000","The NonProfit Center/Gin Daniel","5830"
"2008-09-30T00:00:00.000","Austin Museum of Digital Art","5976"
"2008-09-30T00:00:00.000","Center for Women & Their Work / Nancy Schiesari","5981"
"2008-09-30T00:00:00.000","The Violet Crown Players, Inc.","6505"
"2008-09-30T00:00:00.000","Texas Early Music Project","6600"
"2008-09-30T00:00:00.000","Ballet East Dance Company/ Proyecto Teatro","6703"
"2008-09-30T00:00:00.000","Performance Encounters","6750"
"2008-09-30T00:00:00.000","Austin Chamber Ensemble","7022"
"2008-09-30T00:00:00.000","Texas Music Museum","7047"
"2008-09-30T00:00:00.000","COLLIDE/ Epistrophy Arts","7175"
"2008-09-30T00:00:00.000","African American Arts Technical Resource Center/ Bolm Studios","7382"
"2008-09-30T00:00:00.000","Chamber Music Austin","7500"
"2008-09-30T00:00:00.000","Spank Dance Company","7500"
"2008-09-30T00:00:00.000","Golden Hornet Project, Inc.","7949"
"2008-09-30T00:00:00.000","Center for Women & Their Work / Michele Owens-Pearce","8000"
"2008-09-30T00:00:00.000","Salvage Vanguard Theater/Gnap! Theater Projects","8050"
"2008-09-30T00:00:00.000","One World/ Mohammad Firoozi","8423"
"2008-09-30T00:00:00.000","One World/ Emily Dedear","8500"
"2008-09-30T00:00:00.000","Vortex Repertory Company/Lorella Loftus","9000"
"2008-09-30T00:00:00.000","Imagine Art, Inc./ Theron Parker-ABC ASL","9250"
"2008-09-30T00:00:00.000","Save Barton Creek Association/ Bill Oliver","9373"
"2008-09-30T00:00:00.000","The Rhizome Collective","9736"
"2008-09-30T00:00:00.000","One World/ Sabrina Barker","9750"
"2008-09-30T00:00:00.000","Austin Visual Arts Association/ Dr. Christopher Adejumo","9868"
"2008-09-30T00:00:00.000","Allison Orr Dance Inc. aka Forklift Dance Works","9884"
"2008-09-30T00:00:00.000","Asian American Community Partnership","10000"
"2008-09-30T00:00:00.000","Badgerdog Literary Publishing","10000"
"2008-09-30T00:00:00.000","Ballet East Dance Company/ Melissa Villarreal","10000"
"2008-09-30T00:00:00.000","Center for Maximum Potential Building Systems, Inc./ Peter Struble","10000"
"2008-09-30T00:00:00.000","Moving Image Arts & Education","10000"
"2008-09-30T00:00:00.000","Russian Speakers Society","10000"
"2008-09-30T00:00:00.000","Austin Creative Alliance / Tongue & Groove Theatre","10472"
"2008-09-30T00:00:00.000","One World/ Oliver Rajamani","10637"
"2008-09-30T00:00:00.000","Second Youth","10789"
"2008-09-30T00:00:00.000","Austin Poets International, Inc./ Austin International Poetry Festival","10850"
"2008-09-30T00:00:00.000","One World/ Sergey Vashchenko","11000"
"2008-09-30T00:00:00.000","Indian Classical Music Circle of Austin","11058"
"2008-09-30T00:00:00.000","Dance International","11250"
"2008-09-30T00:00:00.000","Mexic-Arte Museum/ Robert Rodriguez","11500"
"2008-09-30T00:00:00.000","Red Salmon Arts/ Daniel Llanes","11550"
"2008-09-30T00:00:00.000","Cine Las Americas/ Youth Liberation Network","11648"
"2008-09-30T00:00:00.000","Mexic-Arte Museum/ Johnny Degollado (AKA Austin Conjunto Festival)","11830"
"2008-09-30T00:00:00.000","Center for Women & Their Work / Amie Maciszewski","11843"
"2008-09-30T00:00:00.000","Latinas Unidas Por el Arte (LUPE Arte)/Austin Latino Theatre Alliance","11916"
"2008-09-30T00:00:00.000","Salon Concerts, Inc.","12000"
"2008-09-30T00:00:00.000","Teatro Vivo","12031"
"2008-09-30T00:00:00.000","Tutto Theatre Company","12076"
"2008-09-30T00:00:00.000","Capital City Men's Chorus","12222"
"2008-09-30T00:00:00.000","Vortex Repertory Company/Ethos AKA Chad Salvata","12430"
"2008-09-30T00:00:00.000","Borderlands Texas Poetry aka Texas Poetry Review (also Ramona Cearley)","12968"
"2008-09-30T00:00:00.000","Austin Creative Alliance / Anuradha Naimpally","13250"
"2008-09-30T00:00:00.000","Austin Creative Alliance / Bob Livingston","13750"
"2008-09-30T00:00:00.000","Film Society of Austin, Inc./ Anne Lewis","14250"
"2008-09-30T00:00:00.000","Austin Dance Ensemble","14750"
"2008-09-30T00:00:00.000","One World/ Nada Stearns","14750"
"2008-09-30T00:00:00.000","Austin Civic Orchestra Society","15000"
"2008-09-30T00:00:00.000","Austin Symphonic Band","15000"
"2008-09-30T00:00:00.000","Inside Out Steelband","15000"
"2008-09-30T00:00:00.000","River City Pops","15000"
"2008-09-30T00:00:00.000","Outreach Productions","15855"
"2008-09-30T00:00:00.000","Texas Nafas","15999"
"2008-09-30T00:00:00.000","Ariel Dance Theatre","16527"
"2008-09-30T00:00:00.000","Chamber Soloists of Austin, Inc.","16606"
"2008-09-30T00:00:00.000","Classical Guitar Alive","16621"
"2008-09-30T00:00:00.000","Celtic Cultural Center of Texas","17064"
"2008-09-30T00:00:00.000","Anthropos Arts","17425"
"2008-09-30T00:00:00.000","Different Stages, Inc.","17665"
"2008-09-30T00:00:00.000","Pollyanna Theatre Company","18874"
"2008-09-30T00:00:00.000","Art Spark Texas/ Accessible Arts School Outreach","19163"
"2008-09-30T00:00:00.000","Kathy Dunn Hamrick Dance Co.","20122"
"2008-09-30T00:00:00.000","Conservatory Dance Theatre dba The Austin City Ballet","20500"
"2008-09-30T00:00:00.000","Imagine Art, Inc.","20641"
"2008-09-30T00:00:00.000","Media Arts & Literacy Institute","21500"
"2008-09-30T00:00:00.000","Gilbert & Sullivan Society of Austin, Texas, Inc.","22000"
"2008-09-30T00:00:00.000","Indigenous Women's Network","22000"
"2008-09-30T00:00:00.000","Wax Track Gallery International","22000"
"2008-09-30T00:00:00.000","Red Salmon Arts","22480"
"2008-09-30T00:00:00.000","Great Promise for American Indians, Inc.","22500"
"2008-09-30T00:00:00.000","Austin Script Works aka Austin Scriptworks","22942"
"2008-09-30T00:00:00.000","Austin Area Art from the Streets","23000"
"2008-09-30T00:00:00.000","Austin Latino/a Lesbian & Gay Organization AKA allgo","23000"
"2008-09-30T00:00:00.000","Austin Visual Arts Association","23000"
"2008-09-30T00:00:00.000","Latinas Unidas Por el Arte (LUPE Arte)","23000"
"2008-09-30T00:00:00.000","Austin Celtic Association, Inc.","23713"
"2008-09-30T00:00:00.000","Chorus Austin","23750"
"2008-09-30T00:00:00.000","Texas Democracy Foundation","23750"
"2008-09-30T00:00:00.000","Texas Education Broadcasting Co-Operative, Inc. (KOOP RADIO 91.7FM)","24500"
"2008-09-30T00:00:00.000","Texas Folklife Resources/ Welcome Home Productions","24500"
"2008-09-30T00:00:00.000","Reel Women","24578"
"2008-09-30T00:00:00.000","Austin Revitalization Authority/ DiverseArts Culture Works","25000"
"2008-09-30T00:00:00.000","Center for Women & Their Work / Diverse Arts (also Harold McMillan)","25000"
"2008-09-30T00:00:00.000","Knowbility, Inc.","25000"
"2008-09-30T00:00:00.000","Leadership Enrichment Arts Program","26915"
"2008-09-30T00:00:00.000","Puerto Rican Folkloric Dance, Inc.","29634"
"2008-09-30T00:00:00.000","A. Mozart Fest","30000"
"2008-09-30T00:00:00.000","Roy Lozano's Ballet Folklorico de Texas","30000"
"2008-09-30T00:00:00.000","Ballet East Dance Company","33092"
"2008-09-30T00:00:00.000","Johnson/Long Dance Company","33596"
"2008-09-30T00:00:00.000","Academia (Aztlan) De Danza Y Folklore","35000"
"2008-09-30T00:00:00.000","Austin Classical Guitar","35000"
"2008-09-30T00:00:00.000","Austin Federation of Musicians","35000"
"2008-09-30T00:00:00.000","Refraction Arts Project","35000"
"2008-09-30T00:00:00.000","Serie Project, Inc.","35851"
"2008-09-30T00:00:00.000","African American Arts Technical Resource Center","36000"
"2008-09-30T00:00:00.000","Blue Lapis Light, Inc.","39000"
"2008-09-30T00:00:00.000","Austin Jazz Workshop, Inc.","40000"
"2008-09-30T00:00:00.000","Creative Opportunity Orchestra, Inc.","40000"
"2008-09-30T00:00:00.000","Dance Umbrella","40000"
"2008-09-30T00:00:00.000","Austin Music Foundation","40682"
"2008-09-30T00:00:00.000","Teatro Humanidad Cansada","43286"
"2008-09-30T00:00:00.000","La Peña","44000"
"2008-09-30T00:00:00.000","Cine Las Americas","49617"
"2008-09-30T00:00:00.000","Austin Film Festival, Inc.","50000"
"2008-09-30T00:00:00.000","Zilker Theatre Productions","50000"
"2008-09-30T00:00:00.000","Progressive Arts Collective","53000"
"2008-09-30T00:00:00.000","Vortex Repertory Company","53000"
"2008-09-30T00:00:00.000","Hyde Park Theatre","54000"
"2008-09-30T00:00:00.000","Creative Action","55000"
"2008-09-30T00:00:00.000","Motion Media Arts Center aka The Austin School of Film","57500"
"2008-09-30T00:00:00.000","Austin Shakespeare Festival","63000"
"2008-09-30T00:00:00.000","Texas Folklife Resources","63000"
"2008-09-30T00:00:00.000","Austin Creative Alliance","69000"
"2008-09-30T00:00:00.000","Writer's League of Texas","69000"
"2008-09-30T00:00:00.000","Rude Mechanicals - A Theatre Collective","71042"
"2008-09-30T00:00:00.000","Salvage Vanguard Theatre","72809"
"2008-09-30T00:00:00.000","Art Spark Texas","73000"
"2008-09-30T00:00:00.000","Austin Chamber Music Center, Inc.","73000"
"2008-09-30T00:00:00.000","Austin Playhouse","73000"
"2008-09-30T00:00:00.000","Center For Women & Their Work","73000"
"2008-09-30T00:00:00.000","Visions in Rhythm aka Tapestry Dance Company","73000"
"2008-09-30T00:00:00.000","Mexic-Arte Museum","111000"
"2008-09-30T00:00:00.000","Austin Lyric Opera dba Austin Opera","115000"
"2008-09-30T00:00:00.000","Conspirare, Inc.","119000"
"2008-09-30T00:00:00.000","Zachary Scott Theatre Center","120000"
"2008-09-30T00:00:00.000","Arthouse at the Jones Center (merged into AMOA during FY2012)","125000"
"2008-09-30T00:00:00.000","Film Society of Austin, Inc.","132000"
"2008-09-30T00:00:00.000","Austin Children's Museum DBA Thinkery","136000"
"2008-09-30T00:00:00.000","One World","140000"
"2008-09-30T00:00:00.000","Austin Theatre Alliance (formerly Paramount Theatre and State Theatre)","146000"
"2008-09-30T00:00:00.000","The Contemporary Austin Museum Inc","146000"
"2008-09-30T00:00:00.000","Austin Symphony Orchestra Society, Inc.","148000"
"2008-09-30T00:00:00.000","Ballet Austin, Inc.","150000"
"2009-09-30T00:00:00.000","Austin Poets International, Inc./ Barbara Youngblood Carr","1000"
"2009-09-30T00:00:00.000","La Peña/ David Gutierrez","1000"
"2009-09-30T00:00:00.000","Texas Juggling Society","2050"
"2009-09-30T00:00:00.000","Austin Young Artists Concert","2250"
"2009-09-30T00:00:00.000","Center for Women & Their Work / Shay Ishii Dance Company","2250"
"2009-09-30T00:00:00.000","Center for No Idea","2434"
"2009-09-30T00:00:00.000","Austin Civic Wind Ensemble","3250"
"2009-09-30T00:00:00.000","Center for Women & Their Work / Museum of Ephemerate","3250"
"2009-09-30T00:00:00.000","Progressive Arts Collective/ Sight Ain't Seeing Productions","3250"
"2009-09-30T00:00:00.000","Austin Community Foundation/ Beth Ferguson","3289"
"2009-09-30T00:00:00.000","Austin New Music Corporation (Co-op)","3495"
"2009-09-30T00:00:00.000","Austin Chinese Choir Inc.","3506"
"2009-09-30T00:00:00.000","Texas Education Broadcasting Co-Operative, Inc. (KOOP RADIO 91.7FM)/ Gilka W. Cespedes","3650"
"2009-09-30T00:00:00.000","Austin Creative Alliance / Screen Door Film","3713"
"2009-09-30T00:00:00.000","La Follia Austin Baroque","3763"
"2009-09-30T00:00:00.000","Austin Classical Ballet","4000"
"2009-09-30T00:00:00.000","Austin Creative Alliance / John Ashe Corry","4000"
"2009-09-30T00:00:00.000","Austin Film Festival, Inc./ Stephen Belyeu","4000"
"2009-09-30T00:00:00.000","Center for Women & Their Work / Generic Ensemble Company","4250"
"2009-09-30T00:00:00.000","Austin Creative Alliance / Austin Children's Theater","4300"
"2009-09-30T00:00:00.000","Austin Creative Alliance / Austin Improv Collective","4300"
"2009-09-30T00:00:00.000","Austin Creative Alliance / The City Theatre Company","4350"
"2009-09-30T00:00:00.000","Refraction Arts Project/ POPWORKS Cooperative","4350"
"2009-09-30T00:00:00.000","Austin Visual Arts Association/ Rama Tirumalachar","4450"
"2009-09-30T00:00:00.000","Musical Connection","4450"
"2009-09-30T00:00:00.000","Salvage Vanguard Theater/Church of the Friendly Ghost","4450"
"2009-09-30T00:00:00.000","Tapestry Singers","4450"
"2009-09-30T00:00:00.000","Center for Women and Their Work / Project Abundant Life","4500"
"2009-09-30T00:00:00.000","Chaddick Dance Company","4550"
"2009-09-30T00:00:00.000","Vortex Repertory Company/Electronic Planet Ensemble","4550"
"2009-09-30T00:00:00.000","Hyde Park Theatre/ DA! Theatre Collective","4650"
"2009-09-30T00:00:00.000","One World/ Sevylla del Mazo","4750"
"2009-09-30T00:00:00.000","African American Arts Technical Resource Center/ Charles Medearis","4800"
"2009-09-30T00:00:00.000","Mobile Film School, Inc.","4800"
"2009-09-30T00:00:00.000","Aienla Project","4841"
"2009-09-30T00:00:00.000","Austin Creative Alliance / Rubber Repertory","4850"
"2009-09-30T00:00:00.000","COLLIDE/ Epistrophy Arts","4856"
"2009-09-30T00:00:00.000","Austin Green Art","4900"
"2009-09-30T00:00:00.000","Performance Encounters","4903"
"2009-09-30T00:00:00.000","The Arc of the Capital Area","5000"
"2009-09-30T00:00:00.000","Vortex Repertory Company/Rob Nash","5000"
"2009-09-30T00:00:00.000","Center for Women & Their Work / Women Printmakers of Austin","5250"
"2009-09-30T00:00:00.000","Austin Latino Music Association","5338"
"2009-09-30T00:00:00.000","Austin Creative Alliance / Bernadette Nason the Storyteller","5400"
"2009-09-30T00:00:00.000","Salvage Vanguard Theater/Trouble Puppet Company","5582"
"2009-09-30T00:00:00.000","Texas Youth Word Collective","5877"
"2009-09-30T00:00:00.000","Capitol View Arts","6000"
"2009-09-30T00:00:00.000","Texas Music Museum","6232"
"2009-09-30T00:00:00.000","Vortex Repertory Company/Ethos AKA Chad Salvata","6283"
"2009-09-30T00:00:00.000","Austin Visual Arts Association/ Tim Pipe","6375"
"2009-09-30T00:00:00.000","Austin Chamber Ensemble","6424"
"2009-09-30T00:00:00.000","Austin Singers, Inc.","6750"
"2009-09-30T00:00:00.000","One World/ Austin Bike Zoo","6899"
"2009-09-30T00:00:00.000","Center for Women & Their Work / Michele Owens-Pearce","7000"
"2009-09-30T00:00:00.000","The Violet Crown Players, Inc.","7064"
"2009-09-30T00:00:00.000","Austin Museum of Digital Art","7828"
"2009-09-30T00:00:00.000","Hyde Park Theatre/ Capital T Theatre","7980"
"2009-09-30T00:00:00.000","Spank Dance Company","8103"
"2009-09-30T00:00:00.000","Ballet East Dance Company/ Up Rise Productions","8203"
"2009-09-30T00:00:00.000","Center for Women & Their Work / Nancy Schiesari","8250"
"2009-09-30T00:00:00.000","Chamber Music Austin","8500"
"2009-09-30T00:00:00.000","Imagine Art, Inc./ Mindy Moore","8650"
"2009-09-30T00:00:00.000","Salvage Vanguard Theater/Gnap! Theater Projects","8745"
"2009-09-30T00:00:00.000","Austin Poets International, Inc./ Austin International Poetry Festival","8750"
"2009-09-30T00:00:00.000","Ballet East Dance Company/ Melissa Villarreal","8750"
"2009-09-30T00:00:00.000","Vortex Repertory Company/Lorella Loftus","9073"
"2009-09-30T00:00:00.000","Austin Creative Alliance / Shrewd Production","9299"
"2009-09-30T00:00:00.000","Mexic-Arte Museum/ Robert Rodriguez","9750"
"2009-09-30T00:00:00.000","One World/ Sergey Vashchenko","9855"
"2009-09-30T00:00:00.000","Golden Hornet Project, Inc.","9980"
"2009-09-30T00:00:00.000","Austin Creative Alliance / Cosmic Intuition Productions","10000"
"2009-09-30T00:00:00.000","Center for Women & Their Work / Amie Maciszewski","10000"
"2009-09-30T00:00:00.000","Southwest Key Programs/ Xenogia Spoken Word Collective","10369"
"2009-09-30T00:00:00.000","Red Salmon Arts/ Daniel Llanes","10500"
"2009-09-30T00:00:00.000","Mexic-Arte Museum/ Johnny Degollado (AKA Austin Conjunto Festival)","10860"
"2009-09-30T00:00:00.000","Austin Creative Alliance / Tongue & Groove Theatre","10904"
"2009-09-30T00:00:00.000","Austin Visual Arts Association/ Dr. Christopher Adejumo","11014"
"2009-09-30T00:00:00.000","Latinas Unidas Por el Arte (LUPE Arte)/Austin Latino Theatre Alliance","11083"
"2009-09-30T00:00:00.000","Save Barton Creek Association/ Bill Oliver","11250"
"2009-09-30T00:00:00.000","Tips on Art","11425"
"2009-09-30T00:00:00.000","Austin Summer Musical for Children","11821"
"2009-09-30T00:00:00.000","One World/ Mohammad Firoozi","11912"
"2009-09-30T00:00:00.000","Borderlands Texas Poetry aka Texas Poetry Review (also Ramona Cearley)","12000"
"2009-09-30T00:00:00.000","One World/ Emily Dedear","12500"
"2009-09-30T00:00:00.000","Ballet East Dance Company/ Proyecto Teatro","12896"
"2009-09-30T00:00:00.000","Capital City Men's Chorus","12949"
"2009-09-30T00:00:00.000","Indian Classical Music Circle of Austin","12950"
"2009-09-30T00:00:00.000","One World/ Nada Stearns","13250"
"2009-09-30T00:00:00.000","One World/ Sabrina Barker","13250"
"2009-09-30T00:00:00.000","Wax Track Gallery International","13250"
"2009-09-30T00:00:00.000","Ariel Dance Theatre","13316"
"2009-09-30T00:00:00.000","Austin Creative Alliance / Anuradha Naimpally","13500"
"2009-09-30T00:00:00.000","Austin Symphonic Band","13500"
"2009-09-30T00:00:00.000","Inside Out Steelband","13500"
"2009-09-30T00:00:00.000","Salon Concerts, Inc.","13500"
"2009-09-30T00:00:00.000","Center for Women & Their Work / Bennie Klain aka Trickster Films, LLC","13750"
"2009-09-30T00:00:00.000","River City Pops","13750"
"2009-09-30T00:00:00.000","Lannaya aka Lannaya West African Drum and Dance Ensemble","13791"
"2009-09-30T00:00:00.000","Film Society of Austin, Inc./ Karen Skloss","14000"
"2009-09-30T00:00:00.000","One World/ Oliver Rajamani","14000"
"2009-09-30T00:00:00.000","Allison Orr Dance Inc. aka Forklift Dance Works","14131"
"2009-09-30T00:00:00.000","Austin Creative Alliance / Bob Livingston","14250"
"2009-09-30T00:00:00.000","Austin Poetry Slam","14250"
"2009-09-30T00:00:00.000","Dance International","14492"
"2009-09-30T00:00:00.000","Film Society of Austin, Inc./ Anne Lewis","14500"
"2009-09-30T00:00:00.000","Imagine Art, Inc./ Theron Parker-ABC ASL","14500"
"2009-09-30T00:00:00.000","India Fine Arts","15341"
"2009-09-30T00:00:00.000","Big Medium/ Cantanker Magazine","15385"
"2009-09-30T00:00:00.000","Classical Guitar Alive","16500"
"2009-09-30T00:00:00.000","Outreach Productions","16750"
"2009-09-30T00:00:00.000","Teatro Vivo","16831"
"2009-09-30T00:00:00.000","Moving Image Arts & Education","16942"
"2009-09-30T00:00:00.000","Anthropos Arts","17241"
"2009-09-30T00:00:00.000","Chamber Soloists of Austin, Inc.","17384"
"2009-09-30T00:00:00.000","Texas Early Music Project","17710"
"2009-09-30T00:00:00.000","Tutto Theatre Company","17861"
"2009-09-30T00:00:00.000","Celtic Cultural Center of Texas","18032"
"2009-09-30T00:00:00.000","Austin Civic Orchestra Society","18566"
"2009-09-30T00:00:00.000","Reel Women","18699"
"2009-09-30T00:00:00.000","Academia (Aztlan) De Danza Y Folklore","18934"
"2009-09-30T00:00:00.000","La Peña","36600"
"2009-09-30T00:00:00.000","Gilbert & Sullivan Society of Austin, Texas, Inc.","20500"
"2009-09-30T00:00:00.000","Different Stages, Inc.","20543"
"2009-09-30T00:00:00.000","Kathy Dunn Hamrick Dance Co.","20654"
"2009-09-30T00:00:00.000","Conservatory Dance Theatre dba The Austin City Ballet","21500"
"2009-09-30T00:00:00.000","Austin Script Works aka Austin Scriptworks","21670"
"2009-09-30T00:00:00.000","Austin Latino/a Lesbian & Gay Organization AKA allgo","23159"
"2009-09-30T00:00:00.000","Indigenous Women's Network","23159"
"2009-09-30T00:00:00.000","Great Promise for American Indians, Inc.","23865"
"2009-09-30T00:00:00.000","American Repertory Ensemble","24000"
"2009-09-30T00:00:00.000","Austin Gay & Lesbian International Film Festival (aGLIFF)","24000"
"2009-09-30T00:00:00.000","Texas Nafas","24000"
"2009-09-30T00:00:00.000","Texas Democracy Foundation","24211"
"2009-09-30T00:00:00.000","Red Salmon Arts","24304"
"2009-09-30T00:00:00.000","Texas Education Broadcasting Co-Operative, Inc. (KOOP RADIO 91.7FM)","24474"
"2009-09-30T00:00:00.000","Austin Area Art from the Streets","24750"
"2009-09-30T00:00:00.000","Austin Children's Choir","24750"
"2009-09-30T00:00:00.000","Art Spark Texas/ Accessible Arts School Outreach","25000"
"2009-09-30T00:00:00.000","Knowbility, Inc.","25000"
"2009-09-30T00:00:00.000","Latinas Unidas Por el Arte (LUPE Arte)","27098"
"2009-09-30T00:00:00.000","Big Medium","28022"
"2009-09-30T00:00:00.000","Creative Arts Austin Organization","28166"
"2009-09-30T00:00:00.000","Leadership Enrichment Arts Program","29225"
"2009-09-30T00:00:00.000","Roy Lozano's Ballet Folklorico de Texas","29225"
"2009-09-30T00:00:00.000","African American Arts Technical Resource Center","29250"
"2009-09-30T00:00:00.000","Austin Revitalization Authority/ DiverseArts Culture Works","29750"
"2009-09-30T00:00:00.000","Imagine Art, Inc.","30800"
"2009-09-30T00:00:00.000","Austin Visual Arts Association","30986"
"2009-09-30T00:00:00.000","Refraction Arts Project","31325"
"2009-09-30T00:00:00.000","Serie Project, Inc.","31452"
"2009-09-30T00:00:00.000","Pollyanna Theatre Company","32900"
"2009-09-30T00:00:00.000","Puerto Rican Folkloric Dance, Inc.","32900"
"2009-09-30T00:00:00.000","Shady Tree Studios","34826"
"2009-09-30T00:00:00.000","Ballet East Dance Company","35550"
"2009-09-30T00:00:00.000","Austin Celtic Association, Inc.","37472"
"2009-09-30T00:00:00.000","Chorus Austin","38700"
"2009-09-30T00:00:00.000","Teatro Humanidad Cansada","38700"
"2009-09-30T00:00:00.000","Austin Jazz Workshop, Inc.","43205"
"2009-09-30T00:00:00.000","Creative Opportunity Orchestra, Inc.","46755"
"2009-09-30T00:00:00.000","Austin Music Foundation","48150"
"2009-09-30T00:00:00.000","Vortex Repertory Company","54814"
"2009-09-30T00:00:00.000","Zilker Theatre Productions","55550"
"2009-09-30T00:00:00.000","Austin Creative Alliance","56100"
"2009-09-30T00:00:00.000","Dance Umbrella","57125"
"2009-09-30T00:00:00.000","Austin Shakespeare Festival","58700"
"2009-09-30T00:00:00.000","Cine Las Americas","60275"
"2009-09-30T00:00:00.000","Austin Playhouse","60300"
"2009-09-30T00:00:00.000","Progressive Arts Collective","62400"
"2009-09-30T00:00:00.000","Writer's League of Texas","62400"
"2009-09-30T00:00:00.000","Hyde Park Theatre","63084"
"2009-09-30T00:00:00.000","Blue Lapis Light, Inc.","64500"
"2009-09-30T00:00:00.000","Motion Media Arts Center aka The Austin School of Film","64500"
"2009-09-30T00:00:00.000","Salvage Vanguard Theatre","64500"
"2009-09-30T00:00:00.000","Austin Chamber Music Center, Inc.","66600"
"2009-09-30T00:00:00.000","Austin Classical Guitar","67900"
"2009-09-30T00:00:00.000","Badgerdog Literary Publishing","67900"
"2009-09-30T00:00:00.000","Center For Women & Their Work","68700"
"2009-09-30T00:00:00.000","Texas Folklife Resources","68700"
"2009-09-30T00:00:00.000","Art Spark Texas","70800"
"2009-09-30T00:00:00.000","Creative Action","72900"
"2009-09-30T00:00:00.000","Visions in Rhythm aka Tapestry Dance Company","72900"
"2009-09-30T00:00:00.000","Rude Mechanicals - A Theatre Collective","75000"
"2009-09-30T00:00:00.000","Arthouse at the Jones Center (merged into AMOA during FY2012)","108200"
"2009-09-30T00:00:00.000","Conspirare, Inc.","108200"
"2009-09-30T00:00:00.000","Mexic-Arte Museum","120800"
"2009-09-30T00:00:00.000","Austin Film Festival, Inc.","125000"
"2009-09-30T00:00:00.000","Austin Children's Museum DBA Thinkery","129000"
"2009-09-30T00:00:00.000","One World","131100"
"2009-09-30T00:00:00.000","The Contemporary Austin Museum Inc","131100"
"2009-09-30T00:00:00.000","Film Society of Austin, Inc.","143700"
"2009-09-30T00:00:00.000","Greater Austin Performing Arts Center, Inc. dba Long Center for Performing Arts","145800"
"2009-09-30T00:00:00.000","Austin Lyric Opera dba Austin Opera","147900"
"2009-09-30T00:00:00.000","Austin Symphony Orchestra Society, Inc.","147900"
"2009-09-30T00:00:00.000","Zachary Scott Theatre Center","147900"
"2009-09-30T00:00:00.000","Austin Theatre Alliance (formerly Paramount Theatre and State Theatre)","150000"
"2009-09-30T00:00:00.000","Ballet Austin, Inc.","150000"
"2010-09-30T00:00:00.000","Austin Poets International, Inc./ Barbara Youngblood Carr","1000"
"2010-09-30T00:00:00.000","Salvage Vanguard Theater/Trouble Puppet Company","1615"
"2010-09-30T00:00:00.000","Texas Juggling Society","1845"
"2010-09-30T00:00:00.000","Austin Young Artists Concert","2025"
"2010-09-30T00:00:00.000","Center for Women & Their Work / Shay Ishii Dance Company","2025"
"2010-09-30T00:00:00.000","Center for No Idea","2191"
"2010-09-30T00:00:00.000","Center for Maximum Potential Building Systems, Inc./ Peter Struble","2500"
"2010-09-30T00:00:00.000","Austin Civic Wind Ensemble","2925"
"2010-09-30T00:00:00.000","Center for Women & Their Work / Museum of Ephemerate","2925"
"2010-09-30T00:00:00.000","Progressive Arts Collective/ Sight Ain't Seeing Productions","2925"
"2010-09-30T00:00:00.000","Austin Community Foundation/ Beth Ferguson","2960"
"2010-09-30T00:00:00.000","Austin New Music Corporation (Co-op)","3146"
"2010-09-30T00:00:00.000","Austin Creative Alliance / Screen Door Film","3342"
"2010-09-30T00:00:00.000","La Follia Austin Baroque","3387"
"2010-09-30T00:00:00.000","Austin Creative Alliance / Bernadette Nason the Storyteller","3400"
"2010-09-30T00:00:00.000","Center for Mexican American Cultural Arts, Inc.","3500"
"2010-09-30T00:00:00.000","Austin Classical Ballet","3600"
"2010-09-30T00:00:00.000","Austin Creative Alliance / John Ashe Corry","3600"
"2010-09-30T00:00:00.000","Austin Creative Alliance / Balcones Community Orchestra","3750"
"2010-09-30T00:00:00.000","Russian Speakers Society","3750"
"2010-09-30T00:00:00.000","Center for Women & Their Work / Generic Ensemble Company","3825"
"2010-09-30T00:00:00.000","Austin Creative Alliance / Austin Children's Theater","3870"
"2010-09-30T00:00:00.000","Austin Creative Alliance / Austin Improv Collective","3870"
"2010-09-30T00:00:00.000","Austin Creative Alliance / The City Theatre Company","3915"
"2010-09-30T00:00:00.000","Panoramic Voices","3950"
"2010-09-30T00:00:00.000","Austin Creative Alliance / Debutantes & Vagabonds","4000"
"2010-09-30T00:00:00.000","Center for Women & Their Work / Natalie Marlena Goodnow","4000"
"2010-09-30T00:00:00.000","Austin Visual Arts Association/ Rama Tirumalachar","4005"
"2010-09-30T00:00:00.000","Musical Connection","4005"
"2010-09-30T00:00:00.000","Salvage Vanguard Theater/Church of the Friendly Ghost","4005"
"2010-09-30T00:00:00.000","Tapestry Singers","4005"
"2010-09-30T00:00:00.000","Center for Women & Their Work / Art of the Pot","4050"
"2010-09-30T00:00:00.000","Second Youth","4050"
"2010-09-30T00:00:00.000","Chaddick Dance Company","4095"
"2010-09-30T00:00:00.000","Vortex Repertory Company/Electronic Planet Ensemble","4095"
"2010-09-30T00:00:00.000","Hyde Park Theatre/ DA! Theatre Collective","4185"
"2010-09-30T00:00:00.000","Art Spark Texas/ Gene Rodgers","4200"
"2010-09-30T00:00:00.000","Folklore y Ritmos de Panama","4200"
"2010-09-30T00:00:00.000","Geppeto Dreams Puppet Company","4200"
"2010-09-30T00:00:00.000","Vortex Repertory Company/Texas Artists' Cultural Alliance","4250"
"2010-09-30T00:00:00.000","One World/ Sevylla del Mazo","4275"
"2010-09-30T00:00:00.000","KidsActing Foundtion","4300"
"2010-09-30T00:00:00.000","Public Access Community Television, Inc. aka Public Access Community Television","4300"
"2010-09-30T00:00:00.000","African American Arts Technical Resource Center/ Charles Medearis","4320"
"2010-09-30T00:00:00.000","Mobile Film School, Inc.","4320"
"2010-09-30T00:00:00.000","Film Society of Austin, Inc./ PJ Raval","4350"
"2010-09-30T00:00:00.000","Aienla Project","4357"
"2010-09-30T00:00:00.000","COLLIDE/ Epistrophy Arts","4370"
"2010-09-30T00:00:00.000","African American Arts Technical Resource Center/ Roy Ruiz","4400"
"2010-09-30T00:00:00.000","Asian American Community Partnership","4400"
"2010-09-30T00:00:00.000","Film Society of Austin, Inc./ Heather Courtney","4400"
"2010-09-30T00:00:00.000","Mobile Art Program","4400"
"2010-09-30T00:00:00.000","Austin Green Art","4410"
"2010-09-30T00:00:00.000","Performance Encounters","4413"
"2010-09-30T00:00:00.000","Austin Community SteelBand","4500"
"2010-09-30T00:00:00.000","Out of Bounds Comedy","4500"
"2010-09-30T00:00:00.000","The Arc of the Capital Area","4500"
"2010-09-30T00:00:00.000","Vortex Repertory Company/Rob Nash","4500"
"2010-09-30T00:00:00.000","Center for Women & Their Work / Women Printmakers of Austin","4725"
"2010-09-30T00:00:00.000","Austin Latino Music Association","4804"
"2010-09-30T00:00:00.000","Texas Youth Word Collective","5289"
"2010-09-30T00:00:00.000","Capitol View Arts","5400"
"2010-09-30T00:00:00.000","Vortex Repertory Company/Ethos AKA Chad Salvata","5655"
"2010-09-30T00:00:00.000","Austin Visual Arts Association/ Tim Pipe","5736"
"2010-09-30T00:00:00.000","Tips on Art","5758"
"2010-09-30T00:00:00.000","Austin Chamber Ensemble","5782"
"2010-09-30T00:00:00.000","Austin Singers, Inc.","6075"
"2010-09-30T00:00:00.000","One World/ Austin Bike Zoo","6209"
"2010-09-30T00:00:00.000","Texas Music Museum","6232"
"2010-09-30T00:00:00.000","Center for Women & Their Work / Michele Owens-Pearce","6300"
"2010-09-30T00:00:00.000","Austin Museum of Digital Art","7045"
"2010-09-30T00:00:00.000","Hyde Park Theatre/ Capital T Theatre","7182"
"2010-09-30T00:00:00.000","Spank Dance Company","7293"
"2010-09-30T00:00:00.000","Ballet East Dance Company/ Up Rise Productions","7383"
"2010-09-30T00:00:00.000","Big Medium/ Cantanker Magazine","7475"
"2010-09-30T00:00:00.000","Chamber Music Austin","7650"
"2010-09-30T00:00:00.000","Imagine Art, Inc./ Mindy Moore","7785"
"2010-09-30T00:00:00.000","Salvage Vanguard Theater/Gnap! Theater Projects","7871"
"2010-09-30T00:00:00.000","Austin Poets International, Inc./ Austin International Poetry Festival","7875"
"2010-09-30T00:00:00.000","Ballet East Dance Company/ Melissa Villarreal","7875"
"2010-09-30T00:00:00.000","Vortex Repertory Company/Lorella Loftus","8166"
"2010-09-30T00:00:00.000","Austin Summer Musical for Children","8168"
"2010-09-30T00:00:00.000","Golden Hornet Project, Inc.","8353"
"2010-09-30T00:00:00.000","Austin Creative Alliance / Shrewd Production","8369"
"2010-09-30T00:00:00.000","Mexic-Arte Museum/ Robert Rodriguez","8775"
"2010-09-30T00:00:00.000","One World/ Sergey Vashchenko","8870"
"2010-09-30T00:00:00.000","Center for Women & Their Work / Amie Maciszewski","9000"
"2010-09-30T00:00:00.000","Dance International","9000"
"2010-09-30T00:00:00.000","Reel Women","12915"
"2010-09-30T00:00:00.000","Southwest Key Programs/ Xenogia Spoken Word Collective","9332"
"2010-09-30T00:00:00.000","Mexic-Arte Museum/ Johnny Degollado (AKA Austin Conjunto Festival)","9368"
"2010-09-30T00:00:00.000","Ariel Dance Theatre","9381"
"2010-09-30T00:00:00.000","Red Salmon Arts/ Daniel Llanes","9450"
"2010-09-30T00:00:00.000","Austin Creative Alliance / Tongue & Groove Theatre","9814"
"2010-09-30T00:00:00.000","Borderlands Texas Poetry aka Texas Poetry Review (also Ramona Cearley)","9844"
"2010-09-30T00:00:00.000","Lannaya aka Lannaya West African Drum and Dance Ensemble","9884"
"2010-09-30T00:00:00.000","Austin Visual Arts Association/ Dr. Christopher Adejumo","9913"
"2010-09-30T00:00:00.000","Latinas Unidas Por el Arte (LUPE Arte)/Austin Latino Theatre Alliance","9975"
"2010-09-30T00:00:00.000","Save Barton Creek Association/ Bill Oliver","10125"
"2010-09-30T00:00:00.000","One World/ Mohammad Firoozi","10721"
"2010-09-30T00:00:00.000","One World/ Emily Dedear","11250"
"2010-09-30T00:00:00.000","Ballet East Dance Company/ Proyecto Teatro","11606"
"2010-09-30T00:00:00.000","Capital City Men's Chorus","11654"
"2010-09-30T00:00:00.000","Texas Nafas","11752"
"2010-09-30T00:00:00.000","One World/ Nada Stearns","11925"
"2010-09-30T00:00:00.000","One World/ Sabrina Barker","11925"
"2010-09-30T00:00:00.000","River City Pops","11925"
"2010-09-30T00:00:00.000","Wax Track Gallery International","11925"
"2010-09-30T00:00:00.000","Austin Creative Alliance / Anuradha Naimpally","12150"
"2010-09-30T00:00:00.000","Inside Out Steelband","12150"
"2010-09-30T00:00:00.000","Salon Concerts, Inc.","12150"
"2010-09-30T00:00:00.000","Center for Women & Their Work / Bennie Klain aka Trickster Films, LLC","12375"
"2010-09-30T00:00:00.000","Film Society of Austin, Inc./ Karen Skloss","12600"
"2010-09-30T00:00:00.000","One World/ Oliver Rajamani","12600"
"2010-09-30T00:00:00.000","Austin Creative Alliance / Bob Livingston","12825"
"2010-09-30T00:00:00.000","Indian Classical Music Circle of Austin","12950"
"2010-09-30T00:00:00.000","Film Society of Austin, Inc./ Anne Lewis","13050"
"2010-09-30T00:00:00.000","Imagine Art, Inc./ Theron Parker-ABC ASL","13050"
"2010-09-30T00:00:00.000","Austin Symphonic Band","13500"
"2010-09-30T00:00:00.000","Women in Jazz Association","16424"
"2010-09-30T00:00:00.000","Allison Orr Dance Inc. aka Forklift Dance Works","14131"
"2010-09-30T00:00:00.000","Academia (Aztlan) De Danza Y Folklore","14333"
"2010-09-30T00:00:00.000","American Repertory Ensemble","14333"
"2010-09-30T00:00:00.000","Outreach Productions","15075"
"2010-09-30T00:00:00.000","India Fine Arts","15341"
"2010-09-30T00:00:00.000","Tutto Theatre Company","15518"
"2010-09-30T00:00:00.000","Classical Guitar Alive","16500"
"2010-09-30T00:00:00.000","Teatro Vivo","16831"
"2010-09-30T00:00:00.000","Moving Image Arts & Education","16942"
"2010-09-30T00:00:00.000","Anthropos Arts","17241"
"2010-09-30T00:00:00.000","Chamber Soloists of Austin, Inc.","17384"
"2010-09-30T00:00:00.000","Texas Early Music Project","17710"
"2010-09-30T00:00:00.000","Celtic Cultural Center of Texas","18032"
"2010-09-30T00:00:00.000","Gilbert & Sullivan Society of Austin, Texas, Inc.","18450"
"2010-09-30T00:00:00.000","Austin Civic Orchestra Society","18566"
"2010-09-30T00:00:00.000","Conservatory Dance Theatre dba The Austin City Ballet","19350"
"2010-09-30T00:00:00.000","Different Stages, Inc.","20543"
"2010-09-30T00:00:00.000","Kathy Dunn Hamrick Dance Co.","20654"
"2010-09-30T00:00:00.000","Creative Arts Austin Organization","20823"
"2010-09-30T00:00:00.000","Austin Latino/a Lesbian & Gay Organization AKA allgo","20843"
"2010-09-30T00:00:00.000","Indigenous Women's Network","20843"
"2010-09-30T00:00:00.000","Art Spark Texas/ Accessible Arts School Outreach","20980"
"2010-09-30T00:00:00.000","Great Promise for American Indians, Inc.","21317"
"2010-09-30T00:00:00.000","Austin Gay & Lesbian International Film Festival (aGLIFF)","21600"
"2010-09-30T00:00:00.000","Austin Script Works aka Austin Scriptworks","21670"
"2010-09-30T00:00:00.000","Texas Democracy Foundation","21790"
"2010-09-30T00:00:00.000","Texas Education Broadcasting Co-Operative, Inc. (KOOP RADIO 91.7FM)","22027"
"2010-09-30T00:00:00.000","Austin Children's Choir","22050"
"2010-09-30T00:00:00.000","Austin Area Art from the Streets","22275"
"2010-09-30T00:00:00.000","Knowbility, Inc.","22500"
"2010-09-30T00:00:00.000","Red Salmon Arts","24304"
"2010-09-30T00:00:00.000","Leadership Enrichment Arts Program","24460"
"2010-09-30T00:00:00.000","Big Medium","25220"
"2010-09-30T00:00:00.000","African American Arts Technical Resource Center","26325"
"2010-09-30T00:00:00.000","Austin Revitalization Authority/ DiverseArts Culture Works","26775"
"2010-09-30T00:00:00.000","Latinas Unidas Por el Arte (LUPE Arte)","27098"
"2010-09-30T00:00:00.000","Austin Visual Arts Association","27887"
"2010-09-30T00:00:00.000","Shady Tree Studios","28215"
"2010-09-30T00:00:00.000","Roy Lozano's Ballet Folklorico de Texas","29225"
"2010-09-30T00:00:00.000","Pollyanna Theatre Company","29610"
"2010-09-30T00:00:00.000","Puerto Rican Folkloric Dance, Inc.","29610"
"2010-09-30T00:00:00.000","Imagine Art, Inc.","30800"
"2010-09-30T00:00:00.000","Refraction Arts Project","31325"
"2010-09-30T00:00:00.000","Serie Project, Inc.","31452"
"2010-09-30T00:00:00.000","Ballet East Dance Company","31995"
"2010-09-30T00:00:00.000","Teatro Humanidad Cansada","32837"
"2010-09-30T00:00:00.000","La Peña","32940"
"2010-09-30T00:00:00.000","Dance Umbrella","35775"
"2010-09-30T00:00:00.000","Austin Jazz Workshop, Inc.","36731"
"2010-09-30T00:00:00.000","Austin Celtic Association, Inc.","37472"
"2010-09-30T00:00:00.000","Chorus Austin","38700"
"2010-09-30T00:00:00.000","Creative Opportunity Orchestra, Inc.","41647"
"2010-09-30T00:00:00.000","Austin Music Foundation","48150"
"2010-09-30T00:00:00.000","Zilker Theatre Productions","49995"
"2010-09-30T00:00:00.000","Austin Creative Alliance","50490"
"2010-09-30T00:00:00.000","Progressive Arts Collective","51413"
"2010-09-30T00:00:00.000","Austin Shakespeare Festival","52830"
"2010-09-30T00:00:00.000","Cine Las Americas","54248"
"2010-09-30T00:00:00.000","Austin Playhouse","54270"
"2010-09-30T00:00:00.000","Vortex Repertory Company","54814"
"2010-09-30T00:00:00.000","Writer's League of Texas","56160"
"2010-09-30T00:00:00.000","Blue Lapis Light, Inc.","58050"
"2010-09-30T00:00:00.000","Motion Media Arts Center aka The Austin School of Film","58050"
"2010-09-30T00:00:00.000","Salvage Vanguard Theatre","58050"
"2010-09-30T00:00:00.000","Austin Fine Arts Alliance, Inc. AKA Art Alliance Austin","58500"
"2010-09-30T00:00:00.000","One World","58500"
"2010-09-30T00:00:00.000","Austin Chamber Music Center, Inc.","59940"
"2010-09-30T00:00:00.000","Austin Classical Guitar","61110"
"2010-09-30T00:00:00.000","Badgerdog Literary Publishing","61110"
"2010-09-30T00:00:00.000","Center For Women & Their Work","61830"
"2010-09-30T00:00:00.000","Texas Folklife Resources","61830"
"2010-09-30T00:00:00.000","Hyde Park Theatre","63084"
"2010-09-30T00:00:00.000","Art Spark Texas","63720"
"2010-09-30T00:00:00.000","Creative Action","65610"
"2010-09-30T00:00:00.000","Visions in Rhythm aka Tapestry Dance Company","65610"
"2010-09-30T00:00:00.000","Rude Mechanicals - A Theatre Collective","67500"
"2010-09-30T00:00:00.000","Arthouse at the Jones Center (merged into AMOA during FY2012)","91970"
"2010-09-30T00:00:00.000","Mexic-Arte Museum","102680"
"2010-09-30T00:00:00.000","Austin Film Festival, Inc.","106250"
"2010-09-30T00:00:00.000","Conspirare, Inc.","108200"
"2010-09-30T00:00:00.000","Austin Children's Museum DBA Thinkery","109650"
"2010-09-30T00:00:00.000","The Contemporary Austin Museum Inc","111435"
"2010-09-30T00:00:00.000","Film Society of Austin, Inc.","122145"
"2010-09-30T00:00:00.000","Greater Austin Performing Arts Center, Inc. dba Long Center for Performing Arts","123930"
"2010-09-30T00:00:00.000","Austin Lyric Opera dba Austin Opera","125715"
"2010-09-30T00:00:00.000","Austin Symphony Orchestra Society, Inc.","125715"
"2010-09-30T00:00:00.000","Zachary Scott Theatre Center","125715"
"2010-09-30T00:00:00.000","Austin Theatre Alliance (formerly Paramount Theatre and State Theatre)","127500"
"2010-09-30T00:00:00.000","Ballet Austin, Inc.","127500"
"2011-09-30T00:00:00.000","Art Spark Texas/ Gene Rodgers","1000"
"2011-09-30T00:00:00.000","Austin Classical Ballet","1000"
"2011-09-30T00:00:00.000","Austin Creative Alliance / Cambiare Production","1000"
"2011-09-30T00:00:00.000","Austin Creative Alliance / Ready/Set/Go!","1000"
"2011-09-30T00:00:00.000","Austin Creative Alliance / Texas Comedies","1000"
"2011-09-30T00:00:00.000","Buzz Production","1000"
"2011-09-30T00:00:00.000","Shady Tree Studios/ Bridget Quinn","1000"
"2011-09-30T00:00:00.000","Tapestry Singers","1000"
"2011-09-30T00:00:00.000","Texas Juggling Society","1000"
"2011-09-30T00:00:00.000","Chamber Music Austin","1500"
"2011-09-30T00:00:00.000","Austin Creative Alliance / Debutantes & Vagabonds","1594"
"2011-09-30T00:00:00.000","Salvage Vanguard Theater/Trouble Puppet Company","1615"
"2011-09-30T00:00:00.000","Center for Mexican American Cultural Arts, Inc.","1733"
"2011-09-30T00:00:00.000","Austin Creative Alliance / The Baron's Men","1844"
"2011-09-30T00:00:00.000","Austin Chinese Choir Inc.","1850"
"2011-09-30T00:00:00.000","Center for Women & Their Work / Shay Ishii Dance Company","2025"
"2011-09-30T00:00:00.000","Austin Creative Alliance / Breaking String Theater Co. aka Graham Schmidt","2100"
"2011-09-30T00:00:00.000","Conspire Theater","2100"
"2011-09-30T00:00:00.000","Center for No Idea","2191"
"2011-09-30T00:00:00.000","La Fenice","2400"
"2011-09-30T00:00:00.000","Musical Connection","2400"
"2011-09-30T00:00:00.000","Project Clay Play","2500"
"2011-09-30T00:00:00.000","Austin Creative Alliance / Austin Improv Collective","2600"
"2011-09-30T00:00:00.000","Co-Lab Projects","2800"
"2011-09-30T00:00:00.000","Center for Women & Their Work / Rino Pizzi","2913"
"2011-09-30T00:00:00.000","Austin Community Foundation/ Beth Ferguson","2960"
"2011-09-30T00:00:00.000","Austin Creative Alliance / Bernadette Nason the Storyteller","3060"
"2011-09-30T00:00:00.000","Chaddick Dance Company","3100"
"2011-09-30T00:00:00.000","Cherrywood Urban Landscape and Arts league","3100"
"2011-09-30T00:00:00.000","Girls Rock Austin","3100"
"2011-09-30T00:00:00.000","Austin New Music Corporation (Co-op)","3146"
"2011-09-30T00:00:00.000","Austin Singers, Inc.","3150"
"2011-09-30T00:00:00.000","First Night Austin","3300"
"2011-09-30T00:00:00.000","Austin Creative Alliance / Screen Door Film","3342"
"2011-09-30T00:00:00.000","La Follia Austin Baroque","3387"
"2011-09-30T00:00:00.000","Austin Creative Alliance / Paper Chairs","3400"
"2011-09-30T00:00:00.000","South Austin Museum of Popular Culture","3700"
"2011-09-30T00:00:00.000","Folklore y Ritmos de Panama","3600"
"2011-09-30T00:00:00.000","One World/ Austin Troubadours","3600"
"2011-09-30T00:00:00.000","Film Society of Austin, Inc./ Karen Kocher","3750"
"2011-09-30T00:00:00.000","Russian Speakers Society","3750"
"2011-09-30T00:00:00.000","Austin Film Festival, Inc./ Andrew Shea","3800"
"2011-09-30T00:00:00.000","Center for Women & Their Work / Generic Ensemble Company","3825"
"2011-09-30T00:00:00.000","Austin Creative Alliance / Austin Children's Theater","3870"
"2011-09-30T00:00:00.000","Austin Parks Foundation","3900"
"2011-09-30T00:00:00.000","Austin Creative Alliance / The City Theatre Company","3915"
"2011-09-30T00:00:00.000","Panoramic Voices","3950"
"2011-09-30T00:00:00.000","Austin Creative Alliance / Jason Neulander","4000"
"2011-09-30T00:00:00.000","Center for Women & Their Work / Natalie Marlena Goodnow","4000"
"2011-09-30T00:00:00.000","Salvage Vanguard Theater/Church of the Friendly Ghost","4000"
"2011-09-30T00:00:00.000","Texas Youth Word Collective","4000"
"2011-09-30T00:00:00.000","Center for Women & Their Work / Art of the Pot","4050"
"2011-09-30T00:00:00.000","Vortex Repertory Company/Electronic Planet Ensemble","4095"
"2011-09-30T00:00:00.000","Center for Women & Their Work / Wura-Natasha Ogunji","4150"
"2011-09-30T00:00:00.000","One World/ Sevylla del Mazo","4275"
"2011-09-30T00:00:00.000","KidsActing Foundtion","4300"
"2011-09-30T00:00:00.000","Public Access Community Television, Inc. aka Public Access Community Television","4300"
"2011-09-30T00:00:00.000","Mobile Film School, Inc.","4320"
"2011-09-30T00:00:00.000","Film Society of Austin, Inc./ PJ Raval","4350"
"2011-09-30T00:00:00.000","Aienla Project","4357"
"2011-09-30T00:00:00.000","COLLIDE/ Epistrophy Arts","4370"
"2011-09-30T00:00:00.000","African American Arts Technical Resource Center/ Roy Ruiz","4400"
"2011-09-30T00:00:00.000","Lannaya aka Lannaya West African Drum and Dance Ensemble","4400"
"2011-09-30T00:00:00.000","Mobile Art Program","4400"
"2011-09-30T00:00:00.000","Austin Green Art","4410"
"2011-09-30T00:00:00.000","Austin Community SteelBand","4500"
"2011-09-30T00:00:00.000","Out of Bounds Comedy","4500"
"2011-09-30T00:00:00.000","The Arc of the Capital Area","4500"
"2011-09-30T00:00:00.000","Groundwork Music Project","4700"
"2011-09-30T00:00:00.000","Center for Women & Their Work / Women Printmakers of Austin","4725"
"2011-09-30T00:00:00.000","Ballet East Dance Company/ VOICE Dance Company","4730"
"2011-09-30T00:00:00.000","Austin Latino Music Association","4804"
"2011-09-30T00:00:00.000","Austin Creative Alliance / Balcones Community Orchestra","5250"
"2011-09-30T00:00:00.000","Mexic-Arte Museum/ Robert Rodriguez","5350"
"2011-09-30T00:00:00.000","Capitol View Arts","5400"
"2011-09-30T00:00:00.000","Center for Women & Their Work / Nancy Schiesari","5600"
"2011-09-30T00:00:00.000","Vortex Repertory Company/Ethos AKA Chad Salvata","5655"
"2011-09-30T00:00:00.000","Tips on Art","5758"
"2011-09-30T00:00:00.000","Austin Chamber Ensemble","5782"
"2011-09-30T00:00:00.000","Borderlands Texas Poetry aka Texas Poetry Review (also Ramona Cearley)","6200"
"2011-09-30T00:00:00.000","One World/ Austin Bike Zoo","6209"
"2011-09-30T00:00:00.000","Texas Music Museum","6232"
"2011-09-30T00:00:00.000","Imagine Art, Inc./ Mindy Moore","6635"
"2011-09-30T00:00:00.000","Southwest Key Programs/ Xenogia Spoken Word Collective","6950"
"2011-09-30T00:00:00.000","Austin Museum of Digital Art","7045"
"2011-09-30T00:00:00.000","Hyde Park Theatre/ Capital T Theatre","7182"
"2011-09-30T00:00:00.000","Spank Dance Company","7293"
"2011-09-30T00:00:00.000","Ballet East Dance Company/ Up Rise Productions","7383"
"2011-09-30T00:00:00.000","Big Medium/ Cantanker Magazine","7475"
"2011-09-30T00:00:00.000","Austin Creative Alliance / Rubber Repertory","7725"
"2011-09-30T00:00:00.000","Capital Of Texas Public Telecommunications Council AKA KLRU-TX","7725"
"2011-09-30T00:00:00.000","Salvage Vanguard Theater/Gnap! Theater Projects","7871"
"2011-09-30T00:00:00.000","Austin Poets International, Inc./ Austin International Poetry Festival","7875"
"2011-09-30T00:00:00.000","Film Society of Austin, Inc./ Karen Skloss","8150"
"2011-09-30T00:00:00.000","Austin Summer Musical for Children","8168"
"2011-09-30T00:00:00.000","Golden Hornet Project, Inc.","8353"
"2011-09-30T00:00:00.000","Austin Creative Alliance / Shrewd Production","8369"
"2011-09-30T00:00:00.000","Center for Women & Their Work / Amie Maciszewski","8550"
"2011-09-30T00:00:00.000","One World/ Emily Dedear","8550"
"2011-09-30T00:00:00.000","Red Salmon Arts/ Daniel Llanes","8550"
"2011-09-30T00:00:00.000","One World/ Sergey Vashchenko","8870"
"2011-09-30T00:00:00.000","Asian American Community Partnership","9000"
"2011-09-30T00:00:00.000","Austin Creative Alliance / Anuradha Naimpally","9350"
"2011-09-30T00:00:00.000","Imagine Art, Inc./ Theron Parker-ABC ASL","9350"
"2011-09-30T00:00:00.000","Mexic-Arte Museum/ Johnny Degollado (AKA Austin Conjunto Festival)","9368"
"2011-09-30T00:00:00.000","Ariel Dance Theatre","9381"
"2011-09-30T00:00:00.000","Texas Nafas","9400"
"2011-09-30T00:00:00.000","Austin Creative Alliance / Tongue & Groove Theatre","9814"
"2011-09-30T00:00:00.000","Austin Visual Arts Association/ Dr. Christopher Adejumo","9913"
"2011-09-30T00:00:00.000","Latinas Unidas Por el Arte (LUPE Arte)/Austin Latino Theatre Alliance","9975"
"2011-09-30T00:00:00.000","Save Barton Creek Association/ Bill Oliver","10125"
"2011-09-30T00:00:00.000","One World/ Nada Stearns","10550"
"2011-09-30T00:00:00.000","One World/ Mohammad Firoozi","10721"
"2011-09-30T00:00:00.000","Austin Creative Alliance / Bob Livingston","10950"
"2011-09-30T00:00:00.000","Inside Out Steelband","10950"
"2011-09-30T00:00:00.000","One World/ Oliver Rajamani","11350"
"2011-09-30T00:00:00.000","Ballet East Dance Company/ Proyecto Teatro","11606"
"2011-09-30T00:00:00.000","Capital City Men's Chorus","11654"
"2011-09-30T00:00:00.000","Film Society of Austin, Inc./ Anne Lewis","11750"
"2011-09-30T00:00:00.000","Red Salmon Arts","11925"
"2011-09-30T00:00:00.000","River City Pops","11925"
"2011-09-30T00:00:00.000","Wax Track Gallery International","11925"
"2011-09-30T00:00:00.000","Center for Women & Their Work / Bennie Klain aka Trickster Films, LLC","12150"
"2011-09-30T00:00:00.000","Salon Concerts, Inc.","12150"
"2011-09-30T00:00:00.000","Conservatory Dance Theatre dba The Austin City Ballet","12250"
"2011-09-30T00:00:00.000","Reel Women","12915"
"2011-09-30T00:00:00.000","Women in Jazz Association","16424"
"2011-09-30T00:00:00.000","Indian Classical Music Circle of Austin","12950"
"2011-09-30T00:00:00.000","Dance International","13043"
"2011-09-30T00:00:00.000","Austin Symphonic Band","13400"
"2011-09-30T00:00:00.000","Academia (Aztlan) De Danza Y Folklore","14333"
"2011-09-30T00:00:00.000","Indigenous Women's Network","14400"
"2011-09-30T00:00:00.000","Texas Democracy Foundation","14400"
"2011-09-30T00:00:00.000","Austin Civic Orchestra Society","14650"
"2011-09-30T00:00:00.000","India Fine Arts","15050"
"2011-09-30T00:00:00.000","Tutto Theatre Company","15518"
"2011-09-30T00:00:00.000","Classical Guitar Alive","15850"
"2011-09-30T00:00:00.000","Texas Folklife Resources/ Media Foundation","16058"
"2011-09-30T00:00:00.000","Austin Federation of Musicians","16250"
"2011-09-30T00:00:00.000","Gilbert & Sullivan Society of Austin, Texas, Inc.","16650"
"2011-09-30T00:00:00.000","Celtic Cultural Center of Texas","16800"
"2011-09-30T00:00:00.000","Southwest Key Programs","16800"
"2011-09-30T00:00:00.000","Teatro Vivo","16831"
"2011-09-30T00:00:00.000","Moving Image Arts & Education","16942"
"2011-09-30T00:00:00.000","Anthropos Arts","17241"
"2011-09-30T00:00:00.000","Austin Scottish Rite Community & Childrens's Theatre (formerly Scottish Rite Children's Theatre and formerly Austin Scottish Rite Co.)","17450"
"2011-09-30T00:00:00.000","Texas Early Music Project","17710"
"2011-09-30T00:00:00.000","Austin Area Art from the Streets","17850"
"2011-09-30T00:00:00.000","American Repertory Ensemble","18500"
"2011-09-30T00:00:00.000","Austin Children's Choir","18650"
"2011-09-30T00:00:00.000","Kathy Dunn Hamrick Dance Co.","18650"
"2011-09-30T00:00:00.000","Knowbility, Inc.","19600"
"2011-09-30T00:00:00.000","Austin Script Works aka Austin Scriptworks","19850"
"2011-09-30T00:00:00.000","Texas Education Broadcasting Co-Operative, Inc. (KOOP RADIO 91.7FM)","20000"
"2011-09-30T00:00:00.000","Different Stages, Inc.","20543"
"2011-09-30T00:00:00.000","Creative Arts Austin Organization","20823"
"2011-09-30T00:00:00.000","Austin Latino/a Lesbian & Gay Organization AKA allgo","20843"
"2011-09-30T00:00:00.000","Great Promise for American Indians, Inc.","21317"
"2011-09-30T00:00:00.000","Austin Gay & Lesbian International Film Festival (aGLIFF)","21600"
"2011-09-30T00:00:00.000","Leadership Enrichment Arts Program","23100"
"2011-09-30T00:00:00.000","Motion Media Arts Center aka The Austin School of Film","23250"
"2011-09-30T00:00:00.000","Serie Project, Inc.","23500"
"2011-09-30T00:00:00.000","Latinas Unidas Por el Arte (LUPE Arte)","24600"
"2011-09-30T00:00:00.000","La Peña","24750"
"2011-09-30T00:00:00.000","Big Medium","25220"
"2011-09-30T00:00:00.000","Badgerdog Literary Publishing","25750"
"2011-09-30T00:00:00.000","Ballet East Dance Company","26050"
"2011-09-30T00:00:00.000","Austin Revitalization Authority/ DiverseArts Culture Works","26100"
"2011-09-30T00:00:00.000","Puerto Rican Folkloric Dance, Inc.","26100"
"2011-09-30T00:00:00.000","African American Arts Technical Resource Center","26325"
"2011-09-30T00:00:00.000","Austin Visual Arts Association","27877"
"2011-09-30T00:00:00.000","Shady Tree Studios","28215"
"2011-09-30T00:00:00.000","Dance Umbrella","28250"
"2011-09-30T00:00:00.000","Chorus Austin","28950"
"2011-09-30T00:00:00.000","Roy Lozano's Ballet Folklorico de Texas","29225"
"2011-09-30T00:00:00.000","Pollyanna Theatre Company","29610"
"2011-09-30T00:00:00.000","Austin Playhouse","30750"
"2011-09-30T00:00:00.000","Imagine Art, Inc.","30800"
"2011-09-30T00:00:00.000","Media Arts & Literacy Institute","31250"
"2011-09-30T00:00:00.000","Fuse Box Austin","31325"
"2011-09-30T00:00:00.000","Austin Jazz Workshop, Inc.","32550"
"2011-09-30T00:00:00.000","Teatro Humanidad Cansada","32837"
"2011-09-30T00:00:00.000","Writer's League of Texas","33250"
"2011-09-30T00:00:00.000","Austin Celtic Association, Inc.","35450"
"2011-09-30T00:00:00.000","Zilker Theatre Productions","35750"
"2011-09-30T00:00:00.000","Art Spark Texas","38250"
"2011-09-30T00:00:00.000","Austin Chamber Music Center, Inc.","38250"
"2011-09-30T00:00:00.000","Hyde Park Theatre","38250"
"2011-09-30T00:00:00.000","Austin Music Foundation","40650"
"2011-09-30T00:00:00.000","Texas Folklife Resources","40750"
"2011-09-30T00:00:00.000","Progressive Arts Collective","41850"
"2011-09-30T00:00:00.000","Austin Shakespeare Festival","43250"
"2011-09-30T00:00:00.000","Salvage Vanguard Theatre","45750"
"2011-09-30T00:00:00.000","Austin Classical Guitar","48250"
"2011-09-30T00:00:00.000","Austin Fine Arts Alliance, Inc. AKA Art Alliance Austin","48250"
"2011-09-30T00:00:00.000","Rude Mechanicals - A Theatre Collective","48250"
"2011-09-30T00:00:00.000","Vortex Repertory Company","48250"
"2011-09-30T00:00:00.000","Blue Lapis Light, Inc.","49050"
"2011-09-30T00:00:00.000","Center For Women & Their Work","50075"
"2011-09-30T00:00:00.000","Austin Creative Alliance","50490"
"2011-09-30T00:00:00.000","Creative Action","50750"
"2011-09-30T00:00:00.000","Visions in Rhythm aka Tapestry Dance Company","50750"
"2011-09-30T00:00:00.000","Cine Las Americas","54248"
"2011-09-30T00:00:00.000","One World","58500"
"2011-09-30T00:00:00.000","Mexic-Arte Museum","83000"
"2011-09-30T00:00:00.000","Austin Symphony Orchestra Society, Inc.","90000"
"2011-09-30T00:00:00.000","Austin Film Festival, Inc.","90500"
"2011-09-30T00:00:00.000","Arthouse at the Jones Center (merged into AMOA during FY2012)","91970"
"2011-09-30T00:00:00.000","Conspirare, Inc.","95000"
"2011-09-30T00:00:00.000","Austin Children's Museum DBA Thinkery","97500"
"2011-09-30T00:00:00.000","Zachary Scott Theatre Center","97500"
"2011-09-30T00:00:00.000","Austin Lyric Opera dba Austin Opera","102500"
"2011-09-30T00:00:00.000","The Contemporary Austin Museum Inc","102500"
"2011-09-30T00:00:00.000","Austin Theatre Alliance (formerly Paramount Theatre and State Theatre)","110000"
"2011-09-30T00:00:00.000","Ballet Austin, Inc.","110000"
"2011-09-30T00:00:00.000","Film Society of Austin, Inc.","112500"
"2011-09-30T00:00:00.000","Greater Austin Performing Arts Center, Inc. dba Long Center for Performing Arts","112500"
"2012-09-30T00:00:00.000","Austin Creative Alliance / Texas Comedies","1000"
"2012-09-30T00:00:00.000","Buzz Production","1000"
"2012-09-30T00:00:00.000","Tapestry Singers","1000"
"2012-09-30T00:00:00.000","Texas Juggling Society","1000"
"2012-09-30T00:00:00.000","Chamber Music Austin","1500"
"2012-09-30T00:00:00.000","Center for Mexican American Cultural Arts, Inc.","1575"
"2012-09-30T00:00:00.000","Austin Creative Alliance / Ready/Set/Go!","1600"
"2012-09-30T00:00:00.000","Aienla Project","2200"
"2012-09-30T00:00:00.000","Musical Connection","2400"
"2012-09-30T00:00:00.000","Austin Creative Alliance / The Baron's Men","2567"
"2012-09-30T00:00:00.000","Austin Creative Alliance / Austin Improv Collective","2600"
"2012-09-30T00:00:00.000","Austin Creative Alliance / Breaking String Theater Co. aka Graham Schmidt","2600"
"2012-09-30T00:00:00.000","Conspire Theater","2600"
"2012-09-30T00:00:00.000","Shady Tree Studios/ Bridget Quinn","2819"
"2012-09-30T00:00:00.000","La Fenice","2900"
"2012-09-30T00:00:00.000","Project Clay Play","3000"
"2012-09-30T00:00:00.000","Chaddick Dance Company","3100"
"2012-09-30T00:00:00.000","Austin Singers, Inc.","3150"
"2012-09-30T00:00:00.000","Co-Lab Projects","3300"
"2012-09-30T00:00:00.000","Cherrywood Urban Landscape and Arts league","3600"
"2012-09-30T00:00:00.000","Girls Rock Austin","3600"
"2012-09-30T00:00:00.000","Film Society of Austin, Inc./ Karen Kocher","3857"
"2012-09-30T00:00:00.000","Austin Creative Alliance / Paper Chairs","3900"
"2012-09-30T00:00:00.000","Salvage Vanguard Theater/Church of the Friendly Ghost","4000"
"2012-09-30T00:00:00.000","Texas Youth Word Collective","4000"
"2012-09-30T00:00:00.000","One World/ Austin Troubadours","4100"
"2012-09-30T00:00:00.000","Austin Creative Alliance / Screen Door Film","4200"
"2012-09-30T00:00:00.000","South Austin Museum of Popular Culture","4200"
"2012-09-30T00:00:00.000","Austin Film Festival, Inc./ Andrew Shea","4300"
"2012-09-30T00:00:00.000","Center for Women & Their Work / Art of the Pot","4400"
"2012-09-30T00:00:00.000","Lannaya aka Lannaya West African Drum and Dance Ensemble","4400"
"2012-09-30T00:00:00.000","Austin Creative Alliance / Jason Neulander","4500"
"2012-09-30T00:00:00.000","Center for Women & Their Work / Natalie Marlena Goodnow","4516"
"2012-09-30T00:00:00.000","Russian Speakers Society","4800"
"2012-09-30T00:00:00.000","Folklore y Ritmos de Panama","4875"
"2012-09-30T00:00:00.000","Borderlands Texas Poetry aka Texas Poetry Review (also Ramona Cearley)","4900"
"2012-09-30T00:00:00.000","Golden Hornet Project, Inc.","5135"
"2012-09-30T00:00:00.000","Mobile Art Program","5200"
"2012-09-30T00:00:00.000","One World/ Sevylla del Mazo","5220"
"2012-09-30T00:00:00.000","Panoramic Voices","5300"
"2012-09-30T00:00:00.000","Austin New Music Corporation (Co-op)","5421"
"2012-09-30T00:00:00.000","Big Medium/ Cantanker Magazine","5600"
"2012-09-30T00:00:00.000","Center for Women & Their Work / Shay Ishii Dance Company","5969"
"2012-09-30T00:00:00.000","Groundwork Music Project","5975"
"2012-09-30T00:00:00.000","Mexic-Arte Museum/ Robert Rodriguez","6200"
"2012-09-30T00:00:00.000","African American Arts Technical Resource Center/ Roy Ruiz","6250"
"2012-09-30T00:00:00.000","Austin Creative Alliance / The City Theatre Company","6400"
"2012-09-30T00:00:00.000","COLLIDE/ Epistrophy Arts","6453"
"2012-09-30T00:00:00.000","Austin Creative Alliance / Balcones Community Orchestra","6525"
"2012-09-30T00:00:00.000","Ballet East Dance Company/ VOICE Dance Company","6525"
"2012-09-30T00:00:00.000","Texas Folklife Resources/ Media Foundation","6781"
"2012-09-30T00:00:00.000","La Follia Austin Baroque","6800"
"2012-09-30T00:00:00.000","Austin Chamber Ensemble","6839"
"2012-09-30T00:00:00.000","Center for Women & Their Work / Generic Ensemble Company","6859"
"2012-09-30T00:00:00.000","Texas Music Museum","7000"
"2012-09-30T00:00:00.000","Center for Women & Their Work / Women Printmakers of Austin","7500"
"2012-09-30T00:00:00.000","KidsActing Foundtion","7625"
"2012-09-30T00:00:00.000","Austin Latino Music Association","7675"
"2012-09-30T00:00:00.000","Vortex Repertory Company/Electronic Planet Ensemble","7736"
"2012-09-30T00:00:00.000","Austin Creative Alliance / Tongue & Groove Theatre","7800"
"2012-09-30T00:00:00.000","Southwest Key Programs/ Xenogia Spoken Word Collective","7800"
"2012-09-30T00:00:00.000","Austin Museum of Digital Art","8270"
"2012-09-30T00:00:00.000","Ballet East Dance Company/ Up Rise Productions","8446"
"2012-09-30T00:00:00.000","Ballet East Dance Company/ Proyecto Teatro","8469"
"2012-09-30T00:00:00.000","Tips on Art","8504"
"2012-09-30T00:00:00.000","Indian Classical Music Circle of Austin","8550"
"2012-09-30T00:00:00.000","Out of Bounds Comedy","8725"
"2012-09-30T00:00:00.000","Imagine Art, Inc./ Mindy Moore","8864"
"2012-09-30T00:00:00.000","Austin Creative Alliance / Rubber Repertory","9000"
"2012-09-30T00:00:00.000","Capital Of Texas Public Telecommunications Council AKA KLRU-TX","9000"
"2012-09-30T00:00:00.000","Center for Women & Their Work / Asian American Community Partnership","9000"
"2012-09-30T00:00:00.000","Film Society of Austin, Inc./ Karen Skloss","9000"
"2012-09-30T00:00:00.000","Center for Women & Their Work / Amie Maciszewski","9400"
"2012-09-30T00:00:00.000","One World/ Emily Dedear","9400"
"2012-09-30T00:00:00.000","Red Salmon Arts/ Daniel Llanes","9400"
"2012-09-30T00:00:00.000","Spank Dance Company","9447"
"2012-09-30T00:00:00.000","Austin Visual Arts Association/ Dr. Christopher Adejumo","9978"
"2012-09-30T00:00:00.000","Center for Women & Their Work / Jayson Oaks","10000"
"2012-09-30T00:00:00.000","Austin Creative Alliance / Anuradha Naimpally","10200"
"2012-09-30T00:00:00.000","Capitol View Arts","10200"
"2012-09-30T00:00:00.000","Imagine Art, Inc./ Theron Parker-ABC ASL","10200"
"2012-09-30T00:00:00.000","Vortex Repertory Company/Ethos AKA Chad Salvata","10200"
"2012-09-30T00:00:00.000","Austin Creative Alliance / Shrewd Production","10396"
"2012-09-30T00:00:00.000","Austin Poets International, Inc./ Austin International Poetry Festival","10533"
"2012-09-30T00:00:00.000","Austin Summer Musical for Children","10600"
"2012-09-30T00:00:00.000","One World/ Austin Bike Zoo","10750"
"2012-09-30T00:00:00.000","Austin Community Foundation/ Beth Ferguson","11000"
"2012-09-30T00:00:00.000","Texas Nafas","11200"
"2012-09-30T00:00:00.000","One World/ Nada Stearns","11400"
"2012-09-30T00:00:00.000","Capital City Men's Chorus","11556"
"2012-09-30T00:00:00.000","Save Barton Creek Association/ Bill Oliver","11600"
"2012-09-30T00:00:00.000","Austin Creative Alliance / Bob Livingston","11800"
"2012-09-30T00:00:00.000","Inside Out Steelband","11800"
"2012-09-30T00:00:00.000","Mexic-Arte Museum/ Johnny Degollado (AKA Austin Conjunto Festival)","11800"
"2012-09-30T00:00:00.000","One World/ Mohammad Firoozi","11800"
"2012-09-30T00:00:00.000","Salvage Vanguard Theater/Gnap! Theater Projects","11800"
"2012-09-30T00:00:00.000","Wax Track Gallery International","12000"
"2012-09-30T00:00:00.000","Austin Symphonic Band","12200"
"2012-09-30T00:00:00.000","One World/ Oliver Rajamani","12200"
"2012-09-30T00:00:00.000","Public Access Community Television, Inc. aka Public Access Community Television","12294"
"2012-09-30T00:00:00.000","Film Society of Austin, Inc./ Anne Lewis","12600"
"2012-09-30T00:00:00.000","One World/ Sergey Vashchenko","12600"
"2012-09-30T00:00:00.000","River City Pops","12600"
"2012-09-30T00:00:00.000","Center for No Idea","13000"
"2012-09-30T00:00:00.000","Center for Women & Their Work / Bennie Klain aka Trickster Films, LLC","13000"
"2012-09-30T00:00:00.000","Conservatory Dance Theatre dba The Austin City Ballet","14000"
"2012-09-30T00:00:00.000","Red Salmon Arts","14087"
"2012-09-30T00:00:00.000","Texas Democracy Foundation","14400"
"2012-09-30T00:00:00.000","Big Medium","14820"
"2012-09-30T00:00:00.000","Hyde Park Theatre/ Capital T Theatre","15383"
"2012-09-30T00:00:00.000","Austin Civic Orchestra Society","16400"
"2012-09-30T00:00:00.000","Indigenous Women's Network","16400"
"2012-09-30T00:00:00.000","Celtic Cultural Center of Texas","16800"
"2012-09-30T00:00:00.000","India Fine Arts","16800"
"2012-09-30T00:00:00.000","Salon Concerts, Inc.","17200"
"2012-09-30T00:00:00.000","Ariel Dance Theatre","17500"
"2012-09-30T00:00:00.000","Austin Creative Alliance / Austin Children's Theater","17600"
"2012-09-30T00:00:00.000","Classical Guitar Alive","17600"
"2012-09-30T00:00:00.000","Reel Women","17783"
"2012-09-30T00:00:00.000","Austin Federation of Musicians","18000"
"2012-09-30T00:00:00.000","The Arc of the Capital Area","18000"
"2012-09-30T00:00:00.000","Teatro Vivo","18027"
"2012-09-30T00:00:00.000","Gilbert & Sullivan Society of Austin, Texas, Inc.","18400"
"2012-09-30T00:00:00.000","Southwest Key Programs","18800"
"2012-09-30T00:00:00.000","Tutto Theatre Company","18800"
"2012-09-30T00:00:00.000","Academia (Aztlan) De Danza Y Folklore","19179"
"2012-09-30T00:00:00.000","Austin Scottish Rite Community & Childrens's Theatre (formerly Scottish Rite Children's Theatre and formerly Austin Scottish Rite Co.)","19200"
"2012-09-30T00:00:00.000","Austin Area Art from the Streets","19600"
"2012-09-30T00:00:00.000","Dance International","19600"
"2012-09-30T00:00:00.000","Texas Early Music Project","20000"
"2012-09-30T00:00:00.000","Women in Jazz Association","20000"
"2012-09-30T00:00:00.000","Austin Children's Choir","20400"
"2012-09-30T00:00:00.000","Kathy Dunn Hamrick Dance Co.","20400"
"2012-09-30T00:00:00.000","Moving Image Arts & Education","20781"
"2012-09-30T00:00:00.000","Allison Orr Dance Inc. aka Forklift Dance Works","20800"
"2012-09-30T00:00:00.000","Austin Community SteelBand","20800"
"2012-09-30T00:00:00.000","Austin Script Works aka Austin Scriptworks","21600"
"2012-09-30T00:00:00.000","Different Stages, Inc.","21783"
"2012-09-30T00:00:00.000","Texas Education Broadcasting Co-Operative, Inc. (KOOP RADIO 91.7FM)","22000"
"2012-09-30T00:00:00.000","La Peña","23500"
"2012-09-30T00:00:00.000","American Repertory Ensemble","25000"
"2012-09-30T00:00:00.000","Serie Project, Inc.","25500"
"2012-09-30T00:00:00.000","Media Arts & Literacy Institute","26250"
"2012-09-30T00:00:00.000","Latinas Unidas Por el Arte (LUPE Arte)","26293"
"2012-09-30T00:00:00.000","Creative Arts Austin Organization","28137"
"2012-09-30T00:00:00.000","Austin Revitalization Authority/ DiverseArts Culture Works","28577"
"2012-09-30T00:00:00.000","Puerto Rican Folkloric Dance, Inc.","28750"
"2012-09-30T00:00:00.000","Austin Latino/a Lesbian & Gay Organization AKA allgo","29500"
"2012-09-30T00:00:00.000","Ballet East Dance Company","29500"
"2012-09-30T00:00:00.000","Teatro Humanidad Cansada","30250"
"2012-09-30T00:00:00.000","Chorus Austin","30900"
"2012-09-30T00:00:00.000","Dance Umbrella","32100"
"2012-09-30T00:00:00.000","African American Arts Technical Resource Center","33500"
"2012-09-30T00:00:00.000","Leadership Enrichment Arts Program","33500"
"2012-09-30T00:00:00.000","Shady Tree Studios","34700"
"2012-09-30T00:00:00.000","Pollyanna Theatre Company","35100"
"2012-09-30T00:00:00.000","Anthropos Arts","36000"
"2012-09-30T00:00:00.000","Austin Celtic Association, Inc.","36000"
"2012-09-30T00:00:00.000","Austin Jazz Workshop, Inc.","37400"
"2012-09-30T00:00:00.000","Austin Visual Arts Association","37400"
"2012-09-30T00:00:00.000","Motion Media Arts Center aka The Austin School of Film","39500"
"2012-09-30T00:00:00.000","Roy Lozano's Ballet Folklorico de Texas","40000"
"2012-09-30T00:00:00.000","Austin Music Foundation","41200"
"2012-09-30T00:00:00.000","Badgerdog Literary Publishing","42000"
"2012-09-30T00:00:00.000","Progressive Arts Collective","42800"
"2012-09-30T00:00:00.000","Zilker Theatre Productions","45000"
"2012-09-30T00:00:00.000","Great Promise for American Indians, Inc.","45400"
"2012-09-30T00:00:00.000","Austin Playhouse","47000"
"2012-09-30T00:00:00.000","Cine Las Americas","49000"
"2012-09-30T00:00:00.000","Imagine Art, Inc.","49500"
"2012-09-30T00:00:00.000","Writer's League of Texas","49500"
"2012-09-30T00:00:00.000","Art Spark Texas","54500"
"2012-09-30T00:00:00.000","Austin Chamber Music Center, Inc.","54500"
"2012-09-30T00:00:00.000","Hyde Park Theatre","54500"
"2012-09-30T00:00:00.000","Texas Folklife Resources","57000"
"2012-09-30T00:00:00.000","Blue Lapis Light, Inc.","58000"
"2012-09-30T00:00:00.000","Austin Shakespeare Festival","59500"
"2012-09-30T00:00:00.000","Fuse Box Austin","59500"
"2012-09-30T00:00:00.000","Salvage Vanguard Theatre","62000"
"2012-09-30T00:00:00.000","Austin Classical Guitar","64500"
"2012-09-30T00:00:00.000","Austin Fine Arts Alliance, Inc. AKA Art Alliance Austin","64500"
"2012-09-30T00:00:00.000","Rude Mechanicals - A Theatre Collective","64500"
"2012-09-30T00:00:00.000","Vortex Repertory Company","64500"
"2012-09-30T00:00:00.000","Center For Women & Their Work","67000"
"2012-09-30T00:00:00.000","Creative Action","67000"
"2012-09-30T00:00:00.000","Visions in Rhythm aka Tapestry Dance Company","67000"
"2012-09-30T00:00:00.000","Mexic-Arte Museum","87500"
"2012-09-30T00:00:00.000","Austin Creative Alliance","92500"
"2012-09-30T00:00:00.000","Austin Film Festival, Inc.","95000"
"2012-09-30T00:00:00.000","One World","100000"
"2012-09-30T00:00:00.000","Austin Symphony Orchestra Society, Inc.","102000"
"2012-09-30T00:00:00.000","Conspirare, Inc.","107500"
"2012-09-30T00:00:00.000","Austin Children's Museum DBA Thinkery","110000"
"2012-09-30T00:00:00.000","Zachary Scott Theatre Center","110000"
"2012-09-30T00:00:00.000","Austin Lyric Opera dba Austin Opera","115000"
"2012-09-30T00:00:00.000","The Contemporary Austin Museum Inc","115000"
"2012-09-30T00:00:00.000","Austin Theatre Alliance (formerly Paramount Theatre and State Theatre)","122500"
"2012-09-30T00:00:00.000","Ballet Austin, Inc.","122500"
"2012-09-30T00:00:00.000","Arthouse at the Jones Center (merged into AMOA during FY2012)","125000"
"2012-09-30T00:00:00.000","Film Society of Austin, Inc.","125000"
"2012-09-30T00:00:00.000","Greater Austin Performing Arts Center, Inc. dba Long Center for Performing Arts","125000"
"2013-09-30T00:00:00.000","Austin Creative Alliance / A'Lante Flamenco Dance Ensemble","1000"
"2013-09-30T00:00:00.000","Austin Creative Alliance / The Baron's Men","1000"
"2013-09-30T00:00:00.000","Center for Women & Their Work / Jennifer Sherburn","1000"
"2013-09-30T00:00:00.000","Center for Women & Their Work / Kalalaya","1000"
"2013-09-30T00:00:00.000","line upon line percussion","1000"
"2013-09-30T00:00:00.000","Texas Juggling Society","1000"
"2013-09-30T00:00:00.000","Austin Creative Alliance / Dystheatre","1009"
"2013-09-30T00:00:00.000","Austin Creative Alliance / Ready/Set/Go!","1400"
"2013-09-30T00:00:00.000","Conspire Theater","1531"
"2013-09-30T00:00:00.000","Center for Women and Their Work / Project Abundant Life","2500"
"2013-09-30T00:00:00.000","Austin Creative Alliance / Glass Half Full Theatre","2656"
"2013-09-30T00:00:00.000","Austin Creative Alliance / a chick and a dude productions","2997"
"2013-09-30T00:00:00.000","La Fenice","3106"
"2013-09-30T00:00:00.000","Austin Creative Alliance / Texas Comedies","3125"
"2013-09-30T00:00:00.000","Aienla Project","3175"
"2013-09-30T00:00:00.000","Austin Creative Alliance / Punchkin Repertory Theatre","3188"
"2013-09-30T00:00:00.000","School of Indian Percussion and Music","3400"
"2013-09-30T00:00:00.000","Center for Women & Their Work / Quixote Entertainment, LLC","3900"
"2013-09-30T00:00:00.000","Penfold Theatre Company","3900"
"2013-09-30T00:00:00.000","Capitol View Arts","4003"
"2013-09-30T00:00:00.000","Chaddick Dance Company","4050"
"2013-09-30T00:00:00.000","Center for Women & Their Work / Gopher Projects","4063"
"2013-09-30T00:00:00.000","Center for Women & Their Work / Generic Ensemble Company","4083"
"2013-09-30T00:00:00.000","Austin Creative Alliance / Theatre en Bloc","4100"
"2013-09-30T00:00:00.000","Austin Civic Wind Ensemble","4239"
"2013-09-30T00:00:00.000","Center for Women & Their Work / Julie Nathanielsz","4300"
"2013-09-30T00:00:00.000","Fisterra Projects","4300"
"2013-09-30T00:00:00.000","Center for Women & Their Work / Art of the Pot","4400"
"2013-09-30T00:00:00.000","Progressive Arts Collective/ Sight Ain't Seeing Productions","4400"
"2013-09-30T00:00:00.000","Esquina Tango Cultural Society of Austin","4500"
"2013-09-30T00:00:00.000","Salvage Vanguard Theater/Trouble Puppet Company","4537"
"2013-09-30T00:00:00.000","One World/ Sevylla del Mazo","4543"
"2013-09-30T00:00:00.000","Center for Women & Their Work / Heloise Gold","4600"
"2013-09-30T00:00:00.000","Center for Women & Their Work / Erin Curtis","4700"
"2013-09-30T00:00:00.000","Center for Women & Their Work / Lauren Gurgiolo","4700"
"2013-09-30T00:00:00.000","Latinitas, Inc.","4700"
"2013-09-30T00:00:00.000","Ballet East Dance Company/ VOICE Dance Company","4730"
"2013-09-30T00:00:00.000","Russian Speakers Society","4813"
"2013-09-30T00:00:00.000","Texas Education Broadcasting Co-Operative, Inc. (KOOP RADIO 91.7FM)/ Gilka W. Cespedes","4850"
"2013-09-30T00:00:00.000","Austin Center for Photograpy","4900"
"2013-09-30T00:00:00.000","Capitol Broadcasting Association, Inc. dba KMFA 89.5","4900"
"2013-09-30T00:00:00.000","South Austin Museum of Popular Culture/ Austin Music Awards-Margaret Moser","4900"
"2013-09-30T00:00:00.000","One World/ Austin Troubadours","4938"
"2013-09-30T00:00:00.000","Austin Creative Alliance / Jason Neulander","5000"
"2013-09-30T00:00:00.000","Big Medium/ Pastelegram","5000"
"2013-09-30T00:00:00.000","Center for Women & Their Work / Denise Prince","5000"
"2013-09-30T00:00:00.000","Folklore y Ritmos de Panama","5178"
"2013-09-30T00:00:00.000","Austin New Music Corporation (Co-op)","5421"
"2013-09-30T00:00:00.000","Film Society of Austin, Inc./ Karen Kocher","5651"
"2013-09-30T00:00:00.000","Austin Chamber Ensemble","6288"
"2013-09-30T00:00:00.000","Musical Connection","6334"
"2013-09-30T00:00:00.000","Austin Creative Alliance / Austin Children's Theater","6450"
"2013-09-30T00:00:00.000","Borderlands Texas Poetry aka Texas Poetry Review (also Ramona Cearley)","6525"
"2013-09-30T00:00:00.000","Austin Polish Society","7109"
"2013-09-30T00:00:00.000","Austin Visual Arts Association/ Dr. Christopher Adejumo","7250"
"2013-09-30T00:00:00.000","Tapestry Singers","7300"
"2013-09-30T00:00:00.000","Wax Track Gallery International","7441"
"2013-09-30T00:00:00.000","Austin Latino Music Association","7600"
"2013-09-30T00:00:00.000","Vortex Repertory Company/Electronic Planet Ensemble","7736"
"2013-09-30T00:00:00.000","Buzz Production","7800"
"2013-09-30T00:00:00.000","Mexic-Arte Museum/ Robert Rodriguez","8200"
"2013-09-30T00:00:00.000","Red Salmon Arts/ Daniel Llanes","8200"
"2013-09-30T00:00:00.000","Austin Museum of Digital Art","8270"
"2013-09-30T00:00:00.000","Center for Women & Their Work / Women Printmakers of Austin","8377"
"2013-09-30T00:00:00.000","Tips on Art","8504"
"2013-09-30T00:00:00.000","Hyde Park Theatre/ DA! Theatre Collective","8600"
"2013-09-30T00:00:00.000","Lannaya aka Lannaya West African Drum and Dance Ensemble","8804"
"2013-09-30T00:00:00.000","Imagine Art, Inc./ Mindy Moore","8864"
"2013-09-30T00:00:00.000","Golden Hornet Project, Inc.","8959"
"2013-09-30T00:00:00.000","Vortex Repertory Company/Lorella Loftus","9066"
"2013-09-30T00:00:00.000","COLLIDE/ Epistrophy Arts","9219"
"2013-09-30T00:00:00.000","Mobile Art Program","9575"
"2013-09-30T00:00:00.000","Salvage Vanguard Theater/Church of the Friendly Ghost","9597"
"2013-09-30T00:00:00.000","Austin Creative Alliance / Balcones Community Orchestra","9600"
"2013-09-30T00:00:00.000","Center for Women & Their Work / Asian American Community Partnership","9603"
"2013-09-30T00:00:00.000","Salvage Vanguard Theater/Gnap! Theater Projects","9650"
"2013-09-30T00:00:00.000","La Follia Austin Baroque","9954"
"2013-09-30T00:00:00.000","Ensemble VIII","10000"
"2013-09-30T00:00:00.000","Texas Music Museum","10150"
"2013-09-30T00:00:00.000","Latinas Unidas Por el Arte (LUPE Arte)/Austin Latino Theatre Alliance","10200"
"2013-09-30T00:00:00.000","Vortex Repertory Company/Ethos AKA Chad Salvata","10200"
"2013-09-30T00:00:00.000","Austin Creative Alliance / Shrewd Production","10396"
"2013-09-30T00:00:00.000","Austin Poets International, Inc./ Austin International Poetry Festival","10533"
"2013-09-30T00:00:00.000","Austin Creative Alliance / Tongue & Groove Theatre","10600"
"2013-09-30T00:00:00.000","Panoramic Voices","10950"
"2013-09-30T00:00:00.000","Austin Creative Alliance / Anuradha Naimpally","11000"
"2013-09-30T00:00:00.000","Ballet East Dance Company/ Up Rise Productions","11000"
"2013-09-30T00:00:00.000","Imagine Art, Inc./ Theron Parker-ABC ASL","11000"
"2013-09-30T00:00:00.000","One World/ Emily Dedear","11000"
"2013-09-30T00:00:00.000","Ballet East Dance Company/ Proyecto Teatro","11368"
"2013-09-30T00:00:00.000","Austin Creative Alliance / Breaking String Theater Co. aka Graham Schmidt","11400"
"2013-09-30T00:00:00.000","Austin Summer Musical for Children","11521"
"2013-09-30T00:00:00.000","Capital City Men's Chorus","11556"
"2013-09-30T00:00:00.000","Academia (Aztlan) De Danza Y Folklore","11713"
"2013-09-30T00:00:00.000","Austin Creative Alliance / Paper Chairs","11800"
"2013-09-30T00:00:00.000","One World/ Sergey Vashchenko","11800"
"2013-09-30T00:00:00.000","Center for Women & Their Work / Bennie Klain aka Trickster Films, LLC","12200"
"2013-09-30T00:00:00.000","One World/ Nada Stearns","12200"
"2013-09-30T00:00:00.000","Texas Nafas","12546"
"2013-09-30T00:00:00.000","Center for Women & Their Work / Amie Maciszewski","12600"
"2013-09-30T00:00:00.000","Center for Women & Their Work / Nancy Schiesari","12600"
"2013-09-30T00:00:00.000","Save Barton Creek Association/ Bill Oliver","12600"
"2013-09-30T00:00:00.000","Mexic-Arte Museum/ Johnny Degollado (AKA Austin Conjunto Festival)","12674"
"2013-09-30T00:00:00.000","River City Pops","12700"
"2013-09-30T00:00:00.000","One World/ Austin Bike Zoo","12857"
"2013-09-30T00:00:00.000","American Repertory Ensemble","12900"
"2013-09-30T00:00:00.000","Center for No Idea","13000"
"2013-09-30T00:00:00.000","Austin Creative Alliance / The City Theatre Company","13300"
"2013-09-30T00:00:00.000","Austin Creative Alliance / Bob Livingston","13400"
"2013-09-30T00:00:00.000","Inside Out Steelband","13400"
"2013-09-30T00:00:00.000","One World/ Mohammad Firoozi","13400"
"2013-09-30T00:00:00.000","One World/ Oliver Rajamani","13400"
"2013-09-30T00:00:00.000","Out of Bounds Comedy","13488"
"2013-09-30T00:00:00.000","Film Society of Austin, Inc./ Anne Lewis","13594"
"2013-09-30T00:00:00.000","Public Access Community Television, Inc. aka Public Access Community Television","13798"
"2013-09-30T00:00:00.000","Co-Lab Projects","13951"
"2013-09-30T00:00:00.000","Groundwork Music Project","14006"
"2013-09-30T00:00:00.000","Red Salmon Arts","14087"
"2013-09-30T00:00:00.000","Film Society of Austin, Inc./ Karen Skloss","14200"
"2013-09-30T00:00:00.000","Conservatory Dance Theatre dba The Austin City Ballet","14500"
"2013-09-30T00:00:00.000","Hyde Park Theatre/ Capital T Theatre","15165"
"2013-09-30T00:00:00.000","Southwest Key Programs","15400"
"2013-09-30T00:00:00.000","Celtic Cultural Center of Texas","16200"
"2013-09-30T00:00:00.000","South Austin Museum of Popular Culture","16400"
"2013-09-30T00:00:00.000","Gilbert & Sullivan Society of Austin, Texas, Inc.","16450"
"2013-09-30T00:00:00.000","Austin Symphonic Band","16714"
"2013-09-30T00:00:00.000","Classical Guitar Alive","17348"
"2013-09-30T00:00:00.000","Teatro Vivo","18027"
"2013-09-30T00:00:00.000","KidsActing Foundtion","18700"
"2013-09-30T00:00:00.000","Indian Classical Music Circle of Austin","18875"
"2013-09-30T00:00:00.000","Tutto Theatre Company","19150"
"2013-09-30T00:00:00.000","Ariel Dance Theatre","19750"
"2013-09-30T00:00:00.000","Capital Of Texas Public Telecommunications Council AKA KLRU-TX","19800"
"2013-09-30T00:00:00.000","Moving Image Arts & Education","20050"
"2013-09-30T00:00:00.000","Dance International","20339"
"2013-09-30T00:00:00.000","Knowbility, Inc.","20600"
"2013-09-30T00:00:00.000","Kathy Dunn Hamrick Dance Co.","20826"
"2013-09-30T00:00:00.000","Women in Jazz Association","21116"
"2013-09-30T00:00:00.000","Austin Civic Orchestra Society","21400"
"2013-09-30T00:00:00.000","Different Stages, Inc.","21783"
"2013-09-30T00:00:00.000","The Arc of the Capital Area","21800"
"2013-09-30T00:00:00.000","Austin Script Works aka Austin Scriptworks","21850"
"2013-09-30T00:00:00.000","Austin Community SteelBand","22300"
"2013-09-30T00:00:00.000","Austin Federation of Musicians","22750"
"2013-09-30T00:00:00.000","Austin Area Art from the Streets","24500"
"2013-09-30T00:00:00.000","Texas Education Broadcasting Co-Operative, Inc. (KOOP RADIO 91.7FM)","25000"
"2013-09-30T00:00:00.000","Austin Revitalization Authority/ DiverseArts Culture Works","26000"
"2013-09-30T00:00:00.000","Teatro Humanidad Cansada","26000"
"2013-09-30T00:00:00.000","La Peña","26750"
"2013-09-30T00:00:00.000","Latinas Unidas Por el Arte (LUPE Arte)","26750"
"2013-09-30T00:00:00.000","India Fine Arts","27000"
"2013-09-30T00:00:00.000","Serie Project, Inc.","29000"
"2013-09-30T00:00:00.000","Allison Orr Dance Inc. aka Forklift Dance Works","30914"
"2013-09-30T00:00:00.000","Roy Lozano's Ballet Folklorico de Texas","33300"
"2013-09-30T00:00:00.000","Puerto Rican Folkloric Dance, Inc.","33500"
"2013-09-30T00:00:00.000","Texas Early Music Project","34600"
"2013-09-30T00:00:00.000","Pollyanna Theatre Company","35900"
"2013-09-30T00:00:00.000","Austin Visual Arts Association","37847"
"2013-09-30T00:00:00.000","Ballet East Dance Company","38500"
"2013-09-30T00:00:00.000","Chorus Austin","38500"
"2013-09-30T00:00:00.000","Austin Jazz Workshop, Inc.","41100"
"2013-09-30T00:00:00.000","Anthropos Arts","45432"
"2013-09-30T00:00:00.000","Austin Music Foundation","46907"
"2013-09-30T00:00:00.000","Austin Celtic Association, Inc.","48500"
"2013-09-30T00:00:00.000","Austin Scottish Rite Community & Childrens's Theatre (formerly Scottish Rite Children's Theatre and formerly Austin Scottish Rite Co.)","50000"
"2013-09-30T00:00:00.000","Austin Latino/a Lesbian & Gay Organization AKA allgo","50221"
"2013-09-30T00:00:00.000","Shady Tree Studios","51100"
"2013-09-30T00:00:00.000","Austin Gay & Lesbian International Film Festival (aGLIFF)","53700"
"2013-09-30T00:00:00.000","Big Medium","53700"
"2013-09-30T00:00:00.000","Cine Las Americas","55000"
"2013-09-30T00:00:00.000","Writer's League of Texas","55000"
"2013-09-30T00:00:00.000","Motion Media Arts Center aka The Austin School of Film","57500"
"2013-09-30T00:00:00.000","Salvage Vanguard Theatre","60000"
"2013-09-30T00:00:00.000","Great Promise for American Indians, Inc.","61400"
"2013-09-30T00:00:00.000","Blue Lapis Light, Inc.","64590"
"2013-09-30T00:00:00.000","Austin Shakespeare Festival","65000"
"2013-09-30T00:00:00.000","Vortex Repertory Company","65000"
"2013-09-30T00:00:00.000","Art Spark Texas","67500"
"2013-09-30T00:00:00.000","Fuse Box Austin","67500"
"2013-09-30T00:00:00.000","Zilker Theatre Productions","67500"
"2013-09-30T00:00:00.000","Austin Playhouse","70000"
"2013-09-30T00:00:00.000","Texas Folklife Resources","70000"
"2013-09-30T00:00:00.000","Austin Chamber Music Center, Inc.","72500"
"2013-09-30T00:00:00.000","Center For Women & Their Work","72500"
"2013-09-30T00:00:00.000","Hyde Park Theatre","72500"
"2013-09-30T00:00:00.000","Austin Fine Arts Alliance, Inc. AKA Art Alliance Austin","75000"
"2013-09-30T00:00:00.000","Imagine Art, Inc.","75000"
"2013-09-30T00:00:00.000","Rude Mechanicals - A Theatre Collective","75000"
"2013-09-30T00:00:00.000","Austin Classical Guitar","96381"
"2013-09-30T00:00:00.000","Austin Creative Alliance","121400"
"2013-09-30T00:00:00.000","Visions in Rhythm aka Tapestry Dance Company","139600"
"2013-09-30T00:00:00.000","Mexic-Arte Museum","142200"
"2013-09-30T00:00:00.000","Austin Lyric Opera dba Austin Opera","144750"
"2013-09-30T00:00:00.000","Creative Action","144800"
"2013-09-30T00:00:00.000","Austin Film Festival, Inc.","150000"
"2013-09-30T00:00:00.000","The Contemporary Austin Museum Inc","155750"
"2013-09-30T00:00:00.000","Conspirare, Inc.","158500"
"2013-09-30T00:00:00.000","Film Society of Austin, Inc.","161250"
"2013-09-30T00:00:00.000","Austin Symphony Orchestra Society, Inc.","164000"
"2013-09-30T00:00:00.000","Ballet Austin, Inc.","164000"
"2013-09-30T00:00:00.000","Greater Austin Performing Arts Center, Inc. dba Long Center for Performing Arts","164000"
"2013-09-30T00:00:00.000","Austin Theatre Alliance (formerly Paramount Theatre and State Theatre)","172250"
"2013-09-30T00:00:00.000","Zachary Scott Theatre Center","172250"
"2013-09-30T00:00:00.000","Austin Children's Museum DBA Thinkery","175000"
"2014-09-30T00:00:00.000","Austin Creative Alliance / Ready/Set/Go!","1000"
"2014-09-30T00:00:00.000","Center for Women & Their Work / Jennifer Sherburn","1000"
"2014-09-30T00:00:00.000","Austin Creative Alliance / The Baron's Men","1400"
"2014-09-30T00:00:00.000","Austin Creative Alliance / Dystheatre","1694"
"2014-09-30T00:00:00.000","Conspire Theater","1750"
"2014-09-30T00:00:00.000","line upon line percussion","2065"
"2014-09-30T00:00:00.000","Austin Creative Alliance / Punchkin Repertory Theatre","3188"
"2014-09-30T00:00:00.000","Austin Creative Alliance / Texas Comedies","3200"
"2014-09-30T00:00:00.000","Aienla Project","3800"
"2014-09-30T00:00:00.000","Austin Civic Wind Ensemble","4035"
"2014-09-30T00:00:00.000","Hyde Park Theatre/ DA! Theatre Collective","4062"
"2014-09-30T00:00:00.000","Austin Creative Alliance / Theatre en Bloc","4081"
"2014-09-30T00:00:00.000","Center for Women & Their Work / Art of the Pot","4400"
"2014-09-30T00:00:00.000","Center for Women & Their Work / Gopher Projects","4450"
"2014-09-30T00:00:00.000","Austin Creative Alliance / a chick and a dude productions","4525"
"2014-09-30T00:00:00.000","La Fenice","4567"
"2014-09-30T00:00:00.000","Borderlands Texas Poetry aka Texas Poetry Review (also Ramona Cearley)","4600"
"2014-09-30T00:00:00.000","Austin Creative Alliance / Glass Half Full Theatre","4688"
"2014-09-30T00:00:00.000","Esquina Tango Cultural Society of Austin","4743"
"2014-09-30T00:00:00.000","Chaddick Dance Company","4800"
"2014-09-30T00:00:00.000","Texas Education Broadcasting Co-Operative, Inc. (KOOP RADIO 91.7FM)/ Gilka W. Cespedes","5000"
"2014-09-30T00:00:00.000","School of Indian Percussion and Music","5100"
"2014-09-30T00:00:00.000","Folklore y Ritmos de Panama","5558"
"2014-09-30T00:00:00.000","One World/ Sevylla del Mazo","5700"
"2014-09-30T00:00:00.000","Big Medium/ Pastelegram","5768"
"2014-09-30T00:00:00.000","Co-Lab Projects","9848"
"2014-09-30T00:00:00.000","Capitol View Arts","6206"
"2014-09-30T00:00:00.000","One World/ Austin Troubadours","6518"
"2014-09-30T00:00:00.000","Austin Creative Alliance / Jason Neulander","6600"
"2014-09-30T00:00:00.000","Austin Chamber Ensemble","6635"
"2014-09-30T00:00:00.000","Austin New Music Corporation (Co-op)","6678"
"2014-09-30T00:00:00.000","Film Society of Austin, Inc./ Karen Kocher","6777"
"2014-09-30T00:00:00.000","Austin Latino Music Association","6800"
"2014-09-30T00:00:00.000","Center for Women & Their Work / Julie Nathanielsz","6825"
"2014-09-30T00:00:00.000","Center for Women & Their Work / Quixote Entertainment, LLC","6975"
"2014-09-30T00:00:00.000","Penfold Theatre Company","6975"
"2014-09-30T00:00:00.000","Austin Museum of Digital Art","7118"
"2014-09-30T00:00:00.000","Center for Women & Their Work / Heloise Gold","7150"
"2014-09-30T00:00:00.000","Center for Women & Their Work / Erin Curtis","7175"
"2014-09-30T00:00:00.000","Tapestry Singers","7300"
"2014-09-30T00:00:00.000","Russian Speakers Society","7500"
"2014-09-30T00:00:00.000","Center for Women & Their Work / Generic Ensemble Company","7636"
"2014-09-30T00:00:00.000","Buzz Production","7800"
"2014-09-30T00:00:00.000","Tips on Art","7983"
"2014-09-30T00:00:00.000","Vortex Repertory Company/Lorella Loftus","8007"
"2014-09-30T00:00:00.000","Austin Polish Society","8075"
"2014-09-30T00:00:00.000","Fisterra Projects","8075"
"2014-09-30T00:00:00.000","Mexic-Arte Museum/ Robert Rodriguez","8200"
"2014-09-30T00:00:00.000","Red Salmon Arts/ Daniel Llanes","8200"
"2014-09-30T00:00:00.000","Musical Connection","8376"
"2014-09-30T00:00:00.000","Salinas, Maria","8404"
"2014-09-30T00:00:00.000","Golden Hornet Project, Inc.","8591"
"2014-09-30T00:00:00.000","Latinitas, Inc.","9175"
"2014-09-30T00:00:00.000","Ballet East Dance Company/ VOICE Dance Company","9191"
"2014-09-30T00:00:00.000","Salvage Vanguard Theater/Trouble Puppet Company","9335"
"2014-09-30T00:00:00.000","Center for No Idea","9500"
"2014-09-30T00:00:00.000","Salvage Vanguard Theater/Church of the Friendly Ghost","9597"
"2014-09-30T00:00:00.000","Austin Creative Alliance / Balcones Community Orchestra","9600"
"2014-09-30T00:00:00.000","Austin Center for Photograpy","9725"
"2014-09-30T00:00:00.000","Capitol Broadcasting Association, Inc. dba KMFA 89.5","9725"
"2014-09-30T00:00:00.000","Center for Women & Their Work / Denise Prince","9993"
"2014-09-30T00:00:00.000","Center for Women & Their Work / Women Printmakers of Austin","10000"
"2014-09-30T00:00:00.000","Ensemble VIII","10000"
"2014-09-30T00:00:00.000","Vortex Repertory Company/Electronic Planet Ensemble","10049"
"2014-09-30T00:00:00.000","Latinas Unidas Por el Arte (LUPE Arte)/Austin Latino Theatre Alliance","10200"
"2014-09-30T00:00:00.000","Vortex Repertory Company/Ethos AKA Chad Salvata","10200"
"2014-09-30T00:00:00.000","Center for Women & Their Work / Asian American Community Partnership","10225"
"2014-09-30T00:00:00.000","Austin Creative Alliance / Tongue & Groove Theatre","10600"
"2014-09-30T00:00:00.000","Austin Visual Arts Association/ Dr. Christopher Adejumo","10600"
"2014-09-30T00:00:00.000","Texas Music Museum","10600"
"2014-09-30T00:00:00.000","Austin Creative Alliance / Anuradha Naimpally","11000"
"2014-09-30T00:00:00.000","Ballet East Dance Company/ Up Rise Productions","11000"
"2014-09-30T00:00:00.000","Imagine Art, Inc./ Theron Parker-ABC ASL","11000"
"2014-09-30T00:00:00.000","One World/ Emily Dedear","11000"
"2014-09-30T00:00:00.000","COLLIDE/ Epistrophy Arts","11200"
"2014-09-30T00:00:00.000","Austin Creative Alliance / Breaking String Theater Co. aka Graham Schmidt","11400"
"2014-09-30T00:00:00.000","Panoramic Voices","11400"
"2014-09-30T00:00:00.000","Austin Creative Alliance / Paper Chairs","11800"
"2014-09-30T00:00:00.000","One World/ Sergey Vashchenko","11800"
"2014-09-30T00:00:00.000","Imagine Art, Inc./ Mindy Moore","11897"
"2014-09-30T00:00:00.000","Texas Nafas","12000"
"2014-09-30T00:00:00.000","One World/ Nada Stearns","12200"
"2014-09-30T00:00:00.000","Center for Women & Their Work / Nancy Schiesari","12600"
"2014-09-30T00:00:00.000","Save Barton Creek Association/ Bill Oliver","12600"
"2014-09-30T00:00:00.000","One World/ Austin Bike Zoo","13000"
"2014-09-30T00:00:00.000","Ballet East Dance Company/ Proyecto Teatro","13107"
"2014-09-30T00:00:00.000","Austin Summer Musical for Children","13163"
"2014-09-30T00:00:00.000","Austin Creative Alliance / Bob Livingston","13400"
"2014-09-30T00:00:00.000","Inside Out Steelband","13400"
"2014-09-30T00:00:00.000","One World/ Mohammad Firoozi","13400"
"2014-09-30T00:00:00.000","One World/ Oliver Rajamani","13400"
"2014-09-30T00:00:00.000","La Follia Austin Baroque","13762"
"2014-09-30T00:00:00.000","Film Society of Austin, Inc./ Anne Lewis","13800"
"2014-09-30T00:00:00.000","Mexic-Arte Museum/ Johnny Degollado (AKA Austin Conjunto Festival)","13800"
"2014-09-30T00:00:00.000","River City Pops","13800"
"2014-09-30T00:00:00.000","Film Society of Austin, Inc./ Karen Skloss","14200"
"2014-09-30T00:00:00.000","Austin Poets International, Inc./ Austin International Poetry Festival","14594"
"2014-09-30T00:00:00.000","Capital City Men's Chorus","15200"
"2014-09-30T00:00:00.000","South Austin Museum of Popular Culture","16800"
"2014-09-30T00:00:00.000","Austin Creative Alliance / Shrewd Production","16808"
"2014-09-30T00:00:00.000","Celtic Cultural Center of Texas","16900"
"2014-09-30T00:00:00.000","Austin Creative Alliance / The City Theatre Company","16950"
"2014-09-30T00:00:00.000","Austin Creative Alliance / Austin Children's Theater","17400"
"2014-09-30T00:00:00.000","Gilbert & Sullivan Society of Austin, Texas, Inc.","17400"
"2014-09-30T00:00:00.000","Ariel Dance Theatre","17665"
"2014-09-30T00:00:00.000","Teatro Vivo","18348"
"2014-09-30T00:00:00.000","Austin Symphonic Band","18400"
"2014-09-30T00:00:00.000","Conservatory Dance Theatre dba The Austin City Ballet","18600"
"2014-09-30T00:00:00.000","Public Access Community Television, Inc. aka Public Access Community Television","18750"
"2014-09-30T00:00:00.000","Out of Bounds Comedy","18800"
"2014-09-30T00:00:00.000","Indian Classical Music Circle of Austin","19125"
"2014-09-30T00:00:00.000","KidsActing Foundtion","19400"
"2014-09-30T00:00:00.000","Capital Of Texas Public Telecommunications Council AKA KLRU-TX","19800"
"2014-09-30T00:00:00.000","Tutto Theatre Company","19800"
"2014-09-30T00:00:00.000","Groundwork Music Project","20087"
"2014-09-30T00:00:00.000","Moving Image Arts & Education","20600"
"2014-09-30T00:00:00.000","Classical Guitar Alive","21400"
"2014-09-30T00:00:00.000","Kathy Dunn Hamrick Dance Co.","21400"
"2014-09-30T00:00:00.000","Austin Civic Orchestra Society","21800"
"2014-09-30T00:00:00.000","Hyde Park Theatre/ Capital T Theatre","21800"
"2014-09-30T00:00:00.000","The Arc of the Capital Area","21800"
"2014-09-30T00:00:00.000","Austin Script Works aka Austin Scriptworks","22200"
"2014-09-30T00:00:00.000","Austin Community SteelBand","22600"
"2014-09-30T00:00:00.000","Austin Federation of Musicians","23000"
"2014-09-30T00:00:00.000","Different Stages, Inc.","23440"
"2014-09-30T00:00:00.000","Red Salmon Arts","23494"
"2014-09-30T00:00:00.000","Dance International","24024"
"2014-09-30T00:00:00.000","Austin Area Art from the Streets","24500"
"2014-09-30T00:00:00.000","Austin Revitalization Authority/ DiverseArts Culture Works","25000"
"2014-09-30T00:00:00.000","Texas Education Broadcasting Co-Operative, Inc. (KOOP RADIO 91.7FM)","25000"
"2014-09-30T00:00:00.000","Latinas Unidas Por el Arte (LUPE Arte)","26302"
"2014-09-30T00:00:00.000","India Fine Arts","27000"
"2014-09-30T00:00:00.000","Teatro Humanidad Cansada","28740"
"2014-09-30T00:00:00.000","Serie Project, Inc.","30500"
"2014-09-30T00:00:00.000","La Peña","33470"
"2014-09-30T00:00:00.000","Puerto Rican Folkloric Dance, Inc.","33942"
"2014-09-30T00:00:00.000","Pollyanna Theatre Company","36900"
"2014-09-30T00:00:00.000","Ballet East Dance Company","38500"
"2014-09-30T00:00:00.000","Austin Visual Arts Association","39587"
"2014-09-30T00:00:00.000","Texas Early Music Project","40118"
"2014-09-30T00:00:00.000","Roy Lozano's Ballet Folklorico de Texas","40900"
"2014-09-30T00:00:00.000","Allison Orr Dance Inc. aka Forklift Dance Works","42985"
"2014-09-30T00:00:00.000","Austin Music Foundation","43719"
"2014-09-30T00:00:00.000","Austin Jazz Workshop, Inc.","43754"
"2014-09-30T00:00:00.000","Chorus Austin","49334"
"2014-09-30T00:00:00.000","Cine Las Americas","50148"
"2014-09-30T00:00:00.000","Anthropos Arts","50285"
"2014-09-30T00:00:00.000","Austin Latino/a Lesbian & Gay Organization AKA allgo","51021"
"2014-09-30T00:00:00.000","Austin Gay & Lesbian International Film Festival (aGLIFF)","54212"
"2014-09-30T00:00:00.000","Shady Tree Studios","55336"
"2014-09-30T00:00:00.000","Writer's League of Texas","55400"
"2014-09-30T00:00:00.000","Austin Celtic Association, Inc.","57362"
"2014-09-30T00:00:00.000","Motion Media Arts Center aka The Austin School of Film","57500"
"2014-09-30T00:00:00.000","Blue Lapis Light, Inc.","67500"
"2014-09-30T00:00:00.000","Salvage Vanguard Theatre","67800"
"2014-09-30T00:00:00.000","Great Promise for American Indians, Inc.","69568"
"2014-09-30T00:00:00.000","Big Medium","70883"
"2014-09-30T00:00:00.000","Zilker Theatre Productions","71009"
"2014-09-30T00:00:00.000","Austin Scottish Rite Community & Childrens's Theatre (formerly Scottish Rite Children's Theatre and formerly Austin Scottish Rite Co.)","75000"
"2014-09-30T00:00:00.000","Hyde Park Theatre","77500"
"2014-09-30T00:00:00.000","Imagine Art, Inc.","78400"
"2014-09-30T00:00:00.000","Austin Shakespeare Festival","90000"
"2014-09-30T00:00:00.000","Vortex Repertory Company","90000"
"2014-09-30T00:00:00.000","Art Spark Texas","92500"
"2014-09-30T00:00:00.000","Fuse Box Austin","92500"
"2014-09-30T00:00:00.000","Austin Playhouse","95000"
"2014-09-30T00:00:00.000","Texas Folklife Resources","95000"
"2014-09-30T00:00:00.000","Austin Chamber Music Center, Inc.","97500"
"2014-09-30T00:00:00.000","Center For Women & Their Work","97500"
"2014-09-30T00:00:00.000","Austin Fine Arts Alliance, Inc. AKA Art Alliance Austin","100000"
"2014-09-30T00:00:00.000","Rude Mechanicals - A Theatre Collective","100000"
"2014-09-30T00:00:00.000","Austin Classical Guitar","118136"
"2014-09-30T00:00:00.000","Austin Creative Alliance","132500"
"2014-09-30T00:00:00.000","Visions in Rhythm aka Tapestry Dance Company","140000"
"2014-09-30T00:00:00.000","Austin Film Festival, Inc.","145000"
"2014-09-30T00:00:00.000","Mexic-Arte Museum","151347"
"2014-09-30T00:00:00.000","Austin Lyric Opera dba Austin Opera","172500"
"2014-09-30T00:00:00.000","One World","175000"
"2014-09-30T00:00:00.000","The Contemporary Austin Museum Inc","182500"
"2014-09-30T00:00:00.000","Conspirare, Inc.","185000"
"2014-09-30T00:00:00.000","Film Society of Austin, Inc.","187500"
"2014-09-30T00:00:00.000","Austin Symphony Orchestra Society, Inc.","190000"
"2014-09-30T00:00:00.000","Ballet Austin, Inc.","190000"
"2014-09-30T00:00:00.000","Creative Action","190000"
"2014-09-30T00:00:00.000","Greater Austin Performing Arts Center, Inc. dba Long Center for Performing Arts","190000"
"2014-09-30T00:00:00.000","Austin Theatre Alliance (formerly Paramount Theatre and State Theatre)","197500"
"2014-09-30T00:00:00.000","Zachary Scott Theatre Center","197500"
"2014-09-30T00:00:00.000","Austin Children's Museum DBA Thinkery","200000"
"2015-09-30T00:00:00.000","Austin Baroque Orchestra","1000"
"2015-09-30T00:00:00.000","Austin Creative Alliance / Foster the Journey","1000"
"2015-09-30T00:00:00.000","LEAP OF JOY","1000"
"2015-09-30T00:00:00.000","Physical Plant Theatre","1000"
"2015-09-30T00:00:00.000","Center for Women & Their Work / Lauren K. Tietz","1047"
"2015-09-30T00:00:00.000","line upon line percussion","1225"
"2015-09-30T00:00:00.000","Austin Creative Alliance / Last Act Theatre Company","1266"
"2015-09-30T00:00:00.000","Center for Women & Their Work / Latelena Hernandez Cowles","1516"
"2015-09-30T00:00:00.000","Vortex Repertory Company/Katherine Wilkinson","1600"
"2015-09-30T00:00:00.000","Center for Women & Their Work / Jennifer Sherburn","1609"
"2015-09-30T00:00:00.000","Big Medium/ Allyson Lipkin","1719"
"2015-09-30T00:00:00.000","Austin Wind Symphony","1750"
"2015-09-30T00:00:00.000","Austin Script Works aka Austin Scriptworks/ Candyce Rusk","2000"
"2015-09-30T00:00:00.000","The Hidden Room Theatre","2000"
"2015-09-30T00:00:00.000","Texas Folklife Resources/ Rancho Alegre Radio","2025"
"2015-09-30T00:00:00.000","Center for Women & Their Work / Experimental Response Cinema","2037"
"2015-09-30T00:00:00.000","B. Iden Payne Awards Council (FFS Austin Creative Alliance )","2063"
"2015-09-30T00:00:00.000","Texas Folklife Resources/ Michelle Alany","2125"
"2015-09-30T00:00:00.000","Austin Creative Alliance / 7 Towers Theatre Company","2137"
"2015-09-30T00:00:00.000","Austin Theatre Project (FFS Austin Creative Alliance )","2200"
"2015-09-30T00:00:00.000","Austin Creative Alliance / Texas Comedies","2250"
"2015-09-30T00:00:00.000","Center for Women & Their Work / Alyssa Taylor Wendt","2600"
"2015-09-30T00:00:00.000","Center for Women & Their Work / Yuliya Lanina","2600"
"2015-09-30T00:00:00.000","Generous Art Texas","2600"
"2015-09-30T00:00:00.000","Conspire Theater","2913"
"2015-09-30T00:00:00.000","Austin Creative Alliance / John Pointer","3000"
"2015-09-30T00:00:00.000","Busker Festivals, Inc","3000"
"2015-09-30T00:00:00.000","The Austin Review","3000"
"2015-09-30T00:00:00.000","Center for Women & Their Work / Shay Ishii Dance Company","3198"
"2015-09-30T00:00:00.000","Center for Women & Their Work / Elizabeth McQueen","3200"
"2015-09-30T00:00:00.000","Amala Foundation","3400"
"2015-09-30T00:00:00.000","Travis Heights Art Trail","3400"
"2015-09-30T00:00:00.000","Austin Creative Alliance / Dystheatre","3474"
"2015-09-30T00:00:00.000","Austin Creative Alliance / Punchkin Repertory Theatre","3511"
"2015-09-30T00:00:00.000","Austin Creative Alliance / Present Company","3600"
"2015-09-30T00:00:00.000","Protos Festival","3600"
"2015-09-30T00:00:00.000","Vortex Repertory Company/Steve Jansen","3600"
"2015-09-30T00:00:00.000","Austin Creative Alliance / Ready/Set/Go!","3625"
"2015-09-30T00:00:00.000","Amphion Youth Choir","3743"
"2015-09-30T00:00:00.000","Austin Creative Alliance / Grapes of Wrath 75 Project","3800"
"2015-09-30T00:00:00.000","Film Society of Austin, Inc./ Mike Blizzard","3800"
"2015-09-30T00:00:00.000","Austin Creative Alliance / Sky Candy","4000"
"2015-09-30T00:00:00.000","Easter Seals Central Texas","4000"
"2015-09-30T00:00:00.000","Hispanic Alliance for the Performing Arts","4000"
"2015-09-30T00:00:00.000","Lucky Chaos","4000"
"2015-09-30T00:00:00.000","PrintAustin Collective","4000"
"2015-09-30T00:00:00.000","Texas Folklife Resources/ WobeonFest","4000"
"2015-09-30T00:00:00.000","Austin Creative Alliance / Jason Phelps & Co","4200"
"2015-09-30T00:00:00.000","Austin Creative Alliance / Mother Falcon's Music Laboratory","4200"
"2015-09-30T00:00:00.000","OUTsider Film & Arts Festival","4200"
"2015-09-30T00:00:00.000","Texas Accountants and Lawyers for the Arts","4200"
"2015-09-30T00:00:00.000","Esquina Tango Cultural Society of Austin","4250"
"2015-09-30T00:00:00.000","Austin Creative Alliance / Austin Asian American Film Festival","4400"
"2015-09-30T00:00:00.000","Austin Film Festival, Inc./ Stephen Belyeu","4400"
"2015-09-30T00:00:00.000","Austin Tango Society","4400"
"2015-09-30T00:00:00.000","Center for Women & Their Work / Jules Buck Jones","4400"
"2015-09-30T00:00:00.000","Film Society of Austin, Inc./ Normies, LLC","4400"
"2015-09-30T00:00:00.000","Fuse Box Austin/ Rebecca Layton","4400"
"2015-09-30T00:00:00.000","Austin Civic Wind Ensemble","4572"
"2015-09-30T00:00:00.000","Austin Creative Alliance / Theatre en Bloc","4772"
"2015-09-30T00:00:00.000","COLLIDE","4800"
"2015-09-30T00:00:00.000","Austin Street Corner Arts Collective","5000"
"2015-09-30T00:00:00.000","Fluent~Collaborative/ Elizabeth Chiles","5000"
"2015-09-30T00:00:00.000","The Museum of Human Achievement","5000"
"2015-09-30T00:00:00.000","Film Society of Austin, Inc./ Karen Skloss","13900"
"2015-09-30T00:00:00.000","Austin Creative Alliance / Cosmic Intuition Productions","5500"
"2015-09-30T00:00:00.000","Academy of Tango - Texas","5546"
"2015-09-30T00:00:00.000","Borderlands Texas Poetry aka Texas Poetry Review (also Ramona Cearley)","5700"
"2015-09-30T00:00:00.000","Tapestry Singers","5700"
"2015-09-30T00:00:00.000","Austin Visual Arts Association/ Rama Tirumalachar","5750"
"2015-09-30T00:00:00.000","Austin Creative Alliance / A'Lante Flamenco Dance Ensemble","5975"
"2015-09-30T00:00:00.000","Austin Latino Music Association","6100"
"2015-09-30T00:00:00.000","Center for Women & Their Work / Rino Pizzi","6150"
"2015-09-30T00:00:00.000","One World/ Austin Troubadours","6272"
"2015-09-30T00:00:00.000","La Fenice","6397"
"2015-09-30T00:00:00.000","Golden Hornet Project, Inc.","6696"
"2015-09-30T00:00:00.000","Folklore y Ritmos de Panama","6915"
"2015-09-30T00:00:00.000","Austin Museum of Digital Art","7400"
"2015-09-30T00:00:00.000","One World/ Sevylla del Mazo","7496"
"2015-09-30T00:00:00.000","Chaddick Dance Company","7600"
"2015-09-30T00:00:00.000","Austin New Music Corporation (Co-op)","8000"
"2015-09-30T00:00:00.000","Exploded Drawing","8250"
"2015-09-30T00:00:00.000","Classical Music for the World","8355"
"2015-09-30T00:00:00.000","Vortex Repertory Company/Lorella Loftus","8597"
"2015-09-30T00:00:00.000","Center for Women & Their Work / Jayson Oaks","8625"
"2015-09-30T00:00:00.000","Center for Women & Their Work / Lauren Gurgiolo","9000"
"2015-09-30T00:00:00.000","Austin Polish Society","9100"
"2015-09-30T00:00:00.000","COLLIDE/ Epistrophy Arts","9125"
"2015-09-30T00:00:00.000","Center for Women & Their Work / Generic Ensemble Company","9209"
"2015-09-30T00:00:00.000","Umlauf Sculpture Garden & Museum","9250"
"2015-09-30T00:00:00.000","Mobile Art Program","9400"
"2015-09-30T00:00:00.000","Center for Women & Their Work / Nancy Schiesari","9488"
"2015-09-30T00:00:00.000","Big Medium/ Pastelegram","10000"
"2015-09-30T00:00:00.000","MASS Gallery, Inc","10000"
"2015-09-30T00:00:00.000","Co-Lab Projects","10014"
"2015-09-30T00:00:00.000","School of Indian Percussion and Music","10100"
"2015-09-30T00:00:00.000","Center for Women & Their Work / Julie Nathanielsz","10300"
"2015-09-30T00:00:00.000","Austin Chamber Ensemble","10347"
"2015-09-30T00:00:00.000","Buzz Production","10600"
"2015-09-30T00:00:00.000","COLLIDE/ Ingebrigt Haker Flaten","10600"
"2015-09-30T00:00:00.000","Film Society of Austin, Inc./ Anne Lewis","10600"
"2015-09-30T00:00:00.000","Center for Women & Their Work / Heloise Gold","10675"
"2015-09-30T00:00:00.000","Texas Music Museum","10700"
"2015-09-30T00:00:00.000","Lannaya aka Lannaya West African Drum and Dance Ensemble","10882"
"2015-09-30T00:00:00.000","Center for Women & Their Work / Art of the Pot","10925"
"2015-09-30T00:00:00.000","Russian Speakers Society","11000"
"2015-09-30T00:00:00.000","Academia (Aztlan) De Danza Y Folklore","11018"
"2015-09-30T00:00:00.000","Austin Creative Alliance / Breaking String Theater Co. aka Graham Schmidt","11100"
"2015-09-30T00:00:00.000","Austin Creative Alliance / The City Theatre Company","11100"
"2015-09-30T00:00:00.000","Austin Summer Musical for Children","11700"
"2015-09-30T00:00:00.000","Austin Creative Alliance / Balcones Community Orchestra","12200"
"2015-09-30T00:00:00.000","Capitol View Arts","12245"
"2015-09-30T00:00:00.000","Fisterra Projects","12250"
"2015-09-30T00:00:00.000","HONK!TX","12313"
"2015-09-30T00:00:00.000","Vortex Repertory Company/Electronic Planet Ensemble","12423"
"2015-09-30T00:00:00.000","Salvage Vanguard Theater/Church of the Friendly Ghost","12497"
"2015-09-30T00:00:00.000","Austin Creative Alliance / Tongue & Groove Theatre","12525"
"2015-09-30T00:00:00.000","One World/ Mohammad Firoozi","12525"
"2015-09-30T00:00:00.000","One World/ Sergey Vashchenko","12525"
"2015-09-30T00:00:00.000","Film Society of Austin, Inc./ Karen Kocher","12612"
"2015-09-30T00:00:00.000","Imagine Art, Inc./ Mindy Moore","12787"
"2015-09-30T00:00:00.000","Austin Visual Arts Association/ Dr. Christopher Adejumo","12800"
"2015-09-30T00:00:00.000","Red Salmon Arts/ Daniel Llanes","13075"
"2015-09-30T00:00:00.000","Imagine Art, Inc./ Theron Parker-ABC ASL","13350"
"2015-09-30T00:00:00.000","Austin Creative Alliance / Austin Children's Theater","13600"
"2015-09-30T00:00:00.000","Austin Creative Alliance / Anuradha Naimpally","13625"
"2015-09-30T00:00:00.000","Center for Women & Their Work / Bob Hoffnar","13625"
"2015-09-30T00:00:00.000","Austin Creative Alliance / Paper Chairs","13900"
"2015-09-30T00:00:00.000","Center for Women & Their Work / Denise Prince","13900"
"2015-09-30T00:00:00.000","Center for Women & Their Work / Rattletree","13900"
"2016-09-30T00:00:00.000","Fuse Box Austin","100000"
"2015-09-30T00:00:00.000","One World/ Emily Dedear","13900"
"2015-09-30T00:00:00.000","One World/ Oliver Rajamani","13900"
"2015-09-30T00:00:00.000","Texas Folklife Resources/ Andrew Garrison","13900"
"2015-09-30T00:00:00.000","Texas Nafas","14132"
"2015-09-30T00:00:00.000","Austin Creative Alliance / Bob Livingston","14175"
"2015-09-30T00:00:00.000","Center for No Idea","14175"
"2015-09-30T00:00:00.000","One World/ Nada Stearns","14175"
"2015-09-30T00:00:00.000","Austin Creative Alliance / Glass Half Full Theatre","14438"
"2015-09-30T00:00:00.000","Center for Women & Their Work / Asian American Community Partnership","14450"
"2015-09-30T00:00:00.000","Mexic-Arte Museum/ Johnny Degollado (AKA Austin Conjunto Festival)","14450"
"2015-09-30T00:00:00.000","Save Barton Creek Association/ Bill Oliver","14450"
"2015-09-30T00:00:00.000","Ariel Dance Theatre","14634"
"2015-09-30T00:00:00.000","Ballet East Dance Company/ Up Rise Productions","14725"
"2015-09-30T00:00:00.000","Center for Women & Their Work / Women Printmakers of Austin","14725"
"2015-09-30T00:00:00.000","Vortex Repertory Company/Ethos AKA Chad Salvata","14725"
"2015-09-30T00:00:00.000","Salvage Vanguard Theater/Trouble Puppet Company","14825"
"2015-09-30T00:00:00.000","Austin Poets International, Inc./ Austin International Poetry Festival","14971"
"2015-09-30T00:00:00.000","Southwest Key Programs","15000"
"2015-09-30T00:00:00.000","River City Pops","15549"
"2015-09-30T00:00:00.000","La Follia Austin Baroque","15940"
"2015-09-30T00:00:00.000","Ensemble VIII","16335"
"2015-09-30T00:00:00.000","Indian Classical Music Circle of Austin","16550"
"2015-09-30T00:00:00.000","Austin Symphonic Band","16596"
"2015-09-30T00:00:00.000","Austin Creative Alliance / Shrewd Production","17033"
"2015-09-30T00:00:00.000","Capital City Men's Chorus","17600"
"2015-09-30T00:00:00.000","Penfold Theatre Company","17900"
"2015-09-30T00:00:00.000","Girls Rock Austin","18006"
"2015-09-30T00:00:00.000","Ballet East Dance Company/ Proyecto Teatro","18211"
"2015-09-30T00:00:00.000","Inside Out Steelband","18645"
"2015-09-30T00:00:00.000","Texas Democracy Foundation","18800"
"2015-09-30T00:00:00.000","Moving Image Arts & Education","19050"
"2015-09-30T00:00:00.000","South Austin Museum of Popular Culture","20000"
"2015-09-30T00:00:00.000","Austin Children's Choir","20065"
"2015-09-30T00:00:00.000","Out of Bounds Comedy","20072"
"2015-09-30T00:00:00.000","Cherrywood Urban Landscape and Arts league","20650"
"2015-09-30T00:00:00.000","Public Access Community Television, Inc. aka Public Access Community Television","20800"
"2015-09-30T00:00:00.000","Gilbert & Sullivan Society of Austin, Texas, Inc.","21500"
"2015-09-30T00:00:00.000","Knowbility, Inc.","24700"
"2015-09-30T00:00:00.000","Dance International","21875"
"2015-09-30T00:00:00.000","Musical Connection","21875"
"2015-09-30T00:00:00.000","Latinas Unidas Por el Arte (LUPE Arte)","21976"
"2015-09-30T00:00:00.000","Serie Project, Inc.","22360"
"2015-09-30T00:00:00.000","Austin Community SteelBand","22900"
"2015-09-30T00:00:00.000","Groundwork Music Project","22900"
"2015-09-30T00:00:00.000","Austin Script Works aka Austin Scriptworks","23250"
"2015-09-30T00:00:00.000","Celtic Cultural Center of Texas","23300"
"2015-09-30T00:00:00.000","Different Stages, Inc.","23555"
"2015-09-30T00:00:00.000","Kathy Dunn Hamrick Dance Co.","23849"
"2015-09-30T00:00:00.000","Austin Federation of Musicians","23950"
"2015-09-30T00:00:00.000","Salon Concerts, Inc.","23950"
"2015-09-30T00:00:00.000","Women in Jazz Association","23950"
"2015-09-30T00:00:00.000","Texas Education Broadcasting Co-Operative, Inc. (KOOP RADIO 91.7FM)","24100"
"2015-09-30T00:00:00.000","Conservatory Dance Theatre dba The Austin City Ballet","24300"
"2015-09-30T00:00:00.000","Hyde Park Theatre/ Capital T Theatre","24300"
"2015-09-30T00:00:00.000","Capital Of Texas Public Telecommunications Council AKA KLRU-TX","24400"
"2015-09-30T00:00:00.000","The Arc of the Capital Area","24400"
"2015-09-30T00:00:00.000","Teatro Vivo","24567"
"2015-09-30T00:00:00.000","Capitol Broadcasting Association, Inc. dba KMFA 89.5","25000"
"2015-09-30T00:00:00.000","Red Salmon Arts","25559"
"2015-09-30T00:00:00.000","Austin Civic Orchestra Society","26551"
"2015-09-30T00:00:00.000","Classical Guitar Alive","27861"
"2015-09-30T00:00:00.000","Cine Las Americas","34504"
"2015-09-30T00:00:00.000","La Peña","35246"
"2015-09-30T00:00:00.000","Puerto Rican Folkloric Dance, Inc.","36377"
"2015-09-30T00:00:00.000","Ballet East Dance Company","40200"
"2015-09-30T00:00:00.000","Austin Area Art from the Streets","40898"
"2015-09-30T00:00:00.000","Texas Early Music Project","41132"
"2015-09-30T00:00:00.000","Austin Music Foundation","42991"
"2015-09-30T00:00:00.000","Panoramic Voices","43650"
"2015-09-30T00:00:00.000","Austin Jazz Workshop, Inc.","43765"
"2015-09-30T00:00:00.000","Roy Lozano's Ballet Folklorico de Texas","44000"
"2015-09-30T00:00:00.000","Anthropos Arts","45384"
"2015-09-30T00:00:00.000","KidsActing Foundtion","45679"
"2015-09-30T00:00:00.000","Allison Orr Dance Inc. aka Forklift Dance Works","45810"
"2015-09-30T00:00:00.000","Pollyanna Theatre Company","46153"
"2015-09-30T00:00:00.000","India Fine Arts","46834"
"2015-09-30T00:00:00.000","Austin Visual Arts Association","47800"
"2015-09-30T00:00:00.000","Chorus Austin","51463"
"2015-09-30T00:00:00.000","Latinitas, Inc.","53000"
"2015-09-30T00:00:00.000","Austin Latino/a Lesbian & Gay Organization AKA allgo","54598"
"2015-09-30T00:00:00.000","Shady Tree Studios","55382"
"2015-09-30T00:00:00.000","Salvage Vanguard Theatre","64100"
"2015-09-30T00:00:00.000","Austin Celtic Association, Inc.","64429"
"2015-09-30T00:00:00.000","Motion Media Arts Center aka The Austin School of Film","64600"
"2015-09-30T00:00:00.000","Writer's League of Texas","66800"
"2015-09-30T00:00:00.000","Imagine Art, Inc.","69900"
"2015-09-30T00:00:00.000","Blue Lapis Light, Inc.","71200"
"2015-09-30T00:00:00.000","Hyde Park Theatre","76200"
"2015-09-30T00:00:00.000","Great Promise for American Indians, Inc.","77306"
"2015-09-30T00:00:00.000","Austin Scottish Rite Community & Childrens's Theatre (formerly Scottish Rite Children's Theatre and formerly Austin Scottish Rite Co.)","84600"
"2015-09-30T00:00:00.000","Austin Shakespeare Festival","86800"
"2015-09-30T00:00:00.000","Vortex Repertory Company","86800"
"2015-09-30T00:00:00.000","Zilker Theatre Productions","89000"
"2015-09-30T00:00:00.000","Austin Chamber Music Center, Inc.","91200"
"2015-09-30T00:00:00.000","Big Medium","91827"
"2015-09-30T00:00:00.000","Art Spark Texas","93400"
"2015-09-30T00:00:00.000","Austin Fine Arts Alliance, Inc. AKA Art Alliance Austin","93400"
"2015-09-30T00:00:00.000","Film Society of Austin, Inc.","190400"
"2015-09-30T00:00:00.000","Center For Women & Their Work","93400"
"2015-09-30T00:00:00.000","Texas Folklife Resources","93400"
"2015-09-30T00:00:00.000","Rude Mechanicals - A Theatre Collective","97800"
"2015-09-30T00:00:00.000","Fuse Box Austin","100000"
"2015-09-30T00:00:00.000","Austin Playhouse","120796"
"2015-09-30T00:00:00.000","Austin Classical Guitar","146515"
"2015-09-30T00:00:00.000","Mexic-Arte Museum","158847"
"2015-09-30T00:00:00.000","Visions in Rhythm aka Tapestry Dance Company","163500"
"2015-09-30T00:00:00.000","Austin Creative Alliance","165800"
"2015-09-30T00:00:00.000","Austin Children's Museum DBA Thinkery","185600"
"2015-09-30T00:00:00.000","Austin Film Festival, Inc.","185600"
"2015-09-30T00:00:00.000","Austin Lyric Opera dba Austin Opera","190400"
"2015-09-30T00:00:00.000","Austin Symphony Orchestra Society, Inc.","190400"
"2015-09-30T00:00:00.000","Austin Theatre Alliance (formerly Paramount Theatre and State Theatre)","190400"
"2015-09-30T00:00:00.000","Conspirare, Inc.","190400"
"2015-09-30T00:00:00.000","Creative Action","190400"
"2015-09-30T00:00:00.000","One World","190400"
"2015-09-30T00:00:00.000","The Contemporary Austin Museum Inc","192800"
"2015-09-30T00:00:00.000","Ballet Austin, Inc.","195200"
"2015-09-30T00:00:00.000","Greater Austin Performing Arts Center, Inc. dba Long Center for Performing Arts","195200"
"2015-09-30T00:00:00.000","Zachary Scott Theatre Center","200000"
"2016-09-30T00:00:00.000","Center for Women & Their Work / Lauren K. Tietz","1000"
"2016-09-30T00:00:00.000","line upon line percussion","1025"
"2016-09-30T00:00:00.000","Austin Baroque Orchestra","1045"
"2016-09-30T00:00:00.000","Austin Wind Symphony","1200"
"2016-09-30T00:00:00.000","Austin Script Works aka Austin Scriptworks/ Candyce Rusk","1250"
"2016-09-30T00:00:00.000","The Hidden Room Theatre","2000"
"2016-09-30T00:00:00.000","Center for Women & Their Work / Experimental Response Cinema","2241"
"2016-09-30T00:00:00.000","Austin Creative Alliance / Texas Comedies","2250"
"2016-09-30T00:00:00.000","B. Iden Payne Awards Council (FFS Austin Creative Alliance )","2269"
"2016-09-30T00:00:00.000","Big Medium/ Allyson Lipkin","2406"
"2016-09-30T00:00:00.000","The Austin Review","2500"
"2016-09-30T00:00:00.000","Austin Creative Alliance / Last Act Theatre Company","2643"
"2016-09-30T00:00:00.000","Texas Folklife Resources/ Michelle Alany","2939"
"2016-09-30T00:00:00.000","Amala Foundation","3000"
"2016-09-30T00:00:00.000","Austin Creative Alliance / John Pointer","3094"
"2016-09-30T00:00:00.000","Austin Creative Alliance / 7 Towers Theatre Company","3250"
"2016-09-30T00:00:00.000","Center for Women & Their Work / Latelena Hernandez Cowles","3551"
"2016-09-30T00:00:00.000","Austin Creative Alliance / Ready/Set/Go!","3616"
"2016-09-30T00:00:00.000","Austin Creative Alliance / Punchkin Repertory Theatre","3724"
"2016-09-30T00:00:00.000","Austin Creative Alliance / Dystheatre","4172"
"2016-09-30T00:00:00.000","Austin Tango Society","4250"
"2016-09-30T00:00:00.000","Lucky Chaos","4528"
"2016-09-30T00:00:00.000","Center for Women & Their Work / Shay Ishii Dance Company","4948"
"2016-09-30T00:00:00.000","Esquina Tango Cultural Society of Austin","4950"
"2016-09-30T00:00:00.000","Amphion Youth Choir","4951"
"2016-09-30T00:00:00.000","Travis Heights Art Trail","5018"
"2016-09-30T00:00:00.000","Austin Creative Alliance / Cosmic Intuition Productions","5500"
"2016-09-30T00:00:00.000","Borderlands Texas Poetry aka Texas Poetry Review (also Ramona Cearley)","5700"
"2016-09-30T00:00:00.000","Vortex Repertory Company/Katherine Wilkinson","5750"
"2016-09-30T00:00:00.000","Austin Creative Alliance / Mother Falcon's Music Laboratory","5947"
"2016-09-30T00:00:00.000","Austin Creative Alliance / A'Lante Flamenco Dance Ensemble","5975"
"2016-09-30T00:00:00.000","Tapestry Singers","6100"
"2016-09-30T00:00:00.000","Austin Creative Alliance / Present Company","6115"
"2016-09-30T00:00:00.000","Center for Women & Their Work / Rino Pizzi","6150"
"2016-09-30T00:00:00.000","Academy of Tango - Texas","6239"
"2016-09-30T00:00:00.000","Austin Theatre Project (FFS Austin Creative Alliance )","6500"
"2016-09-30T00:00:00.000","Busker Festivals, Inc","6500"
"2016-09-30T00:00:00.000","One World/ Austin Troubadours","6871"
"2016-09-30T00:00:00.000","Center for Women & Their Work / Alyssa Taylor Wendt","7000"
"2016-09-30T00:00:00.000","Center for Women & Their Work / Yuliya Lanina","7000"
"2016-09-30T00:00:00.000","Generous Art Texas","7000"
"2016-09-30T00:00:00.000","Austin Civic Wind Ensemble","7132"
"2016-09-30T00:00:00.000","Film Society of Austin, Inc./ Normies, LLC","7219"
"2016-09-30T00:00:00.000","Folklore y Ritmos de Panama","7373"
"2016-09-30T00:00:00.000","Chaddick Dance Company","7600"
"2016-09-30T00:00:00.000","Center for Women & Their Work / Elizabeth McQueen","7750"
"2016-09-30T00:00:00.000","Golden Hornet Project, Inc.","7817"
"2016-09-30T00:00:00.000","Austin New Music Corporation (Co-op)","8000"
"2016-09-30T00:00:00.000","LEAP OF JOY","8000"
"2016-09-30T00:00:00.000","Exploded Drawing","8250"
"2016-09-30T00:00:00.000","Protos Festival","8250"
"2016-09-30T00:00:00.000","Austin Creative Alliance / Grapes of Wrath 75 Project","8500"
"2016-09-30T00:00:00.000","Film Society of Austin, Inc./ Mike Blizzard","8500"
"2016-09-30T00:00:00.000","Center for Women & Their Work / Jayson Oaks","8625"
"2016-09-30T00:00:00.000","Austin Creative Alliance / Sky Candy","8750"
"2016-09-30T00:00:00.000","Classical Music for the World","8750"
"2016-09-30T00:00:00.000","Easter Seals Central Texas","8750"
"2016-09-30T00:00:00.000","Hispanic Alliance for the Performing Arts","8750"
"2016-09-30T00:00:00.000","PrintAustin Collective","8750"
"2016-09-30T00:00:00.000","Texas Folklife Resources/ WobeonFest","8750"
"2016-09-30T00:00:00.000","Austin Creative Alliance / Theatre en Bloc","8912"
"2016-09-30T00:00:00.000","Austin Creative Alliance / Jason Phelps & Co","9000"
"2016-09-30T00:00:00.000","Center for Women & Their Work / Lauren Gurgiolo","9000"
"2016-09-30T00:00:00.000","OUTsider Film & Arts Festival","9000"
"2016-09-30T00:00:00.000","Texas Accountants and Lawyers for the Arts","9000"
"2016-09-30T00:00:00.000","Austin Polish Society","9100"
"2016-09-30T00:00:00.000","Vortex Repertory Company/Lorella Loftus","9118"
"2016-09-30T00:00:00.000","Austin Museum of Digital Art","9147"
"2016-09-30T00:00:00.000","La Fenice","9202"
"2016-09-30T00:00:00.000","Austin Creative Alliance / Austin Asian American Film Festival","9250"
"2016-09-30T00:00:00.000","Center for Women & Their Work / Jules Buck Jones","9250"
"2016-09-30T00:00:00.000","Umlauf Sculpture Garden & Museum","9250"
"2016-09-30T00:00:00.000","Mobile Art Program","9400"
"2016-09-30T00:00:00.000","Center for Women & Their Work / Jennifer Sherburn","9717"
"2016-09-30T00:00:00.000","COLLIDE","9750"
"2016-09-30T00:00:00.000","Big Medium/ Pastelegram","10000"
"2016-09-30T00:00:00.000","Fluent~Collaborative/ Elizabeth Chiles","10000"
"2016-09-30T00:00:00.000","MASS Gallery, Inc","10000"
"2016-09-30T00:00:00.000","The Museum of Human Achievement","10000"
"2016-09-30T00:00:00.000","Center for Women & Their Work / Julie Nathanielsz","10300"
"2016-09-30T00:00:00.000","Austin Chamber Ensemble","10347"
"2016-09-30T00:00:00.000","Center for Women & Their Work / Generic Ensemble Company","10568"
"2016-09-30T00:00:00.000","Buzz Production","10600"
"2016-09-30T00:00:00.000","COLLIDE/ Ingebrigt Haker Flaten","10600"
"2016-09-30T00:00:00.000","Film Society of Austin, Inc./ Anne Lewis","10600"
"2016-09-30T00:00:00.000","Center for Women & Their Work / Heloise Gold","10675"
"2016-09-30T00:00:00.000","Texas Music Museum","10700"
"2016-09-30T00:00:00.000","Center for Women & Their Work / Art of the Pot","10925"
"2016-09-30T00:00:00.000","Austin Creative Alliance / The City Theatre Company","11100"
"2016-09-30T00:00:00.000","COLLIDE/ Epistrophy Arts","11100"
"2016-09-30T00:00:00.000","Academia (Aztlan) De Danza Y Folklore","11476"
"2016-09-30T00:00:00.000","Austin Summer Musical for Children","11700"
"2016-09-30T00:00:00.000","One World/ Sevylla del Mazo","11715"
"2016-09-30T00:00:00.000","Conspire Theater","11855"
"2016-09-30T00:00:00.000","Fisterra Projects","12250"
"2016-09-30T00:00:00.000","Texas Nafas","12375"
"2016-09-30T00:00:00.000","One World/ Mohammad Firoozi","12525"
"2016-09-30T00:00:00.000","One World/ Sergey Vashchenko","12525"
"2016-09-30T00:00:00.000","Film Society of Austin, Inc./ Karen Kocher","12612"
"2016-09-30T00:00:00.000","Austin Visual Arts Association/ Dr. Christopher Adejumo","12800"
"2016-09-30T00:00:00.000","Austin Creative Alliance / Balcones Community Orchestra","12900"
"2016-09-30T00:00:00.000","Lannaya aka Lannaya West African Drum and Dance Ensemble","12940"
"2016-09-30T00:00:00.000","Red Salmon Arts/ Daniel Llanes","13075"
"2016-09-30T00:00:00.000","Salvage Vanguard Theater/Church of the Friendly Ghost","13197"
"2016-09-30T00:00:00.000","Austin Poets International, Inc./ Austin International Poetry Festival","13410"
"2016-09-30T00:00:00.000","School of Indian Percussion and Music","13500"
"2016-09-30T00:00:00.000","Austin Creative Alliance / Anuradha Naimpally","13625"
"2016-09-30T00:00:00.000","Center for Women & Their Work / Bob Hoffnar","13625"
"2016-09-30T00:00:00.000","Austin Creative Alliance / Paper Chairs","13900"
"2016-09-30T00:00:00.000","Center for Women & Their Work / Denise Prince","13900"
"2016-09-30T00:00:00.000","Center for Women & Their Work / Rattletree","13900"
"2016-09-30T00:00:00.000","Film Society of Austin, Inc./ Karen Skloss","13900"
"2016-09-30T00:00:00.000","One World/ Emily Dedear","13900"
"2016-09-30T00:00:00.000","One World/ Oliver Rajamani","13900"
"2016-09-30T00:00:00.000","Texas Folklife Resources/ Andrew Garrison","13900"
"2016-09-30T00:00:00.000","Vortex Repertory Company/Electronic Planet Ensemble","13900"
"2016-09-30T00:00:00.000","Austin Creative Alliance / Bob Livingston","14175"
"2016-09-30T00:00:00.000","Center for No Idea","14175"
"2016-09-30T00:00:00.000","Imagine Art, Inc./ Mindy Moore","14175"
"2016-09-30T00:00:00.000","One World/ Nada Stearns","14175"
"2016-09-30T00:00:00.000","Austin Creative Alliance / Austin Children's Theater","14300"
"2016-09-30T00:00:00.000","Ariel Dance Theatre","14393"
"2016-09-30T00:00:00.000","Austin Creative Alliance / Glass Half Full Theatre","14450"
"2016-09-30T00:00:00.000","Center for Women & Their Work / Asian American Community Partnership","14450"
"2016-09-30T00:00:00.000","Mexic-Arte Museum/ Johnny Degollado (AKA Austin Conjunto Festival)","14450"
"2016-09-30T00:00:00.000","Save Barton Creek Association/ Bill Oliver","14450"
"2016-09-30T00:00:00.000","Ballet East Dance Company/ Up Rise Productions","14725"
"2016-09-30T00:00:00.000","Center for Women & Their Work / Women Printmakers of Austin","14725"
"2016-09-30T00:00:00.000","Vortex Repertory Company/Ethos AKA Chad Salvata","14725"
"2016-09-30T00:00:00.000","Southwest Key Programs","15000"
"2016-09-30T00:00:00.000","Russian Speakers Society","16600"
"2016-09-30T00:00:00.000","HONK!TX","17254"
"2016-09-30T00:00:00.000","Capital City Men's Chorus","17600"
"2016-09-30T00:00:00.000","River City Pops","18200"
"2016-09-30T00:00:00.000","Capitol View Arts","18603"
"2016-09-30T00:00:00.000","Ballet East Dance Company/ Proyecto Teatro","18800"
"2016-09-30T00:00:00.000","Co-Lab Projects","18910"
"2016-09-30T00:00:00.000","Ensemble VIII","19091"
"2016-09-30T00:00:00.000","Indian Classical Music Circle of Austin","19100"
"2016-09-30T00:00:00.000","La Follia Austin Baroque","19300"
"2016-09-30T00:00:00.000","Inside Out Steelband","19400"
"2016-09-30T00:00:00.000","Red Salmon Arts","19457"
"2016-09-30T00:00:00.000","Salvage Vanguard Theater/Trouble Puppet Company","19700"
"2016-09-30T00:00:00.000","Moving Image Arts & Education","19750"
"2016-09-30T00:00:00.000","South Austin Museum of Popular Culture","20000"
"2016-09-30T00:00:00.000","Austin Playhouse","138865"
"2016-09-30T00:00:00.000","Public Access Community Television, Inc. aka Public Access Community Television","20800"
"2016-09-30T00:00:00.000","Cherrywood Urban Landscape and Arts league","21350"
"2016-09-30T00:00:00.000","Gilbert & Sullivan Society of Austin, Texas, Inc.","22200"
"2016-09-30T00:00:00.000","Austin Symphonic Band","22294"
"2016-09-30T00:00:00.000","Austin Creative Alliance / Shrewd Production","22900"
"2016-09-30T00:00:00.000","Penfold Theatre Company","23250"
"2016-09-30T00:00:00.000","Austin Community SteelBand","23600"
"2016-09-30T00:00:00.000","Groundwork Music Project","23600"
"2016-09-30T00:00:00.000","Out of Bounds Comedy","23700"
"2016-09-30T00:00:00.000","Austin Script Works aka Austin Scriptworks","23950"
"2016-09-30T00:00:00.000","Celtic Cultural Center of Texas","24000"
"2016-09-30T00:00:00.000","Texas Education Broadcasting Co-Operative, Inc. (KOOP RADIO 91.7FM)","24100"
"2016-09-30T00:00:00.000","Capital Of Texas Public Telecommunications Council AKA KLRU-TX","24400"
"2016-09-30T00:00:00.000","The Arc of the Capital Area","24400"
"2016-09-30T00:00:00.000","Austin Federation of Musicians","24650"
"2016-09-30T00:00:00.000","Kathy Dunn Hamrick Dance Co.","24650"
"2016-09-30T00:00:00.000","Salon Concerts, Inc.","24650"
"2016-09-30T00:00:00.000","Women in Jazz Association","24650"
"2016-09-30T00:00:00.000","Knowbility, Inc.","24700"
"2016-09-30T00:00:00.000","Capitol Broadcasting Association, Inc. dba KMFA 89.5","25000"
"2016-09-30T00:00:00.000","Conservatory Dance Theatre dba The Austin City Ballet","25000"
"2016-09-30T00:00:00.000","Dance International","25000"
"2016-09-30T00:00:00.000","Hyde Park Theatre/ Capital T Theatre","25000"
"2016-09-30T00:00:00.000","Teatro Vivo","27366"
"2016-09-30T00:00:00.000","Different Stages, Inc.","28044"
"2016-09-30T00:00:00.000","Latinas Unidas Por el Arte (LUPE Arte)","28164"
"2016-09-30T00:00:00.000","Austin Civic Orchestra Society","30609"
"2016-09-30T00:00:00.000","Classical Guitar Alive","32654"
"2016-09-30T00:00:00.000","KidsActing Foundtion","35000"
"2016-09-30T00:00:00.000","Musical Connection","35000"
"2016-09-30T00:00:00.000","Ballet East Dance Company","39500"
"2016-09-30T00:00:00.000","Roy Lozano's Ballet Folklorico de Texas","43400"
"2016-09-30T00:00:00.000","Austin Area Art from the Streets","45557"
"2016-09-30T00:00:00.000","Austin Visual Arts Association","47800"
"2016-09-30T00:00:00.000","India Fine Arts","48900"
"2016-09-30T00:00:00.000","Texas Early Music Project","49700"
"2016-09-30T00:00:00.000","Puerto Rican Folkloric Dance, Inc.","50722"
"2016-09-30T00:00:00.000","Latinitas, Inc.","53000"
"2016-09-30T00:00:00.000","Austin Jazz Workshop, Inc.","53400"
"2016-09-30T00:00:00.000","Pollyanna Theatre Company","55696"
"2016-09-30T00:00:00.000","Cine Las Americas","56329"
"2016-09-30T00:00:00.000","Austin Latino/a Lesbian & Gay Organization AKA allgo","56998"
"2016-09-30T00:00:00.000","Panoramic Voices","57594"
"2016-09-30T00:00:00.000","Austin Music Foundation","60501"
"2016-09-30T00:00:00.000","Anthropos Arts","61905"
"2016-09-30T00:00:00.000","La Peña","63394"
"2016-09-30T00:00:00.000","Salvage Vanguard Theatre","64100"
"2016-09-30T00:00:00.000","Motion Media Arts Center aka The Austin School of Film","64600"
"2016-09-30T00:00:00.000","Chorus Austin","66651"
"2016-09-30T00:00:00.000","Writer's League of Texas","66800"
"2016-09-30T00:00:00.000","Imagine Art, Inc.","69900"
"2016-09-30T00:00:00.000","Blue Lapis Light, Inc.","71200"
"2016-09-30T00:00:00.000","Shady Tree Studios","72131"
"2016-09-30T00:00:00.000","Hyde Park Theatre","76200"
"2016-09-30T00:00:00.000","Austin Celtic Association, Inc.","76753"
"2016-09-30T00:00:00.000","Austin Scottish Rite Community & Childrens's Theatre (formerly Scottish Rite Children's Theatre and formerly Austin Scottish Rite Co.)","84600"
"2016-09-30T00:00:00.000","Allison Orr Dance Inc. aka Forklift Dance Works","84849"
"2016-09-30T00:00:00.000","Austin Shakespeare Festival","86800"
"2016-09-30T00:00:00.000","Vortex Repertory Company","86800"
"2016-09-30T00:00:00.000","Zilker Theatre Productions","89000"
"2016-09-30T00:00:00.000","Austin Chamber Music Center, Inc.","91200"
"2016-09-30T00:00:00.000","Art Spark Texas","93400"
"2016-09-30T00:00:00.000","Austin Fine Arts Alliance, Inc. AKA Art Alliance Austin","93400"
"2016-09-30T00:00:00.000","Center For Women & Their Work","93400"
"2016-09-30T00:00:00.000","Great Promise for American Indians, Inc.","93400"
"2016-09-30T00:00:00.000","Texas Folklife Resources","93400"
"2016-09-30T00:00:00.000","Rude Mechanicals - A Theatre Collective","97800"
"2016-09-30T00:00:00.000","Big Medium","100000"
"2016-09-30T00:00:00.000","Mexic-Arte Museum","158847"
"2016-09-30T00:00:00.000","Visions in Rhythm aka Tapestry Dance Company","163500"
"2016-09-30T00:00:00.000","Austin Creative Alliance","165800"
"2016-09-30T00:00:00.000","Austin Classical Guitar","172700"
"2016-09-30T00:00:00.000","Austin Children's Museum DBA Thinkery","185600"
"2016-09-30T00:00:00.000","Austin Film Festival, Inc.","185600"
"2016-09-30T00:00:00.000","Austin Lyric Opera dba Austin Opera","190400"
"2016-09-30T00:00:00.000","Austin Symphony Orchestra Society, Inc.","190400"
"2016-09-30T00:00:00.000","Austin Theatre Alliance (formerly Paramount Theatre and State Theatre)","190400"
"2016-09-30T00:00:00.000","Conspirare, Inc.","190400"
"2016-09-30T00:00:00.000","Creative Action","190400"
"2016-09-30T00:00:00.000","Film Society of Austin, Inc.","190400"
"2016-09-30T00:00:00.000","One World","190400"
"2016-09-30T00:00:00.000","The Contemporary Austin Museum Inc","192800"
"2016-09-30T00:00:00.000","Ballet Austin, Inc.","195200"
"2016-09-30T00:00:00.000","Greater Austin Performing Arts Center, Inc. dba Long Center for Performing Arts","195200"
"2016-09-30T00:00:00.000","Zachary Scott Theatre Center","200000"
"2017-09-30T00:00:00.000","Austin Creative Alliance / artMEAT","1000"
"2017-09-30T00:00:00.000","Austin Creative Alliance / Juegos Rancheros","1000"
"2017-09-30T00:00:00.000","Austin Creative Alliance / North Austin Creatives","1000"
"2017-09-30T00:00:00.000","Ballet East Dance Company/ Renee Davis aka Sister Moses Project","1000"
"2017-09-30T00:00:00.000","Motion Media Arts Center aka The Austin School of Film/ Alexandra Thomas","1000"
"2017-09-30T00:00:00.000","Travis Heights Art Trail","1000"
"2017-09-30T00:00:00.000","Austin Creative Alliance / Tangerine","1011"
"2017-09-30T00:00:00.000","Center for Women & Their Work / Jayson Oaks","1100"
"2017-09-30T00:00:00.000","Film Society of Austin, Inc./ Tracy Fraizier","1183"
"2017-09-30T00:00:00.000","Austin Museum Partnership","1238"
"2017-09-30T00:00:00.000","Big Medium/ Fields Magazine","1336"
"2017-09-30T00:00:00.000","Austin Creative Alliance / VERGE Art Events","1734"
"2017-09-30T00:00:00.000","B. Iden Payne Awards Council (FFS Austin Creative Alliance )","1750"
"2017-09-30T00:00:00.000","Co-Lab Projects/ Art of the Brew","1913"
"2017-09-30T00:00:00.000","Co-Lab Projects/ Party World Rasslin'","1951"
"2017-09-30T00:00:00.000","Bike Texas/ Equilibre","2406"
"2017-09-30T00:00:00.000","Center for Women & Their Work / Lauren K. Tietz","2722"
"2017-09-30T00:00:00.000","Center for Women & Their Work / Shay Ishii Dance Company","2745"
"2017-09-30T00:00:00.000","Indie Meme","2813"
"2017-09-30T00:00:00.000","Austin Creative Alliance / Gender Portraits","2834"
"2017-09-30T00:00:00.000","Big Medium/ Allyson Lipkin","2844"
"2017-09-30T00:00:00.000","Center for Women and Their Work / Project Abundant Life","2850"
"2017-09-30T00:00:00.000","Film Society of Austin, Inc./ Juan Pablo Gonzalez","3094"
"2017-09-30T00:00:00.000","Salvage Vanguard Theater/Heckle Her","3095"
"2017-09-30T00:00:00.000","Big Medium/ Tiny Black Hearts","3100"
"2017-09-30T00:00:00.000","Big Medium/ Susan Scafati","3125"
"2017-09-30T00:00:00.000","Austin Creative Alliance / Twin Alchemy Theatre Collective","3171"
"2017-09-30T00:00:00.000","Austin Creative Alliance / Oh Dragon Theatre Company","3263"
"2017-09-30T00:00:00.000","Big Medium/ Attendance Records","3438"
"2017-09-30T00:00:00.000","Center for Women & Their Work / Experimental Response Cinema","3550"
"2017-09-30T00:00:00.000","Austin Baroque Orchestra","3562"
"2017-09-30T00:00:00.000","Fisterra Projects/ AM Arts","3594"
"2017-09-30T00:00:00.000","Vortex Repertory Company/Tyler Mabry","3594"
"2017-09-30T00:00:00.000","Big Medium/ ATM Gallery","3631"
"2017-09-30T00:00:00.000","Austin Creative Alliance / Artistic Education Company","3700"
"2017-09-30T00:00:00.000","Austin Creative Alliance / Southwest Theatre Productions","3700"
"2017-09-30T00:00:00.000","Dance Waterloo","3700"
"2017-09-30T00:00:00.000","Austin Creative Alliance / One Ounce Opera","3750"
"2017-09-30T00:00:00.000","Austin Script Works aka Austin Scriptworks/ Sarah Loucks","3750"
"2017-09-30T00:00:00.000","Big Medium/ Matthew Steinke","3750"
"2017-09-30T00:00:00.000","A Clever Production","4125"
"2017-09-30T00:00:00.000","Big Medium/ Juanita Butler","4178"
"2017-09-30T00:00:00.000","Austin Creative Reuse","4239"
"2017-09-30T00:00:00.000","Performa/Dance","4348"
"2017-09-30T00:00:00.000","Srv2Thrv Foundation","4452"
"2017-09-30T00:00:00.000","Esquina Tango Cultural Society of Austin","4500"
"2017-09-30T00:00:00.000","Alliance for Young Future Filmmakers","4700"
"2017-09-30T00:00:00.000","Color Arc Productions","4711"
"2017-09-30T00:00:00.000","Austin Creative Alliance / Texas Comedies","4800"
"2017-09-30T00:00:00.000","Austin Tango Society","4800"
"2017-09-30T00:00:00.000","Latinas Unidas Por el Arte (LUPE Arte)/ Austin Culture Fest","4900"
"2017-09-30T00:00:00.000","Big Medium/ Pastelegram","5112"
"2017-09-30T00:00:00.000","Austin Creative Alliance / John Pointer","5125"
"2017-09-30T00:00:00.000","Borderlands Texas Poetry aka Texas Poetry Review (also Ramona Cearley)","5200"
"2017-09-30T00:00:00.000","Austin Creative Alliance / 7 Towers Theatre Company","5450"
"2017-09-30T00:00:00.000","Barton Springs Conservancy","5500"
"2017-09-30T00:00:00.000","Fast Forward Austin","5624"
"2017-09-30T00:00:00.000","Austin Creative Alliance / Mother Falcon's Music Laboratory","5688"
"2017-09-30T00:00:00.000","Film Society of Austin, Inc./ Michael Orion Scott","5781"
"2017-09-30T00:00:00.000","Busker Festivals, Inc","5800"
"2017-09-30T00:00:00.000","Center for Women & Their Work/ Valerie Fowler","5923"
"2017-09-30T00:00:00.000","Austin Creative Alliance / Dystheatre","5952"
"2017-09-30T00:00:00.000","Musical Connection/ Sarkis Petrosyan","6100"
"2017-09-30T00:00:00.000","Amphion Youth Choir","6152"
"2017-09-30T00:00:00.000","Austin Creative Alliance / Last Act Theatre Company","6175"
"2017-09-30T00:00:00.000","Austin Creative Alliance / Blue Cow Studios","6400"
"2017-09-30T00:00:00.000","Tejano Music Alliance of Texas","6400"
"2017-09-30T00:00:00.000","Big Medium/ Solstice Festival","6425"
"2017-09-30T00:00:00.000","Austin Creative Alliance / Support Austin Music","6700"
"2017-09-30T00:00:00.000","Musical Connection/ Nina McIntire","6700"
"2017-09-30T00:00:00.000","Folklore y Ritmos de Panama","6733"
"2017-09-30T00:00:00.000","Austin Creative Alliance / Austin WebFest","7000"
"2017-09-30T00:00:00.000","Austin Dance Ensemble","7000"
"2017-09-30T00:00:00.000","Austin Toy Museum","7300"
"2017-09-30T00:00:00.000","Film Society of Austin, Inc./ John Moore","7300"
"2017-09-30T00:00:00.000","Spectrum Theatre Company","7300"
"2017-09-30T00:00:00.000","Academy of Tango - Texas","7600"
"2017-09-30T00:00:00.000","Austin Creative Alliance / ImprovEd Arts","7600"
"2017-09-30T00:00:00.000","Film Society of Austin, Inc./ Sandra Adair","7600"
"2017-09-30T00:00:00.000","Latinas Unidas Por el Arte (LUPE Arte)/ Daniel Reyes-La Perla Documentary","7600"
"2017-09-30T00:00:00.000","LOLA Local Opera Local Artists","7600"
"2017-09-30T00:00:00.000","The Violet Crown Players, Inc.","7813"
"2017-09-30T00:00:00.000","Austin Creative Alliance / En Route","7900"
"2017-09-30T00:00:00.000","Black Film Collective/ Capitol City Black Film Festival","7900"
"2017-09-30T00:00:00.000","Film Society of Austin, Inc./ Susanne Mason","7900"
"2017-09-30T00:00:00.000","MindPOP","7900"
"2017-09-30T00:00:00.000","Ritenuto Foundation Inc","7900"
"2017-09-30T00:00:00.000","Austin Chamber Ensemble","8048"
"2017-09-30T00:00:00.000","Big Medium/ John Pike","8050"
"2017-09-30T00:00:00.000","Austin Museum of Digital Art","8070"
"2017-09-30T00:00:00.000","Buzz Production","8078"
"2017-09-30T00:00:00.000","COLLIDE/ Brian David Johnson","8200"
"2017-09-30T00:00:00.000","Film Society of Austin, Inc./ Keith Maitland","8200"
"2017-09-30T00:00:00.000","Ground Floor Theatre","8200"
"2017-09-30T00:00:00.000","Unlisted Projects","8200"
"2017-09-30T00:00:00.000","TILT","8226"
"2017-09-30T00:00:00.000","Austin New Music Corporation (Co-op)","8400"
"2017-09-30T00:00:00.000","Vortex Repertory Company/Katherine Wilkinson","8429"
"2017-09-30T00:00:00.000","Art Spark Texas/ AllRhythms Youth Ensemble","8500"
"2017-09-30T00:00:00.000","Dimension Gallery","8500"
"2017-09-30T00:00:00.000","Latinas Unidas Por el Arte (LUPE Arte)/ Cut & Deliver Writers Cram Jam Lab","8500"
"2017-09-30T00:00:00.000","The Hidden Room Theatre","8559"
"2017-09-30T00:00:00.000","One World/ Austin Troubadours","8734"
"2017-09-30T00:00:00.000","Asian American Resource Center Nonprofit","8800"
"2017-09-30T00:00:00.000","Big Medium/ Austin Maker Group FKA Austin Maker Faire","8800"
"2017-09-30T00:00:00.000","Big Medium/ Emily Marks aka Lionhear Youth","8800"
"2017-09-30T00:00:00.000","e4 Youth","8800"
"2017-09-30T00:00:00.000","Film Society of Austin, Inc./ PJ Raval","8800"
"2017-09-30T00:00:00.000","Shalom Austin/ Jewish Film Festival","8800"
"2017-09-30T00:00:00.000","Agni foundation for the Arts","9100"
"2017-09-30T00:00:00.000","ARCOS Foundation for the Arts, Inc.","9100"
"2017-09-30T00:00:00.000","Art Spark Texas/ Sharon Marroquin","9100"
"2017-09-30T00:00:00.000","Austin Creative Alliance / Central Texas Medical Orchestra","9100"
"2017-09-30T00:00:00.000","Coalition of Texans with Disabilities","9100"
"2017-09-30T00:00:00.000","Film Society of Austin, Inc./ Chelsea Hernandez","9100"
"2017-09-30T00:00:00.000","Shalom Austin","9100"
"2017-09-30T00:00:00.000","Amala Foundation","9175"
"2017-09-30T00:00:00.000","Academia (Aztlan) De Danza Y Folklore","9365"
"2017-09-30T00:00:00.000","Beyond the Grade","9400"
"2017-09-30T00:00:00.000","Big Medium/ Outside Voice","9400"
"2017-09-30T00:00:00.000","Visions in Rhythm aka Tapestry Dance Company/Minor Mishap Marching Band","9400"
"2017-09-30T00:00:00.000","Center for Women & Their Work / Big Green Machine","9506"
"2017-09-30T00:00:00.000","Fisterra Projects","9585"
"2017-09-30T00:00:00.000","New School of Music","9700"
"2017-09-30T00:00:00.000","Austin Script Works aka Austin Scriptworks/ Candyce Rusk","9750"
"2017-09-30T00:00:00.000","Austin Street Corner Arts Collective","9818"
"2017-09-30T00:00:00.000","Women's Community Center of Central Texas","10000"
"2017-09-30T00:00:00.000","Tapestry Singers","10050"
"2017-09-30T00:00:00.000","La Fenice","10325"
"2017-09-30T00:00:00.000","Chaddick Dance Company","10656"
"2017-09-30T00:00:00.000","Center for Women & Their Work / Generic Ensemble Company","10794"
"2017-09-30T00:00:00.000","Center for Women & Their Work / Rino Pizzi","10969"
"2017-09-30T00:00:00.000","Texas Nafas","11000"
"2017-09-30T00:00:00.000","Save Barton Creek Association/ Bill Oliver","11100"
"2017-09-30T00:00:00.000","Fluent~Collaborative/ Elizabeth Chiles","11166"
"2017-09-30T00:00:00.000","Texas Music Museum","11200"
"2017-09-30T00:00:00.000","Austin Creative Alliance / Jason Phelps & Co","11515"
"2017-09-30T00:00:00.000","Austin Creative Alliance / JWHill Productions LLC","11725"
"2017-09-30T00:00:00.000","Center for Women & Their Work / Alyssa Taylor Wendt","11867"
"2017-09-30T00:00:00.000","One World/ Sevylla del Mazo","12118"
"2017-09-30T00:00:00.000","Generous Art Texas","12288"
"2017-09-30T00:00:00.000","Lannaya aka Lannaya West African Drum and Dance Ensemble","12527"
"2017-09-30T00:00:00.000","Austin Summer Musical for Children","12600"
"2017-09-30T00:00:00.000","Capitol View Arts","15894"
"2017-09-30T00:00:00.000","Austin Children's Choir","12804"
"2017-09-30T00:00:00.000","Red Salmon Arts/ Daniel Llanes","12850"
"2017-09-30T00:00:00.000","One World/ Sergey Vashchenko","13175"
"2017-09-30T00:00:00.000","Film Society of Austin, Inc./ Anne Lewis","13375"
"2017-09-30T00:00:00.000","MASS Gallery, Inc","13377"
"2017-09-30T00:00:00.000","Austin Poets International, Inc./ Austin International Poetry Festival","13466"
"2017-09-30T00:00:00.000","Golden Hornet Project, Inc.","14035"
"2017-09-30T00:00:00.000","Austin Civic Wind Ensemble","14051"
"2017-09-30T00:00:00.000","Center for Women & Their Work / Jules Buck Jones","14361"
"2017-09-30T00:00:00.000","School of Indian Percussion and Music","14400"
"2017-09-30T00:00:00.000","Austin Creative Alliance / Montopolis Productions","14537"
"2017-09-30T00:00:00.000","PrintAustin Collective","14769"
"2017-09-30T00:00:00.000","Austin Creative Alliance / Shrewd Production","14772"
"2017-09-30T00:00:00.000","Center for Women & Their Work / Asian American Community Partnership","14795"
"2017-09-30T00:00:00.000","Vortex Repertory Company/Lorella Loftus","14799"
"2017-09-30T00:00:00.000","Classical Music for the World","14953"
"2017-09-30T00:00:00.000","Southwest Key Programs","15000"
"2017-09-30T00:00:00.000","Austin Polish Society","15125"
"2017-09-30T00:00:00.000","Vortex Repertory Company/Electronic Planet Ensemble","15237"
"2017-09-30T00:00:00.000","Austin Creative Alliance / A'Lante Flamenco Dance Ensemble","15700"
"2017-09-30T00:00:00.000","Film Society of Austin, Inc./ Karen Skloss","15775"
"2017-09-30T00:00:00.000","Austin Creative Alliance / Balcones Community Orchestra","15950"
"2017-09-30T00:00:00.000","Austin Creative Alliance / Present Company","16100"
"2017-09-30T00:00:00.000","Austin Federation of Musicians","16900"
"2017-09-30T00:00:00.000","One World/ Nada Stearns","17075"
"2017-09-30T00:00:00.000","Ballet East Dance Company/ Up Rise Productions","17125"
"2017-09-30T00:00:00.000","HONK!TX","17252"
"2017-09-30T00:00:00.000","Austin Creative Alliance / Austin Children's Theater","17400"
"2017-09-30T00:00:00.000","Austin Creative Alliance / Bob Livingston","17400"
"2017-09-30T00:00:00.000","Austin Creative Alliance / Paper Chairs","17400"
"2017-09-30T00:00:00.000","Big Medium/ Colin McIntyre","17400"
"2017-09-30T00:00:00.000","Center for Women & Their Work / Yuliya Lanina","17400"
"2017-09-30T00:00:00.000","Film Society of Austin, Inc./ Karen Kocher","17400"
"2017-09-30T00:00:00.000","Protos Festival","17400"
"2017-09-30T00:00:00.000","Austin Creative Alliance / Grapes of Wrath 75 Project","17469"
"2018-09-30T00:00:00.000","Co-Lab Projects","48723"
"2017-09-30T00:00:00.000","Center for Women & Their Work / Heloise Gold","17725"
"2017-09-30T00:00:00.000","COLLIDE/ Ingebrigt Haker Flaten","17725"
"2017-09-30T00:00:00.000","River City Pops","17750"
"2017-09-30T00:00:00.000","Girls Rock Austin","17950"
"2017-09-30T00:00:00.000","Austin Creative Alliance / Austin Asian American Film Festival","18050"
"2017-09-30T00:00:00.000","Austin Creative Alliance / Sky Candy","18050"
"2017-09-30T00:00:00.000","Ballet East Dance Company/ Proyecto Teatro","18050"
"2017-09-30T00:00:00.000","Center for Women & Their Work / Jennifer Sherburn","18050"
"2017-09-30T00:00:00.000","COLLIDE/ Epistrophy Arts","18050"
"2017-09-30T00:00:00.000","One World/ Emily Dedear","18050"
"2017-09-30T00:00:00.000","Texas Folklife Resources/ Andrew Garrison","18050"
"2017-09-30T00:00:00.000","The Museum of Human Achievement","18050"
"2017-09-30T00:00:00.000","Vortex Repertory Company/Ethos AKA Chad Salvata","18050"
"2017-09-30T00:00:00.000","Ariel Dance Theatre","18059"
"2017-09-30T00:00:00.000","Russian Speakers Society","18200"
"2017-09-30T00:00:00.000","OUTsider Film & Arts Festival","18267"
"2017-09-30T00:00:00.000","Austin Visual Arts Association/ Dr. Christopher Adejumo","18295"
"2017-09-30T00:00:00.000","Austin Creative Alliance / Theatre en Bloc","18375"
"2017-09-30T00:00:00.000","Center for Women & Their Work / Lauren Gurgiolo","18375"
"2017-09-30T00:00:00.000","Center for Women & Their Work / Rattletree","18375"
"2017-09-30T00:00:00.000","Austin Creative Alliance / Glass Half Full Theatre","18700"
"2017-09-30T00:00:00.000","Center for No Idea","18700"
"2017-09-30T00:00:00.000","Center for Women & Their Work / Art of the Pot","18700"
"2017-09-30T00:00:00.000","Center for Women & Their Work / Bob Hoffnar","18700"
"2017-09-30T00:00:00.000","Exploded Drawing","18700"
"2017-09-30T00:00:00.000","Mexic-Arte Museum/ Johnny Degollado (AKA Austin Conjunto Festival)","18700"
"2017-09-30T00:00:00.000","Center for Women & Their Work / Denise Prince","19025"
"2017-09-30T00:00:00.000","Center for Women & Their Work / Women Printmakers of Austin","19025"
"2017-09-30T00:00:00.000","One World/ Mohammad Firoozi","19025"
"2017-09-30T00:00:00.000","One World/ Oliver Rajamani","19025"
"2017-09-30T00:00:00.000","Inside Out Steelband","19083"
"2017-09-30T00:00:00.000","Austin Creative Alliance / The City Theatre Company","19125"
"2017-09-30T00:00:00.000","Austin Creative Alliance / Anuradha Naimpally","19350"
"2017-09-30T00:00:00.000","Red Salmon Arts","20038"
"2017-09-30T00:00:00.000","line upon line percussion","20327"
"2017-09-30T00:00:00.000","Kathy Dunn Hamrick Dance Co.","20684"
"2017-09-30T00:00:00.000","COLLIDE","22113"
"2017-09-30T00:00:00.000","Salvage Vanguard Theater/Trouble Puppet Company","23000"
"2017-09-30T00:00:00.000","South Austin Museum of Popular Culture","23000"
"2017-09-30T00:00:00.000","Austin Theatre Project (FFS Austin Creative Alliance )","23700"
"2017-09-30T00:00:00.000","Capital City Men's Chorus","23885"
"2017-09-30T00:00:00.000","Austin Symphonic Band","24000"
"2017-09-30T00:00:00.000","Conservatory Dance Theatre dba The Austin City Ballet","24150"
"2017-09-30T00:00:00.000","Different Stages, Inc.","24617"
"2017-09-30T00:00:00.000","Gilbert & Sullivan Society of Austin, Texas, Inc.","25500"
"2017-09-30T00:00:00.000","Groundwork Music Project","25500"
"2017-09-30T00:00:00.000","Teatro Vivo","25620"
"2017-09-30T00:00:00.000","Black Fret","25754"
"2017-09-30T00:00:00.000","Hyde Park Theatre/ Capital T Theatre","25950"
"2017-09-30T00:00:00.000","Ensemble VIII","26000"
"2017-09-30T00:00:00.000","Classical Guitar Alive","26002"
"2017-09-30T00:00:00.000","Knowbility, Inc.","26800"
"2017-09-30T00:00:00.000","La Follia Austin Baroque","26838"
"2017-09-30T00:00:00.000","Austin Community SteelBand","26850"
"2017-09-30T00:00:00.000","Salon Concerts, Inc.","26850"
"2017-09-30T00:00:00.000","Latinas Unidas Por el Arte (LUPE Arte)","26992"
"2017-09-30T00:00:00.000","Austin Civic Orchestra Society","27231"
"2017-09-30T00:00:00.000","Indian Classical Music Circle of Austin","27300"
"2017-09-30T00:00:00.000","Celtic Cultural Center of Texas","27750"
"2017-09-30T00:00:00.000","LEAP OF JOY","27957"
"2017-09-30T00:00:00.000","Texas Accountants and Lawyers for the Arts","28200"
"2017-09-30T00:00:00.000","Women in Jazz Association","28200"
"2017-09-30T00:00:00.000","Co-Lab Projects","28305"
"2017-09-30T00:00:00.000","Capitol Broadcasting Association, Inc. dba KMFA 89.5","28354"
"2017-09-30T00:00:00.000","Capital Of Texas Public Telecommunications Council AKA KLRU-TX","28400"
"2017-09-30T00:00:00.000","Easter Seals Central Texas","28400"
"2017-09-30T00:00:00.000","Texas Education Broadcasting Co-Operative, Inc. (KOOP RADIO 91.7FM)","28400"
"2017-09-30T00:00:00.000","Austin Script Works aka Austin Scriptworks","28521"
"2017-09-30T00:00:00.000","Texas Democracy Foundation","29600"
"2017-09-30T00:00:00.000","The Arc of the Capital Area","29600"
"2017-09-30T00:00:00.000","Salvage Vanguard Theater/Church of the Friendly Ghost","30000"
"2017-09-30T00:00:00.000","Out of Bounds Comedy","32086"
"2017-09-30T00:00:00.000","KidsActing Foundtion","32867"
"2017-09-30T00:00:00.000","Cherrywood Urban Landscape and Arts league","33996"
"2017-09-30T00:00:00.000","Moving Image Arts & Education","35863"
"2017-09-30T00:00:00.000","Musical Connection","35863"
"2017-09-30T00:00:00.000","Austin Gay & Lesbian International Film Festival (aGLIFF)","39050"
"2017-09-30T00:00:00.000","Austin Visual Arts Association","48110"
"2017-09-30T00:00:00.000","Panoramic Voices","48689"
"2017-09-30T00:00:00.000","Austin Jazz Workshop, Inc.","49281"
"2017-09-30T00:00:00.000","Ballet East Dance Company","49400"
"2017-09-30T00:00:00.000","Pollyanna Theatre Company","49549"
"2017-09-30T00:00:00.000","Austin Area Art from the Streets","49559"
"2017-09-30T00:00:00.000","India Fine Arts","50602"
"2017-09-30T00:00:00.000","Texas Early Music Project","51814"
"2017-09-30T00:00:00.000","Puerto Rican Folkloric Dance, Inc.","52358"
"2017-09-30T00:00:00.000","Austin Latino/a Lesbian & Gay Organization AKA allgo","53077"
"2017-09-30T00:00:00.000","Roy Lozano's Ballet Folklorico de Texas","53772"
"2017-09-30T00:00:00.000","Cine Las Americas","56455"
"2017-09-30T00:00:00.000","Chorus Austin","57500"
"2017-09-30T00:00:00.000","Austin Music Foundation","58000"
"2017-09-30T00:00:00.000","Hispanic Alliance for the Performing Arts","62000"
"2017-09-30T00:00:00.000","Shady Tree Studios","68281"
"2017-09-30T00:00:00.000","Austin Celtic Association, Inc.","68596"
"2017-09-30T00:00:00.000","Latinitas, Inc.","69800"
"2017-09-30T00:00:00.000","Hope Events Inc.","71000"
"2017-09-30T00:00:00.000","Anthropos Arts","74269"
"2017-09-30T00:00:00.000","Hyde Park Theatre","74600"
"2017-09-30T00:00:00.000","La Peña","76998"
"2017-09-30T00:00:00.000","Motion Media Arts Center aka The Austin School of Film","79400"
"2017-09-30T00:00:00.000","Blue Lapis Light, Inc.","79600"
"2017-09-30T00:00:00.000","Writer's League of Texas","87400"
"2017-09-30T00:00:00.000","Great Promise for American Indians, Inc.","89579"
"2017-09-30T00:00:00.000","Salvage Vanguard Theatre","91853"
"2017-09-30T00:00:00.000","Austin Scottish Rite Community & Childrens's Theatre (formerly Scottish Rite Children's Theatre and formerly Austin Scottish Rite Co.)","97000"
"2017-09-30T00:00:00.000","Imagine Art, Inc.","97000"
"2017-09-30T00:00:00.000","Austin Shakespeare Festival","99600"
"2017-09-30T00:00:00.000","Texas Folklife Resources","99600"
"2017-09-30T00:00:00.000","Zilker Theatre Productions","99600"
"2017-09-30T00:00:00.000","Austin Creative Alliance","102200"
"2017-09-30T00:00:00.000","Rude Mechanicals - A Theatre Collective","102200"
"2017-09-30T00:00:00.000","Art Spark Texas","104800"
"2017-09-30T00:00:00.000","Austin Fine Arts Alliance, Inc. AKA Art Alliance Austin","104800"
"2017-09-30T00:00:00.000","Center For Women & Their Work","104800"
"2017-09-30T00:00:00.000","Austin Chamber Music Center, Inc.","107400"
"2017-09-30T00:00:00.000","Big Medium","107400"
"2017-09-30T00:00:00.000","Fuse Box Austin","107400"
"2017-09-30T00:00:00.000","Umlauf Sculpture Garden & Museum","107400"
"2017-09-30T00:00:00.000","Allison Orr Dance Inc. aka Forklift Dance Works","110000"
"2017-09-30T00:00:00.000","Austin Playhouse","118825"
"2017-09-30T00:00:00.000","Vortex Repertory Company","179400"
"2017-09-30T00:00:00.000","Austin Classical Guitar","182200"
"2017-09-30T00:00:00.000","Mexic-Arte Museum","182200"
"2017-09-30T00:00:00.000","Visions in Rhythm aka Tapestry Dance Company","185000"
"2017-09-30T00:00:00.000","Conspirare, Inc.","189700"
"2017-09-30T00:00:00.000","Austin Children's Museum DBA Thinkery","195500"
"2017-09-30T00:00:00.000","Greater Austin Performing Arts Center, Inc. dba Long Center for Performing Arts","195500"
"2017-09-30T00:00:00.000","One World","195500"
"2017-09-30T00:00:00.000","Austin Lyric Opera dba Austin Opera","198400"
"2017-09-30T00:00:00.000","Austin Theatre Alliance (formerly Paramount Theatre and State Theatre)","198400"
"2017-09-30T00:00:00.000","Austin Symphony Orchestra Society, Inc.","201300"
"2017-09-30T00:00:00.000","Austin Film Festival, Inc.","207100"
"2017-09-30T00:00:00.000","The Contemporary Austin Museum Inc","207100"
"2017-09-30T00:00:00.000","Ballet Austin, Inc.","210000"
"2017-09-30T00:00:00.000","Creative Action","210000"
"2017-09-30T00:00:00.000","Film Society of Austin, Inc.","210000"
"2017-09-30T00:00:00.000","Zachary Scott Theatre Center","210000"
"2018-09-30T00:00:00.000","The Museum of Human Achievement /Antumbrae Intermedia Events + Installations","1375"
"2018-09-30T00:00:00.000","Austin Chamber Music Center, Inc./ Density512","4000"
"2018-09-30T00:00:00.000","Austin Creative Alliance / artMEAT","4000"
"2018-09-30T00:00:00.000","Austin Creative Alliance / dadageek","4000"
"2018-09-30T00:00:00.000","Austin Creative Alliance / Support Austin Music","4000"
"2018-09-30T00:00:00.000","Austin Creative Alliance / Twin Alchemy Theatre Collective","4000"
"2018-09-30T00:00:00.000","Austin School of Film/D.R. Garrett","4000"
"2018-09-30T00:00:00.000","Austin Script Works aka Austin Scriptworks/ Sarah Loucks","4000"
"2018-09-30T00:00:00.000","B. Iden Payne Awards Council (FFS Austin Creative Alliance )","4000"
"2018-09-30T00:00:00.000","Black Fret","4000"
"2018-09-30T00:00:00.000","Esquina Tango Cultural Society of Austin","4000"
"2018-09-30T00:00:00.000","Film Society of Austin, Inc./ Michael Orion Scott","4000"
"2018-09-30T00:00:00.000","Imagine Art, Inc./ Lacey Richter (aka SacRED Offerings)","4000"
"2018-09-30T00:00:00.000","Imagine Art, Inc./ Stephen Griffith (aka Griff Glass)","4000"
"2018-09-30T00:00:00.000","Motion Media Arts Center aka The Austin School of Film/ Matt Koshmrl","4000"
"2018-09-30T00:00:00.000","Shady Tree Studios/ Conflict of Interest","4000"
"2018-09-30T00:00:00.000","Texas Folklife Resources/ Austin Music","4000"
"2018-09-30T00:00:00.000","Travis Heights Art Trail","4000"
"2018-09-30T00:00:00.000","Austin Creative Reuse","4118"
"2018-09-30T00:00:00.000","Austin Creative Alliance / Artistic Education Company","4300"
"2018-09-30T00:00:00.000","Film Society of Austin, Inc./ Sandra Adair","4300"
"2018-09-30T00:00:00.000","Performa/Dance","4348"
"2018-09-30T00:00:00.000","Shady Tree Studios/ Almost Real Things","4449"
"2018-09-30T00:00:00.000","Dance Waterloo","4510"
"2018-09-30T00:00:00.000","Austin Creative Alliance / Austin WebFest","4600"
"2018-09-30T00:00:00.000","The Museum of Human Achievement /IRL","4600"
"2018-09-30T00:00:00.000","Alliance for Young Future Filmmakers","4700"
"2018-09-30T00:00:00.000","Austin Tango Society","4800"
"2018-09-30T00:00:00.000","Center for Women & Their Work / Experimental Response Cinema","4882"
"2018-09-30T00:00:00.000","Big Medium/ Aimee Bobruk","4900"
"2018-09-30T00:00:00.000","Austin Creative Alliance / Tetractys","5097"
"2018-09-30T00:00:00.000","Austin Creative Alliance / Jun Shen","5156"
"2018-09-30T00:00:00.000","Borderlands Texas Poetry aka Texas Poetry Review (also Ramona Cearley)","5200"
"2018-09-30T00:00:00.000","The Museum of Human Achievement /Immediate Fashion School","5200"
"2018-09-30T00:00:00.000","Big Medium/ Attendance Records","5394"
"2018-09-30T00:00:00.000","Big Medium/ 52 Audio Dramas","5500"
"2018-09-30T00:00:00.000","Austin Creative Alliance / Breaking String Theater Co. aka Graham Schmidt","5775"
"2018-09-30T00:00:00.000","Big Medium/ Emily Marks aka Lionhear Youth","5800"
"2018-09-30T00:00:00.000","Big Medium/ Susan Scafati","5818"
"2018-09-30T00:00:00.000","Austin Film Festival, Inc./ Father","5844"
"2018-09-30T00:00:00.000","The Museum of Human Achievement /The Cage Match Project","6250"
"2018-09-30T00:00:00.000","Austin Creative Alliance / Texas Comedies","6338"
"2018-09-30T00:00:00.000","One World/ Jackie Myers Music","6469"
"2018-09-30T00:00:00.000","Fast Forward Austin","6625"
"2018-09-30T00:00:00.000","Austin Creative Alliance / Southwest Theatre Productions","6700"
"2018-09-30T00:00:00.000","Big Medium/ Moya McIntyre FKA Moya Kahbele aka The Femme Abstract","6700"
"2018-09-30T00:00:00.000","Center for Women & Their Work / Catherine Davis","6700"
"2018-09-30T00:00:00.000","TILT","6825"
"2018-09-30T00:00:00.000","Austin Dance Ensemble","7000"
"2018-09-30T00:00:00.000","Texas Folklife Resources/ Not Just Oom-Pah!","7000"
"2018-09-30T00:00:00.000","Austin Creative Alliance / Dystheatre","7001"
"2018-09-30T00:00:00.000","Austin Festival Express","7300"
"2018-09-30T00:00:00.000","Musical Connection/ Alena Gorina","7300"
"2018-09-30T00:00:00.000","Visions in Rhythm aka Tapestry Dance Company/Zell Miller III","7350"
"2018-09-30T00:00:00.000","Co-Lab Projects/ Michael Anthony Garcia","7500"
"2018-09-30T00:00:00.000","Austin Creative Alliance / Austin Flamenco Academy","7600"
"2018-09-30T00:00:00.000","Austin Toy Museum","7600"
"2018-09-30T00:00:00.000","Big Medium/ Austin Maker Group FKA Austin Maker Faire","7600"
"2018-09-30T00:00:00.000","LOLA Local Opera Local Artists","7600"
"2018-09-30T00:00:00.000","Austin Film Festival, Inc./ Cowboys-Documentary Film","7900"
"2018-09-30T00:00:00.000","Big Medium/ Outside Voice","7900"
"2018-09-30T00:00:00.000","Film Society of Austin, Inc./ Mike Nicholson","7900"
"2018-09-30T00:00:00.000","MindPOP","7900"
"2018-09-30T00:00:00.000","Musical Connection/ Nina McIntire","7900"
"2018-09-30T00:00:00.000","Ritenuto Foundation Inc","7900"
"2018-09-30T00:00:00.000","Motion Media Arts Center aka The Austin School of Film/ Eugenio del Bosque Gamez","8100"
"2018-09-30T00:00:00.000","Ground Floor Theatre","8200"
"2018-09-30T00:00:00.000","Austin Chamber Ensemble","8270"
"2018-09-30T00:00:00.000","Austin Museum of Digital Art","8333"
"2018-09-30T00:00:00.000","Austin New Music Corporation (Co-op)","8400"
"2018-09-30T00:00:00.000","Imagine Art, Inc./ Teel Montague (aka Finders Keepers)","8400"
"2018-09-30T00:00:00.000","Big Medium/ Fields Magazine","8438"
"2018-09-30T00:00:00.000","Austin Creative Alliance / ImprovEd Arts","8698"
"2018-09-30T00:00:00.000","Film Society of Austin, Inc./ John Moore","8800"
"2018-09-30T00:00:00.000","Color Arc Productions","8886"
"2018-09-30T00:00:00.000","One World/ Juno Black","8925"
"2018-09-30T00:00:00.000","J.O.I. Community Outreach/ Nook Turner and Friends","9000"
"2018-09-30T00:00:00.000","ARCOS Foundation for the Arts, Inc.","9100"
"2018-09-30T00:00:00.000","Austin Creative Alliance / Central Texas Medical Orchestra","9100"
"2018-09-30T00:00:00.000","Shady Tree Studios/ Sandy Carson","9100"
"2018-09-30T00:00:00.000","Whatsinthermirror","9110"
"2018-09-30T00:00:00.000","Big Medium/ ATM Gallery","9296"
"2018-09-30T00:00:00.000","Austin Creative Alliance / One Ounce Opera","9344"
"2018-09-30T00:00:00.000","Beyond the Grade","9400"
"2018-09-30T00:00:00.000","Big Medium/ Northern/Southern","9400"
"2018-09-30T00:00:00.000","Center for Women & Their Work/ Valerie Fowler","9400"
"2018-09-30T00:00:00.000","The Museum of Human Achievement/The Mall","9400"
"2018-09-30T00:00:00.000","Film Society of Austin, Inc./ Tracy Fraizier","9700"
"2018-09-30T00:00:00.000","New School of Music","9700"
"2018-09-30T00:00:00.000","Visions in Rhythm aka Tapestry Dance Company/Minor Mishap Marching Band","9700"
"2018-09-30T00:00:00.000","Film Society of Austin, Inc./ Susanne Mason","9953"
"2018-09-30T00:00:00.000","Big Medium/ Amy Bench","10000"
"2018-09-30T00:00:00.000","Women's Community Center of Central Texas","10000"
"2018-09-30T00:00:00.000","Tapestry Singers","10050"
"2018-09-30T00:00:00.000","La Fenice","10250"
"2018-09-30T00:00:00.000","Austin Street Corner Arts Collective","10338"
"2018-09-30T00:00:00.000","A Clever Production","10400"
"2018-09-30T00:00:00.000","Buzz Production","10680"
"2018-09-30T00:00:00.000","Save Barton Creek Association/ Bill Oliver","10775"
"2018-09-30T00:00:00.000","Musical Connection/ Zhenya Rock","10858"
"2018-09-30T00:00:00.000","Austin Baroque Orchestra","10902"
"2018-09-30T00:00:00.000","Texas Music Museum","11200"
"2018-09-30T00:00:00.000","Musical Connection/ Sarkis Petrosyan","11325"
"2018-09-30T00:00:00.000","Austin Creative Alliance / BoCCa","11775"
"2018-09-30T00:00:00.000","Protos Festival","12100"
"2018-09-30T00:00:00.000","Vortex Repertory Company/Drum The Program","12128"
"2018-09-30T00:00:00.000","Texas Nafas","12250"
"2018-09-30T00:00:00.000","Shalom Austin/ Jewish Film Festival","12275"
"2018-09-30T00:00:00.000","Barton Springs Conservancy","12350"
"2018-09-30T00:00:00.000","Film Society of Austin, Inc./ Chelsea Hernandez","12450"
"2018-09-30T00:00:00.000","Spectrum Theatre Company","12450"
"2018-09-30T00:00:00.000","Folklore y Ritmos de Panama","12488"
"2018-09-30T00:00:00.000","Red Salmon Arts/ Daniel Llanes","12525"
"2018-09-30T00:00:00.000","Austin Summer Musical for Children","12600"
"2018-09-30T00:00:00.000","Austin Visual Arts Association/ Dr. Christopher Adejumo","12601"
"2018-09-30T00:00:00.000","Tejano Music Alliance of Texas","12800"
"2018-09-30T00:00:00.000","Film Society of Austin, Inc./ PJ Raval","13350"
"2018-09-30T00:00:00.000","Grassroots Leadership/ YouthRise Texas Theatre Project","13350"
"2018-09-30T00:00:00.000","Film Society of Austin, Inc./ Anne Lewis","13375"
"2018-09-30T00:00:00.000","Golden Hornet Project, Inc.","13521"
"2018-09-30T00:00:00.000","Academy of Tango - Texas","13700"
"2018-09-30T00:00:00.000","Unlisted Projects","14150"
"2018-09-30T00:00:00.000","Center for Women & Their Work / Yuliya Lanina","14475"
"2018-09-30T00:00:00.000","Austin Script Works aka Austin Scriptworks/ Candyce Rusk","14544"
"2018-09-30T00:00:00.000","Austin Creative Alliance / Montopolis Productions","14563"
"2018-09-30T00:00:00.000","Asian American Resource Center Nonprofit","14600"
"2018-09-30T00:00:00.000","Austin Creative Alliance / Jason Phelps & Co","14625"
"2018-09-30T00:00:00.000","Austin Civic Wind Ensemble","14687"
"2018-09-30T00:00:00.000","PrintAustin Collective","14769"
"2018-09-30T00:00:00.000","Chaddick Dance Company","14800"
"2018-09-30T00:00:00.000","Vortex Repertory Company/Electronic Planet Ensemble","14800"
"2018-09-30T00:00:00.000","Coalition of Texans with Disabilities","14825"
"2018-09-30T00:00:00.000","Shalom Austin","14825"
"2018-09-30T00:00:00.000","Center for Women & Their Work / Jules Buck Jones","14945"
"2018-09-30T00:00:00.000","The Hidden Room Theatre","15578"
"2018-09-30T00:00:00.000","Austin Poets International, Inc./ Austin International Poetry Festival","15750"
"2018-09-30T00:00:00.000","Austin Children's Choir","15753"
"2018-09-30T00:00:00.000","Amphion Youth Choir","15928"
"2018-09-30T00:00:00.000","Austin Creative Alliance / Balcones Community Orchestra","15950"
"2018-09-30T00:00:00.000","MASS Gallery, Inc","15956"
"2018-09-30T00:00:00.000","Academia (Aztlan) De Danza Y Folklore","16111"
"2018-09-30T00:00:00.000","Center for Women & Their Work / Lauren Gurgiolo","16750"
"2018-09-30T00:00:00.000","Art Spark Texas/ AllRhythms Youth Ensemble","17019"
"2018-09-30T00:00:00.000","Fluent~Collaborative/ Elizabeth Chiles","17025"
"2018-09-30T00:00:00.000","Austin Creative Alliance / Austin Children's Theater","17075"
"2018-09-30T00:00:00.000","Austin Creative Alliance / Sky Candy","17075"
"2018-09-30T00:00:00.000","One World/ Austin Bike Zoo","17075"
"2018-09-30T00:00:00.000","One World/ Austin Troubadours","17090"
"2018-09-30T00:00:00.000","Big Medium/ Solstice Festival","17400"
"2018-09-30T00:00:00.000","Center for Women & Their Work / Denise Prince","17400"
"2018-09-30T00:00:00.000","One World/ Sergey Vashchenko","17400"
"2018-09-30T00:00:00.000","line upon line percussion","17655"
"2018-09-30T00:00:00.000","Center for Women & Their Work / Rattletree","17725"
"2018-09-30T00:00:00.000","Fisterra Projects/ AM Arts","17725"
"2018-09-30T00:00:00.000","River City Pops","17750"
"2018-09-30T00:00:00.000","One World/ Sevylla del Mazo","18013"
"2018-09-30T00:00:00.000","Austin Creative Alliance / En Route","18050"
"2018-09-30T00:00:00.000","Austin Creative Alliance / Grapes of Wrath 75 Project","18050"
"2018-09-30T00:00:00.000","Austin Creative Alliance / Present Company","18050"
"2018-09-30T00:00:00.000","COLLIDE/ Brian David Johnson","18050"
"2018-09-30T00:00:00.000","Russian Speakers Society","18200"
"2018-09-30T00:00:00.000","Austin Creative Alliance / Bob Livingston","18375"
"2018-09-30T00:00:00.000","Big Medium/ Colin McIntyre","18375"
"2018-09-30T00:00:00.000","Center for Women & Their Work / Jennifer Sherburn","18375"
"2018-09-30T00:00:00.000","Center for Women & Their Work / Rino Pizzi","18375"
"2018-09-30T00:00:00.000","Vortex Repertory Company/Ethos AKA Chad Salvata","18375"
"2018-09-30T00:00:00.000","Agni foundation for the Arts","18700"
"2018-09-30T00:00:00.000","Austin Creative Alliance / A'Lante Flamenco Dance Ensemble","18700"
"2018-09-30T00:00:00.000","Austin Creative Alliance / Paper Chairs","18700"
"2018-09-30T00:00:00.000","Texas Folklife Resources/ Andrew Garrison","18700"
"2018-09-30T00:00:00.000","The Museum of Human Achievement","18700"
"2018-09-30T00:00:00.000","Ballet East Dance Company/ Up Rise Productions","18727"
"2018-09-30T00:00:00.000","Dimension Gallery","18750"
"2018-09-30T00:00:00.000","Austin Creative Alliance / Mother Falcon's Music Laboratory","19025"
"2018-09-30T00:00:00.000","Austin Creative Alliance / Theatre en Bloc","19025"
"2018-09-30T00:00:00.000","Center for Women & Their Work / Alyssa Taylor Wendt","19025"
"2018-09-30T00:00:00.000","Center for Women & Their Work / Heloise Gold","19025"
"2018-09-30T00:00:00.000","Center for Women & Their Work / Women Printmakers of Austin","19025"
"2018-09-30T00:00:00.000","Film Society of Austin, Inc./ Karen Kocher","19025"
"2018-09-30T00:00:00.000","One World/ Nada Stearns","19025"
"2018-09-30T00:00:00.000","Austin Creative Alliance / JWHill Productions LLC","19275"
"2018-09-30T00:00:00.000","COLLIDE/ Epistrophy Arts","19350"
"2018-09-30T00:00:00.000","COLLIDE/ Ingebrigt Haker Flaten","19350"
"2018-09-30T00:00:00.000","Center for Women & Their Work / Art of the Pot","19675"
"2018-09-30T00:00:00.000","Center for Women & Their Work / Bob Hoffnar","19675"
"2018-09-30T00:00:00.000","Mexic-Arte Museum/ Johnny Degollado (AKA Austin Conjunto Festival)","19675"
"2018-09-30T00:00:00.000","Lannaya aka Lannaya West African Drum and Dance Ensemble","19751"
"2018-09-30T00:00:00.000","Capitol View Arts","19919"
"2018-09-30T00:00:00.000","Austin Creative Alliance / Blue Cow Studios","20000"
"2018-09-30T00:00:00.000","Austin Creative Alliance / Glass Half Full Theatre","20000"
"2018-09-30T00:00:00.000","School of Indian Percussion and Music","20275"
"2018-09-30T00:00:00.000","Generous Art Texas","20365"
"2018-09-30T00:00:00.000","Fisterra Projects","20723"
"2018-09-30T00:00:00.000","Southwest Key Programs","20725"
"2018-09-30T00:00:00.000","HONK!TX","20920"
"2018-09-30T00:00:00.000","Vortex Repertory Company/Lorella Loftus","21025"
"2018-09-30T00:00:00.000","Ariel Dance Theatre","21095"
"2018-09-30T00:00:00.000","Austin Creative Alliance / Gender Portraits","21521"
"2018-09-30T00:00:00.000","One World/ Emily Dedear","21525"
"2018-09-30T00:00:00.000","One World/ Mohammad Firoozi","21525"
"2018-09-30T00:00:00.000","Austin Polish Society","21700"
"2018-09-30T00:00:00.000","Inside Out Steelband","21788"
"2018-09-30T00:00:00.000","Austin Creative Alliance / Austin Asian American Film Festival","22025"
"2018-09-30T00:00:00.000","Capitol View Arts/ DJ Bling Back 2 School","22275"
"2018-09-30T00:00:00.000","Center for Women & Their Work / Generic Ensemble Company","22525"
"2018-09-30T00:00:00.000","One World/ Oliver Rajamani","22525"
"2018-09-30T00:00:00.000","Austin Creative Alliance / Anuradha Naimpally","22775"
"2018-09-30T00:00:00.000","South Austin Museum of Popular Culture","23000"
"2018-09-30T00:00:00.000","Austin Creative Alliance / Last Act Theatre Company","23700"
"2018-09-30T00:00:00.000","Austin Creative Alliance / The City Theatre Company","23700"
"2018-09-30T00:00:00.000","Austin Theatre Project (FFS Austin Creative Alliance )","23700"
"2018-09-30T00:00:00.000","OUTsider Film & Arts Festival","23917"
"2018-09-30T00:00:00.000","COLLIDE","24000"
"2018-09-30T00:00:00.000","Conservatory Dance Theatre dba The Austin City Ballet","24150"
"2018-09-30T00:00:00.000","Austin Symphonic Band","25000"
"2018-09-30T00:00:00.000","Exploded Drawing","25250"
"2018-09-30T00:00:00.000","Gilbert & Sullivan Society of Austin, Texas, Inc.","25500"
"2018-09-30T00:00:00.000","Groundwork Music Project","25500"
"2018-09-30T00:00:00.000","Center for Women & Their Work / Asian American Community Partnership","25638"
"2018-09-30T00:00:00.000","Girls Rock Austin","25950"
"2018-09-30T00:00:00.000","Hyde Park Theatre/ Capital T Theatre","25950"
"2018-09-30T00:00:00.000","Austin Creative Alliance / Shrewd Production","26291"
"2018-09-30T00:00:00.000","Different Stages, Inc.","26527"
"2018-09-30T00:00:00.000","Moving Image Arts & Education","26648"
"2018-09-30T00:00:00.000","Salon Concerts, Inc.","26850"
"2018-09-30T00:00:00.000","Ensemble VIII","27000"
"2018-09-30T00:00:00.000","Salvage Vanguard Theater/Trouble Puppet Company","27000"
"2018-09-30T00:00:00.000","Kathy Dunn Hamrick Dance Co.","27001"
"2018-09-30T00:00:00.000","Ballet East Dance Company/ Proyecto Teatro","27108"
"2018-09-30T00:00:00.000","La Follia Austin Baroque","27581"
"2018-09-30T00:00:00.000","Center for No Idea","28200"
"2018-09-30T00:00:00.000","Texas Accountants and Lawyers for the Arts","28200"
"2018-09-30T00:00:00.000","Capital Of Texas Public Telecommunications Council AKA KLRU-TX","28400"
"2018-09-30T00:00:00.000","Easter Seals Central Texas","28400"
"2018-09-30T00:00:00.000","Texas Education Broadcasting Co-Operative, Inc. (KOOP RADIO 91.7FM)","28400"
"2018-09-30T00:00:00.000","Austin Script Works aka Austin Scriptworks","28650"
"2018-09-30T00:00:00.000","Musical Connection","29243"
"2018-09-30T00:00:00.000","Texas Democracy Foundation","29600"
"2018-09-30T00:00:00.000","The Arc of the Capital Area","29600"
"2018-09-30T00:00:00.000","Capitol Broadcasting Association, Inc. dba KMFA 89.5","30000"
"2018-09-30T00:00:00.000","Salvage Vanguard Theater/Church of the Friendly Ghost","30000"
"2018-09-30T00:00:00.000","Out of Bounds Comedy","30400"
"2018-09-30T00:00:00.000","e4 Youth","30725"
"2018-09-30T00:00:00.000","LEAP OF JOY","30810"
"2018-09-30T00:00:00.000","Capital City Men's Chorus","31150"
"2018-09-30T00:00:00.000","Austin Civic Orchestra Society","31600"
"2018-09-30T00:00:00.000","Austin Community SteelBand","32650"
"2018-09-30T00:00:00.000","Knowbility, Inc.","32750"
"2018-09-30T00:00:00.000","Classical Guitar Alive","32798"
"2018-09-30T00:00:00.000","Indian Classical Music Circle of Austin","33025"
"2018-09-30T00:00:00.000","Red Salmon Arts","33025"
"2018-09-30T00:00:00.000","Celtic Cultural Center of Texas","33400"
"2018-09-30T00:00:00.000","Women in Jazz Association","33775"
"2018-09-30T00:00:00.000","Cherrywood Urban Landscape and Arts league","33996"
"2018-09-30T00:00:00.000","Teatro Vivo","35202"
"2018-09-30T00:00:00.000","Latinas Unidas Por el Arte (LUPE Arte)","38071"
"2018-09-30T00:00:00.000","Austin Gay & Lesbian International Film Festival (aGLIFF)","41700"
"2018-09-30T00:00:00.000","Austin Visual Arts Association","45023"
"2018-09-30T00:00:00.000","Austin Jazz Workshop, Inc.","48289"
"2018-09-30T00:00:00.000","Cine Las Americas","50545"
"2018-09-30T00:00:00.000","Pollyanna Theatre Company","51348"
"2018-09-30T00:00:00.000","Panoramic Voices","51763"
"2018-09-30T00:00:00.000","KidsActing Foundtion","52331"
"2018-09-30T00:00:00.000","Roy Lozano's Ballet Folklorico de Texas","52641"
"2018-09-30T00:00:00.000","Ballet East Dance Company","55050"
"2018-09-30T00:00:00.000","Austin Latino/a Lesbian & Gay Organization AKA allgo","55848"
"2018-09-30T00:00:00.000","Austin Music Foundation","58000"
"2018-09-30T00:00:00.000","India Fine Arts","58109"
"2018-09-30T00:00:00.000","Puerto Rican Folkloric Dance, Inc.","58234"
"2018-09-30T00:00:00.000","Texas Early Music Project","60137"
"2018-09-30T00:00:00.000","Austin Area Art from the Streets","65070"
"2018-09-30T00:00:00.000","La Peña","66672"
"2018-09-30T00:00:00.000","Chorus Austin","66675"
"2018-09-30T00:00:00.000","Shady Tree Studios","71409"
"2018-09-30T00:00:00.000","Hispanic Alliance for the Performing Arts","72650"
"2018-09-30T00:00:00.000","Hope Events Inc.","73500"
"2018-09-30T00:00:00.000","Hyde Park Theatre","74600"
"2018-09-30T00:00:00.000","Anthropos Arts","75419"
"2018-09-30T00:00:00.000","Austin Celtic Association, Inc.","78333"
"2018-09-30T00:00:00.000","Latinitas, Inc.","78425"
"2018-09-30T00:00:00.000","Motion Media Arts Center aka The Austin School of Film","79400"
"2018-09-30T00:00:00.000","Blue Lapis Light, Inc.","79600"
"2018-09-30T00:00:00.000","Salvage Vanguard Theatre","81599"
"2018-09-30T00:00:00.000","Writer's League of Texas","87400"
"2018-09-30T00:00:00.000","Great Promise for American Indians, Inc.","90918"
"2018-09-30T00:00:00.000","Zilker Theatre Productions","99500"
"2018-09-30T00:00:00.000","Austin Scottish Rite Community & Childrens's Theatre (formerly Scottish Rite Children's Theatre and formerly Austin Scottish Rite Co.)","102100"
"2018-09-30T00:00:00.000","Austin Shakespeare Festival","102100"
"2018-09-30T00:00:00.000","Austin Creative Alliance","104700"
"2018-09-30T00:00:00.000","Rude Mechanicals - A Theatre Collective","104700"
"2018-09-30T00:00:00.000","Imagine Art, Inc.","105150"
"2018-09-30T00:00:00.000","Austin Fine Arts Alliance, Inc. AKA Art Alliance Austin","107300"
"2018-09-30T00:00:00.000","Center For Women & Their Work","107300"
"2018-09-30T00:00:00.000","Texas Folklife Resources","107675"
"2018-09-30T00:00:00.000","Austin Chamber Music Center, Inc.","109900"
"2018-09-30T00:00:00.000","Big Medium","109900"
"2018-09-30T00:00:00.000","Fuse Box Austin","109900"
"2018-09-30T00:00:00.000","Umlauf Sculpture Garden & Museum","109900"
"2018-09-30T00:00:00.000","Allison Orr Dance Inc. aka Forklift Dance Works","112500"
"2018-09-30T00:00:00.000","Art Spark Texas","112725"
"2018-09-30T00:00:00.000","Austin Playhouse","138503"
"2018-09-30T00:00:00.000","Austin Classical Guitar","184700"
"2018-09-30T00:00:00.000","Visions in Rhythm aka Tapestry Dance Company","187500"
"2018-09-30T00:00:00.000","Mexic-Arte Museum","190350"
"2018-09-30T00:00:00.000","Conspirare, Inc.","192200"
"2018-09-30T00:00:00.000","Austin Children's Museum DBA Thinkery","198000"
"2018-09-30T00:00:00.000","One World","198000"
"2018-09-30T00:00:00.000","Vortex Repertory Company","198000"
"2018-09-30T00:00:00.000","Austin Lyric Opera dba Austin Opera","200900"
"2018-09-30T00:00:00.000","Austin Theatre Alliance (formerly Paramount Theatre and State Theatre)","200900"
"2018-09-30T00:00:00.000","Austin Symphony Orchestra Society, Inc.","203800"
"2018-09-30T00:00:00.000","Greater Austin Performing Arts Center, Inc. dba Long Center for Performing Arts","203800"
"2018-09-30T00:00:00.000","Austin Film Festival, Inc.","209600"
"2018-09-30T00:00:00.000","The Contemporary Austin Museum Inc","209600"
"2018-09-30T00:00:00.000","Ballet Austin, Inc.","212500"
"2018-09-30T00:00:00.000","Creative Action","212500"
"2018-09-30T00:00:00.000","Film Society of Austin, Inc.","212500"
"2018-09-30T00:00:00.000","Zachary Scott Theatre Center","212500"
"2019-09-30T00:00:00.000","Alliance Francaise of Austin","4000"
"2019-09-30T00:00:00.000","Austin Creative Alliance / Austin Sketch Fest","4000"
"2019-09-30T00:00:00.000","Austin Creative Alliance / Batik by Design","4000"
"2019-09-30T00:00:00.000","Austin Creative Alliance / Honky Tonk Holidaze","4000"
"2019-09-30T00:00:00.000","Austin Creative Alliance / Luanne Stovall","4000"
"2019-09-30T00:00:00.000","Austin Filipino-Ameircan Association, Inc","4000"
"2019-09-30T00:00:00.000","Austin Film Festival, Inc./ The Life and Art of Pio Pulido","4000"
"2019-09-30T00:00:00.000","Austin Friends of Traditional Music (Chaski-Adrienne Ingliss)","4000"
"2019-09-30T00:00:00.000","Teatro Vivo","38830"
"2019-09-30T00:00:00.000","Austin Jazz Heritage Society","4000"
"2019-09-30T00:00:00.000","Austin Script Works aka Austin Scriptworks/ Tracey Lynn Huguley","4000"
"2019-09-30T00:00:00.000","Austin Swing Syndicate Inc","4000"
"2019-09-30T00:00:00.000","B. Iden Payne Awards Council (FFS Austin Creative Alliance )","4000"
"2019-09-30T00:00:00.000","Ballet East Dance Company/ Renee Davis aka Sister Moses Project","4000"
"2019-09-30T00:00:00.000","Big Medium/ Atelier Dojo","4000"
"2019-09-30T00:00:00.000","Big Medium/ Rolling Ryot","4000"
"2019-09-30T00:00:00.000","Blue Lapis Light, Inc./ Her Life-Gina Lalli","4000"
"2019-09-30T00:00:00.000","Center for Women & Their Work / Allison Lash","4000"
"2019-09-30T00:00:00.000","Co-Lab Projects/ Hyperreal Film Club","4000"
"2019-09-30T00:00:00.000","Creative Self Expression","4000"
"2019-09-30T00:00:00.000","GREATER AUSTIN BLACK CHAMBER OF COMMERCE (GABC)/ Soul Food Truck Fest","4000"
"2019-09-30T00:00:00.000","Imagine Art, Inc./ Debbie Boyd Kizer aka Storybook Studio","4000"
"2019-09-30T00:00:00.000","Imagine Art, Inc./ Lacey Richter (aka SacRED Offerings)","4000"
"2019-09-30T00:00:00.000","Imagine Art, Inc./ Paper Connections","4000"
"2019-09-30T00:00:00.000","Imagine Art, Inc./ Stephen Griffith (aka Griff Glass)","4000"
"2019-09-30T00:00:00.000","Jarrot Productions","4000"
"2019-09-30T00:00:00.000","Lotus Contemporary Performing Arts","4000"
"2019-09-30T00:00:00.000","Motion Media Arts Center aka The Austin School of Film/ April Kling Meyer","4000"
"2019-09-30T00:00:00.000","Motion Media Arts Center aka The Austin School of Film/ Austin Metro Drug-Free Coalition Media Project","4000"
"2019-09-30T00:00:00.000","Motion Media Arts Center aka The Austin School of Film/ Jim Hickcox","4000"
"2019-09-30T00:00:00.000","Motion Media Arts Center aka The Austin School of Film/ Matt Koshmrl","4000"
"2019-09-30T00:00:00.000","Musical Connection/ Jeanette Friedman","4000"
"2019-09-30T00:00:00.000","Musical Connection/ Kevin Johnson","4000"
"2019-09-30T00:00:00.000","Natural Neighborhood Development Coalition","4000"
"2019-09-30T00:00:00.000","Silver Leg Creative","4000"
"2019-09-30T00:00:00.000","Texas Folklife Resources/ Austin Music","4000"
"2019-09-30T00:00:00.000","The Foundation for the Preservation of the Historic Opera House","4000"
"2019-09-30T00:00:00.000","The Kraken Quartet","4000"
"2019-09-30T00:00:00.000","The Museum of Human Achievement /HIVE Arts Collective","4000"
"2019-09-30T00:00:00.000","The Museum of Human Achievement /Katie Bender","4000"
"2019-09-30T00:00:00.000","The Museum of Human Achievement /Laurel Barickman","4000"
"2019-09-30T00:00:00.000","The Resonant Lung","4000"
"2019-09-30T00:00:00.000","Travis Heights Art Trail","4000"
"2019-09-30T00:00:00.000","Visions in Rhythm aka Tapestry Dance Company/Datri Bean","4000"
"2019-09-30T00:00:00.000","VoyagerFest","4000"
"2019-09-30T00:00:00.000","Waterloo Wind Band","4000"
"2019-09-30T00:00:00.000","Austin Creative Alliance / Twin Alchemy Theatre Collective","4213"
"2019-09-30T00:00:00.000","Austin Chamber Music Center, Inc./ Density512","4350"
"2019-09-30T00:00:00.000","Austin Creative Alliance / Austin Music Video Festival","4350"
"2019-09-30T00:00:00.000","Kids Write Good dba Austin Bat Cave","4350"
"2019-09-30T00:00:00.000","Moving Image Arts & Education/ Take Pains to be Perfect: A Documentary Film on Shakespeare at Winedale","4350"
"2019-09-30T00:00:00.000","Austin Creative Alliance / Home Street Music","4581"
"2019-09-30T00:00:00.000","Borderlands Texas Poetry aka Texas Poetry Review (also Ramona Cearley)","4628"
"2019-09-30T00:00:00.000","Motion Media Arts Center aka The Austin School of Film/ Elephant Keeper","4641"
"2019-09-30T00:00:00.000","Film Society of Austin, Inc./ Mark Blumberg","4691"
"2019-09-30T00:00:00.000","ARCOS Foundation for the Arts, Inc./ Articulate Choreographic Series","4700"
"2019-09-30T00:00:00.000","Center for Women & Their Work / Anna Esteve Llorens","4700"
"2019-09-30T00:00:00.000","Center for Women & Their Work / Erin Curtis","4700"
"2019-09-30T00:00:00.000","Motion Media Arts Center aka The Austin School of Film/ Austin Tinkering School","4700"
"2019-09-30T00:00:00.000","Motion Media Arts Center aka The Austin School of Film/ Mireydi Mendieta","4700"
"2019-09-30T00:00:00.000","Motion Media Arts Center aka The Austin School of Film/ Other Worlds Austin","4700"
"2019-09-30T00:00:00.000","Imagine Art, Inc./ Open Studion with Rachel Cohen","4750"
"2019-09-30T00:00:00.000","Musical Connection/ Viktoria Nizhnik","4750"
"2019-09-30T00:00:00.000","Center for Women & Their Work / Gathering Ground Theatre","4781"
"2019-09-30T00:00:00.000","Texas Folklife Resources/ Dana Perrotti","4781"
"2019-09-30T00:00:00.000","Film Society of Austin, Inc./ Patrick Bresan","5050"
"2019-09-30T00:00:00.000","The Museum of Human Achievement /Immediate Fashion School","5050"
"2019-09-30T00:00:00.000","Sightlines","5063"
"2019-09-30T00:00:00.000","Austin Book Arts Center","5400"
"2019-09-30T00:00:00.000","Musical Connection/ Song Rise Arts","5400"
"2019-09-30T00:00:00.000","Texas Folklife Resources/ Paul Klemperer","5400"
"2019-09-30T00:00:00.000","Austin Creative Alliance / Artistic Education Company","5525"
"2019-09-30T00:00:00.000","Austin Chinese Choir Inc.","5750"
"2019-09-30T00:00:00.000","Austin Creative Alliance / Beerthoven","5750"
"2019-09-30T00:00:00.000","Austin Creative Alliance / Jun Shen","5750"
"2019-09-30T00:00:00.000","Austin Creative Alliance / The Institution Theater","5750"
"2019-09-30T00:00:00.000","Austin Latino/a Lesbian & Gay Organization/ Gbeda/Tonya Lyles","5750"
"2019-09-30T00:00:00.000","Ballet East Dance Company/ Chamacos Dance Company","5750"
"2019-09-30T00:00:00.000","BRAVE Communities","5750"
"2019-09-30T00:00:00.000","COLLIDE/ DORF aka Sara Vanderbeek","5750"
"2019-09-30T00:00:00.000","Health Alliance for Austin Musicians aka HAAM","5750"
"2019-09-30T00:00:00.000","Issue Television","5750"
"2019-09-30T00:00:00.000","Motion Media Arts Center aka The Austin School of Film/ Melissa Kirkendall","5750"
"2019-09-30T00:00:00.000","Motion Media Arts Center aka The Austin School of Film/ Transform Film Festival","5750"
"2019-09-30T00:00:00.000","Texas After Violence Project/ Matthew Gossage","5750"
"2019-09-30T00:00:00.000","The Museum of Human Achievement /IRL","5750"
"2019-09-30T00:00:00.000","The Museum of Human Achievement /Touch Collective","5750"
"2019-09-30T00:00:00.000","Visions in Rhythm aka Tapestry Dance Company/Zell Miller III","5750"
"2019-09-30T00:00:00.000","Motion Media Arts Center aka The Austin School of Film/ Sharon Arteaga","5790"
"2019-09-30T00:00:00.000","Fast Forward Austin","5896"
"2019-09-30T00:00:00.000","Center for Women & Their Work / Shay Ishii Dance Company","5994"
"2019-09-30T00:00:00.000","Austin Creative Alliance / Film Kids","6100"
"2019-09-30T00:00:00.000","Babes Fest, Inc.","6100"
"2019-09-30T00:00:00.000","Center for Women & Their Work / Catherine Davis","6100"
"2019-09-30T00:00:00.000","Kallisto Gaia Press, Inc","6100"
"2019-09-30T00:00:00.000","Musical Connection/ Chris Hausler","6100"
"2019-09-30T00:00:00.000","One World/ Jackie Myers Music","6100"
"2019-09-30T00:00:00.000","The Museum of Human Achievement /Amanda H. B. Jones","6100"
"2019-09-30T00:00:00.000","The Museum of Human Achievement /Antumbrae Intermedia Events + Installations","6100"
"2019-09-30T00:00:00.000","Motion Media Arts Center aka The Austin School of Film/ Eugenio del Bosque Gamez","6150"
"2019-09-30T00:00:00.000","La Peña/ Artisan Mercado","6200"
"2019-09-30T00:00:00.000","Co-Lab Projects/ Veronica Ortuno Curated Projects","6450"
"2019-09-30T00:00:00.000","Musical Connection/ Alena Gorina","6497"
"2019-09-30T00:00:00.000","Texas Juggling Society","6500"
"2019-09-30T00:00:00.000","Performa/Dance","6532"
"2019-09-30T00:00:00.000","Color Arc Productions","6544"
"2019-09-30T00:00:00.000","Austin Black Pride","6750"
"2019-09-30T00:00:00.000","J.O.I. Community Outreach/ Nook Turner and Friends","6750"
"2019-09-30T00:00:00.000","Me Arts!","6750"
"2019-09-30T00:00:00.000","Austin Creative Alliance / Contrast Film Festival","6800"
"2019-09-30T00:00:00.000","Motion Media Arts Center aka The Austin School of Film/ Vision Gland","6800"
"2019-09-30T00:00:00.000","One World/ Juno Black","6800"
"2019-09-30T00:00:00.000","Texas Folklife Resources/ Not Just Oom-Pah!","6800"
"2019-09-30T00:00:00.000","Austin Film Festival, Inc./ Cowboys-Documentary Film","7031"
"2019-09-30T00:00:00.000","Film Society of Austin, Inc./ Mike Nicholson","7031"
"2019-09-30T00:00:00.000","Austin Revitalization Authority","7100"
"2019-09-30T00:00:00.000","Ballet East Dance Company/ Children's book Project","7100"
"2019-09-30T00:00:00.000","SAIVA","7100"
"2019-09-30T00:00:00.000","Imagine Art, Inc./ Teel Montague (aka Finders Keepers)","7150"
"2019-09-30T00:00:00.000","One World/ Jaime Ospina","7150"
"2019-09-30T00:00:00.000","Latinas Unidas Por el Arte (LUPE Arte)/ Cut & Deliver Writers Cram Jam Lab","7319"
"2019-09-30T00:00:00.000","Tejano Music Alliance of Texas","7446"
"2019-09-30T00:00:00.000","American Short Fiction, Inc.","7500"
"2019-09-30T00:00:00.000","Austin Creative Alliance / Tetractys","7500"
"2019-09-30T00:00:00.000","Texas Book Festival","7500"
"2019-09-30T00:00:00.000","Whatsinthermirror","7566"
"2019-09-30T00:00:00.000","Dance Waterloo","7706"
"2019-09-30T00:00:00.000","One World/ Candace Bellamy","7850"
"2019-09-30T00:00:00.000","Classical Music for the World","7966"
"2019-09-30T00:00:00.000","Big Medium/ Northern/Southern","8366"
"2019-09-30T00:00:00.000","The Museum of Human Achievement/The Mall","8366"
"2019-09-30T00:00:00.000","Unlisted Projects","8422"
"2019-09-30T00:00:00.000","Austin Chamber Ensemble","8436"
"2019-09-30T00:00:00.000","Austin Creative Alliance / Ravaan Persian Dance","8500"
"2019-09-30T00:00:00.000","La Peña/ Mujeres de Cancion","8500"
"2019-09-30T00:00:00.000","Austin Creative Alliance / Austin Flamenco Academy","8514"
"2019-09-30T00:00:00.000","Film Society of Austin, Inc./ Tracy Fraizier","8633"
"2019-09-30T00:00:00.000","Musical Connection/ Nataly Murph","8800"
"2019-09-30T00:00:00.000","Austin Script Works aka Austin Scriptworks/ Sarah Loucks","8816"
"2019-09-30T00:00:00.000","Big Medium/ Amy Bench","8900"
"2019-09-30T00:00:00.000","Austin Creative Alliance / ImprovEd Arts","8925"
"2019-09-30T00:00:00.000","Austin Creative Alliance / Dystheatre","8928"
"2019-09-30T00:00:00.000","Alliance for Young Future Filmmakers","9000"
"2019-09-30T00:00:00.000","Austin Creative Alliance / Texas Comedies","9000"
"2019-09-30T00:00:00.000","Musical Connection/ Zhenya Rock","9032"
"2019-09-30T00:00:00.000","La Fenice","9123"
"2019-09-30T00:00:00.000","Austin New Music Corporation (Co-op)","9215"
"2019-09-30T00:00:00.000","Imagine Art, Inc./ Mindy Moore","9345"
"2019-09-30T00:00:00.000","Austin Creative Alliance / 3240 Entertainment","9550"
"2019-09-30T00:00:00.000","Vortex Repertory Company/Canopy Theatre","9550"
"2019-09-30T00:00:00.000","The Violet Crown Players, Inc.","9625"
"2019-09-30T00:00:00.000","Vietnamese American Community of Austin Texas (VACAT)","9688"
"2019-09-30T00:00:00.000","Folklore y Ritmos de Panama","10101"
"2019-09-30T00:00:00.000","Austin Street Corner Arts Collective","10302"
"2019-09-30T00:00:00.000","Beyond the Grade","10337"
"2019-09-30T00:00:00.000","Texas Nafas","10938"
"2019-09-30T00:00:00.000","Austin Creative Alliance / Southwest Theatre Productions","11175"
"2019-09-30T00:00:00.000","Lucky Chaos","11585"
"2019-09-30T00:00:00.000","Austin Creative Alliance / One Ounce Opera","11700"
"2019-09-30T00:00:00.000","Spectrum Theatre Company","11757"
"2019-09-30T00:00:00.000","Big Medium/ Susan Scafati","11900"
"2019-09-30T00:00:00.000","Film Society of Austin, Inc./ Susanne Mason","11900"
"2019-09-30T00:00:00.000","Golden Hornet Project, Inc.","12034"
"2019-09-30T00:00:00.000","Imagine Art, Inc./ Theron Parker-ABC ASL","12072"
"2019-09-30T00:00:00.000","La Peña/ Los Bohemios Perdidos","12227"
"2019-09-30T00:00:00.000","Buzz Production","12500"
"2019-09-30T00:00:00.000","Co-Lab Projects/ Michael Anthony Garcia","12650"
"2019-09-30T00:00:00.000","Big Medium/ Fields Magazine","12750"
"2019-09-30T00:00:00.000","TILT","12772"
"2019-09-30T00:00:00.000","Academy of Tango - Texas","12825"
"2019-09-30T00:00:00.000","Film Society of Austin, Inc./ Karen Skloss","12900"
"2019-09-30T00:00:00.000","Academia (Aztlan) De Danza Y Folklore","12943"
"2019-09-30T00:00:00.000","Austin Creative Alliance / Montopolis Productions","12961"
"2019-09-30T00:00:00.000","Austin Visual Arts Association/ Dr. Christopher Adejumo","13198"
"2019-09-30T00:00:00.000","Austin Creative Alliance / Jason Phelps & Co","13227"
"2019-09-30T00:00:00.000","Tapestry Singers","13363"
"2019-09-30T00:00:00.000","Austin Script Works aka Austin Scriptworks/ Candyce Rusk","13425"
"2019-09-30T00:00:00.000","Musical Connection/ Sarkis Petrosyan","13475"
"2019-09-30T00:00:00.000","Texas Music Museum","13500"
"2019-09-30T00:00:00.000","Shady Tree Studios/ Sandy Carson","13600"
"2019-09-30T00:00:00.000","Save Barton Creek Association/ Bill Oliver","13725"
"2019-09-30T00:00:00.000","Film Society of Austin, Inc./ Anne Lewis","13750"
"2019-09-30T00:00:00.000","PrintAustin Collective","13987"
"2019-09-30T00:00:00.000","Center for Women & Their Work/ Valerie Fowler","14025"
"2019-09-30T00:00:00.000","The Museum of Human Achievement /The Cage Match Project","14025"
"2019-09-30T00:00:00.000","Big Medium/ John Pike","14175"
"2019-09-30T00:00:00.000","Amphion Youth Choir","14176"
"2019-09-30T00:00:00.000","Austin Creative Alliance / Balcones Community Orchestra","14196"
"2019-09-30T00:00:00.000","Big Medium/ Moya McIntyre FKA Moya Kahbele aka The Femme Abstract","14450"
"2019-09-30T00:00:00.000","Film Society of Austin, Inc./ John Moore","14450"
"2019-09-30T00:00:00.000","Musical Connection/ Nina McIntire","14450"
"2019-09-30T00:00:00.000","Big Medium/ Alejandra Almuelle","14475"
"2019-09-30T00:00:00.000","PS Foundation for the Arts","14610"
"2019-09-30T00:00:00.000","Chaddick Dance Company","14726"
"2019-09-30T00:00:00.000","Austin Creative Alliance / dadageek","14875"
"2019-09-30T00:00:00.000","Visions in Rhythm aka Tapestry Dance Company/Minor Mishap Marching Band","14875"
"2019-09-30T00:00:00.000","Austin Civic Wind Ensemble","14951"
"2019-09-30T00:00:00.000","Center for Women & Their Work / Jules Buck Jones","15025"
"2019-09-30T00:00:00.000","Fluent~Collaborative/ Elizabeth Chiles","15152"
"2019-09-30T00:00:00.000","Austin Festival Express","15300"
"2019-09-30T00:00:00.000","Austin Creative Alliance / Sky Candy","15450"
"2019-09-30T00:00:00.000","Center for Women & Their Work / Denise Prince","15486"
"2019-09-30T00:00:00.000","One World/ Sergey Vashchenko","15486"
"2019-09-30T00:00:00.000","Austin Baroque Orchestra","15500"
"2019-09-30T00:00:00.000","Shady Tree Studios/ Almost Real Things","15725"
"2019-09-30T00:00:00.000","Austin Creative Alliance / Austin Children's Theater","15875"
"2019-09-30T00:00:00.000","Fisterra Projects/ AM Arts","15875"
"2019-09-30T00:00:00.000","Shalom Austin/ Jewish Film Festival","15925"
"2019-09-30T00:00:00.000","Austin Creative Alliance / Present Company","16065"
"2019-09-30T00:00:00.000","Big Medium/ Austin Maker Group FKA Austin Maker Faire","16150"
"2019-09-30T00:00:00.000","Film Society of Austin, Inc./ Chelsea Hernandez","16200"
"2019-09-30T00:00:00.000","Center for Women & Their Work / Lauren Gurgiolo","16300"
"2019-09-30T00:00:00.000","Red Salmon Arts/ Daniel Llanes","16350"
"2019-09-30T00:00:00.000","Big Medium/ Colin McIntyre","16354"
"2019-09-30T00:00:00.000","Center for Women & Their Work / Rino Pizzi","16354"
"2019-09-30T00:00:00.000","Vortex Repertory Company/Ethos AKA Chad Salvata","16354"
"2019-09-30T00:00:00.000","One World/ Austin Troubadours","16500"
"2019-09-30T00:00:00.000","Big Medium/ Outside Voice","16575"
"2019-09-30T00:00:00.000","Center for Women & Their Work / Yuliya Lanina","16575"
"2019-09-30T00:00:00.000","Austin Creative Alliance / Paper Chairs","16643"
"2019-09-30T00:00:00.000","Texas Folklife Resources/ Andrew Garrison","16643"
"2019-09-30T00:00:00.000","Dimension Gallery","16688"
"2019-09-30T00:00:00.000","Austin Creative Alliance / Grapes of Wrath 75 Project","16725"
"2019-09-30T00:00:00.000","Center for Women & Their Work / Jennifer Sherburn","16725"
"2019-09-30T00:00:00.000","LOLA Local Opera Local Artists","16900"
"2019-09-30T00:00:00.000","Austin Creative Alliance / Mother Falcon's Music Laboratory","16932"
"2019-09-30T00:00:00.000","Center for Women & Their Work / Alyssa Taylor Wendt","16932"
"2019-09-30T00:00:00.000","Center for Women & Their Work / Heloise Gold","16932"
"2019-09-30T00:00:00.000","Film Society of Austin, Inc./ Karen Kocher","16932"
"2019-09-30T00:00:00.000","One World/ Nada Stearns","16932"
"2019-09-30T00:00:00.000","Austin Creative Alliance / Bob Livingston","17150"
"2019-09-30T00:00:00.000","Film Society of Austin, Inc./ PJ Raval","17200"
"2019-09-30T00:00:00.000","COLLIDE/ Ingebrigt Haker Flaten","17222"
"2019-09-30T00:00:00.000","Center for Women & Their Work / Art of the Pot","17511"
"2019-09-30T00:00:00.000","Center for Women & Their Work / Bob Hoffnar","17511"
"2019-09-30T00:00:00.000","One World/ Mohammad Firoozi","17525"
"2019-09-30T00:00:00.000","Austin Dance Ensemble","17539"
"2019-09-30T00:00:00.000","Center for Women & Their Work / Rattletree","17575"
"2019-09-30T00:00:00.000","One World/ Austin Bike Zoo","17575"
"2019-09-30T00:00:00.000","School of Indian Percussion and Music","17650"
"2019-09-30T00:00:00.000","Ballet East Dance Company/ Up Rise Productions","17750"
"2019-09-30T00:00:00.000","Austin Creative Alliance / Blue Cow Studios","17800"
"2019-09-30T00:00:00.000","One World/ Sevylla del Mazo","17826"
"2019-09-30T00:00:00.000","COLLIDE/ Epistrophy Arts","18000"
"2019-09-30T00:00:00.000","Women's Community Center of Central Texas","18047"
"2019-09-30T00:00:00.000","Austin Creative Alliance / JWHill Productions LLC","18050"
"2019-09-30T00:00:00.000","Austin Creative Alliance / Central Texas Medical Orchestra","18250"
"2019-09-30T00:00:00.000","Capitol View Arts/ DJ Bling Back 2 School","18393"
"2019-09-30T00:00:00.000","One World/ Emily Dedear","18525"
"2019-09-30T00:00:00.000","One World/ Oliver Rajamani","18682"
"2019-09-30T00:00:00.000","Austin Children's Choir","18707"
"2019-09-30T00:00:00.000","River City Pops","18742"
"2019-09-30T00:00:00.000","The Hidden Room Theatre","18747"
"2019-09-30T00:00:00.000","Ground Floor Theatre","19075"
"2019-09-30T00:00:00.000","Art Spark Texas/ AllRhythms Youth Ensemble","19141"
"2019-09-30T00:00:00.000","Ariel Dance Theatre","19247"
"2019-09-30T00:00:00.000","Capitol View Arts","19250"
"2019-09-30T00:00:00.000","Mexic-Arte Museum/ Johnny Degollado (AKA Austin Conjunto Festival)","19261"
"2019-09-30T00:00:00.000","Austin Creative Alliance / A'Lante Flamenco Dance Ensemble","19393"
"2019-09-30T00:00:00.000","Austin Creative Alliance / Internation Mulitcultural Community","19475"
"2019-09-30T00:00:00.000","line upon line percussion","19644"
"2019-09-30T00:00:00.000","Center for Women & Their Work / Generic Ensemble Company","19682"
"2019-09-30T00:00:00.000","Indian Classical Music Circle of Austin","39100"
"2019-09-30T00:00:00.000","Lannaya aka Lannaya West African Drum and Dance Ensemble","19750"
"2019-09-30T00:00:00.000","Russian Speakers Society","19813"
"2019-09-30T00:00:00.000","Austin Polish Society","19900"
"2019-09-30T00:00:00.000","Big Medium/ Olaniyi Akindiya Akirash aka ARTWITHARKIRASH STUDIO LLC","19900"
"2019-09-30T00:00:00.000","Austin Creative Alliance / Anuradha Naimpally","19972"
"2019-09-30T00:00:00.000","Austin Creative Alliance / Gender Portraits","20050"
"2019-09-30T00:00:00.000","Austin Poets International, Inc./ Austin International Poetry Festival","20275"
"2019-09-30T00:00:00.000","Austin Creative Alliance / BoCCa","20325"
"2019-09-30T00:00:00.000","South Austin Museum of Popular Culture","20470"
"2019-09-30T00:00:00.000","Austin Creative Alliance / Glass Half Full Theatre","20765"
"2019-09-30T00:00:00.000","Fisterra Projects","20925"
"2019-09-30T00:00:00.000","ARCOS Foundation for the Arts, Inc.","20950"
"2019-09-30T00:00:00.000","Austin Creative Alliance / Last Act Theatre Company","21093"
"2019-09-30T00:00:00.000","Austin Creative Alliance / The City Theatre Company","21093"
"2019-09-30T00:00:00.000","Austin Theatre Project (FFS Austin Creative Alliance )","21093"
"2019-09-30T00:00:00.000","Grassroots Leadership/ YouthRise Texas Theatre Project","21200"
"2019-09-30T00:00:00.000","Center for Women & Their Work / Asian American Community Partnership","21350"
"2019-09-30T00:00:00.000","Austin Creative Alliance / Theatre en Bloc","21625"
"2019-09-30T00:00:00.000","Inside Out Steelband","21625"
"2019-09-30T00:00:00.000","Conservatory Dance Theatre dba The Austin City Ballet","21700"
"2019-09-30T00:00:00.000","Shalom Austin","22000"
"2019-09-30T00:00:00.000","German Texan Heritage Society","22050"
"2019-09-30T00:00:00.000","Austin Symphonic Band","22250"
"2019-09-30T00:00:00.000","MASS Gallery, Inc","22300"
"2019-09-30T00:00:00.000","OUTsider Film & Arts Festival","22559"
"2019-09-30T00:00:00.000","Gilbert & Sullivan Society of Austin, Texas, Inc.","22695"
"2019-09-30T00:00:00.000","New School of Music","22975"
"2019-09-30T00:00:00.000","HONK!TX","23009"
"2019-09-30T00:00:00.000","Hyde Park Theatre/ Capital T Theatre","23096"
"2019-09-30T00:00:00.000","Austin Creative Alliance / Shrewd Production","23399"
"2019-09-30T00:00:00.000","Different Stages, Inc.","23609"
"2019-09-30T00:00:00.000","Ritenuto Foundation Inc","23650"
"2019-09-30T00:00:00.000","Moving Image Arts & Education","23717"
"2019-09-30T00:00:00.000","COLLIDE","23997"
"2019-09-30T00:00:00.000","Ensemble VIII","24030"
"2019-09-30T00:00:00.000","Salvage Vanguard Theater/Trouble Puppet Company","24030"
"2019-09-30T00:00:00.000","Coalition of Texans with Disabilities","24050"
"2019-09-30T00:00:00.000","Exploded Drawing","24279"
"2019-09-30T00:00:00.000","Penfold Theatre Company","24750"
"2019-09-30T00:00:00.000","Kathy Dunn Hamrick Dance Co.","24975"
"2019-09-30T00:00:00.000","Capital Of Texas Public Telecommunications Council AKA KLRU-TX","25000"
"2019-09-30T00:00:00.000","Knowbility, Inc.","25060"
"2019-09-30T00:00:00.000","Easter Seals Central Texas","25276"
"2019-09-30T00:00:00.000","Austin International Drag Foundation Inc","25375"
"2019-09-30T00:00:00.000","Austin Script Works aka Austin Scriptworks","25499"
"2019-09-30T00:00:00.000","Austin Community SteelBand","25647"
"2019-09-30T00:00:00.000","AFTV FIVE","25900"
"2019-09-30T00:00:00.000","The Arc of the Capital Area","26344"
"2019-09-30T00:00:00.000","Girls Rock Austin","26375"
"2019-09-30T00:00:00.000","Celtic Cultural Center of Texas","26448"
"2019-09-30T00:00:00.000","Capital City Men's Chorus","26688"
"2019-09-30T00:00:00.000","Capitol Broadcasting Association, Inc. dba KMFA 89.5","26700"
"2019-09-30T00:00:00.000","Salvage Vanguard Theater/Church of the Friendly Ghost","26700"
"2019-09-30T00:00:00.000","e4 Youth","26725"
"2019-09-30T00:00:00.000","Center for No Idea","27000"
"2019-09-30T00:00:00.000","La Follia Austin Baroque","27000"
"2019-09-30T00:00:00.000","Out of Bounds Comedy","27056"
"2019-09-30T00:00:00.000","Ballet East Dance Company/ Proyecto Teatro","27400"
"2019-09-30T00:00:00.000","LEAP OF JOY","27421"
"2019-09-30T00:00:00.000","Women in Jazz Association","27848"
"2019-09-30T00:00:00.000","Austin Civic Orchestra Society","28124"
"2019-09-30T00:00:00.000","Classical Guitar Alive","29190"
"2019-09-30T00:00:00.000","Agni foundation for the Arts","29825"
"2019-09-30T00:00:00.000","Cherrywood Urban Landscape and Arts league","30256"
"2019-09-30T00:00:00.000","Musical Connection","34450"
"2019-09-30T00:00:00.000","Groundwork Music Project","37989"
"2019-09-30T00:00:00.000","Salon Concerts, Inc.","37989"
"2019-09-30T00:00:00.000","The Museum of Human Achievement","39300"
"2019-09-30T00:00:00.000","Austin Visual Arts Association","40070"
"2019-09-30T00:00:00.000","Texas Accountants and Lawyers for the Arts","41200"
"2019-09-30T00:00:00.000","Esquina Tango Cultural Society of Austin","42500"
"2019-09-30T00:00:00.000","Austin Gay & Lesbian International Film Festival (aGLIFF)","42950"
"2019-09-30T00:00:00.000","Latinas Unidas Por el Arte (LUPE Arte)","43050"
"2019-09-30T00:00:00.000","Co-Lab Projects","43363"
"2019-09-30T00:00:00.000","Ballet East Dance Company","45466"
"2019-09-30T00:00:00.000","Pollyanna Theatre Company","45700"
"2019-09-30T00:00:00.000","KidsActing Foundtion","46575"
"2019-09-30T00:00:00.000","Cine Las Americas","47390"
"2019-09-30T00:00:00.000","Austin Jazz Workshop, Inc.","48868"
"2019-09-30T00:00:00.000","Austin Latino/a Lesbian & Gay Organization AKA allgo","50243"
"2019-09-30T00:00:00.000","Roy Lozano's Ballet Folklorico de Texas","52350"
"2019-09-30T00:00:00.000","Red Salmon Arts","52500"
"2019-09-30T00:00:00.000","Panoramic Voices","54000"
"2019-09-30T00:00:00.000","India Fine Arts","54255"
"2019-09-30T00:00:00.000","Puerto Rican Folkloric Dance, Inc.","54567"
"2019-09-30T00:00:00.000","Texas Early Music Project","58669"
"2019-09-30T00:00:00.000","La Peña","66838"
"2019-09-30T00:00:00.000","Waterloo Greenway Conservancy","67000"
"2019-09-30T00:00:00.000","Austin Celtic Association, Inc.","68321"
"2019-09-30T00:00:00.000","Latinitas, Inc.","70470"
"2019-09-30T00:00:00.000","Austin Area Art from the Streets","71839"
"2019-09-30T00:00:00.000","Salvage Vanguard Theatre","72623"
"2019-09-30T00:00:00.000","Shady Tree Studios","73250"
"2019-09-30T00:00:00.000","Anthropos Arts","75299"
"2019-09-30T00:00:00.000","Hope Events Inc.","79000"
"2019-09-30T00:00:00.000","Austin Music Foundation","82123"
"2019-09-30T00:00:00.000","Black Fret","83000"
"2019-09-30T00:00:00.000","Blue Lapis Light, Inc.","83000"
"2019-09-30T00:00:00.000","Hyde Park Theatre","83000"
"2019-09-30T00:00:00.000","Chorus Austin","87000"
"2019-09-30T00:00:00.000","Motion Media Arts Center aka The Austin School of Film","87000"
"2019-09-30T00:00:00.000","Zilker Theatre Productions","88555"
"2019-09-30T00:00:00.000","Hispanic Alliance for the Performing Arts","90500"
"2019-09-30T00:00:00.000","Austin Scottish Rite Community & Childrens's Theatre (formerly Scottish Rite Children's Theatre and formerly Austin Scottish Rite Co.)","90869"
"2019-09-30T00:00:00.000","Austin Shakespeare Festival","90869"
"2019-09-30T00:00:00.000","Great Promise for American Indians, Inc.","92710"
"2019-09-30T00:00:00.000","Rude Mechanicals - A Theatre Collective","93183"
"2019-09-30T00:00:00.000","Imagine Art, Inc.","94055"
"2019-09-30T00:00:00.000","MindPOP","95000"
"2019-09-30T00:00:00.000","Writer's League of Texas","95000"
"2019-09-30T00:00:00.000","Center For Women & Their Work","95497"
"2019-09-30T00:00:00.000","Austin Fine Arts Alliance, Inc. AKA Art Alliance Austin","97250"
"2019-09-30T00:00:00.000","Austin Chamber Music Center, Inc.","97811"
"2019-09-30T00:00:00.000","Umlauf Sculpture Garden & Museum","97811"
"2019-09-30T00:00:00.000","Art Spark Texas","99765"
"2019-09-30T00:00:00.000","Allison Orr Dance Inc. aka Forklift Dance Works","100125"
"2019-09-30T00:00:00.000","Big Medium","101250"
"2019-09-30T00:00:00.000","Texas Folklife Resources","127897"
"2019-09-30T00:00:00.000","Austin Playhouse","137250"
"2019-09-30T00:00:00.000","Fuse Box Austin","147000"
"2019-09-30T00:00:00.000","Austin Classical Guitar","164383"
"2019-09-30T00:00:00.000","Austin Creative Alliance","165000"
"2019-09-30T00:00:00.000","Mexic-Arte Museum","165883"
"2019-09-30T00:00:00.000","Visions in Rhythm aka Tapestry Dance Company","166875"
"2019-09-30T00:00:00.000","Conspirare, Inc.","171058"
"2019-09-30T00:00:00.000","Austin Children's Museum DBA Thinkery","176220"
"2019-09-30T00:00:00.000","One World","176220"
"2019-09-30T00:00:00.000","Austin Lyric Opera dba Austin Opera","178801"
"2019-09-30T00:00:00.000","Austin Theatre Alliance (formerly Paramount Theatre and State Theatre)","178801"
"2019-09-30T00:00:00.000","Austin Symphony Orchestra Society, Inc.","181382"
"2019-09-30T00:00:00.000","Greater Austin Performing Arts Center, Inc. dba Long Center for Performing Arts","181382"
"2019-09-30T00:00:00.000","Vortex Repertory Company","185750"
"2019-09-30T00:00:00.000","Austin Film Festival, Inc.","186544"
"2019-09-30T00:00:00.000","The Contemporary Austin Museum Inc","186544"
"2019-09-30T00:00:00.000","Ballet Austin, Inc.","189125"
"2019-09-30T00:00:00.000","Film Society of Austin, Inc.","189125"
"2019-09-30T00:00:00.000","Zachary Scott Theatre Center","189125"
"2019-09-30T00:00:00.000","Creative Action","191250"
"2020-09-30T00:00:00.000","COLLIDE/ Ingebrigt Haker Flaten","1722"
"2020-09-30T00:00:00.000","Austin Creative Alliance / Austin Sketch Fest","4000"
"2020-09-30T00:00:00.000","Austin Creative Alliance / Batik by Design","4000"
"2020-09-30T00:00:00.000","Austin Creative Alliance / Honky Tonk Holidaze","4000"
"2020-09-30T00:00:00.000","Austin Creative Alliance / Luanne Stovall","4000"
"2020-09-30T00:00:00.000","Austin Film Festival, Inc./ The Life and Art of Pio Pulido","4000"
"2020-09-30T00:00:00.000","Austin Script Works aka Austin Scriptworks/ Tracey Lynn Huguley","4000"
"2020-09-30T00:00:00.000","Austin Swing Syndicate Inc","4000"
"2020-09-30T00:00:00.000","B. Iden Payne Awards Council (FFS Austin Creative Alliance )","4000"
"2020-09-30T00:00:00.000","Ballet East Dance Company/ Renee Davis aka Sister Moses Project","4000"
"2020-09-30T00:00:00.000","Big Medium/ Atelier Dojo","4000"
"2020-09-30T00:00:00.000","Big Medium/ Rolling Ryot","4000"
"2020-09-30T00:00:00.000","Center for Women & Their Work / Allison Lash","4000"
"2020-09-30T00:00:00.000","Co-Lab Projects/ Hyperreal Film Club","4000"
"2020-09-30T00:00:00.000","Imagine Art, Inc./ Debbie Boyd Kizer aka Storybook Studio","4000"
"2020-09-30T00:00:00.000","Imagine Art, Inc./ Lacey Richter (aka SacRED Offerings)","4000"
"2020-09-30T00:00:00.000","Imagine Art, Inc./ Paper Connections","4000"
"2020-09-30T00:00:00.000","Imagine Art, Inc./ Stephen Griffith (aka Griff Glass)","4000"
"2020-09-30T00:00:00.000","Jarrot Productions","4000"
"2020-09-30T00:00:00.000","Motion Media Arts Center aka The Austin School of Film/ April Kling Meyer","4000"
"2020-09-30T00:00:00.000","Motion Media Arts Center aka The Austin School of Film/ Austin Metro Drug-Free Coalition Media Project","4000"
"2020-09-30T00:00:00.000","Motion Media Arts Center aka The Austin School of Film/ Jim Hickcox","4000"
"2020-09-30T00:00:00.000","Motion Media Arts Center aka The Austin School of Film/ Matt Koshmrl","4000"
"2020-09-30T00:00:00.000","Musical Connection/ Kevin Johnson","4000"
"2020-09-30T00:00:00.000","Natural Neighborhood Development Coalition","4000"
"2020-09-30T00:00:00.000","Silver Leg Creative","4000"
"2020-09-30T00:00:00.000","Texas Folklife Resources/ Austin Music","4000"
"2020-09-30T00:00:00.000","The Foundation for the Preservation of the Historic Opera House","4000"
"2020-09-30T00:00:00.000","The Kraken Quartet","4000"
"2020-09-30T00:00:00.000","The Museum of Human Achievement /HIVE Arts Collective","4000"
"2020-09-30T00:00:00.000","The Museum of Human Achievement /Katie Bender","4000"
"2020-09-30T00:00:00.000","The Museum of Human Achievement /Laurel Barickman","4000"
"2020-09-30T00:00:00.000","The Resonant Lung","4000"
"2020-09-30T00:00:00.000","Travis Heights Art Trail","4000"
"2020-09-30T00:00:00.000","Visions in Rhythm aka Tapestry Dance Company/Datri Bean","4000"
"2020-09-30T00:00:00.000","VoyagerFest","4000"
"2020-09-30T00:00:00.000","Waterloo Wind Band","4000"
"2020-09-30T00:00:00.000","Austin Creative Alliance / Twin Alchemy Theatre Collective","4213"
"2020-09-30T00:00:00.000","Austin Chamber Music Center, Inc./ Density512","4350"
"2020-09-30T00:00:00.000","Austin Creative Alliance / Austin Music Video Festival","4350"
"2020-09-30T00:00:00.000","Kids Write Good dba Austin Bat Cave","4350"
"2020-09-30T00:00:00.000","Moving Image Arts & Education/ Take Pains to be Perfect: A Documentary Film on Shakespeare at Winedale","4350"
"2020-09-30T00:00:00.000","Austin Creative Alliance / Home Street Music","4581"
"2020-09-30T00:00:00.000","Borderlands Texas Poetry aka Texas Poetry Review (also Ramona Cearley)","4628"
"2020-09-30T00:00:00.000","Motion Media Arts Center aka The Austin School of Film/ Elephant Keeper","4641"
"2020-09-30T00:00:00.000","Film Society of Austin, Inc./ Mark Blumberg","4691"
"2020-09-30T00:00:00.000","ARCOS Foundation for the Arts, Inc./ Articulate Choreographic Series","4700"
"2020-09-30T00:00:00.000","Center for Women & Their Work / Anna Esteve Llorens","4700"
"2020-09-30T00:00:00.000","Center for Women & Their Work / Erin Curtis","4700"
"2020-09-30T00:00:00.000","Motion Media Arts Center aka The Austin School of Film/ Austin Tinkering School","4700"
"2020-09-30T00:00:00.000","Motion Media Arts Center aka The Austin School of Film/ Mireydi Mendieta","4700"
"2020-09-30T00:00:00.000","Motion Media Arts Center aka The Austin School of Film/ Other Worlds Austin","4700"
"2020-09-30T00:00:00.000","Imagine Art, Inc./ Open Studion with Rachel Cohen","4750"
"2020-09-30T00:00:00.000","Musical Connection/ Viktoria Nizhnik","4750"
"2020-09-30T00:00:00.000","Center for Women & Their Work / Gathering Ground Theatre","4781"
"2020-09-30T00:00:00.000","Texas Folklife Resources/ Dana Perrotti","4781"
"2020-09-30T00:00:00.000","Film Society of Austin, Inc./ Patrick Bresan","5050"
"2020-09-30T00:00:00.000","The Museum of Human Achievement /Immediate Fashion School","5050"
"2020-09-30T00:00:00.000","Austin Book Arts Center","5400"
"2020-09-30T00:00:00.000","Musical Connection/ Song Rise Arts","5400"
"2020-09-30T00:00:00.000","Texas Folklife Resources/ Paul Klemperer","5400"
"2020-09-30T00:00:00.000","Austin Creative Alliance / Artistic Education Company","5525"
"2020-09-30T00:00:00.000","Austin Creative Alliance / Beerthoven","5750"
"2020-09-30T00:00:00.000","Austin Creative Alliance / The Institution Theater","5750"
"2020-09-30T00:00:00.000","Austin Latino/a Lesbian & Gay Organization/ Gbeda/Tonya Lyles","5750"
"2020-09-30T00:00:00.000","Ballet East Dance Company/ Chamacos Dance Company","5750"
"2020-09-30T00:00:00.000","BRAVE Communities","5750"
"2020-09-30T00:00:00.000","COLLIDE/ DORF aka Sara Vanderbeek","5750"
"2020-09-30T00:00:00.000","Health Alliance for Austin Musicians aka HAAM","5750"
"2020-09-30T00:00:00.000","Issue Television","5750"
"2020-09-30T00:00:00.000","Motion Media Arts Center aka The Austin School of Film/ Melissa Kirkendall","5750"
"2020-09-30T00:00:00.000","Motion Media Arts Center aka The Austin School of Film/ Transform Film Festival","5750"
"2020-09-30T00:00:00.000","Texas After Violence Project/ Matthew Gossage","5750"
"2020-09-30T00:00:00.000","The Museum of Human Achievement /IRL","5750"
"2020-09-30T00:00:00.000","The Museum of Human Achievement /Touch Collective","5750"
"2020-09-30T00:00:00.000","Visions in Rhythm aka Tapestry Dance Company/Zell Miller III","5750"
"2020-09-30T00:00:00.000","Motion Media Arts Center aka The Austin School of Film/ Sharon Arteaga","5790"
"2020-09-30T00:00:00.000","Fast Forward Austin","5896"
"2020-09-30T00:00:00.000","Center for Women & Their Work / Shay Ishii Dance Company","5994"
"2020-09-30T00:00:00.000","Austin Creative Alliance / Film Kids","6100"
"2020-09-30T00:00:00.000","Babes Fest, Inc.","6100"
"2020-09-30T00:00:00.000","Center for Women & Their Work / Catherine Davis","6100"
"2020-09-30T00:00:00.000","Kallisto Gaia Press, Inc","6100"
"2020-09-30T00:00:00.000","Musical Connection/ Chris Hausler","6100"
"2020-09-30T00:00:00.000","One World/ Jackie Myers Music","6100"
"2020-09-30T00:00:00.000","The Museum of Human Achievement /Amanda H. B. Jones","6100"
"2020-09-30T00:00:00.000","The Museum of Human Achievement /Antumbrae Intermedia Events + Installations","6100"
"2020-09-30T00:00:00.000","Motion Media Arts Center aka The Austin School of Film/ Eugenio del Bosque Gamez","6150"
"2020-09-30T00:00:00.000","La Peña/ Artisan Mercado","6200"
"2020-09-30T00:00:00.000","Musical Connection/ Alena Gorina","6497"
"2020-09-30T00:00:00.000","Texas Juggling Society","6500"
"2020-09-30T00:00:00.000","Performa/Dance","6532"
"2020-09-30T00:00:00.000","Color Arc Productions","6544"
"2020-09-30T00:00:00.000","Austin Black Pride","6750"
"2020-09-30T00:00:00.000","J.O.I. Community Outreach/ Nook Turner and Friends","6750"
"2020-09-30T00:00:00.000","Austin Creative Alliance / Contrast Film Festival","6800"
"2020-09-30T00:00:00.000","Motion Media Arts Center aka The Austin School of Film/ Vision Gland","6800"
"2020-09-30T00:00:00.000","One World/ Juno Black","6800"
"2020-09-30T00:00:00.000","Texas Folklife Resources/ Not Just Oom-Pah!","6800"
"2020-09-30T00:00:00.000","Film Society of Austin, Inc./ Mike Nicholson","7031"
"2020-09-30T00:00:00.000","Austin Revitalization Authority","7100"
"2020-09-30T00:00:00.000","Ballet East Dance Company/ Children's book Project","7100"
"2020-09-30T00:00:00.000","SAIVA","7100"
"2020-09-30T00:00:00.000","Imagine Art, Inc./ Teel Montague (aka Finders Keepers)","7150"
"2020-09-30T00:00:00.000","One World/ Jaime Ospina","7150"
"2020-09-30T00:00:00.000","Latinas Unidas Por el Arte (LUPE Arte)/ Cut & Deliver Writers Cram Jam Lab","7319"
"2020-09-30T00:00:00.000","Tejano Music Alliance of Texas","7446"
"2020-09-30T00:00:00.000","American Short Fiction, Inc.","7500"
"2020-09-30T00:00:00.000","Austin Creative Alliance / Tetractys","7500"
"2020-09-30T00:00:00.000","Texas Book Festival","7500"
"2020-09-30T00:00:00.000","Whatsinthermirror","7566"
"2020-09-30T00:00:00.000","Dance Waterloo","7706"
"2020-09-30T00:00:00.000","One World/ Candace Bellamy","7850"
"2020-09-30T00:00:00.000","Classical Music for the World","7966"
"2020-09-30T00:00:00.000","Big Medium/ Northern/Southern","8366"
"2020-09-30T00:00:00.000","The Museum of Human Achievement/The Mall","8366"
"2020-09-30T00:00:00.000","Unlisted Projects","8422"
"2020-09-30T00:00:00.000","Austin Chamber Ensemble","8436"
"2020-09-30T00:00:00.000","Austin Creative Alliance / Austin Flamenco Academy","8514"
"2020-09-30T00:00:00.000","Film Society of Austin, Inc./ Tracy Fraizier","8633"
"2020-09-30T00:00:00.000","Musical Connection/ Nataly Murph","8800"
"2020-09-30T00:00:00.000","Austin Script Works aka Austin Scriptworks/ Sarah Loucks","8816"
"2020-09-30T00:00:00.000","Big Medium/ Amy Bench","8900"
"2020-09-30T00:00:00.000","Austin Creative Alliance / ImprovEd Arts","8925"
"2020-09-30T00:00:00.000","Austin Creative Alliance / Dystheatre","8928"
"2020-09-30T00:00:00.000","Alliance for Young Future Filmmakers","9000"
"2020-09-30T00:00:00.000","Austin Creative Alliance / Texas Comedies","9000"
"2020-09-30T00:00:00.000","Musical Connection/ Zhenya Rock","9032"
"2020-09-30T00:00:00.000","La Fenice","9123"
"2020-09-30T00:00:00.000","Austin New Music Corporation (Co-op)","9215"
"2020-09-30T00:00:00.000","Imagine Art, Inc./ Mindy Moore","9345"
"2020-09-30T00:00:00.000","Austin Creative Alliance / 3240 Entertainment","9550"
"2020-09-30T00:00:00.000","Vortex Repertory Company/Canopy Theatre","9550"
"2020-09-30T00:00:00.000","The Violet Crown Players, Inc.","9625"
"2020-09-30T00:00:00.000","Vietnamese American Community of Austin Texas (VACAT)","9688"
"2020-09-30T00:00:00.000","Folklore y Ritmos de Panama","10101"
"2020-09-30T00:00:00.000","Austin Street Corner Arts Collective","10302"
"2020-09-30T00:00:00.000","Beyond the Grade","10337"
"2020-09-30T00:00:00.000","Texas Nafas","10938"
"2020-09-30T00:00:00.000","Austin Creative Alliance / Southwest Theatre Productions","11175"
"2020-09-30T00:00:00.000","Lucky Chaos","11585"
"2020-09-30T00:00:00.000","Spectrum Theatre Company","11757"
"2020-09-30T00:00:00.000","Big Medium/ Susan Scafati","11900"
"2020-09-30T00:00:00.000","Film Society of Austin, Inc./ Susanne Mason","11900"
"2020-09-30T00:00:00.000","Golden Hornet Project, Inc.","12034"
"2020-09-30T00:00:00.000","Imagine Art, Inc./ Theron Parker-ABC ASL","12072"
"2020-09-30T00:00:00.000","La Peña/ Los Bohemios Perdidos","12227"
"2020-09-30T00:00:00.000","Buzz Production","12500"
"2020-09-30T00:00:00.000","Co-Lab Projects/ Michael Anthony Garcia","12650"
"2020-09-30T00:00:00.000","TILT","12772"
"2020-09-30T00:00:00.000","Film Society of Austin, Inc./ Karen Skloss","12900"
"2020-09-30T00:00:00.000","Academia (Aztlan) De Danza Y Folklore","12943"
"2020-09-30T00:00:00.000","Austin Creative Alliance / Montopolis Productions","12961"
"2020-09-30T00:00:00.000","Austin Visual Arts Association/ Dr. Christopher Adejumo","13198"
"2020-09-30T00:00:00.000","Austin Creative Alliance / Jason Phelps & Co","13227"
"2020-09-30T00:00:00.000","Austin Script Works aka Austin Scriptworks/ Candyce Rusk","13425"
"2020-09-30T00:00:00.000","Musical Connection/ Sarkis Petrosyan","13475"
"2020-09-30T00:00:00.000","Texas Music Museum","13500"
"2020-09-30T00:00:00.000","Shady Tree Studios/ Sandy Carson","13600"
"2020-09-30T00:00:00.000","Save Barton Creek Association/ Bill Oliver","13725"
"2020-09-30T00:00:00.000","Film Society of Austin, Inc./ Anne Lewis","13750"
"2020-09-30T00:00:00.000","PrintAustin Collective","13987"
"2020-09-30T00:00:00.000","Center for Women & Their Work/ Valerie Fowler","14025"
"2020-09-30T00:00:00.000","The Museum of Human Achievement /The Cage Match Project","14025"
"2020-09-30T00:00:00.000","Big Medium/ John Pike","14175"
"2020-09-30T00:00:00.000","Amphion Youth Choir","14176"
"2020-09-30T00:00:00.000","Austin Creative Alliance / Balcones Community Orchestra","14196"
"2020-09-30T00:00:00.000","Big Medium/ Moya McIntyre FKA Moya Kahbele aka The Femme Abstract","14450"
"2020-09-30T00:00:00.000","Film Society of Austin, Inc./ John Moore","14450"
"2020-09-30T00:00:00.000","Big Medium/ Alejandra Almuelle","14475"
"2020-09-30T00:00:00.000","PS Foundation for the Arts","14610"
"2020-09-30T00:00:00.000","Chaddick Dance Company","14726"
"2020-09-30T00:00:00.000","Austin Creative Alliance / dadageek","14875"
"2020-09-30T00:00:00.000","Visions in Rhythm aka Tapestry Dance Company/Minor Mishap Marching Band","14875"
"2020-09-30T00:00:00.000","Austin Civic Wind Ensemble","14951"
"2020-09-30T00:00:00.000","Center for Women & Their Work / Jules Buck Jones","15025"
"2020-09-30T00:00:00.000","Fluent~Collaborative/ Elizabeth Chiles","15152"
"2020-09-30T00:00:00.000","Austin Festival Express","15300"
"2020-09-30T00:00:00.000","Austin Creative Alliance / Sky Candy","15450"
"2020-09-30T00:00:00.000","Center for Women & Their Work / Denise Prince","15486"
"2020-09-30T00:00:00.000","One World/ Sergey Vashchenko","15486"
"2020-09-30T00:00:00.000","Austin Baroque Orchestra","15500"
"2020-09-30T00:00:00.000","Shady Tree Studios/ Almost Real Things","15725"
"2020-09-30T00:00:00.000","Austin Creative Alliance / Austin Children's Theater","15875"
"2020-09-30T00:00:00.000","Fisterra Projects/ AM Arts","15875"
"2020-09-30T00:00:00.000","Shalom Austin/ Jewish Film Festival","15925"
"2020-09-30T00:00:00.000","Big Medium/ Austin Maker Group FKA Austin Maker Faire","16150"
"2020-09-30T00:00:00.000","Film Society of Austin, Inc./ Chelsea Hernandez","16200"
"2020-09-30T00:00:00.000","Center for Women & Their Work / Lauren Gurgiolo","16300"
"2020-09-30T00:00:00.000","Red Salmon Arts/ Daniel Llanes","16350"
"2020-09-30T00:00:00.000","Big Medium/ Colin McIntyre","16354"
"2020-09-30T00:00:00.000","Center for Women & Their Work / Rino Pizzi","16354"
"2020-09-30T00:00:00.000","Vortex Repertory Company/Ethos AKA Chad Salvata","16354"
"2020-09-30T00:00:00.000","One World/ Austin Troubadours","16500"
"2020-09-30T00:00:00.000","Big Medium/ Outside Voice","16575"
"2020-09-30T00:00:00.000","Center for Women & Their Work / Yuliya Lanina","16575"
"2020-09-30T00:00:00.000","Austin Creative Alliance / Paper Chairs","16642"
"2020-09-30T00:00:00.000","Texas Folklife Resources/ Andrew Garrison","16643"
"2020-09-30T00:00:00.000","Dimension Gallery","16688"
"2020-09-30T00:00:00.000","Austin Creative Alliance / Grapes of Wrath 75 Project","16725"
"2020-09-30T00:00:00.000","Center for Women & Their Work / Jennifer Sherburn","16725"
"2020-09-30T00:00:00.000","LOLA Local Opera Local Artists","16900"
"2020-09-30T00:00:00.000","Austin Creative Alliance / Mother Falcon's Music Laboratory","16932"
"2020-09-30T00:00:00.000","Center for Women & Their Work / Alyssa Taylor Wendt","16932"
"2020-09-30T00:00:00.000","Center for Women & Their Work / Heloise Gold","16932"
"2020-09-30T00:00:00.000","Film Society of Austin, Inc./ Karen Kocher","16932"
"2020-09-30T00:00:00.000","One World/ Nada Stearns","16932"
"2020-09-30T00:00:00.000","Austin Creative Alliance / Bob Livingston","17150"
"2020-09-30T00:00:00.000","Film Society of Austin, Inc./ PJ Raval","17200"
"2020-09-30T00:00:00.000","Center for Women & Their Work / Art of the Pot","17511"
"2020-09-30T00:00:00.000","Center for Women & Their Work / Bob Hoffnar","17511"
"2020-09-30T00:00:00.000","One World/ Mohammad Firoozi","17525"
"2020-09-30T00:00:00.000","Austin Dance Ensemble","17539"
"2020-09-30T00:00:00.000","Center for Women & Their Work / Rattletree","17575"
"2020-09-30T00:00:00.000","One World/ Austin Bike Zoo","17575"
"2020-09-30T00:00:00.000","School of Indian Percussion and Music","17650"
"2020-09-30T00:00:00.000","Ballet East Dance Company/ Up Rise Productions","17750"
"2020-09-30T00:00:00.000","Austin Creative Alliance / Blue Cow Studios","17800"
"2020-09-30T00:00:00.000","One World/ Sevylla del Mazo","17826"
"2020-09-30T00:00:00.000","COLLIDE/ Epistrophy Arts","18000"
"2020-09-30T00:00:00.000","Austin Creative Alliance / JWHill Productions LLC","18050"
"2020-09-30T00:00:00.000","Austin Creative Alliance / Central Texas Medical Orchestra","18250"
"2020-09-30T00:00:00.000","Capitol View Arts/ DJ Bling Back 2 School","18393"
"2020-09-30T00:00:00.000","One World/ Emily Dedear","18525"
"2020-09-30T00:00:00.000","One World/ Oliver Rajamani","18682"
"2020-09-30T00:00:00.000","Austin Children's Choir","18707"
"2020-09-30T00:00:00.000","River City Pops","18742"
"2020-09-30T00:00:00.000","The Hidden Room Theatre","18747"
"2020-09-30T00:00:00.000","Ground Floor Theatre","19075"
"2020-09-30T00:00:00.000","Art Spark Texas/ AllRhythms Youth Ensemble","19141"
"2020-09-30T00:00:00.000","Ariel Dance Theatre","19247"
"2020-09-30T00:00:00.000","Capitol View Arts","19250"
"2020-09-30T00:00:00.000","Mexic-Arte Museum/ Johnny Degollado (AKA Austin Conjunto Festival)","19261"
"2020-09-30T00:00:00.000","Austin Creative Alliance / A'Lante Flamenco Dance Ensemble","19393"
"2020-09-30T00:00:00.000","Austin Creative Alliance / Internation Mulitcultural Community","19475"
"2020-09-30T00:00:00.000","line upon line percussion","19644"
"2020-09-30T00:00:00.000","Center for Women & Their Work / Generic Ensemble Company","19682"
"2020-09-30T00:00:00.000","Lannaya aka Lannaya West African Drum and Dance Ensemble","19750"
"2020-09-30T00:00:00.000","Russian Speakers Society","19813"
"2020-09-30T00:00:00.000","Austin Polish Society","19900"
"2020-09-30T00:00:00.000","Big Medium/ Olaniyi Akindiya Akirash aka ARTWITHARKIRASH STUDIO LLC","19900"
"2020-09-30T00:00:00.000","Austin Creative Alliance / Anuradha Naimpally","19972"
"2020-09-30T00:00:00.000","Austin Creative Alliance / Gender Portraits","20050"
"2020-09-30T00:00:00.000","Austin Creative Alliance / BoCCa","20325"
"2020-09-30T00:00:00.000","South Austin Museum of Popular Culture","20470"
"2020-09-30T00:00:00.000","Austin Creative Alliance / Austin Asian American Film Festival","20550"
"2020-09-30T00:00:00.000","Austin Creative Alliance / Glass Half Full Theatre","20765"
"2020-09-30T00:00:00.000","Fisterra Projects","20925"
"2020-09-30T00:00:00.000","ARCOS Foundation for the Arts, Inc.","20950"
"2020-09-30T00:00:00.000","Austin Creative Alliance / The City Theatre Company","21093"
"2020-09-30T00:00:00.000","Center for Women & Their Work / Asian American Community Partnership","21350"
"2020-09-30T00:00:00.000","Austin Creative Alliance / Theatre en Bloc","21625"
"2020-09-30T00:00:00.000","Inside Out Steelband","21625"
"2020-09-30T00:00:00.000","Conservatory Dance Theatre dba The Austin City Ballet","21700"
"2020-09-30T00:00:00.000","Shalom Austin","22000"
"2020-09-30T00:00:00.000","German Texan Heritage Society","22050"
"2020-09-30T00:00:00.000","Austin Symphonic Band","22250"
"2020-09-30T00:00:00.000","MASS Gallery, Inc","22300"
"2020-09-30T00:00:00.000","OUTsider Film & Arts Festival","22599"
"2020-09-30T00:00:00.000","Gilbert & Sullivan Society of Austin, Texas, Inc.","22695"
"2020-09-30T00:00:00.000","New School of Music","22975"
"2020-09-30T00:00:00.000","HONK!TX","23009"
"2020-09-30T00:00:00.000","Hyde Park Theatre/ Capital T Theatre","23096"
"2020-09-30T00:00:00.000","Austin Creative Alliance / Shrewd Production","23399"
"2020-09-30T00:00:00.000","Different Stages, Inc.","23609"
"2020-09-30T00:00:00.000","Ritenuto Foundation Inc","23650"
"2020-09-30T00:00:00.000","Moving Image Arts & Education","23717"
"2020-09-30T00:00:00.000","COLLIDE","23997"
"2020-09-30T00:00:00.000","Ensemble VIII","24030"
"2020-09-30T00:00:00.000","Salvage Vanguard Theater/Trouble Puppet Company","24030"
"2020-09-30T00:00:00.000","Coalition of Texans with Disabilities","24050"
"2020-09-30T00:00:00.000","Exploded Drawing","24279"
"2020-09-30T00:00:00.000","Penfold Theatre Company","24750"
"2020-09-30T00:00:00.000","Kathy Dunn Hamrick Dance Co.","24975"
"2020-09-30T00:00:00.000","Knowbility, Inc.","25060"
"2020-09-30T00:00:00.000","Easter Seals Central Texas","25276"
"2020-09-30T00:00:00.000","Austin International Drag Foundation Inc","25375"
"2020-09-30T00:00:00.000","Austin Script Works aka Austin Scriptworks","25449"
"2020-09-30T00:00:00.000","AFTV FIVE","25900"
"2020-09-30T00:00:00.000","Girls Rock Austin","26275"
"2020-09-30T00:00:00.000","The Arc of the Capital Area","26344"
"2020-09-30T00:00:00.000","Celtic Cultural Center of Texas","26448"
"2020-09-30T00:00:00.000","Capital City Men's Chorus","26688"
"2020-09-30T00:00:00.000","Capitol Broadcasting Association, Inc. dba KMFA 89.5","26700"
"2020-09-30T00:00:00.000","Salvage Vanguard Theater/Church of the Friendly Ghost","26700"
"2020-09-30T00:00:00.000","e4 Youth","26725"
"2020-09-30T00:00:00.000","Center for No Idea","27000"
"2020-09-30T00:00:00.000","La Follia Austin Baroque","27000"
"2020-09-30T00:00:00.000","Out of Bounds Comedy","27056"
"2020-09-30T00:00:00.000","Ballet East Dance Company/ Proyecto Teatro","27400"
"2020-09-30T00:00:00.000","LEAP OF JOY","27421"
"2020-09-30T00:00:00.000","Women in Jazz Association","27848"
"2020-09-30T00:00:00.000","Austin Civic Orchestra Society","28124"
"2020-09-30T00:00:00.000","Classical Guitar Alive","29190"
"2020-09-30T00:00:00.000","Agni foundation for the Arts","29825"
"2020-09-30T00:00:00.000","Cherrywood Urban Landscape and Arts league","30256"
"2020-09-30T00:00:00.000","Musical Connection","34450"
"2020-09-30T00:00:00.000","Groundwork Music Project","37989"
"2020-09-30T00:00:00.000","Salon Concerts, Inc.","37989"
"2020-09-30T00:00:00.000","Teatro Vivo","38830"
"2020-09-30T00:00:00.000","Indian Classical Music Circle of Austin","39100"
"2020-09-30T00:00:00.000","The Museum of Human Achievement","39300"
"2020-09-30T00:00:00.000","Austin Visual Arts Association","40070"
"2020-09-30T00:00:00.000","Texas Accountants and Lawyers for the Arts","41200"
"2020-09-30T00:00:00.000","Esquina Tango Cultural Society of Austin","42500"
"2020-09-30T00:00:00.000","Austin Gay & Lesbian International Film Festival (aGLIFF)","42950"
"2020-09-30T00:00:00.000","Latinas Unidas Por el Arte (LUPE Arte)","43050"
"2020-09-30T00:00:00.000","Co-Lab Projects","43363"
"2020-09-30T00:00:00.000","Ballet East Dance Company","45466"
"2020-09-30T00:00:00.000","Pollyanna Theatre Company","45700"
"2020-09-30T00:00:00.000","KidsActing Foundtion","46575"
"2020-09-30T00:00:00.000","Cine Las Americas","47390"
"2020-09-30T00:00:00.000","Austin Jazz Workshop, Inc.","48868"
"2020-09-30T00:00:00.000","Austin Latino/a Lesbian & Gay Organization AKA allgo","50243"
"2020-09-30T00:00:00.000","Roy Lozano's Ballet Folklorico de Texas","52350"
"2020-09-30T00:00:00.000","Red Salmon Arts","52500"
"2020-09-30T00:00:00.000","Panoramic Voices","54000"
"2020-09-30T00:00:00.000","India Fine Arts","54244"
"2020-09-30T00:00:00.000","Puerto Rican Folkloric Dance, Inc.","54567"
"2020-09-30T00:00:00.000","Texas Early Music Project","58669"
"2020-09-30T00:00:00.000","La Peña","66838"
"2020-09-30T00:00:00.000","Waterloo Greenway Conservancy","67000"
"2020-09-30T00:00:00.000","Austin Celtic Association, Inc.","68321"
"2020-09-30T00:00:00.000","Latinitas, Inc.","70470"
"2020-09-30T00:00:00.000","Austin Area Art from the Streets","71839"
"2020-09-30T00:00:00.000","Salvage Vanguard Theatre","72623"
"2020-09-30T00:00:00.000","Shady Tree Studios","73250"
"2020-09-30T00:00:00.000","Anthropos Arts","75299"
"2020-09-30T00:00:00.000","Hope Events Inc.","79000"
"2020-09-30T00:00:00.000","Austin Music Foundation","82123"
"2020-09-30T00:00:00.000","Black Fret","83000"
"2020-09-30T00:00:00.000","Blue Lapis Light, Inc.","83000"
"2020-09-30T00:00:00.000","Hyde Park Theatre","83000"
"2020-09-30T00:00:00.000","Chorus Austin","87000"
"2020-09-30T00:00:00.000","Motion Media Arts Center aka The Austin School of Film","87000"
"2020-09-30T00:00:00.000","Zilker Theatre Productions","88555"
"2020-09-30T00:00:00.000","Hispanic Alliance for the Performing Arts","90500"
"2020-09-30T00:00:00.000","Austin Scottish Rite Community & Childrens's Theatre (formerly Scottish Rite Children's Theatre and formerly Austin Scottish Rite Co.)","90869"
"2020-09-30T00:00:00.000","Austin Shakespeare Festival","90869"
"2020-09-30T00:00:00.000","Great Promise for American Indians, Inc.","92710"
"2020-09-30T00:00:00.000","Rude Mechanicals - A Theatre Collective","93183"
"2020-09-30T00:00:00.000","Imagine Art, Inc.","94055"
"2020-09-30T00:00:00.000","MindPOP","95000"
"2020-09-30T00:00:00.000","Writer's League of Texas","95000"
"2020-09-30T00:00:00.000","Center For Women & Their Work","95497"
"2020-09-30T00:00:00.000","Austin Fine Arts Alliance, Inc. AKA Art Alliance Austin","97250"
"2020-09-30T00:00:00.000","Austin Chamber Music Center, Inc.","97811"
"2020-09-30T00:00:00.000","Umlauf Sculpture Garden & Museum","97811"
"2020-09-30T00:00:00.000","Art Spark Texas","99765"
"2020-09-30T00:00:00.000","Allison Orr Dance Inc. aka Forklift Dance Works","100125"
"2020-09-30T00:00:00.000","Big Medium","101250"
"2020-09-30T00:00:00.000","Texas Folklife Resources","127987"
"2020-09-30T00:00:00.000","Tapestry Singers","133363"
"2020-09-30T00:00:00.000","Austin Playhouse","137250"
"2020-09-30T00:00:00.000","Fuse Box Austin","147000"
"2020-09-30T00:00:00.000","Austin Classical Guitar","164383"
"2020-09-30T00:00:00.000","Austin Creative Alliance","165000"
"2020-09-30T00:00:00.000","Mexic-Arte Museum","165883"
"2020-09-30T00:00:00.000","Visions in Rhythm aka Tapestry Dance Company","166875"
"2020-09-30T00:00:00.000","Conspirare, Inc.","171058"
"2020-09-30T00:00:00.000","Austin Children's Museum DBA Thinkery","176220"
"2020-09-30T00:00:00.000","One World","176220"
"2020-09-30T00:00:00.000","Austin Lyric Opera dba Austin Opera","178801"
"2020-09-30T00:00:00.000","Austin Theatre Alliance (formerly Paramount Theatre and State Theatre)","178801"
"2020-09-30T00:00:00.000","Austin Symphony Orchestra Society, Inc.","181382"
"2020-09-30T00:00:00.000","Greater Austin Performing Arts Center, Inc. dba Long Center for Performing Arts","181382"
"2020-09-30T00:00:00.000","Vortex Repertory Company","185750"
"2020-09-30T00:00:00.000","Austin Film Festival, Inc.","186544"
"2020-09-30T00:00:00.000","The Contemporary Austin Museum Inc","186544"
"2020-09-30T00:00:00.000","Ballet Austin, Inc.","189125"
"2020-09-30T00:00:00.000","Film Society of Austin, Inc.","189125"
"2020-09-30T00:00:00.000","Zachary Scott Theatre Center","189125"
"2020-09-30T00:00:00.000","Creative Action","191250"
"2021-09-30T00:00:00.000","Austin Book Arts Center","3000"
"2021-09-30T00:00:00.000","Austin Chamber Music Center, Inc./ Density512","3000"
"2021-09-30T00:00:00.000","Austin Creative Alliance / Austin Music Video Festival","3000"
"2021-09-30T00:00:00.000","Austin Creative Alliance / Austin Sketch Fest","3000"
"2021-09-30T00:00:00.000","Austin Creative Alliance / Batik by Design","3000"
"2021-09-30T00:00:00.000","Austin Creative Alliance / Beerthoven","3000"
"2021-09-30T00:00:00.000","Austin Creative Alliance / Contrast Film Festival","3000"
"2021-09-30T00:00:00.000","Austin Creative Alliance / Film Kids","3000"
"2021-09-30T00:00:00.000","Austin Creative Alliance / Honky Tonk Holidaze","3000"
"2021-09-30T00:00:00.000","Austin Creative Alliance / Luanne Stovall","3000"
"2021-09-30T00:00:00.000","Austin Creative Alliance / The Institution Theater","3000"
"2021-09-30T00:00:00.000","Austin Creative Alliance / Twin Alchemy Theatre Collective","3000"
"2021-09-30T00:00:00.000","Austin Film Festival, Inc./ The Life and Art of Pio Pulido","3000"
"2021-09-30T00:00:00.000","Austin Script Works aka Austin Scriptworks/ Tracey Lynn Huguley","3000"
"2021-09-30T00:00:00.000","Austin Swing Syndicate Inc","3000"
"2021-09-30T00:00:00.000","Austin Creative Alliance / dadageek","6248"
"2021-09-30T00:00:00.000","B. Iden Payne Awards Council (FFS Austin Creative Alliance )","3000"
"2021-09-30T00:00:00.000","Big Medium/ Atelier Dojo","3000"
"2021-09-30T00:00:00.000","Big Medium/ Rolling Ryot","3000"
"2021-09-30T00:00:00.000","Borderlands Texas Poetry aka Texas Poetry Review (also Ramona Cearley)","3000"
"2021-09-30T00:00:00.000","Center for Women & Their Work / Allison Lash","3000"
"2021-09-30T00:00:00.000","Center for Women & Their Work / Catherine Davis","3000"
"2021-09-30T00:00:00.000","Center for Women & Their Work / Erin Curtis","3000"
"2021-09-30T00:00:00.000","Center for Women & Their Work / Gathering Ground Theatre","3000"
"2021-09-30T00:00:00.000","Center for Women & Their Work / Shay Ishii Dance Company","3000"
"2021-09-30T00:00:00.000","Co-Lab Projects/ Hyperreal Film Club","3000"
"2021-09-30T00:00:00.000","COLLIDE/ DORF aka Sara Vanderbeek","3000"
"2021-09-30T00:00:00.000","Film Society of Austin, Inc./ Mark Blumberg","3000"
"2021-09-30T00:00:00.000","Film Society of Austin, Inc./ Mike Nicholson","3000"
"2021-09-30T00:00:00.000","Film Society of Austin, Inc./ Patrick Bresan","3000"
"2021-09-30T00:00:00.000","Health Alliance for Austin Musicians aka HAAM","3000"
"2021-09-30T00:00:00.000","Imagine Art, Inc./ Debbie Boyd Kizer aka Storybook Studio","3000"
"2021-09-30T00:00:00.000","Imagine Art, Inc./ Lacey Richter (aka SacRED Offerings)","3000"
"2021-09-30T00:00:00.000","Imagine Art, Inc./ Open Studion with Rachel Cohen","3000"
"2021-09-30T00:00:00.000","Imagine Art, Inc./ Stephen Griffith (aka Griff Glass)","3000"
"2021-09-30T00:00:00.000","Imagine Art, Inc./ Teel Montague (aka Finders Keepers)","3000"
"2021-09-30T00:00:00.000","Issue Television","3000"
"2021-09-30T00:00:00.000","Jarrot Productions","3000"
"2021-09-30T00:00:00.000","Kids Write Good dba Austin Bat Cave","3000"
"2021-09-30T00:00:00.000","Motion Media Arts Center aka The Austin School of Film/ Austin Tinkering School","3000"
"2021-09-30T00:00:00.000","Motion Media Arts Center aka The Austin School of Film/ Jim Hickcox","3000"
"2021-09-30T00:00:00.000","Motion Media Arts Center aka The Austin School of Film/ Matt Koshmrl","3000"
"2021-09-30T00:00:00.000","Motion Media Arts Center aka The Austin School of Film/ Melissa Kirkendall","3000"
"2021-09-30T00:00:00.000","Motion Media Arts Center aka The Austin School of Film/ Other Worlds Austin","3000"
"2021-09-30T00:00:00.000","Motion Media Arts Center aka The Austin School of Film/ Vision Gland","3000"
"2021-09-30T00:00:00.000","Musical Connection/ Alena Gorina","3000"
"2021-09-30T00:00:00.000","Musical Connection/ Chris Hausler","3000"
"2021-09-30T00:00:00.000","Musical Connection/ Kevin Johnson","3000"
"2021-09-30T00:00:00.000","Musical Connection/ Nataly Murph","3000"
"2021-09-30T00:00:00.000","Musical Connection/ Song Rise Arts","3000"
"2021-09-30T00:00:00.000","Musical Connection/ Viktoria Nizhnik","3000"
"2021-09-30T00:00:00.000","Musical Connection/ Zhenya Rock","3000"
"2021-09-30T00:00:00.000","Natural Neighborhood Development Coalition","3000"
"2021-09-30T00:00:00.000","Performa/Dance","3000"
"2021-09-30T00:00:00.000","Sightlines","3000"
"2021-09-30T00:00:00.000","Silver Leg Creative","3000"
"2021-09-30T00:00:00.000","Texas Folklife Resources/ Austin Music","3000"
"2021-09-30T00:00:00.000","Texas Folklife Resources/ Not Just Oom-Pah!","3000"
"2021-09-30T00:00:00.000","Texas Folklife Resources/ Paul Klemperer","3000"
"2021-09-30T00:00:00.000","Texas Juggling Society","3000"
"2021-09-30T00:00:00.000","The Foundation for the Preservation of the Historic Opera House","3000"
"2021-09-30T00:00:00.000","The Kraken Quartet","3000"
"2021-09-30T00:00:00.000","The Museum of Human Achievement /HIVE Arts Collective","3000"
"2021-09-30T00:00:00.000","The Museum of Human Achievement /Immediate Fashion School","3000"
"2021-09-30T00:00:00.000","The Museum of Human Achievement /IRL","3000"
"2021-09-30T00:00:00.000","The Museum of Human Achievement /Katie Bender","3000"
"2021-09-30T00:00:00.000","The Museum of Human Achievement /Laurel Barickman","3000"
"2021-09-30T00:00:00.000","The Resonant Lung","3000"
"2021-09-30T00:00:00.000","Travis Heights Art Trail","3000"
"2021-09-30T00:00:00.000","Visions in Rhythm aka Tapestry Dance Company/Datri Bean","3000"
"2021-09-30T00:00:00.000","VoyagerFest","3000"
"2021-09-30T00:00:00.000","Waterloo Wind Band","3000"
"2021-09-30T00:00:00.000","Fast Forward Austin","3006"
"2021-09-30T00:00:00.000","Fisterra Projects/ AM Arts","3066"
"2021-09-30T00:00:00.000","American Short Fiction, Inc.","3150"
"2021-09-30T00:00:00.000","Texas Book Festival","3150"
"2021-09-30T00:00:00.000","Babes Fest, Inc.","3172"
"2021-09-30T00:00:00.000","Kallisto Gaia Press, Inc","3172"
"2021-09-30T00:00:00.000","One World/ Jackie Myers Music","3172"
"2021-09-30T00:00:00.000","The Museum of Human Achievement /Amanda H. B. Jones","3172"
"2021-09-30T00:00:00.000","Austin Creative Alliance / Tetractys","3175"
"2021-09-30T00:00:00.000","Imagine Art, Inc./ Mindy Moore","3190"
"2021-09-30T00:00:00.000","Classical Music for the World","3346"
"2021-09-30T00:00:00.000","BRAVE Communities","3520"
"2021-09-30T00:00:00.000","Imagine Art, Inc./ Paper Connections","3520"
"2021-09-30T00:00:00.000","Motion Media Arts Center aka The Austin School of Film/ Austin Metro Drug-Free Coalition Media Project","3520"
"2021-09-30T00:00:00.000","Texas After Violence Project/ Matthew Gossage","3520"
"2021-09-30T00:00:00.000","Austin Chamber Ensemble","3543"
"2021-09-30T00:00:00.000","Film Society of Austin, Inc./ Tracy Fraizier","3626"
"2021-09-30T00:00:00.000","Big Medium/ Amy Bench","3738"
"2021-09-30T00:00:00.000","Austin Creative Alliance / ImprovEd Arts","3749"
"2021-09-30T00:00:00.000","Austin Creative Alliance / Texas Comedies","3780"
"2021-09-30T00:00:00.000","Ballet East Dance Company/ Children's book Project","3828"
"2021-09-30T00:00:00.000","SAIVA","3828"
"2021-09-30T00:00:00.000","La Fenice","3832"
"2021-09-30T00:00:00.000","Austin New Music Corporation (Co-op)","3870"
"2021-09-30T00:00:00.000","La Peña/ Artisan Mercado","3916"
"2021-09-30T00:00:00.000","Austin Creative Alliance / Home Street Music","4031"
"2021-09-30T00:00:00.000","Motion Media Arts Center aka The Austin School of Film/ Elephant Keeper","4084"
"2021-09-30T00:00:00.000","Center for Women & Their Work / Anna Esteve Llorens","4136"
"2021-09-30T00:00:00.000","Motion Media Arts Center aka The Austin School of Film/ Mireydi Mendieta","4136"
"2021-09-30T00:00:00.000","Color Arc Productions","4219"
"2021-09-30T00:00:00.000","Austin Street Corner Arts Collective","4327"
"2021-09-30T00:00:00.000","Beyond the Grade","4342"
"2021-09-30T00:00:00.000","The Museum of Human Achievement/The Mall","4350"
"2021-09-30T00:00:00.000","Visions in Rhythm aka Tapestry Dance Company/Zell Miller III","4400"
"2021-09-30T00:00:00.000","One World/ Juno Black","4440"
"2021-09-30T00:00:00.000","Motion Media Arts Center aka The Austin School of Film/ Sharon Arteaga","4444"
"2021-09-30T00:00:00.000","Austin Script Works aka Austin Scriptworks/ Sarah Loucks","4584"
"2021-09-30T00:00:00.000","ARCOS Foundation for the Arts, Inc./ Articulate Choreographic Series","4700"
"2021-09-30T00:00:00.000","Motion Media Arts Center aka The Austin School of Film/ Eugenio del Bosque Gamez","4752"
"2021-09-30T00:00:00.000","One World/ Jaime Ospina","4752"
"2021-09-30T00:00:00.000","Austin Creative Alliance / Artistic Education Company","4862"
"2021-09-30T00:00:00.000","Big Medium/ Susan Scafati","4998"
"2021-09-30T00:00:00.000","Film Society of Austin, Inc./ Susanne Mason","4998"
"2021-09-30T00:00:00.000","Musical Connection/ Sarkis Petrosyan","4998"
"2021-09-30T00:00:00.000","Tejano Music Alliance of Texas","5012"
"2021-09-30T00:00:00.000","Motion Media Arts Center aka The Austin School of Film/ Transform Film Festival","5060"
"2021-09-30T00:00:00.000","The Museum of Human Achievement /Touch Collective","5060"
"2021-09-30T00:00:00.000","TILT","5211"
"2021-09-30T00:00:00.000","Buzz Production","5250"
"2021-09-30T00:00:00.000","Imagine Art, Inc./ Theron Parker-ABC ASL","5367"
"2021-09-30T00:00:00.000","The Museum of Human Achievement /Antumbrae Intermedia Events + Installations","5368"
"2021-09-30T00:00:00.000","Film Society of Austin, Inc./ Karen Skloss","5418"
"2021-09-30T00:00:00.000","Austin Creative Alliance / Montopolis Productions","5444"
"2021-09-30T00:00:00.000","Shalom Austin/ Jewish Film Festival","5534"
"2021-09-30T00:00:00.000","Tapestry Singers","5612"
"2021-09-30T00:00:00.000","Texas Music Museum","5670"
"2021-09-30T00:00:00.000","Texas Nafas","5688"
"2021-09-30T00:00:00.000","Shady Tree Studios/ Sandy Carson","5712"
"2021-09-30T00:00:00.000","Austin Latino/a Lesbian & Gay Organization/ Gbeda/Tonya Lyles","5750"
"2021-09-30T00:00:00.000","Save Barton Creek Association/ Bill Oliver","5765"
"2021-09-30T00:00:00.000","Film Society of Austin, Inc./ Anne Lewis","5775"
"2021-09-30T00:00:00.000","PrintAustin Collective","5875"
"2021-09-30T00:00:00.000","Center for Women & Their Work/ Valerie Fowler","5891"
"2021-09-30T00:00:00.000","Amphion Youth Choir","5954"
"2021-09-30T00:00:00.000","Big Medium/ John Pike","5954"
"2021-09-30T00:00:00.000","Austin Creative Alliance / Balcones Community Orchestra","5962"
"2021-09-30T00:00:00.000","Big Medium/ Moya McIntyre FKA Moya Kahbele aka The Femme Abstract","6069"
"2021-09-30T00:00:00.000","Film Society of Austin, Inc./ John Moore","6069"
"2021-09-30T00:00:00.000","Vietnamese American Community of Austin Texas (VACAT)","6105"
"2021-09-30T00:00:00.000","Chaddick Dance Company","6185"
"2021-09-30T00:00:00.000","Golden Hornet Project, Inc.","6258"
"2021-09-30T00:00:00.000","Austin Civic Wind Ensemble","6279"
"2021-09-30T00:00:00.000","Center for Women & Their Work / Jules Buck Jones","6311"
"2021-09-30T00:00:00.000","Fluent~Collaborative/ Elizabeth Chiles","6364"
"2021-09-30T00:00:00.000","Austin Festival Express","6426"
"2021-09-30T00:00:00.000","Center for Women & Their Work / Denise Prince","6504"
"2021-09-30T00:00:00.000","One World/ Sergey Vashchenko","6504"
"2021-09-30T00:00:00.000","Austin Baroque Orchestra","6510"
"2021-09-30T00:00:00.000","Shady Tree Studios/ Almost Real Things","6605"
"2021-09-30T00:00:00.000","Austin Black Pride","6750"
"2021-09-30T00:00:00.000","J.O.I. Community Outreach/ Nook Turner and Friends","6750"
"2021-09-30T00:00:00.000","Big Medium/ Austin Maker Group FKA Austin Maker Faire","6783"
"2021-09-30T00:00:00.000","Center for Women & Their Work / Lauren Gurgiolo","6846"
"2021-09-30T00:00:00.000","Big Medium/ Colin McIntyre","6869"
"2021-09-30T00:00:00.000","Center for Women & Their Work / Rino Pizzi","6869"
"2021-09-30T00:00:00.000","Vortex Repertory Company/Ethos AKA Chad Salvata","6869"
"2021-09-30T00:00:00.000","Austin Creative Alliance / Jason Phelps & Co","6878"
"2021-09-30T00:00:00.000","One World/ Austin Troubadours","6930"
"2021-09-30T00:00:00.000","Austin Script Works aka Austin Scriptworks/ Candyce Rusk","6981"
"2021-09-30T00:00:00.000","Austin Creative Alliance / Paper Chairs","6990"
"2021-09-30T00:00:00.000","Texas Folklife Resources/ Andrew Garrison","6990"
"2021-09-30T00:00:00.000","Dimension Gallery","7009"
"2021-09-30T00:00:00.000","Austin Creative Alliance / Grapes of Wrath 75 Project","7025"
"2021-09-30T00:00:00.000","Center for Women & Their Work / Jennifer Sherburn","7025"
"2021-09-30T00:00:00.000","LOLA Local Opera Local Artists","7098"
"2021-09-30T00:00:00.000","School of Indian Percussion and Music","7098"
"2021-09-30T00:00:00.000","Austin Revitalization Authority","7100"
"2021-09-30T00:00:00.000","Austin Creative Alliance / Mother Falcon's Music Laboratory","7111"
"2021-09-30T00:00:00.000","Center for Women & Their Work / Alyssa Taylor Wendt","7111"
"2021-09-30T00:00:00.000","Center for Women & Their Work / Heloise Gold","7111"
"2021-09-30T00:00:00.000","Film Society of Austin, Inc./ Karen Kocher","7111"
"2021-09-30T00:00:00.000","One World/ Nada Stearns","7111"
"2021-09-30T00:00:00.000","Russian Speakers Society","7166"
"2021-09-30T00:00:00.000","Austin Creative Alliance / Bob Livingston","7203"
"2021-09-30T00:00:00.000","Austin Polish Society","7203"
"2021-09-30T00:00:00.000","COLLIDE/ Ingebrigt Haker Flaten","7233"
"2021-09-30T00:00:00.000","Latinas Unidas Por el Arte (LUPE Arte)/ Cut & Deliver Writers Cram Jam Lab","7319"
"2021-09-30T00:00:00.000","Center for Women & Their Work / Art of the Pot","7355"
"2021-09-30T00:00:00.000","Center for Women & Their Work / Bob Hoffnar","7355"
"2021-09-30T00:00:00.000","Austin Dance Ensemble","7366"
"2021-09-30T00:00:00.000","Center for Women & Their Work / Rattletree","7382"
"2021-09-30T00:00:00.000","One World/ Austin Bike Zoo","7382"
"2021-09-30T00:00:00.000","Unlisted Projects","7411"
"2021-09-30T00:00:00.000","Austin Creative Alliance / Blue Cow Studios","7476"
"2021-09-30T00:00:00.000","Whatsinthermirror","7566"
"2021-09-30T00:00:00.000","PS Foundation for the Arts","7597"
"2021-09-30T00:00:00.000","Austin Creative Alliance / Central Texas Medical Orchestra","7665"
"2021-09-30T00:00:00.000","Visions in Rhythm aka Tapestry Dance Company/Minor Mishap Marching Band","7735"
"2021-09-30T00:00:00.000","One World/ Candace Bellamy","7850"
"2021-09-30T00:00:00.000","Austin Children's Choir","7857"
"2021-09-30T00:00:00.000","River City Pops","7872"
"2021-09-30T00:00:00.000","The Hidden Room Theatre","7874"
"2021-09-30T00:00:00.000","Austin Creative Alliance / Sky Candy","8034"
"2021-09-30T00:00:00.000","Ariel Dance Theatre","8084"
"2021-09-30T00:00:00.000","German Texan Heritage Society","8106"
"2021-09-30T00:00:00.000","line upon line percussion","8250"
"2021-09-30T00:00:00.000","The Violet Crown Players, Inc.","8470"
"2021-09-30T00:00:00.000","Austin Creative Alliance / Gender Portraits","8476"
"2021-09-30T00:00:00.000","Shalom Austin","8505"
"2021-09-30T00:00:00.000","Austin Creative Alliance / Austin Flamenco Academy","8514"
"2021-09-30T00:00:00.000","South Austin Museum of Popular Culture","8597"
"2021-09-30T00:00:00.000","Center for Women & Their Work / Yuliya Lanina","8619"
"2021-09-30T00:00:00.000","Lucky Chaos","8655"
"2021-09-30T00:00:00.000","Co-Lab Projects/ Michael Anthony Garcia","8712"
"2021-09-30T00:00:00.000","Alliance for Young Future Filmmakers","9000"
"2021-09-30T00:00:00.000","Inside Out Steelband","9094"
"2021-09-30T00:00:00.000","Ground Floor Theatre","9139"
"2021-09-30T00:00:00.000","Conservatory Dance Theatre dba The Austin City Ballet","9144"
"2021-09-30T00:00:00.000","Austin Symphonic Band","9345"
"2021-09-30T00:00:00.000","Big Medium/ Alejandra Almuelle","9438"
"2021-09-30T00:00:00.000","Gilbert & Sullivan Society of Austin, Texas, Inc.","9532"
"2021-09-30T00:00:00.000","Austin Creative Alliance / 3240 Entertainment","9550"
"2021-09-30T00:00:00.000","New School of Music","9650"
"2021-09-30T00:00:00.000","HONK!TX","9664"
"2021-09-30T00:00:00.000","Hyde Park Theatre/ Capital T Theatre","9700"
"2021-09-30T00:00:00.000","OUTsider Film & Arts Festival","9781"
"2021-09-30T00:00:00.000","Academia (Aztlan) De Danza Y Folklore","9850"
"2021-09-30T00:00:00.000","Different Stages, Inc.","9916"
"2021-09-30T00:00:00.000","Ritenuto Foundation Inc","9933"
"2021-09-30T00:00:00.000","COLLIDE","10079"
"2021-09-30T00:00:00.000","Ensemble VIII","10093"
"2021-09-30T00:00:00.000","Salvage Vanguard Theater/Trouble Puppet Company","10093"
"2021-09-30T00:00:00.000","Exploded Drawing","10197"
"2021-09-30T00:00:00.000","Celtic Cultural Center of Texas","10373"
"2021-09-30T00:00:00.000","Kathy Dunn Hamrick Dance Co.","10490"
"2021-09-30T00:00:00.000","Austin Creative Alliance / Glass Half Full Theatre","10798"
"2021-09-30T00:00:00.000","Chorus Austin","36540"
"2021-09-30T00:00:00.000","Austin Creative Alliance / The City Theatre Company","10968"
"2021-09-30T00:00:00.000","Capitol Broadcasting Association, Inc. dba KMFA 89.5","11214"
"2021-09-30T00:00:00.000","La Follia Austin Baroque","11340"
"2021-09-30T00:00:00.000","Out of Bounds Comedy","11364"
"2021-09-30T00:00:00.000","Penfold Theatre Company","11445"
"2021-09-30T00:00:00.000","LEAP OF JOY","11517"
"2021-09-30T00:00:00.000","MASS Gallery, Inc","11596"
"2021-09-30T00:00:00.000","Spectrum Theatre Company","11757"
"2021-09-30T00:00:00.000","Austin Civic Orchestra Society","11812"
"2021-09-30T00:00:00.000","Capital City Men's Chorus","11928"
"2021-09-30T00:00:00.000","Red Salmon Arts/ Daniel Llanes","11968"
"2021-09-30T00:00:00.000","Austin Creative Alliance / Shrewd Production","12167"
"2021-09-30T00:00:00.000","Classical Guitar Alive","12260"
"2021-09-30T00:00:00.000","Girls Rock Austin","12285"
"2021-09-30T00:00:00.000","One World/ Sevylla del Mazo","12387"
"2021-09-30T00:00:00.000","Knowbility, Inc.","12403"
"2021-09-30T00:00:00.000","Coalition of Texans with Disabilities","12506"
"2021-09-30T00:00:00.000","Film Society of Austin, Inc./ Chelsea Hernandez","12716"
"2021-09-30T00:00:00.000","Film Society of Austin, Inc./ PJ Raval","12716"
"2021-09-30T00:00:00.000","Austin Visual Arts Association/ Dr. Christopher Adejumo","13198"
"2021-09-30T00:00:00.000","Austin Script Works aka Austin Scriptworks","13259"
"2021-09-30T00:00:00.000","Musical Connection","13314"
"2021-09-30T00:00:00.000","The Arc of the Capital Area","13699"
"2021-09-30T00:00:00.000","Austin Creative Alliance / Internation Mulitcultural Community","13838"
"2021-09-30T00:00:00.000","One World/ Emily Dedear","13882"
"2021-09-30T00:00:00.000","One World/ Mohammad Firoozi","13882"
"2021-09-30T00:00:00.000","Austin Creative Alliance / Austin Children's Theater","13970"
"2021-09-30T00:00:00.000","The Museum of Human Achievement /The Cage Match Project","14025"
"2021-09-30T00:00:00.000","Center for No Idea","14073"
"2021-09-30T00:00:00.000","Austin Creative Alliance / BoCCa","14586"
"2021-09-30T00:00:00.000","Austin Creative Alliance / A'Lante Flamenco Dance Ensemble","14646"
"2021-09-30T00:00:00.000","Center for Women & Their Work / Generic Ensemble Company","14900"
"2021-09-30T00:00:00.000","One World/ Oliver Rajamani","14900"
"2021-09-30T00:00:00.000","Austin Creative Alliance / Anuradha Naimpally","15155"
"2021-09-30T00:00:00.000","Mexic-Arte Museum/ Johnny Degollado (AKA Austin Conjunto Festival)","15410"
"2021-09-30T00:00:00.000","COLLIDE/ Epistrophy Arts","15840"
"2021-09-30T00:00:00.000","Groundwork Music Project","15955"
"2021-09-30T00:00:00.000","Salon Concerts, Inc.","15955"
"2021-09-30T00:00:00.000","Austin Visual Arts Association","16829"
"2021-09-30T00:00:00.000","Art Spark Texas/ AllRhythms Youth Ensemble","16844"
"2021-09-30T00:00:00.000","Center for Women & Their Work / Asian American Community Partnership","17248"
"2021-09-30T00:00:00.000","Ballet East Dance Company/ Up Rise Productions","17750"
"2021-09-30T00:00:00.000","Austin Creative Alliance / JWHill Productions LLC","18050"
"2021-09-30T00:00:00.000","Co-Lab Projects","18212"
"2021-09-30T00:00:00.000","Capitol View Arts/ DJ Bling Back 2 School","18393"
"2021-09-30T00:00:00.000","Fisterra Projects","18414"
"2021-09-30T00:00:00.000","Austin Creative Alliance / Theatre en Bloc","19030"
"2021-09-30T00:00:00.000","Austin International Drag Foundation Inc","19030"
"2021-09-30T00:00:00.000","Pollyanna Theatre Company","19194"
"2021-09-30T00:00:00.000","Capitol View Arts","19250"
"2021-09-30T00:00:00.000","Lannaya aka Lannaya West African Drum and Dance Ensemble","19750"
"2021-09-30T00:00:00.000","Big Medium/ Olaniyi Akindiya Akirash aka ARTWITHARKIRASH STUDIO LLC","19900"
"2021-09-30T00:00:00.000","The Museum of Human Achievement","20436"
"2021-09-30T00:00:00.000","Austin Jazz Workshop, Inc.","20525"
"2021-09-30T00:00:00.000","Ballet East Dance Company/ Proyecto Teatro","20812"
"2021-09-30T00:00:00.000","Moving Image Arts & Education","20871"
"2021-09-30T00:00:00.000","ARCOS Foundation for the Arts, Inc.","20950"
"2021-09-30T00:00:00.000","Agni foundation for the Arts","21406"
"2021-09-30T00:00:00.000","Austin Gay & Lesbian International Film Festival (aGLIFF)","21424"
"2021-09-30T00:00:00.000","e4 Youth","21978"
"2021-09-30T00:00:00.000","Easter Seals Central Texas","22243"
"2021-09-30T00:00:00.000","Panoramic Voices","22680"
"2021-09-30T00:00:00.000","Salvage Vanguard Theater/Church of the Friendly Ghost","23496"
"2021-09-30T00:00:00.000","Texas Early Music Project","24641"
"2021-09-30T00:00:00.000","AFTV FIVE","25900"
"2021-09-30T00:00:00.000","Austin Celtic Association, Inc.","27225"
"2021-09-30T00:00:00.000","Teatro Vivo","27570"
"2021-09-30T00:00:00.000","Women in Jazz Association","27848"
"2021-09-30T00:00:00.000","Waterloo Greenway Conservancy","28140"
"2021-09-30T00:00:00.000","Indian Classical Music Circle of Austin","29568"
"2021-09-30T00:00:00.000","Austin Area Art from the Streets","30172"
"2021-09-30T00:00:00.000","Shady Tree Studios","30765"
"2021-09-30T00:00:00.000","Anthropos Arts","31626"
"2021-09-30T00:00:00.000","Esquina Tango Cultural Society of Austin","34320"
"2021-09-30T00:00:00.000","Austin Music Foundation","34492"
"2021-09-30T00:00:00.000","Latinas Unidas Por el Arte (LUPE Arte)","34584"
"2021-09-30T00:00:00.000","Black Fret","34860"
"2021-09-30T00:00:00.000","Blue Lapis Light, Inc.","34860"
"2021-09-30T00:00:00.000","Hyde Park Theatre","34860"
"2021-09-30T00:00:00.000","Cine Las Americas","35103"
"2021-09-30T00:00:00.000","Texas Accountants and Lawyers for the Arts","36256"
"2021-09-30T00:00:00.000","Zilker Theatre Productions","37193"
"2021-09-30T00:00:00.000","Salvage Vanguard Theatre","37764"
"2021-09-30T00:00:00.000","Austin Shakespeare Festival","38165"
"2021-09-30T00:00:00.000","Ballet East Dance Company","38690"
"2021-09-30T00:00:00.000","Austin Latino/a Lesbian & Gay Organization AKA allgo","39374"
"2021-09-30T00:00:00.000","Red Salmon Arts","39600"
"2021-09-30T00:00:00.000","Writer's League of Texas","39900"
"2021-09-30T00:00:00.000","Center For Women & Their Work","40109"
"2021-09-30T00:00:00.000","Austin Fine Arts Alliance, Inc. AKA Art Alliance Austin","40845"
"2021-09-30T00:00:00.000","Hope Events Inc.","41080"
"2021-09-30T00:00:00.000","Austin Chamber Music Center, Inc.","41081"
"2021-09-30T00:00:00.000","Umlauf Sculpture Garden & Museum","41081"
"2021-09-30T00:00:00.000","India Fine Arts","41144"
"2021-09-30T00:00:00.000","Roy Lozano's Ballet Folklorico de Texas","41228"
"2021-09-30T00:00:00.000","Puerto Rican Folkloric Dance, Inc.","41419"
"2021-09-30T00:00:00.000","Allison Orr Dance Inc. aka Forklift Dance Works","42053"
"2021-09-30T00:00:00.000","Big Medium","42525"
"2021-09-30T00:00:00.000","Imagine Art, Inc.","46049"
"2021-09-30T00:00:00.000","Austin Scottish Rite Community & Childrens's Theatre (formerly Scottish Rite Children's Theatre and formerly Austin Scottish Rite Co.)","47252"
"2021-09-30T00:00:00.000","Rude Mechanicals - A Theatre Collective","48455"
"2021-09-30T00:00:00.000","MindPOP","49400"
"2021-09-30T00:00:00.000","Art Spark Texas","49658"
"2021-09-30T00:00:00.000","La Peña","52217"
"2021-09-30T00:00:00.000","Texas Folklife Resources","53087"
"2021-09-30T00:00:00.000","Latinitas, Inc.","57200"
"2021-09-30T00:00:00.000","Austin Playhouse","57645"
"2021-09-30T00:00:00.000","Austin Classical Guitar","69041"
"2021-09-30T00:00:00.000","Austin Creative Alliance","69300"
"2021-09-30T00:00:00.000","Hispanic Alliance for the Performing Arts","73040"
"2021-09-30T00:00:00.000","Austin Children's Museum DBA Thinkery","74012"
"2021-09-30T00:00:00.000","One World","74012"
"2021-09-30T00:00:00.000","La Peña/ Los Bohemios Perdidos","74760"
"2021-09-30T00:00:00.000","Austin Lyric Opera dba Austin Opera","75096"
"2021-09-30T00:00:00.000","Austin Theatre Alliance (formerly Paramount Theatre and State Theatre)","75096"
"2021-09-30T00:00:00.000","Austin Symphony Orchestra Society, Inc.","76180"
"2021-09-30T00:00:00.000","Greater Austin Performing Arts Center, Inc. dba Long Center for Performing Arts","76180"
"2021-09-30T00:00:00.000","Motion Media Arts Center aka The Austin School of Film","76560"
"2021-09-30T00:00:00.000","Great Promise for American Indians, Inc.","76745"
"2021-09-30T00:00:00.000","Austin Film Festival, Inc.","78348"
"2021-09-30T00:00:00.000","The Contemporary Austin Museum Inc","78348"
"2021-09-30T00:00:00.000","Ballet Austin, Inc.","79433"
"2021-09-30T00:00:00.000","Film Society of Austin, Inc.","79433"
"2021-09-30T00:00:00.000","Zachary Scott Theatre Center","79433"
"2021-09-30T00:00:00.000","Creative Action","80325"
"2021-09-30T00:00:00.000","Visions in Rhythm aka Tapestry Dance Company","86775"
"2021-09-30T00:00:00.000","Conspirare, Inc.","88950"
"2021-09-30T00:00:00.000","Vortex Repertory Company","96590"
"2021-09-30T00:00:00.000","Mexic-Arte Museum","144657"
"2023-01-30T00:00:00.000","Puerto Rican Folkloric Dance, Inc.","150000"
"2023-01-30T00:00:00.000","Outreach Productions","100000"
"2023-01-30T00:00:00.000","Austin Chinese-American Network or ACAN","85000"
"2023-01-30T00:00:00.000","Color Arc Productions","85000"
"2023-01-30T00:00:00.000","Indie Meme","85000"
"2023-01-30T00:00:00.000","Vortex Repertory Company","150000"
"2023-01-30T00:00:00.000","Imagine Art, Inc.","85000"
"2023-01-30T00:00:00.000","Women in Jazz Association","150000"
"2023-01-30T00:00:00.000","Roy Lozano's Ballet Folklorico de Texas","100000"
"2023-01-30T00:00:00.000","One World/ Oliver Rajamani","85000"
"2023-01-30T00:00:00.000","Museum of Human Achievement (MoHA)","150000"
"2023-01-30T00:00:00.000","Dance Africa Fest","85000"
"2023-01-30T00:00:00.000","Capitol View Arts","150000"
"2023-01-30T00:00:00.000","Mexic-Arte Museum","100000"
"2023-01-30T00:00:00.000","Austin Asian American Film Festival","100000"
"2023-01-30T00:00:00.000","DAWA (Diversity Awareness and Wellness in Action)","100000"
"2023-01-30T00:00:00.000","OUTsider Film & Arts Festival","100000"
"2023-01-30T00:00:00.000","Great Promise for American Indians, Inc.","150000"
"2023-01-30T00:00:00.000","Esquina Tango Cultural Society of Austin","100000"
"2023-01-30T00:00:00.000","ICMCA","85000"
"2023-01-30T00:00:00.000","Austin International Drag Foundation, Inc.","100000"
"2023-01-30T00:00:00.000","India Fine Arts","100000"
"2023-01-30T00:00:00.000","Cine Las Americas","150000"
"2023-01-30T00:00:00.000","Red Salmon Arts","100000"
"2023-01-30T00:00:00.000","Academia (Aztlan) De Danza Y Folklore","100000"
"2023-01-30T00:00:00.000","Austin Latino/a Lesbian & Gay Organization AKA allgo","150000"
"2023-01-30T00:00:00.000","Glass Half Full Theatre","85000"
"2023-01-30T00:00:00.000","Latinitas, Inc.","100000"
"2023-01-30T00:00:00.000","e4 Youth","85000"
"2023-01-30T00:00:00.000","Latinas Unidas Por El Arte (LUPE Arte)","100000"
"2023-01-30T00:00:00.000","La Peña","150000"
"2023-01-30T00:00:00.000","Jump On It","100000"
"2023-01-30T00:00:00.000","Torch Literary Arts","150000"
"2023-01-30T00:00:00.000","Whatsinthermirror","85000"
"2023-01-30T00:00:00.000","Lannaya aka Lannaya West African Drum and Dance Ensemble","100000"
"2023-01-30T00:00:00.000","Ballet East Dance Company","85000"
"2023-07-30T00:00:00.000","Visions in Rhythm aka Tapestry Dance Company","30000"
"2023-07-30T00:00:00.000","Austin Music Foundation","30000"
"2023-07-30T00:00:00.000","AACP","10000"
"2023-07-30T00:00:00.000","Austin Jazz Workshop, Inc.","30000"
"2023-07-30T00:00:00.000","La Fenice","30000"
"2023-07-30T00:00:00.000","Blue Lapis Light, Inc.","30000"
"2023-07-30T00:00:00.000","Austin Area Art from the Streets","30000"
"2023-07-30T00:00:00.000","Austin Unconducted","30000"
"2023-07-30T00:00:00.000","Austin-Oita Sister City Committee","30000"
"2023-07-30T00:00:00.000","I.A.M.","30000"
"2023-07-30T00:00:00.000","Ground Floor Theatre","50000"
"2023-07-30T00:00:00.000","Austin Rainbow Theatre","30000"
"2023-07-30T00:00:00.000","Prizer Arts and Letters","30000"
"2023-07-30T00:00:00.000","SAGE Studio & Gallery","30000"
"2023-07-30T00:00:00.000","Texas Music Museum","50000"
"2023-07-30T00:00:00.000","SIPM","50000"
"2023-07-30T00:00:00.000","The Violet Crown Players, Inc.","30000"
"2023-07-30T00:00:00.000","Mauricio Callejas","25000"
"2023-07-30T00:00:00.000","Mary Jane Garza","25000"
"2023-07-30T00:00:00.000","Big Medium","30000"
"2023-07-30T00:00:00.000","Ariel Dance Theatre","30000"
"2023-07-30T00:00:00.000","Upasna Kakroo","10000"
"2023-07-30T00:00:00.000","Willie Bernard Martinez-Brown","50000"
"2023-07-30T00:00:00.000","Dance Waterloo","30000"
"2023-07-30T00:00:00.000","Performa/Dance, Inc.","50000"
"2023-07-30T00:00:00.000","New School of Music","50000"
"2023-07-30T00:00:00.000","TALA","75000"
"2023-07-30T00:00:00.000","3240 Entertainment Group LLC","17500"
"2023-07-30T00:00:00.000","LuluFest","30000"
"2023-07-30T00:00:00.000","Co-Lab Projects","30000"
"2023-07-30T00:00:00.000","KB Brookins","10000"
"2023-07-30T00:00:00.000","Uprise Circus","50000"
"2023-07-30T00:00:00.000","Salvage Vanguard Theatre","30000"
"2023-07-30T00:00:00.000","ConnectHER","75000"
"2023-07-30T00:00:00.000","Zachary Scott Theatre Center","30000"
"2023-07-30T00:00:00.000","Jbk universe llc","10000"
"2023-07-30T00:00:00.000","River City Pops","30000"
"2023-07-30T00:00:00.000","Groundwork Music Project","30000"
"2023-07-30T00:00:00.000","Shalom Austin/ Jewish Film Festival","30000"
"2023-07-30T00:00:00.000","Waterloo Greenway Conservancy","30000"
"2023-07-30T00:00:00.000","PRIMAL WOUND LLC","10000"
"2023-07-30T00:00:00.000","The Museum of Human Achievement /The Cage Match Project","25000"
"2023-07-30T00:00:00.000","Austin Polish Society","30000"
"2023-07-30T00:00:00.000","LOLA Local Opera Local Artists","30000"
"2023-07-30T00:00:00.000","Mercury McKnight","25000"
"2023-07-30T00:00:00.000","AUSTIN VISUAL ARTS ASSN","30000"
"2023-07-30T00:00:00.000","Deaf Austin Theatre","30000"
"2023-07-30T00:00:00.000","Austin Chamber Music Center, Inc./ Density512","30000"
"2023-07-30T00:00:00.000","Texas Strings Camp","30000"
"2023-07-30T00:00:00.000","Musical Connection/ Song Rise Arts","75000"
"2023-07-30T00:00:00.000","Cycles Production","10000"
"2023-07-30T00:00:00.000","Fiesta Austin, LLC","17500"
"2023-07-30T00:00:00.000","Chie Endo Photography","10000"
"2023-07-30T00:00:00.000","LNS Crew Productions","17500"
"2023-07-30T00:00:00.000","Shakti Moves Dance Company","30000"
"2023-07-30T00:00:00.000","The Mall","10000"
"2023-07-30T00:00:00.000","THE LOVE OF CHINA SCHOOL OF CHINESE DANCE","17500"
"2023-07-30T00:00:00.000","MD studio","17500"
"2023-07-30T00:00:00.000","ISHIDA Dance Company","75000"
"2023-07-30T00:00:00.000","Austin Chamber Music Center, Inc.","30000"
"2023-07-30T00:00:00.000","Anthropos Arts","50000"
"2023-07-30T00:00:00.000","Austin Creative Reuse","30000"
"2023-07-30T00:00:00.000","ColdTowne","17500"
"2023-07-30T00:00:00.000","Early Era Collective","50000"
"2023-07-30T00:00:00.000","Folklore y Ritmos de Panama","75000"
"2023-07-30T00:00:00.000","Buenos Diaz Music","10000"
"2023-07-30T00:00:00.000","Black Film Geniuses","10000"
"2023-07-30T00:00:00.000","Kala Darpan","30000"
"2023-07-30T00:00:00.000","Artly World","30000"
"2023-07-30T00:00:00.000","MASS Gallery, Inc","50000"
"2023-07-30T00:00:00.000","Rude Mechanicals - A Theatre Collective","30000"
"2023-07-30T00:00:00.000","Film Society of Austin, Inc.","30000"
"2023-07-30T00:00:00.000","SPECTRUM THEATRE COMPANY","75000"
"2023-07-30T00:00:00.000","Austin Soundwaves","50000"
"2023-07-30T00:00:00.000","Future Front Texas","75000"
"2023-07-30T00:00:00.000","Allison Orr Dance Inc. aka Forklift Dance Works","50000"
"2023-07-30T00:00:00.000","Texas After Violence Project/ Matthew Gossage","75000"
"2023-07-30T00:00:00.000","Amy Bench","10000"
"2023-07-30T00:00:00.000","Austin Tejano Music Coalition","30000"
"2023-07-30T00:00:00.000","Capitol Broadcasting Association, Inc. dba KMFA 89.5","30000"
"2023-07-30T00:00:00.000","The Texas Burlesque Festival","10000"
"2023-07-30T00:00:00.000","HONK!TX","30000"
"2023-07-30T00:00:00.000","Chorus Austin","30000"
"2023-07-30T00:00:00.000","Co-Lab Projects/ Hyperreal Film Club","30000"
"2023-07-30T00:00:00.000","American Artists Project","30000"
"2023-07-30T00:00:00.000","Jean Jacques Barrera","10000"
"2023-07-30T00:00:00.000","DORF","30000"
"2023-07-30T00:00:00.000","Austin Foundation for Architecture","30000"
"2023-07-30T00:00:00.000","Austin African American Book Festival","75000"
"2023-07-30T00:00:00.000","Unlisted Projects","50000"
"2023-07-30T00:00:00.000","Santa Cruz Theater","17500"
"2023-07-30T00:00:00.000","Texas Folklife Resources","50000"
"2023-07-30T00:00:00.000","Casie Luong Music (CLM)","25000"
"2023-07-30T00:00:00.000","Zilker Theatre Productions","30000"
"2023-07-30T00:00:00.000","Texas Book Festival","30000"
"2023-07-30T00:00:00.000","Neighborhood Molino","25000"
"2023-07-30T00:00:00.000","Austin Film Festival, Inc.","30000"
"2023-07-30T00:00:00.000","RichesArt Gallery","25000"
"2023-07-30T00:00:00.000","COLLIDE","75000"
"2023-07-30T00:00:00.000","Panoramic Voices","30000"
"2023-07-30T00:00:00.000","FUSEBOX FESTIVAL","50000"
"2023-07-30T00:00:00.000","Austin Gay Men's Chorus","30000"
"2023-07-30T00:00:00.000","Austin Shakespeare Festival","30000"
"2023-07-30T00:00:00.000","AFTV FIVE","30000"
"2023-07-30T00:00:00.000","Strange Wisdom Entertainment, LLC","17500"
"2023-07-30T00:00:00.000","Austin Playhouse","30000"
"2023-07-30T00:00:00.000","Home Street Music","30000"
"2023-07-30T00:00:00.000","Leap of Joy","30000"
"2023-07-30T00:00:00.000","Beerthoven Inc","30000"
"2023-07-30T00:00:00.000","Hope Events Inc.","75000"
"2023-07-30T00:00:00.000","Golden Hornet Project, Inc.","30000"
"2023-07-30T00:00:00.000","Agni Foundation for the Arts","50000"
"2023-07-30T00:00:00.000","Jarrott Productions","30000"
"2023-07-30T00:00:00.000","Kids Write Good dba Austin Bat Cave","30000"
"2023-07-30T00:00:00.000","Austin Opera","30000"
"2023-07-30T00:00:00.000","Individual","17500"
"2023-07-30T00:00:00.000","Rakhee Jain","25000"
"2023-07-30T00:00:00.000","Austin Action Fest","10000"
"2023-07-30T00:00:00.000","Modesta Trevino","17500"
"2023-07-30T00:00:00.000","Contracommon","30000"
"2023-07-30T00:00:00.000","The Tiny Minotaur","30000"
"2023-07-30T00:00:00.000","Art Spark Texas","30000"
"2023-07-30T00:00:00.000","Give One Studio LLC","17500"
"2023-07-30T00:00:00.000","Austin Gay & Lesbian International Film Festival (aGLIFF)","50000"
"2023-07-30T00:00:00.000","In Tow, LLC","17500"
"2023-07-30T00:00:00.000","Malika Boudissa","25000"
"2023-07-30T00:00:00.000","Center For Women & Their Work","50000"
"2023-07-30T00:00:00.000","N/A, I'm anIndividual Artist Applicant","10000"
"2023-07-30T00:00:00.000","SAIVA","30000"
"2023-07-30T00:00:00.000","Colectivo IN SITU","25000"
"2023-07-30T00:00:00.000","Eterno Scroll","10000"
"2023-07-30T00:00:00.000","Fallout Theater","17500"
"2023-07-30T00:00:00.000","Austin Creative Alliance / One Ounce Opera","50000"
"2023-07-30T00:00:00.000","Girls Rock Austin","75000"
"2023-07-30T00:00:00.000","Khristián Méndez Aguirre","25000"
"2023-07-30T00:00:00.000","Indian Dance Endeavor of Austin","30000"
"2023-07-30T00:00:00.000","Lifelong Learning with Friends","30000"
"2023-07-30T00:00:00.000","Shady Tree Studios/ Almost Real Things","10000"
"2023-07-30T00:00:00.000","New Manifest Theatre","17500"
"2023-07-30T00:00:00.000","Hyde Park Theatre","30000"
"2023-07-30T00:00:00.000","East End Eclectic LLC","17500"
"2023-07-30T00:00:00.000","Ceia G.","25000"
"2023-07-30T00:00:00.000","Latinas Unidas Por el Arte (LUPE Arte)/ Cut & Deliver Writers Cram Jam Lab","10000"
"2023-07-30T00:00:00.000","PJ Raval, LLC","17500"
"2023-07-30T00:00:00.000","Austin Classical Guitar","30000"
"2023-07-30T00:00:00.000","The Austin Belly Dance Convention","17500"
"2023-07-30T00:00:00.000","Dorian Layssard and Criancas De Capoeira Angola","25000"
"2023-07-30T00:00:00.000","Austin Emerging Arts Leaders","30000"
"2023-07-30T00:00:00.000","Torko Rover","10000"
"2023-07-30T00:00:00.000","Future Traditions Fest","17500"
"2023-07-30T00:00:00.000","Tejano Music Alliance of Texas","50000"
"2023-07-30T00:00:00.000","Leela - An Indian Community Theatre","10000"
"2023-07-30T00:00:00.000","Austin Russian-speaking Theater Company (ARTC)","30000"
"2023-07-30T00:00:00.000","Austin Script Works aka Austin Scriptworks","30000"
"2023-07-30T00:00:00.000","Beat 4 Beat","30000"
"2023-07-30T00:00:00.000","Texas Folklife Resources/ Rancho Alegre Radio","75000"
"2023-07-30T00:00:00.000","Fearless Squirrel Productions LLC","17500"
"2023-07-30T00:00:00.000","BRAVE Communities","75000"
"2023-07-30T00:00:00.000","Javier Jara","25000"
"2023-07-30T00:00:00.000","Motion Media Arts Center aka The Austin School of Film","75000"
"2023-07-30T00:00:00.000","Creative Action","50000"
"2023-07-30T00:00:00.000","Cat.","17500"
"2023-07-30T00:00:00.000","p1nkstar","17500"
"2023-07-30T00:00:00.000","Might Be Magic","17500"
"2023-07-30T00:00:00.000","All Rhythms","50000"
"2023-07-30T00:00:00.000","Exploded Drawing","30000"
"2023-07-30T00:00:00.000","AUSTIN VISUAL ARTS ASSN","25000"
"2023-07-30T00:00:00.000","Socially Immersed","10000"
"2023-07-30T00:00:00.000","Made Media Group","50000"
"2023-07-30T00:00:00.000","The Levite Laboratory","25000"
"2023-07-30T00:00:00.000","Ballet East Dance Company/ Proyecto Teatro","17500"
"2023-07-30T00:00:00.000","Huapangos sin fronteras","17500"
"2023-07-30T00:00:00.000","ZM3 Live Productions","10000"
"2023-07-30T00:00:00.000","Black Makers Market","50000"
"2023-07-30T00:00:00.000","Las Ofrendas DBA Frida Friday ATX","25000"
"2023-07-30T00:00:00.000","Regine Malibiran","25000"
"2023-07-30T00:00:00.000","Austin Intercultural Network","50000"
"2023-07-30T00:00:00.000","Seina Sleeper","17500"
"2023-07-30T00:00:00.000","Casa Costura","17500"
"2023-07-30T00:00:00.000","American Short Fiction, Inc.","30000"
"2023-07-30T00:00:00.000","Clifford Antone Foundation","30000"
"2023-07-30T00:00:00.000","Austin Children's Museum DBA Thinkery","30000"
"2023-07-30T00:00:00.000","ARCOS Foundation for the Arts, Inc.","30000"
"2023-07-30T00:00:00.000","VACAT","30000"
"2023-07-30T00:00:00.000","Luis Ordaz Gutiérrez","25000"
"2023-07-30T00:00:00.000","In The Dew of Little Things","30000"
"2023-07-30T00:00:00.000","Fat Bottom Cabaret","10000"
"2023-07-30T00:00:00.000","Christina Cicchelli","10000"
"2023-07-30T00:00:00.000","THE PROJECTO","10000"
"2023-07-30T00:00:00.000","Epistrophy Arts","30000"
"2023-07-30T00:00:00.000","Deaf Film Festival","50000"
"2023-07-30T00:00:00.000","Eastside Kings Foundation","30000"
"2023-07-30T00:00:00.000","Fisterra Projects","30000"
"2023-07-30T00:00:00.000","Tammie Rubin Artist","17500"
"2023-07-30T00:00:00.000","Brown Boy Productions","25000"
"2023-07-30T00:00:00.000","Radiant Child Media","10000"
"2023-07-30T00:00:00.000","ATX Theatre","30000"
"2023-07-30T00:00:00.000","East Austin Creative Coalition/EACC","75000"
"2023-07-30T00:00:00.000","Itacate Cultural","10000"
"2023-09-30T00:00:00.000","Creative Collabrations","5000"
"2023-09-30T00:00:00.000","Fairygodmother Ninja Productions","5000"
"2023-09-30T00:00:00.000","Essentials Creative","5000"
"2023-09-30T00:00:00.000","Wiley Dance Design","5000"
"2023-09-30T00:00:00.000","Tuff Enuff: The Real Story of the Fabulous Thunderbirds","5000"
"2023-09-30T00:00:00.000","Pinoy Potluck ATX","5000"
"2023-09-30T00:00:00.000","James Tecuatl-Lee","5000"
"2023-09-30T00:00:00.000","Eduardo Martinez","5000"
"2023-09-30T00:00:00.000","Comal Theater Group","5000"
"2023-09-30T00:00:00.000","Legend Already Made","5000"
"2023-09-30T00:00:00.000","Hindu Students Association","5000"
"2023-09-30T00:00:00.000","Darcie Book","5000"
"2023-09-30T00:00:00.000","Flourish Sanctuary","5000"
"2023-09-30T00:00:00.000","Candy Kuo","5000"
"2023-09-30T00:00:00.000","ASCI","5000"
"2023-09-30T00:00:00.000","Shine City Makers","5000"
"2023-09-30T00:00:00.000","ArtUs Co","5000"
"2023-09-30T00:00:00.000","Sustainable Humane Earth","5000"
"2023-09-30T00:00:00.000","Miguel Angel Marroquin","5000"
"2023-09-30T00:00:00.000","N/A","5000"
"2023-09-30T00:00:00.000","Asian In Austin","5000"
"2023-09-30T00:00:00.000","Alexandra Robinson","5000"
"2023-09-30T00:00:00.000","Ruido/Noise","5000"
"2023-09-30T00:00:00.000","Sequence 8","5000"
"2023-09-30T00:00:00.000","Amy Produces LLC","5000"
"2023-09-30T00:00:00.000","Marcus McQuirter","5000"
"2023-09-30T00:00:00.000","Chantal Lesley","5000"
"2023-09-30T00:00:00.000","N/A","5000"
"2023-09-30T00:00:00.000","DJ Hierba Malita","5000"
"2023-09-30T00:00:00.000","Flores Market","5000"
"2023-09-30T00:00:00.000","Poetic Vows","5000"
"2023-09-30T00:00:00.000","Samuel Mayer","5000"
"2023-09-30T00:00:00.000","Historical African Martial Arts Association","5000"
"2023-09-30T00:00:00.000","Aboubacar Sylla","5000"
"2023-09-30T00:00:00.000","Connie Arismendi","5000"
"2023-09-30T00:00:00.000","The Artful Resistance","5000"
"2023-09-30T00:00:00.000","N/A - Individual","5000"
"2023-09-30T00:00:00.000","Gourisankar Karmakar","5000"
"2023-09-30T00:00:00.000","Austin Moonflower Performing Arts Group","5000"
"2023-09-30T00:00:00.000","Ricardo J. Rivera","5000"
"2023-09-30T00:00:00.000","Bloodbath Studio","5000"
"2023-09-30T00:00:00.000","Danza Ollinyollotl","5000"
"2023-09-30T00:00:00.000","Friends of the MACC (FMACC)","5000"
"2023-09-30T00:00:00.000","Coronado printstudio","5000"
"2023-09-30T00:00:00.000","Legends of the South Car Club","5000"
"2023-09-30T00:00:00.000","Heirs Who","5000"
"2023-09-30T00:00:00.000","Yunina Barbour-Payne","5000"
"2023-09-30T00:00:00.000","Jamie McKenzie","5000"
"2023-09-30T00:00:00.000","Ji Yoon Ahn","5000"
"2023-09-30T00:00:00.000","Ayuma Healing Arts","5000"
"2023-09-30T00:00:00.000","Experimental Response Cinema","5000"
"2023-09-30T00:00:00.000","The Museum of Human Achievement /Antumbrae Intermedia Events + Installations","5000"
