key,value,formatted,unit,source,note,module,macroname
census_also_presents_gigs,47.17636837532581,47.2%,percent of the denominator named in the note,01_evidence/08_venues_ecosystem/austin_music_census_2022_details_an3p-3yqx.csv,"Share of music creatives who also present or promote gigs, casually or professionally, of 1151 who answered. THIS IS NOT WORK OUTSIDE MUSIC: the Socrata dictionary names the variable CREATIVES Work Also as Gig Presenter and Data Appendix slide 47 confirms the reading. See census_no_outside_work_item. 2022 Greater Austin Music Census, self-selected online convenience sample fielded 15 Jul - 12 Sep 2022, 2,227 respondent records, NO SURVEY WEIGHTS. Every figure is a sample share, not a population estimate, and none is comparable with ACS, PUMS, OEWS or QCEW.",census,NCensusAlsoPresentsGigs
census_caveat_2014comparison,1,2014 comparisons are directional,flag,01_evidence/08_venues_ecosystem/austin_music_census_2022_details_an3p-3yqx.csv,"Where the 2014 census asked a comparable question, the comparison runs between two different self-selected samples eight years apart, with response falling from 3,968 to about 2,260 and 2022 outreach running through established community partners. The 2022 report itself calls these directional shifts, not estimates.",census,NCensusCaveatTwoZeroOneFourcomparison
census_caveat_nodollarincome,1,no dollar income variable,flag,01_evidence/08_venues_ecosystem/austin_music_census_2022_details_an3p-3yqx.csv,"The instrument contains no dollar-denominated income question of any kind - annual, monthly or per gig. The share-of-income scale used in section 3 is ordinal and within-music. The only dollar quantity collected from creatives is business spending, which is a cost.",census,NCensusCaveatNodollarincome
census_caveat_nofollowup,1,single 2022 snapshot,flag,01_evidence/08_venues_ecosystem/austin_music_census_2022_details_an3p-3yqx.csv,"One cross-section with no comparable follow-up. Austin appears in the Sound Music Cities 2023-24 cohort roster but published no later report, so nothing here can speak to change since 2022.",census,NCensusCaveatNofollowup
census_caveat_notacs,1,not comparable with ACS or PUMS,flag,01_evidence/08_venues_ecosystem/austin_music_census_2022_details_an3p-3yqx.csv,"Do not set these percentages beside the ACS, PUMS, OEWS or QCEW figures elsewhere in this report as though they measure the same population. The census population is self-defined participation in the Austin music ecosystem; the federal series measure occupation or industry in probability samples of households and establishments.",census,NCensusCaveatNotacs
census_caveat_noweights,1,no survey weights,flag,01_evidence/08_venues_ecosystem/austin_music_census_2022_details_an3p-3yqx.csv,"The release carries no design or post-stratification weights, so no statistic here is a population estimate, and no standard error or margin of error is computed anywhere in this module. Chi-squared tests and logits describe association among respondents; their p-values assume simple random sampling, which does not hold.",census,NCensusCaveatNoweights
census_caveat_rowcount,2227,"2,227 rows, not 2,260",flag,01_evidence/08_venues_ecosystem/austin_music_census_2022_details_an3p-3yqx.csv,"The published microdata file carries 2,227 respondent rows; the Summary Report and Data Appendix headline 2,260. The 33-row difference is undocumented in the release. All shares in this module use the 2,227-row file, so they can sit a few tenths of a point away from a published percentage even where the underlying counts agree.",census,NCensusCaveatRowcount
census_caveat_selfselected,1,self-selected convenience sample,flag,01_evidence/08_venues_ecosystem/austin_music_census_2022_details_an3p-3yqx.csv,"The 2022 Greater Austin Music Census recruited online through community partners between 15 July and 12 September 2022. It is not a probability sample of any population. Every percentage in this module is a share of the respondents who answered a given item, and nothing more.",census,NCensusCaveatSelfselected
census_caveat_slide41,1,published slide 41 mislabels four bars,flag,01_evidence/08_venues_ecosystem/austin_music_census_2022_details_an3p-3yqx.csv,"Two published sources disagree about which income source goes with which value. The microdata, the Socrata column dictionary for dataset an3p-3yqx and the five-segment distributions on Data Appendix slide 40 all agree that the 2022 shares reporting any income from a source are: local live 92.4, touring 75.3, recordings and royalties 70.7, studio work 57.8, merchandise 56.1, songwriting 51.0, teaching 41.0. Data Appendix slide 41 plots the same seven values but labels four of them differently, reading merchandise 71.0, recordings 58.0, teaching 56.0 and studio 41.0. This module follows the microdata and slide 40, which are two independent sources against slide 41 alone. Anyone quoting a 2014-to-2022 change in these shares should note that the 2014 bars appear only on slide 41 and cannot be checked against microdata.",census,NCensusCaveatSlideFourOne
census_closures_property_share,36.11111111111111,36.1%,percent of the denominator named in the note,01_evidence/08_venues_ecosystem/venue_timeline.csv,"Share of the 36 dated Austin venue closures in the 30_venues tracking panel attributed to a real-estate cause - sale of the property, a rent increase, lease expiration or redevelopment. It equals the pandemic share (13 closures) and it AGREES with the census ranking, in which presenters put property tax first. Regulatory causes account for only 2 closures, which also matches the mid-pack rank the census gives ordinances and permitting. The one item that does not line up is talent costs, ranked second by presenters but recorded as the cause of no closure at all - the receipts panel has no talent-cost field, so that is untested rather than contradicted. Both sources are small and neither is a probability sample.",census,NCensusClosuresPropertyShare
census_gig_guarantee_mean,54.27255985267035,54.3%,percent of the denominator named in the note,01_evidence/08_venues_ecosystem/austin_music_census_2022_details_an3p-3yqx.csv,"Mean self-reported percent of gigs paying a base guarantee rather than a door or bar percentage, 1086 creatives. Replicates the published 54 percent. The median is 50 percent and the distribution is close to bimodal at 0 and 100, so the mean describes no typical musician. No dollar amount was ever collected for a gig. 2022 Greater Austin Music Census, self-selected online convenience sample fielded 15 Jul - 12 Sep 2022, 2,227 respondent records, NO SURVEY WEIGHTS. Every figure is a sample share, not a population estimate, and none is comparable with ACS, PUMS, OEWS or QCEW.",census,NCensusGigGuaranteeMean
census_gigs_any,86.0036832412523,86.0%,percent of the denominator named in the note,01_evidence/08_venues_ecosystem/austin_music_census_2022_details_an3p-3yqx.csv,"Share reporting at least one paid local performance a month, of 1086 who answered. 2022 Greater Austin Music Census, self-selected online convenience sample fielded 15 Jul - 12 Sep 2022, 2,227 respondent records, NO SURVEY WEIGHTS. Every figure is a sample share, not a population estimate, and none is comparable with ACS, PUMS, OEWS or QCEW.",census,NCensusGigsAny
census_gigs_by_experience_chi2,19.963,"chi-squared(15) = 20.0, p = 0.173",Pearson chi-squared,01_evidence/08_venues_ecosystem/austin_music_census_2022_details_an3p-3yqx.csv,"Test of independence between the monthly paid-gig band and years of experience among music creatives. Not distinguishable: gig volume looks flat across career stage in this sample, which cuts against a story in which experience buys work. The p-value assumes simple random sampling, which a self-selected convenience sample is not, so read it as a descriptive discriminant among respondents. 2022 Greater Austin Music Census, self-selected online convenience sample fielded 15 Jul - 12 Sep 2022, 2,227 respondent records, NO SURVEY WEIGHTS. Every figure is a sample share, not a population estimate, and none is comparable with ACS, PUMS, OEWS or QCEW.",census,NCensusGigsByExperienceChiTwo
census_gigs_item_from_creatives,99.8158379373849,99.8%,percent of the denominator named in the note,01_evidence/08_venues_ecosystem/austin_music_census_2022_details_an3p-3yqx.csv,"Share of the gig-volume respondents whose primary sector is Music Creative. Because it is essentially 100 percent, a sector cross-tabulation of any creatives-block item carries no information and none is published here. Years of experience and business structure are the usable splits inside that block. 2022 Greater Austin Music Census, self-selected online convenience sample fielded 15 Jul - 12 Sep 2022, 2,227 respondent records, NO SURVEY WEIGHTS. Every figure is a sample share, not a population estimate, and none is comparable with ACS, PUMS, OEWS or QCEW.",census,NCensusGigsItemFromCreatives
census_gigs_over10,8.931860036832411,8.9%,percent of the denominator named in the note,01_evidence/08_venues_ecosystem/austin_music_census_2022_details_an3p-3yqx.csv,"Share reporting more than 10 paid local performances a month, of 1086 who answered. A working-musician week is four or more gigs; this is the share at something close to full-time performing. 2022 Greater Austin Music Census, self-selected online convenience sample fielded 15 Jul - 12 Sep 2022, 2,227 respondent records, NO SURVEY WEIGHTS. Every figure is a sample share, not a population estimate, and none is comparable with ACS, PUMS, OEWS or QCEW.",census,NCensusGigsOverOneZero
census_gigs_over3,34.8987108655617,34.9%,percent of the denominator named in the note,01_evidence/08_venues_ecosystem/austin_music_census_2022_details_an3p-3yqx.csv,"Share reporting more than 3 paid local performances a month - the 4-to-6, 7-to-10, 11-to-15 and 16-or-more bands - of 1086 who answered. Replicates the published 35 percent against 43 percent in 2014, again two different self-selected samples. 2022 Greater Austin Music Census, self-selected online convenience sample fielded 15 Jul - 12 Sep 2022, 2,227 respondent records, NO SURVEY WEIGHTS. Every figure is a sample share, not a population estimate, and none is comparable with ACS, PUMS, OEWS or QCEW.",census,NCensusGigsOverThree
census_gigs_over3_restored,37.85234899328859,37.9%,percent of the denominator named in the note,01_evidence/08_venues_ecosystem/austin_music_census_2022_details_an3p-3yqx.csv,"Share reporting more than 3 paid local performances a month among the 745 creatives who also said their music work has returned to pre-pandemic levels. The published pandemic-adjusted comparison figure is 38 percent. 2022 Greater Austin Music Census, self-selected online convenience sample fielded 15 Jul - 12 Sep 2022, 2,227 respondent records, NO SURVEY WEIGHTS. Every figure is a sample share, not a population estimate, and none is comparable with ACS, PUMS, OEWS or QCEW.",census,NCensusGigsOverThreeRestored
census_gigs_zero,13.9963167587477,14.0%,percent of the denominator named in the note,01_evidence/08_venues_ecosystem/austin_music_census_2022_details_an3p-3yqx.csv,"Share of music creatives reporting zero paid local performances a month, of 1086 who answered. Replicates the published 14 percent (Data Appendix p.42) against 7.6 percent in the 2014 census - but that is a comparison of two different self-selected samples eight years apart, not a measured change. 2022 Greater Austin Music Census, self-selected online convenience sample fielded 15 Jul - 12 Sep 2022, 2,227 respondent records, NO SURVEY WEIGHTS. Every figure is a sample share, not a population estimate, and none is comparable with ACS, PUMS, OEWS or QCEW.",census,NCensusGigsZero
census_incshare_allmost_live_performance_local,50.75960679177837,50.8%,percent of the denominator named in the note,01_evidence/08_venues_ecosystem/austin_music_census_2022_details_an3p-3yqx.csv,"Share of music creatives saying ALL or MOST of their music income comes from Live performance, local. Denominator 1119 creatives who answered this item. Within-music share only: the instrument never asked what fraction of TOTAL income comes from music, so this cannot be read as a share of a livelihood. 2022 Greater Austin Music Census, self-selected online convenience sample fielded 15 Jul - 12 Sep 2022, 2,227 respondent records, NO SURVEY WEIGHTS. Every figure is a sample share, not a population estimate, and none is comparable with ACS, PUMS, OEWS or QCEW.",census,NCensusIncshareAllmostLivePerformanceLocal
census_incshare_allmost_live_performance_touring,12.0253164556962,12.0%,percent of the denominator named in the note,01_evidence/08_venues_ecosystem/austin_music_census_2022_details_an3p-3yqx.csv,"Share of music creatives saying ALL or MOST of their music income comes from Live performance, touring. Denominator 948 creatives who answered this item. Within-music share only: the instrument never asked what fraction of TOTAL income comes from music, so this cannot be read as a share of a livelihood. 2022 Greater Austin Music Census, self-selected online convenience sample fielded 15 Jul - 12 Sep 2022, 2,227 respondent records, NO SURVEY WEIGHTS. Every figure is a sample share, not a population estimate, and none is comparable with ACS, PUMS, OEWS or QCEW.",census,NCensusIncshareAllmostLivePerformanceTouring
census_incshare_allmost_merchandise,3.933253873659118,3.9%,percent of the denominator named in the note,01_evidence/08_venues_ecosystem/austin_music_census_2022_details_an3p-3yqx.csv,"Share of music creatives saying ALL or MOST of their music income comes from Merchandise. Denominator 839 creatives who answered this item. Within-music share only: the instrument never asked what fraction of TOTAL income comes from music, so this cannot be read as a share of a livelihood. 2022 Greater Austin Music Census, self-selected online convenience sample fielded 15 Jul - 12 Sep 2022, 2,227 respondent records, NO SURVEY WEIGHTS. Every figure is a sample share, not a population estimate, and none is comparable with ACS, PUMS, OEWS or QCEW.",census,NCensusIncshareAllmostMerchandise
census_incshare_allmost_recordings_and_royalties,5.603448275862069,5.6%,percent of the denominator named in the note,01_evidence/08_venues_ecosystem/austin_music_census_2022_details_an3p-3yqx.csv,"Share of music creatives saying ALL or MOST of their music income comes from Recordings and royalties. Denominator 928 creatives who answered this item. Within-music share only: the instrument never asked what fraction of TOTAL income comes from music, so this cannot be read as a share of a livelihood. 2022 Greater Austin Music Census, self-selected online convenience sample fielded 15 Jul - 12 Sep 2022, 2,227 respondent records, NO SURVEY WEIGHTS. Every figure is a sample share, not a population estimate, and none is comparable with ACS, PUMS, OEWS or QCEW.",census,NCensusIncshareAllmostRecordingsAndRoyalties
census_incshare_allmost_songwriting_and_mechanicals,3.841676367869616,3.8%,percent of the denominator named in the note,01_evidence/08_venues_ecosystem/austin_music_census_2022_details_an3p-3yqx.csv,"Share of music creatives saying ALL or MOST of their music income comes from Songwriting and mechanicals. Denominator 859 creatives who answered this item. Within-music share only: the instrument never asked what fraction of TOTAL income comes from music, so this cannot be read as a share of a livelihood. 2022 Greater Austin Music Census, self-selected online convenience sample fielded 15 Jul - 12 Sep 2022, 2,227 respondent records, NO SURVEY WEIGHTS. Every figure is a sample share, not a population estimate, and none is comparable with ACS, PUMS, OEWS or QCEW.",census,NCensusIncshareAllmostSongwritingAndMechanicals
census_incshare_allmost_studio_and_session_work,7.857911733046286,7.9%,percent of the denominator named in the note,01_evidence/08_venues_ecosystem/austin_music_census_2022_details_an3p-3yqx.csv,"Share of music creatives saying ALL or MOST of their music income comes from Studio and session work. Denominator 929 creatives who answered this item. Within-music share only: the instrument never asked what fraction of TOTAL income comes from music, so this cannot be read as a share of a livelihood. 2022 Greater Austin Music Census, self-selected online convenience sample fielded 15 Jul - 12 Sep 2022, 2,227 respondent records, NO SURVEY WEIGHTS. Every figure is a sample share, not a population estimate, and none is comparable with ACS, PUMS, OEWS or QCEW.",census,NCensusIncshareAllmostStudioAndSessionWork
census_incshare_allmost_teaching,13.62126245847176,13.6%,percent of the denominator named in the note,01_evidence/08_venues_ecosystem/austin_music_census_2022_details_an3p-3yqx.csv,"Share of music creatives saying ALL or MOST of their music income comes from Teaching. Denominator 903 creatives who answered this item. Within-music share only: the instrument never asked what fraction of TOTAL income comes from music, so this cannot be read as a share of a livelihood. 2022 Greater Austin Music Census, self-selected online convenience sample fielded 15 Jul - 12 Sep 2022, 2,227 respondent records, NO SURVEY WEIGHTS. Every figure is a sample share, not a population estimate, and none is comparable with ACS, PUMS, OEWS or QCEW.",census,NCensusIncshareAllmostTeaching
census_incshare_any_live_performance_local,92.40393208221627,92.4%,percent of the denominator named in the note,01_evidence/08_venues_ecosystem/austin_music_census_2022_details_an3p-3yqx.csv,"Share of music creatives reporting any income at all from Live performance, local - all, most, some or very little, excluding none. Denominator 1119. Source labels follow the Socrata column dictionary for dataset an3p-3yqx and the five-segment distributions on Data Appendix slide 40, which agree with each other and with the microdata; see census_caveat_slide41 before quoting the same value from slide 41. 2022 Greater Austin Music Census, self-selected online convenience sample fielded 15 Jul - 12 Sep 2022, 2,227 respondent records, NO SURVEY WEIGHTS. Every figure is a sample share, not a population estimate, and none is comparable with ACS, PUMS, OEWS or QCEW.",census,NCensusIncshareAnyLivePerformanceLocal
census_incshare_any_live_performance_touring,75.31645569620252,75.3%,percent of the denominator named in the note,01_evidence/08_venues_ecosystem/austin_music_census_2022_details_an3p-3yqx.csv,"Share of music creatives reporting any income at all from Live performance, touring - all, most, some or very little, excluding none. Denominator 948. Source labels follow the Socrata column dictionary for dataset an3p-3yqx and the five-segment distributions on Data Appendix slide 40, which agree with each other and with the microdata; see census_caveat_slide41 before quoting the same value from slide 41. 2022 Greater Austin Music Census, self-selected online convenience sample fielded 15 Jul - 12 Sep 2022, 2,227 respondent records, NO SURVEY WEIGHTS. Every figure is a sample share, not a population estimate, and none is comparable with ACS, PUMS, OEWS or QCEW.",census,NCensusIncshareAnyLivePerformanceTouring
census_incshare_any_merchandise,56.13825983313469,56.1%,percent of the denominator named in the note,01_evidence/08_venues_ecosystem/austin_music_census_2022_details_an3p-3yqx.csv,"Share of music creatives reporting any income at all from Merchandise - all, most, some or very little, excluding none. Denominator 839. Source labels follow the Socrata column dictionary for dataset an3p-3yqx and the five-segment distributions on Data Appendix slide 40, which agree with each other and with the microdata; see census_caveat_slide41 before quoting the same value from slide 41. 2022 Greater Austin Music Census, self-selected online convenience sample fielded 15 Jul - 12 Sep 2022, 2,227 respondent records, NO SURVEY WEIGHTS. Every figure is a sample share, not a population estimate, and none is comparable with ACS, PUMS, OEWS or QCEW.",census,NCensusIncshareAnyMerchandise
census_incshare_any_recordings_and_royalties,70.68965517241379,70.7%,percent of the denominator named in the note,01_evidence/08_venues_ecosystem/austin_music_census_2022_details_an3p-3yqx.csv,"Share of music creatives reporting any income at all from Recordings and royalties - all, most, some or very little, excluding none. Denominator 928. Source labels follow the Socrata column dictionary for dataset an3p-3yqx and the five-segment distributions on Data Appendix slide 40, which agree with each other and with the microdata; see census_caveat_slide41 before quoting the same value from slide 41. 2022 Greater Austin Music Census, self-selected online convenience sample fielded 15 Jul - 12 Sep 2022, 2,227 respondent records, NO SURVEY WEIGHTS. Every figure is a sample share, not a population estimate, and none is comparable with ACS, PUMS, OEWS or QCEW.",census,NCensusIncshareAnyRecordingsAndRoyalties
census_incshare_any_songwriting_and_mechanicals,50.9895227008149,51.0%,percent of the denominator named in the note,01_evidence/08_venues_ecosystem/austin_music_census_2022_details_an3p-3yqx.csv,"Share of music creatives reporting any income at all from Songwriting and mechanicals - all, most, some or very little, excluding none. Denominator 859. Source labels follow the Socrata column dictionary for dataset an3p-3yqx and the five-segment distributions on Data Appendix slide 40, which agree with each other and with the microdata; see census_caveat_slide41 before quoting the same value from slide 41. 2022 Greater Austin Music Census, self-selected online convenience sample fielded 15 Jul - 12 Sep 2022, 2,227 respondent records, NO SURVEY WEIGHTS. Every figure is a sample share, not a population estimate, and none is comparable with ACS, PUMS, OEWS or QCEW.",census,NCensusIncshareAnySongwritingAndMechanicals
census_incshare_any_studio_and_session_work,57.80409041980626,57.8%,percent of the denominator named in the note,01_evidence/08_venues_ecosystem/austin_music_census_2022_details_an3p-3yqx.csv,"Share of music creatives reporting any income at all from Studio and session work - all, most, some or very little, excluding none. Denominator 929. Source labels follow the Socrata column dictionary for dataset an3p-3yqx and the five-segment distributions on Data Appendix slide 40, which agree with each other and with the microdata; see census_caveat_slide41 before quoting the same value from slide 41. 2022 Greater Austin Music Census, self-selected online convenience sample fielded 15 Jul - 12 Sep 2022, 2,227 respondent records, NO SURVEY WEIGHTS. Every figure is a sample share, not a population estimate, and none is comparable with ACS, PUMS, OEWS or QCEW.",census,NCensusIncshareAnyStudioAndSessionWork
census_incshare_any_teaching,40.97452934662237,41.0%,percent of the denominator named in the note,01_evidence/08_venues_ecosystem/austin_music_census_2022_details_an3p-3yqx.csv,"Share of music creatives reporting any income at all from Teaching - all, most, some or very little, excluding none. Denominator 903. Source labels follow the Socrata column dictionary for dataset an3p-3yqx and the five-segment distributions on Data Appendix slide 40, which agree with each other and with the microdata; see census_caveat_slide41 before quoting the same value from slide 41. 2022 Greater Austin Music Census, self-selected online convenience sample fielded 15 Jul - 12 Sep 2022, 2,227 respondent records, NO SURVEY WEIGHTS. Every figure is a sample share, not a population estimate, and none is comparable with ACS, PUMS, OEWS or QCEW.",census,NCensusIncshareAnyTeaching
census_intend_continue_definitely,74.73684210526315,74.7%,percent of the denominator named in the note,01_evidence/08_venues_ecosystem/austin_music_census_2022_details_an3p-3yqx.csv,"Share answering DEFINITELY yes to continuing music work, 1900 respondents. The published 89 percent folds in maybe yes; this is the firm part of it. 2022 Greater Austin Music Census, self-selected online convenience sample fielded 15 Jul - 12 Sep 2022, 2,227 respondent records, NO SURVEY WEIGHTS. Every figure is a sample share, not a population estimate, and none is comparable with ACS, PUMS, OEWS or QCEW.",census,NCensusIntendContinueDefinitely
census_intend_continue_music,88.78947368421053,88.8%,percent of the denominator named in the note,01_evidence/08_venues_ecosystem/austin_music_census_2022_details_an3p-3yqx.csv,"Share intending to continue their music work over the next three years - definitely yes plus maybe yes - 1900 respondents. Verifies the published 89 percent (Summary Report printed p.7). KUT reported 84 percent; use 89 and cite the report, not the coverage. 2022 Greater Austin Music Census, self-selected online convenience sample fielded 15 Jul - 12 Sep 2022, 2,227 respondent records, NO SURVEY WEIGHTS. Every figure is a sample share, not a population estimate, and none is comparable with ACS, PUMS, OEWS or QCEW.",census,NCensusIntendContinueMusic
census_intend_stay_austin,64.10526315789473,64.1%,percent of the denominator named in the note,01_evidence/08_venues_ecosystem/austin_music_census_2022_details_an3p-3yqx.csv,"Share intending to still live in greater Austin in three years - definitely yes plus maybe yes - 1900 respondents. Verifies the published 64 percent (Summary Report printed p.7). The 36 percent complement is mostly uncertainty rather than a stated intention to leave: unsure 25.6 points, maybe no 6.7, definitely no 3.6. Say so whenever the 36 percent is quoted. 2022 Greater Austin Music Census, self-selected online convenience sample fielded 15 Jul - 12 Sep 2022, 2,227 respondent records, NO SURVEY WEIGHTS. Every figure is a sample share, not a population estimate, and none is comparable with ACS, PUMS, OEWS or QCEW.",census,NCensusIntendStayAustin
census_intend_stay_definitely,44.15789473684211,44.2%,percent of the denominator named in the note,01_evidence/08_venues_ecosystem/austin_music_census_2022_details_an3p-3yqx.csv,"Share answering DEFINITELY yes to still living in greater Austin in three years, 1900 respondents. Below half. 2022 Greater Austin Music Census, self-selected online convenience sample fielded 15 Jul - 12 Sep 2022, 2,227 respondent records, NO SURVEY WEIGHTS. Every figure is a sample share, not a population estimate, and none is comparable with ACS, PUMS, OEWS or QCEW.",census,NCensusIntendStayDefinitely
census_logit_n,1607,"1,607",respondents,01_evidence/08_venues_ecosystem/austin_music_census_2022_details_an3p-3yqx.csv,"Estimation sample for the retention logit that includes housing tenure and insurance. It is smaller than the 1,900 who answered the retention item, because tenure and insurance are themselves unevenly answered. 2022 Greater Austin Music Census, self-selected online convenience sample fielded 15 Jul - 12 Sep 2022, 2,227 respondent records, NO SURVEY WEIGHTS. Every figure is a sample share, not a population estimate, and none is comparable with ACS, PUMS, OEWS or QCEW.",census,NCensusLogitN
census_logit_renter_or,0.3880,0.39,odds ratio,01_evidence/08_venues_ecosystem/austin_music_census_2022_details_an3p-3yqx.csv,"Odds ratio on renting, relative to owning, in a logit of intending to stay in greater Austin on primary sector, years of experience, housing tenure and health insurance. 1607 respondents, p = 0.0000. Association only: tenure is not randomly assigned, and income, age and family stage all move with it. None of those can be controlled for, because the census collected no income variable and age is missing for 28 percent of respondents. 2022 Greater Austin Music Census, self-selected online convenience sample fielded 15 Jul - 12 Sep 2022, 2,227 respondent records, NO SURVEY WEIGHTS. Every figure is a sample share, not a population estimate, and none is comparable with ACS, PUMS, OEWS or QCEW.",census,NCensusLogitRenterOr
census_miles_mean,10.6228,10.6 miles,miles,01_evidence/08_venues_ecosystem/austin_music_census_2022_details_an3p-3yqx.csv,"Mean self-reported distance from downtown Austin, 2150 respondents who answered. Matches the published 10.6-mile average. 2022 Greater Austin Music Census, self-selected online convenience sample fielded 15 Jul - 12 Sep 2022, 2,227 respondent records, NO SURVEY WEIGHTS. Every figure is a sample share, not a population estimate, and none is comparable with ACS, PUMS, OEWS or QCEW.",census,NCensusMilesMean
census_miles_median,8.0000,8 miles,miles,01_evidence/08_venues_ecosystem/austin_music_census_2022_details_an3p-3yqx.csv,"Median self-reported distance from downtown Austin, 2150 respondents. Matches the published 8-mile median. 2022 Greater Austin Music Census, self-selected online convenience sample fielded 15 Jul - 12 Sep 2022, 2,227 respondent records, NO SURVEY WEIGHTS. Every figure is a sample share, not a population estimate, and none is comparable with ACS, PUMS, OEWS or QCEW.",census,NCensusMilesMedian
census_n_city_item,2149,"2,149",respondents,01_evidence/08_venues_ecosystem/austin_music_census_2022_details_an3p-3yqx.csv,"Respondents who answered the City of Austin residency item. 2022 Greater Austin Music Census, self-selected online convenience sample fielded 15 Jul - 12 Sep 2022, 2,227 respondent records, NO SURVEY WEIGHTS. Every figure is a sample share, not a population estimate, and none is comparable with ACS, PUMS, OEWS or QCEW.",census,NCensusNCityItem
census_n_gigs_item,1086,"1,086",respondents,01_evidence/08_venues_ecosystem/austin_music_census_2022_details_an3p-3yqx.csv,"Music creatives who answered the paid-local-performances-per-month item. 2022 Greater Austin Music Census, self-selected online convenience sample fielded 15 Jul - 12 Sep 2022, 2,227 respondent records, NO SURVEY WEIGHTS. Every figure is a sample share, not a population estimate, and none is comparable with ACS, PUMS, OEWS or QCEW.",census,NCensusNGigsItem
census_n_independent_promoters,43,43,respondents,01_evidence/08_venues_ecosystem/austin_music_census_2022_details_an3p-3yqx.csv,"Presenters identifying as independent promoters rather than room operators. Below the 50-record floor, so no statistic is published for this group alone and the Data Appendix operator-versus-promoter split (slides 56 and 57) is not reproduced. 2022 Greater Austin Music Census, self-selected online convenience sample fielded 15 Jul - 12 Sep 2022, 2,227 respondent records, NO SURVEY WEIGHTS. Every figure is a sample share, not a population estimate, and none is comparable with ACS, PUMS, OEWS or QCEW.",census,NCensusNIndependentPromoters
census_n_presenters_ranking,177,177,respondents,01_evidence/08_venues_ecosystem/austin_music_census_2022_details_an3p-3yqx.csv,"Respondents who completed the nine-item ranking of business pressures. Above the 50-record floor in aggregate, so it is published, but it is 8 percent of the survey and the thinnest block in this module. Only 77 of the 108 respondents whose PRIMARY sector is venue or presenter answered it; the other 100 are creatives and industry professionals who also present gigs, so this is a presenter-activity population, not a venue census. 2022 Greater Austin Music Census, self-selected online convenience sample fielded 15 Jul - 12 Sep 2022, 2,227 respondent records, NO SURVEY WEIGHTS. Every figure is a sample share, not a population estimate, and none is comparable with ACS, PUMS, OEWS or QCEW.",census,NCensusNPresentersRanking
census_n_respondents,2227,"2,227",respondents,01_evidence/08_venues_ecosystem/austin_music_census_2022_details_an3p-3yqx.csv,"Respondent records in the published microdata file. The Summary Report headline count is 2,260; the microdata release carries 2,227 rows, 33 fewer, and the release documents no reason. All shares in this module use the 2,227-row file. 2022 Greater Austin Music Census, self-selected online convenience sample fielded 15 Jul - 12 Sep 2022, 2,227 respondent records, NO SURVEY WEIGHTS. Every figure is a sample share, not a population estimate, and none is comparable with ACS, PUMS, OEWS or QCEW.",census,NCensusNRespondents
census_n_sector_creative,1462,"1,462",respondents,01_evidence/08_venues_ecosystem/austin_music_census_2022_details_an3p-3yqx.csv,"Respondents whose primary music ecosystem sector is Music Creative. The sector item itself was answered by 2128 of 2227. 2022 Greater Austin Music Census, self-selected online convenience sample fielded 15 Jul - 12 Sep 2022, 2,227 respondent records, NO SURVEY WEIGHTS. Every figure is a sample share, not a population estimate, and none is comparable with ACS, PUMS, OEWS or QCEW.",census,NCensusNSectorCreative
census_n_sector_exited,69,69,respondents,01_evidence/08_venues_ecosystem/austin_music_census_2022_details_an3p-3yqx.csv,"Selected None of these - Exit the Census, which terminated the questionnaire. They remain in the 2,227-row file and in any all-respondent denominator, but answer almost nothing else, so they are excluded from the sector breakouts. 2022 Greater Austin Music Census, self-selected online convenience sample fielded 15 Jul - 12 Sep 2022, 2,227 respondent records, NO SURVEY WEIGHTS. Every figure is a sample share, not a population estimate, and none is comparable with ACS, PUMS, OEWS or QCEW.",census,NCensusNSectorExited
census_n_sector_industry,489,489,respondents,01_evidence/08_venues_ecosystem/austin_music_census_2022_details_an3p-3yqx.csv,"Primary sector Music Industry, of 2128 who answered the sector item. 2022 Greater Austin Music Census, self-selected online convenience sample fielded 15 Jul - 12 Sep 2022, 2,227 respondent records, NO SURVEY WEIGHTS. Every figure is a sample share, not a population estimate, and none is comparable with ACS, PUMS, OEWS or QCEW.",census,NCensusNSectorIndustry
census_n_sector_presenter,108,108,respondents,01_evidence/08_venues_ecosystem/austin_music_census_2022_details_an3p-3yqx.csv,"Primary sector Music Venue or Presenter, of 2128 who answered the sector item. This is the smallest of the three role groups and it caps everything the venue section can say. 2022 Greater Austin Music Census, self-selected online convenience sample fielded 15 Jul - 12 Sep 2022, 2,227 respondent records, NO SURVEY WEIGHTS. Every figure is a sample share, not a population estimate, and none is comparable with ACS, PUMS, OEWS or QCEW.",census,NCensusNSectorPresenter
census_n_venue_operators,131,131,respondents,01_evidence/08_venues_ecosystem/austin_music_census_2022_details_an3p-3yqx.csv,"Presenters reporting a numeric legal capacity band, that is, operators of a physical room. 2022 Greater Austin Music Census, self-selected online convenience sample fielded 15 Jul - 12 Sep 2022, 2,227 respondent records, NO SURVEY WEIGHTS. Every figure is a sample share, not a population estimate, and none is comparable with ACS, PUMS, OEWS or QCEW.",census,NCensusNVenueOperators
census_no_outside_work_item,0,not in the microdata,flag,01_evidence/08_venues_ecosystem/austin_music_census_2022_details_an3p-3yqx.csv,"The census DID ask about work outside music - Data Appendix slide 15 reports 38 percent in a non-creative industry, 24 percent in another creative industry, 32 percent with no outside work and 22 percent calling the outside job primary. None of the 107 columns in the public microdata carries that item, so it cannot be reproduced, cross-tabulated or tested here. Quote it from the appendix with the appendix denominator, or not at all.",census,NCensusNoOutsideWorkItem
census_pct_city_of_austin,72.91763610981852,72.9%,percent of the denominator named in the note,01_evidence/08_venues_ecosystem/austin_music_census_2022_details_an3p-3yqx.csv,"Share who are City of Austin residents: 1567 of the 2149 who answered the item. On the full 2,227-row denominator it is 70.4 percent, because 78 respondents skipped the item. Quote the denominator with the share. 2022 Greater Austin Music Census, self-selected online convenience sample fielded 15 Jul - 12 Sep 2022, 2,227 respondent records, NO SURVEY WEIGHTS. Every figure is a sample share, not a population estimate, and none is comparable with ACS, PUMS, OEWS or QCEW.",census,NCensusPctCityOfAustin
census_pct_travis,80.15267175572519,80.2%,percent of the denominator named in the note,01_evidence/08_venues_ecosystem/austin_music_census_2022_details_an3p-3yqx.csv,"Share living in Travis County: 1785 of 2227. County is the only item with complete response, which suggests it gated entry to the survey. The rest of the five-county field: Williamson 220, Hays 142, Bastrop 50, Caldwell 30. 2022 Greater Austin Music Census, self-selected online convenience sample fielded 15 Jul - 12 Sep 2022, 2,227 respondent records, NO SURVEY WEIGHTS. Every figure is a sample share, not a population estimate, and none is comparable with ACS, PUMS, OEWS or QCEW.",census,NCensusPctTravis
census_presents_by_experience_chi2,0.709,"chi-squared(3) = 0.7, p = 0.871",Pearson chi-squared,01_evidence/08_venues_ecosystem/austin_music_census_2022_details_an3p-3yqx.csv,"Test of independence between also presenting or promoting gigs and years of experience. Not distinguishable. Association only; the p-value assumes a random sample. 2022 Greater Austin Music Census, self-selected online convenience sample fielded 15 Jul - 12 Sep 2022, 2,227 respondent records, NO SURVEY WEIGHTS. Every figure is a sample share, not a population estimate, and none is comparable with ACS, PUMS, OEWS or QCEW.",census,NCensusPresentsByExperienceChiTwo
census_presents_by_gigs_chi2,15.092,"chi-squared(5) = 15.1, p = 0.010",Pearson chi-squared,01_evidence/08_venues_ecosystem/austin_music_census_2022_details_an3p-3yqx.csv,"Test of independence between also presenting or promoting gigs and the monthly paid-gig band. Creatives who play more also promote more. Association, not causation, and the p-value assumes a random sample. 2022 Greater Austin Music Census, self-selected online convenience sample fielded 15 Jul - 12 Sep 2022, 2,227 respondent records, NO SURVEY WEIGHTS. Every figure is a sample share, not a population estimate, and none is comparable with ACS, PUMS, OEWS or QCEW.",census,NCensusPresentsByGigsChiTwo
census_pressure_first_building_operations_and_upkeep,7.909604519774012,7.9%,percent of the denominator named in the note,01_evidence/08_venues_ecosystem/austin_music_census_2022_details_an3p-3yqx.csv,"Share of the 177 responding presenters who ranked Building operations and upkeep their single greatest business pressure. The nine first-place shares sum to 100 percent. 2022 Greater Austin Music Census, self-selected online convenience sample fielded 15 Jul - 12 Sep 2022, 2,227 respondent records, NO SURVEY WEIGHTS. Every figure is a sample share, not a population estimate, and none is comparable with ACS, PUMS, OEWS or QCEW.",census,NCensusPressureFirstBuildingOperationsAndUpkeep
census_pressure_first_changing_audience_behavior,10.73446327683616,10.7%,percent of the denominator named in the note,01_evidence/08_venues_ecosystem/austin_music_census_2022_details_an3p-3yqx.csv,"Share of the 177 responding presenters who ranked Changing audience behavior their single greatest business pressure. The nine first-place shares sum to 100 percent. 2022 Greater Austin Music Census, self-selected online convenience sample fielded 15 Jul - 12 Sep 2022, 2,227 respondent records, NO SURVEY WEIGHTS. Every figure is a sample share, not a population estimate, and none is comparable with ACS, PUMS, OEWS or QCEW.",census,NCensusPressureFirstChangingAudienceBehavior
census_pressure_first_labor_cost_and_retention,11.29943502824859,11.3%,percent of the denominator named in the note,01_evidence/08_venues_ecosystem/austin_music_census_2022_details_an3p-3yqx.csv,"Share of the 177 responding presenters who ranked Labor cost and retention their single greatest business pressure. The nine first-place shares sum to 100 percent. 2022 Greater Austin Music Census, self-selected online convenience sample fielded 15 Jul - 12 Sep 2022, 2,227 respondent records, NO SURVEY WEIGHTS. Every figure is a sample share, not a population estimate, and none is comparable with ACS, PUMS, OEWS or QCEW.",census,NCensusPressureFirstLaborCostAndRetention
census_pressure_first_marketing,3.954802259887006,4.0%,percent of the denominator named in the note,01_evidence/08_venues_ecosystem/austin_music_census_2022_details_an3p-3yqx.csv,"Share of the 177 responding presenters who ranked Marketing their single greatest business pressure. The nine first-place shares sum to 100 percent. 2022 Greater Austin Music Census, self-selected online convenience sample fielded 15 Jul - 12 Sep 2022, 2,227 respondent records, NO SURVEY WEIGHTS. Every figure is a sample share, not a population estimate, and none is comparable with ACS, PUMS, OEWS or QCEW.",census,NCensusPressureFirstMarketing
census_pressure_first_neighborhood_redevelopment,8.474576271186439,8.5%,percent of the denominator named in the note,01_evidence/08_venues_ecosystem/austin_music_census_2022_details_an3p-3yqx.csv,"Share of the 177 responding presenters who ranked Neighborhood redevelopment their single greatest business pressure. The nine first-place shares sum to 100 percent. 2022 Greater Austin Music Census, self-selected online convenience sample fielded 15 Jul - 12 Sep 2022, 2,227 respondent records, NO SURVEY WEIGHTS. Every figure is a sample share, not a population estimate, and none is comparable with ACS, PUMS, OEWS or QCEW.",census,NCensusPressureFirstNeighborhoodRedevelopment
census_pressure_first_ordinances_and_permitting,12.42937853107345,12.4%,percent of the denominator named in the note,01_evidence/08_venues_ecosystem/austin_music_census_2022_details_an3p-3yqx.csv,"Share of the 177 responding presenters who ranked Ordinances and permitting their single greatest business pressure. The nine first-place shares sum to 100 percent. 2022 Greater Austin Music Census, self-selected online convenience sample fielded 15 Jul - 12 Sep 2022, 2,227 respondent records, NO SURVEY WEIGHTS. Every figure is a sample share, not a population estimate, and none is comparable with ACS, PUMS, OEWS or QCEW.",census,NCensusPressureFirstOrdinancesAndPermitting
census_pressure_first_property_tax,20.33898305084746,20.3%,percent of the denominator named in the note,01_evidence/08_venues_ecosystem/austin_music_census_2022_details_an3p-3yqx.csv,"Share of the 177 responding presenters who ranked Property tax their single greatest business pressure. The nine first-place shares sum to 100 percent. 2022 Greater Austin Music Census, self-selected online convenience sample fielded 15 Jul - 12 Sep 2022, 2,227 respondent records, NO SURVEY WEIGHTS. Every figure is a sample share, not a population estimate, and none is comparable with ACS, PUMS, OEWS or QCEW.",census,NCensusPressureFirstPropertyTax
census_pressure_first_talent_costs,13.5593220338983,13.6%,percent of the denominator named in the note,01_evidence/08_venues_ecosystem/austin_music_census_2022_details_an3p-3yqx.csv,"Share of the 177 responding presenters who ranked Talent costs their single greatest business pressure. The nine first-place shares sum to 100 percent. 2022 Greater Austin Music Census, self-selected online convenience sample fielded 15 Jul - 12 Sep 2022, 2,227 respondent records, NO SURVEY WEIGHTS. Every figure is a sample share, not a population estimate, and none is comparable with ACS, PUMS, OEWS or QCEW.",census,NCensusPressureFirstTalentCosts
census_pressure_first_unpredictable_operating_costs,11.29943502824859,11.3%,percent of the denominator named in the note,01_evidence/08_venues_ecosystem/austin_music_census_2022_details_an3p-3yqx.csv,"Share of the 177 responding presenters who ranked Unpredictable operating costs their single greatest business pressure. The nine first-place shares sum to 100 percent. 2022 Greater Austin Music Census, self-selected online convenience sample fielded 15 Jul - 12 Sep 2022, 2,227 respondent records, NO SURVEY WEIGHTS. Every figure is a sample share, not a population estimate, and none is comparable with ACS, PUMS, OEWS or QCEW.",census,NCensusPressureFirstUnpredictableOperatingCosts
census_pressure_top3_building_operations_and_upkeep,31.63841807909605,31.6%,percent of the denominator named in the note,01_evidence/08_venues_ecosystem/austin_music_census_2022_details_an3p-3yqx.csv,"Share of the 177 responding presenters who ranked Building operations and upkeep among their three greatest business pressures. Nine items, each respondent ranked all nine, so the nine top-three shares sum to about 300 percent. Venue operators and independent promoters are pooled because the promoter cell is 42 records. 2022 Greater Austin Music Census, self-selected online convenience sample fielded 15 Jul - 12 Sep 2022, 2,227 respondent records, NO SURVEY WEIGHTS. Every figure is a sample share, not a population estimate, and none is comparable with ACS, PUMS, OEWS or QCEW.",census,NCensusPressureTopThreeBuildingOperationsAndUpkeep
census_pressure_top3_changing_audience_behavior,31.63841807909605,31.6%,percent of the denominator named in the note,01_evidence/08_venues_ecosystem/austin_music_census_2022_details_an3p-3yqx.csv,"Share of the 177 responding presenters who ranked Changing audience behavior among their three greatest business pressures. Nine items, each respondent ranked all nine, so the nine top-three shares sum to about 300 percent. Venue operators and independent promoters are pooled because the promoter cell is 42 records. 2022 Greater Austin Music Census, self-selected online convenience sample fielded 15 Jul - 12 Sep 2022, 2,227 respondent records, NO SURVEY WEIGHTS. Every figure is a sample share, not a population estimate, and none is comparable with ACS, PUMS, OEWS or QCEW.",census,NCensusPressureTopThreeChangingAudienceBehavior
census_pressure_top3_labor_cost_and_retention,35.59322033898305,35.6%,percent of the denominator named in the note,01_evidence/08_venues_ecosystem/austin_music_census_2022_details_an3p-3yqx.csv,"Share of the 177 responding presenters who ranked Labor cost and retention among their three greatest business pressures. Nine items, each respondent ranked all nine, so the nine top-three shares sum to about 300 percent. Venue operators and independent promoters are pooled because the promoter cell is 42 records. 2022 Greater Austin Music Census, self-selected online convenience sample fielded 15 Jul - 12 Sep 2022, 2,227 respondent records, NO SURVEY WEIGHTS. Every figure is a sample share, not a population estimate, and none is comparable with ACS, PUMS, OEWS or QCEW.",census,NCensusPressureTopThreeLaborCostAndRetention
census_pressure_top3_marketing,19.2090395480226,19.2%,percent of the denominator named in the note,01_evidence/08_venues_ecosystem/austin_music_census_2022_details_an3p-3yqx.csv,"Share of the 177 responding presenters who ranked Marketing among their three greatest business pressures. Nine items, each respondent ranked all nine, so the nine top-three shares sum to about 300 percent. Venue operators and independent promoters are pooled because the promoter cell is 42 records. 2022 Greater Austin Music Census, self-selected online convenience sample fielded 15 Jul - 12 Sep 2022, 2,227 respondent records, NO SURVEY WEIGHTS. Every figure is a sample share, not a population estimate, and none is comparable with ACS, PUMS, OEWS or QCEW.",census,NCensusPressureTopThreeMarketing
census_pressure_top3_neighborhood_redevelopment,32.20338983050847,32.2%,percent of the denominator named in the note,01_evidence/08_venues_ecosystem/austin_music_census_2022_details_an3p-3yqx.csv,"Share of the 177 responding presenters who ranked Neighborhood redevelopment among their three greatest business pressures. Nine items, each respondent ranked all nine, so the nine top-three shares sum to about 300 percent. Venue operators and independent promoters are pooled because the promoter cell is 42 records. 2022 Greater Austin Music Census, self-selected online convenience sample fielded 15 Jul - 12 Sep 2022, 2,227 respondent records, NO SURVEY WEIGHTS. Every figure is a sample share, not a population estimate, and none is comparable with ACS, PUMS, OEWS or QCEW.",census,NCensusPressureTopThreeNeighborhoodRedevelopment
census_pressure_top3_ordinances_and_permitting,33.33333333333333,33.3%,percent of the denominator named in the note,01_evidence/08_venues_ecosystem/austin_music_census_2022_details_an3p-3yqx.csv,"Share of the 177 responding presenters who ranked Ordinances and permitting among their three greatest business pressures. Nine items, each respondent ranked all nine, so the nine top-three shares sum to about 300 percent. Venue operators and independent promoters are pooled because the promoter cell is 42 records. 2022 Greater Austin Music Census, self-selected online convenience sample fielded 15 Jul - 12 Sep 2022, 2,227 respondent records, NO SURVEY WEIGHTS. Every figure is a sample share, not a population estimate, and none is comparable with ACS, PUMS, OEWS or QCEW.",census,NCensusPressureTopThreeOrdinancesAndPermitting
census_pressure_top3_property_tax,44.06779661016949,44.1%,percent of the denominator named in the note,01_evidence/08_venues_ecosystem/austin_music_census_2022_details_an3p-3yqx.csv,"Share of the 177 responding presenters who ranked Property tax among their three greatest business pressures. Nine items, each respondent ranked all nine, so the nine top-three shares sum to about 300 percent. Venue operators and independent promoters are pooled because the promoter cell is 42 records. 2022 Greater Austin Music Census, self-selected online convenience sample fielded 15 Jul - 12 Sep 2022, 2,227 respondent records, NO SURVEY WEIGHTS. Every figure is a sample share, not a population estimate, and none is comparable with ACS, PUMS, OEWS or QCEW.",census,NCensusPressureTopThreePropertyTax
census_pressure_top3_talent_costs,38.4180790960452,38.4%,percent of the denominator named in the note,01_evidence/08_venues_ecosystem/austin_music_census_2022_details_an3p-3yqx.csv,"Share of the 177 responding presenters who ranked Talent costs among their three greatest business pressures. Nine items, each respondent ranked all nine, so the nine top-three shares sum to about 300 percent. Venue operators and independent promoters are pooled because the promoter cell is 42 records. 2022 Greater Austin Music Census, self-selected online convenience sample fielded 15 Jul - 12 Sep 2022, 2,227 respondent records, NO SURVEY WEIGHTS. Every figure is a sample share, not a population estimate, and none is comparable with ACS, PUMS, OEWS or QCEW.",census,NCensusPressureTopThreeTalentCosts
census_pressure_top3_unpredictable_operating_costs,33.89830508474576,33.9%,percent of the denominator named in the note,01_evidence/08_venues_ecosystem/austin_music_census_2022_details_an3p-3yqx.csv,"Share of the 177 responding presenters who ranked Unpredictable operating costs among their three greatest business pressures. Nine items, each respondent ranked all nine, so the nine top-three shares sum to about 300 percent. Venue operators and independent promoters are pooled because the promoter cell is 42 records. 2022 Greater Austin Music Census, self-selected online convenience sample fielded 15 Jul - 12 Sep 2022, 2,227 respondent records, NO SURVEY WEIGHTS. Every figure is a sample share, not a population estimate, and none is comparable with ACS, PUMS, OEWS or QCEW.",census,NCensusPressureTopThreeUnpredictableOperatingCosts
census_retention_denom,1900,"1,900",respondents,01_evidence/08_venues_ecosystem/austin_music_census_2022_details_an3p-3yqx.csv,"Respondents answering the three-year intent items. Both items have exactly the same 1900 answers out of 2,227, so the 89 and the 64 rest on an identical base and the gap between them is a within-person comparison rather than a comparison of two different groups. 2022 Greater Austin Music Census, self-selected online convenience sample fielded 15 Jul - 12 Sep 2022, 2,227 respondent records, NO SURVEY WEIGHTS. Every figure is a sample share, not a population estimate, and none is comparable with ACS, PUMS, OEWS or QCEW.",census,NCensusRetentionDenom
census_retention_gap,24.6842,24.7 points,percentage points,01_evidence/08_venues_ecosystem/austin_music_census_2022_details_an3p-3yqx.csv,"Gap between the share intending to continue in music and the share intending to stay in greater Austin, on the same 1900 respondents. The Summary Report reads it as a third of the ecosystem considering leaving the metro entirely. 2022 Greater Austin Music Census, self-selected online convenience sample fielded 15 Jul - 12 Sep 2022, 2,227 respondent records, NO SURVEY WEIGHTS. Every figure is a sample share, not a population estimate, and none is comparable with ACS, PUMS, OEWS or QCEW.",census,NCensusRetentionGap
census_spend_complete_n,501,501,respondents,01_evidence/08_venues_ecosystem/austin_music_census_2022_details_an3p-3yqx.csv,"Music creatives who gave a figure for all eight spending categories. This is the only base on which a per-respondent total is complete, and it is 22.5 percent of the 2,227 respondents. 2022 Greater Austin Music Census, self-selected online convenience sample fielded 15 Jul - 12 Sep 2022, 2,227 respondent records, NO SURVEY WEIGHTS. Every figure is a sample share, not a population estimate, and none is comparable with ACS, PUMS, OEWS or QCEW.",census,NCensusSpendCompleteN
census_spend_mean_accounting_and_legal,669.9710919864862,$670,2025 dollars,01_evidence/08_venues_ecosystem/austin_music_census_2022_details_an3p-3yqx.csv,"Mean annual spending on Accounting and legal, 2025 dollars, 611 music creatives who answered this category. 2022 Greater Austin Music Census, self-selected online convenience sample fielded 15 Jul - 12 Sep 2022, 2,227 respondent records, NO SURVEY WEIGHTS. Every figure is a sample share, not a population estimate, and none is comparable with ACS, PUMS, OEWS or QCEW.",census,NCensusSpendMeanAccountingAndLegal
census_spend_mean_gear_and_rentals,1521.673968111559,"$1,522",2025 dollars,01_evidence/08_venues_ecosystem/austin_music_census_2022_details_an3p-3yqx.csv,"Mean annual spending on Gear and rentals, 2025 dollars, 737 music creatives who answered this category. 2022 Greater Austin Music Census, self-selected online convenience sample fielded 15 Jul - 12 Sep 2022, 2,227 respondent records, NO SURVEY WEIGHTS. Every figure is a sample share, not a population estimate, and none is comparable with ACS, PUMS, OEWS or QCEW.",census,NCensusSpendMeanGearAndRentals
census_spend_mean_merchandise,1029.334158173435,"$1,029",2025 dollars,01_evidence/08_venues_ecosystem/austin_music_census_2022_details_an3p-3yqx.csv,"Mean annual spending on Merchandise, 2025 dollars, 625 music creatives who answered this category. 2022 Greater Austin Music Census, self-selected online convenience sample fielded 15 Jul - 12 Sep 2022, 2,227 respondent records, NO SURVEY WEIGHTS. Every figure is a sample share, not a population estimate, and none is comparable with ACS, PUMS, OEWS or QCEW.",census,NCensusSpendMeanMerchandise
census_spend_mean_new_recordings,3916.968987086108,"$3,917",2025 dollars,01_evidence/08_venues_ecosystem/austin_music_census_2022_details_an3p-3yqx.csv,"Mean annual spending on New recordings, 2025 dollars, 728 music creatives who answered this category. 2022 Greater Austin Music Census, self-selected online convenience sample fielded 15 Jul - 12 Sep 2022, 2,227 respondent records, NO SURVEY WEIGHTS. Every figure is a sample share, not a population estimate, and none is comparable with ACS, PUMS, OEWS or QCEW.",census,NCensusSpendMeanNewRecordings
census_spend_mean_publicity_and_promotion,1505.63439250852,"$1,506",2025 dollars,01_evidence/08_venues_ecosystem/austin_music_census_2022_details_an3p-3yqx.csv,"Mean annual spending on Publicity and promotion, 2025 dollars, 690 music creatives who answered this category. 2022 Greater Austin Music Census, self-selected online convenience sample fielded 15 Jul - 12 Sep 2022, 2,227 respondent records, NO SURVEY WEIGHTS. Every figure is a sample share, not a population estimate, and none is comparable with ACS, PUMS, OEWS or QCEW.",census,NCensusSpendMeanPublicityAndPromotion
census_spend_mean_rehearsal_or_work_space,1536.488877842941,"$1,536",2025 dollars,01_evidence/08_venues_ecosystem/austin_music_census_2022_details_an3p-3yqx.csv,"Mean annual spending on Rehearsal or work space, 2025 dollars, 646 music creatives who answered this category. 2022 Greater Austin Music Census, self-selected online convenience sample fielded 15 Jul - 12 Sep 2022, 2,227 respondent records, NO SURVEY WEIGHTS. Every figure is a sample share, not a population estimate, and none is comparable with ACS, PUMS, OEWS or QCEW.",census,NCensusSpendMeanRehearsalOrWorkSpace
census_spend_mean_supplies,959.5379693463109,$960,2025 dollars,01_evidence/08_venues_ecosystem/austin_music_census_2022_details_an3p-3yqx.csv,"Mean annual spending on Supplies, 2025 dollars, 742 music creatives who answered this category. 2022 Greater Austin Music Census, self-selected online convenience sample fielded 15 Jul - 12 Sep 2022, 2,227 respondent records, NO SURVEY WEIGHTS. Every figure is a sample share, not a population estimate, and none is comparable with ACS, PUMS, OEWS or QCEW.",census,NCensusSpendMeanSupplies
census_spend_mean_web_and_social_media,527.5645452930386,$528,2025 dollars,01_evidence/08_venues_ecosystem/austin_music_census_2022_details_an3p-3yqx.csv,"Mean annual spending on Web and social media, 2025 dollars, 709 music creatives who answered this category. 2022 Greater Austin Music Census, self-selected online convenience sample fielded 15 Jul - 12 Sep 2022, 2,227 respondent records, NO SURVEY WEIGHTS. Every figure is a sample share, not a population estimate, and none is comparable with ACS, PUMS, OEWS or QCEW.",census,NCensusSpendMeanWebAndSocialMedia
census_spend_median_accounting_and_legal,0,$0,2025 dollars,01_evidence/08_venues_ecosystem/austin_music_census_2022_details_an3p-3yqx.csv,"Median annual spending on Accounting and legal, 2025 dollars, 611 music creatives who answered this category. 2022 Greater Austin Music Census, self-selected online convenience sample fielded 15 Jul - 12 Sep 2022, 2,227 respondent records, NO SURVEY WEIGHTS. Every figure is a sample share, not a population estimate, and none is comparable with ACS, PUMS, OEWS or QCEW.",census,NCensusSpendMedianAccountingAndLegal
census_spend_median_gear_and_rentals,550.3970973777706,$550,2025 dollars,01_evidence/08_venues_ecosystem/austin_music_census_2022_details_an3p-3yqx.csv,"Median annual spending on Gear and rentals, 2025 dollars, 737 music creatives who answered this category. 2022 Greater Austin Music Census, self-selected online convenience sample fielded 15 Jul - 12 Sep 2022, 2,227 respondent records, NO SURVEY WEIGHTS. Every figure is a sample share, not a population estimate, and none is comparable with ACS, PUMS, OEWS or QCEW.",census,NCensusSpendMedianGearAndRentals
census_spend_median_merchandise,330.2382584266623,$330,2025 dollars,01_evidence/08_venues_ecosystem/austin_music_census_2022_details_an3p-3yqx.csv,"Median annual spending on Merchandise, 2025 dollars, 625 music creatives who answered this category. 2022 Greater Austin Music Census, self-selected online convenience sample fielded 15 Jul - 12 Sep 2022, 2,227 respondent records, NO SURVEY WEIGHTS. Every figure is a sample share, not a population estimate, and none is comparable with ACS, PUMS, OEWS or QCEW.",census,NCensusSpendMedianMerchandise
census_spend_median_new_recordings,1651.191292133312,"$1,651",2025 dollars,01_evidence/08_venues_ecosystem/austin_music_census_2022_details_an3p-3yqx.csv,"Median annual spending on New recordings, 2025 dollars, 728 music creatives who answered this category. 2022 Greater Austin Music Census, self-selected online convenience sample fielded 15 Jul - 12 Sep 2022, 2,227 respondent records, NO SURVEY WEIGHTS. Every figure is a sample share, not a population estimate, and none is comparable with ACS, PUMS, OEWS or QCEW.",census,NCensusSpendMedianNewRecordings
census_spend_median_publicity_and_promotion,330.2382584266623,$330,2025 dollars,01_evidence/08_venues_ecosystem/austin_music_census_2022_details_an3p-3yqx.csv,"Median annual spending on Publicity and promotion, 2025 dollars, 690 music creatives who answered this category. 2022 Greater Austin Music Census, self-selected online convenience sample fielded 15 Jul - 12 Sep 2022, 2,227 respondent records, NO SURVEY WEIGHTS. Every figure is a sample share, not a population estimate, and none is comparable with ACS, PUMS, OEWS or QCEW.",census,NCensusSpendMedianPublicityAndPromotion
census_spend_median_rehearsal_or_work_space,275.1985486888853,$275,2025 dollars,01_evidence/08_venues_ecosystem/austin_music_census_2022_details_an3p-3yqx.csv,"Median annual spending on Rehearsal or work space, 2025 dollars, 646 music creatives who answered this category. 2022 Greater Austin Music Census, self-selected online convenience sample fielded 15 Jul - 12 Sep 2022, 2,227 respondent records, NO SURVEY WEIGHTS. Every figure is a sample share, not a population estimate, and none is comparable with ACS, PUMS, OEWS or QCEW.",census,NCensusSpendMedianRehearsalOrWorkSpace
census_spend_median_supplies,550.3970973777706,$550,2025 dollars,01_evidence/08_venues_ecosystem/austin_music_census_2022_details_an3p-3yqx.csv,"Median annual spending on Supplies, 2025 dollars, 742 music creatives who answered this category. 2022 Greater Austin Music Census, self-selected online convenience sample fielded 15 Jul - 12 Sep 2022, 2,227 respondent records, NO SURVEY WEIGHTS. Every figure is a sample share, not a population estimate, and none is comparable with ACS, PUMS, OEWS or QCEW.",census,NCensusSpendMedianSupplies
census_spend_median_web_and_social_media,220.1588389511082,$220,2025 dollars,01_evidence/08_venues_ecosystem/austin_music_census_2022_details_an3p-3yqx.csv,"Median annual spending on Web and social media, 2025 dollars, 709 music creatives who answered this category. 2022 Greater Austin Music Census, self-selected online convenience sample fielded 15 Jul - 12 Sep 2022, 2,227 respondent records, NO SURVEY WEIGHTS. Every figure is a sample share, not a population estimate, and none is comparable with ACS, PUMS, OEWS or QCEW.",census,NCensusSpendMedianWebAndSocialMedia
census_spend_share_local,60.45045045045045,60.5%,percent of the denominator named in the note,01_evidence/08_venues_ecosystem/austin_music_census_2022_details_an3p-3yqx.csv,"Mean self-reported percent of annual music business spending that goes to providers inside the Austin area, 888 creatives; median 70 percent. Replicates the published 60 percent. This is the channel through which a creative expense becomes local economic activity, and it is the only local-multiplier quantity the census measured. 2022 Greater Austin Music Census, self-selected online convenience sample fielded 15 Jul - 12 Sep 2022, 2,227 respondent records, NO SURVEY WEIGHTS. Every figure is a sample share, not a population estimate, and none is comparable with ACS, PUMS, OEWS or QCEW.",census,NCensusSpendShareLocal
census_spend_sumofmeans_2022,10598.86947617796,"$10,599",2022 dollars,01_evidence/08_venues_ecosystem/austin_music_census_2022_details_an3p-3yqx.csv,"Sum of the eight category MEANS, each on its own base of between 611 and 742 creatives. This reproduces the published average annual spend of about 10,500 dollars (Data Appendix p.46) to within 1 percent, and shows what that headline is: an addition of eight separately based averages, not the mean of any single respondent total. 2022 Greater Austin Music Census, self-selected online convenience sample fielded 15 Jul - 12 Sep 2022, 2,227 respondent records, NO SURVEY WEIGHTS. Every figure is a sample share, not a population estimate, and none is comparable with ACS, PUMS, OEWS or QCEW.",census,NCensusSpendSumofmeansTwoZeroTwoTwo
census_spend_sumofmeans_2025,11667.1739903484,"$11,667",2025 dollars,01_evidence/08_venues_ecosystem/austin_music_census_2022_details_an3p-3yqx.csv,"The same sum of eight category means, inflated from 2022 to 2025 dollars with the CPI-U annual factor from out/cpi_annual.dta. 2022 Greater Austin Music Census, self-selected online convenience sample fielded 15 Jul - 12 Sep 2022, 2,227 respondent records, NO SURVEY WEIGHTS. Every figure is a sample share, not a population estimate, and none is comparable with ACS, PUMS, OEWS or QCEW.",census,NCensusSpendSumofmeansTwoZeroTwoFive
census_spend_total_mean,10287.9016985152,"$10,288",2025 dollars,01_evidence/08_venues_ecosystem/austin_music_census_2022_details_an3p-3yqx.csv,"MEAN total annual spending on their own music work, 2025 dollars, all eight categories, 501 creatives who answered every category. The published 10,500-dollar headline is a sum of category means on eight different bases and is NOT this number. 2022 Greater Austin Music Census, self-selected online convenience sample fielded 15 Jul - 12 Sep 2022, 2,227 respondent records, NO SURVEY WEIGHTS. Every figure is a sample share, not a population estimate, and none is comparable with ACS, PUMS, OEWS or QCEW.",census,NCensusSpendTotalMean
census_spend_total_mean_anyitem,9327.827382524845,"$9,328",2025 dollars,01_evidence/08_venues_ecosystem/austin_music_census_2022_details_an3p-3yqx.csv,"MEAN total annual spending, 2025 dollars, over the 873 creatives who answered at least one category, treating unanswered categories as zero. A deliberate lower bound: some blanks are true zeros and some are simply unanswered, and the release cannot tell them apart. 2022 Greater Austin Music Census, self-selected online convenience sample fielded 15 Jul - 12 Sep 2022, 2,227 respondent records, NO SURVEY WEIGHTS. Every figure is a sample share, not a population estimate, and none is comparable with ACS, PUMS, OEWS or QCEW.",census,NCensusSpendTotalMeanAnyitem
census_spend_total_median,5393.891554302151,"$5,394",2025 dollars,01_evidence/08_venues_ecosystem/austin_music_census_2022_details_an3p-3yqx.csv,"MEDIAN total annual spending on their own music work, 2025 dollars, 501 creatives who answered every category. It is roughly half the mean, because the distribution is severely right-skewed. This is the number to quote for a typical creative. 2022 Greater Austin Music Census, self-selected online convenience sample fielded 15 Jul - 12 Sep 2022, 2,227 respondent records, NO SURVEY WEIGHTS. Every figure is a sample share, not a population estimate, and none is comparable with ACS, PUMS, OEWS or QCEW.",census,NCensusSpendTotalMedian
census_spend_total_median_anyitem,4678.37532771105,"$4,678",2025 dollars,01_evidence/08_venues_ecosystem/austin_music_census_2022_details_an3p-3yqx.csv,"MEDIAN total annual spending, 2025 dollars, 873 creatives who answered at least one category, blanks treated as zero. Lower bound, same reason. 2022 Greater Austin Music Census, self-selected online convenience sample fielded 15 Jul - 12 Sep 2022, 2,227 respondent records, NO SURVEY WEIGHTS. Every figure is a sample share, not a population estimate, and none is comparable with ACS, PUMS, OEWS or QCEW.",census,NCensusSpendTotalMedianAnyitem
census_spend_total_p25,1816.310421346643,"$1,816",2025 dollars,01_evidence/08_venues_ecosystem/austin_music_census_2022_details_an3p-3yqx.csv,"25th percentile of total annual spending, 2025 dollars, 501 creatives answering all eight categories. 2022 Greater Austin Music Census, self-selected online convenience sample fielded 15 Jul - 12 Sep 2022, 2,227 respondent records, NO SURVEY WEIGHTS. Every figure is a sample share, not a population estimate, and none is comparable with ACS, PUMS, OEWS or QCEW.",census,NCensusSpendTotalPTwoFive
census_spend_total_p75,11833.53759362207,"$11,834",2025 dollars,01_evidence/08_venues_ecosystem/austin_music_census_2022_details_an3p-3yqx.csv,"75th percentile of total annual spending, 2025 dollars, 501 creatives answering all eight categories. 2022 Greater Austin Music Census, self-selected online convenience sample fielded 15 Jul - 12 Sep 2022, 2,227 respondent records, NO SURVEY WEIGHTS. Every figure is a sample share, not a population estimate, and none is comparable with ACS, PUMS, OEWS or QCEW.",census,NCensusSpendTotalPSevenFive
census_spend_total_p90,22015.88389511082,"$22,016",2025 dollars,01_evidence/08_venues_ecosystem/austin_music_census_2022_details_an3p-3yqx.csv,"90th percentile of total annual spending, 2025 dollars, 501 creatives answering all eight categories. The gap between this and the median is why the report should not lead with a mean. 2022 Greater Austin Music Census, self-selected online convenience sample fielded 15 Jul - 12 Sep 2022, 2,227 respondent records, NO SURVEY WEIGHTS. Every figure is a sample share, not a population estimate, and none is comparable with ACS, PUMS, OEWS or QCEW.",census,NCensusSpendTotalPNineZero
census_spend_vs_nes_receipts,5393.891554302151,the missing cost side of a receipts figure,"2025 dollars, median",01_evidence/08_venues_ecosystem/austin_music_census_2022_details_an3p-3yqx.csv,"Census Bureau Nonemployer Statistics reports average gross receipts of roughly 32,962 dollars for NAICS 7115 establishments, BEFORE any expense. This census puts median self-reported annual business spending by Austin music creatives at the value in this row and the mean well above it, both 2025 dollars. The two cannot be differenced: different populations, different years, different units - NES counts businesses while the census counts people - and NES misses cash gig work entirely. Use the pairing to show that the expense side is material and unmeasured, never to compute a net figure.",census,NCensusSpendVsNesReceipts
census_stay_health_insurance_has_health_insurance,66.11510791366906,66.1%,percent of the denominator named in the note,01_evidence/08_venues_ecosystem/austin_music_census_2022_details_an3p-3yqx.csv,"Share intending to still live in greater Austin in three years among the 1,390 respondents in the group Has health insurance (breakout variable: Health insurance) who answered the item. 2022 Greater Austin Music Census, self-selected online convenience sample fielded 15 Jul - 12 Sep 2022, 2,227 respondent records, NO SURVEY WEIGHTS. Every figure is a sample share, not a population estimate, and none is comparable with ACS, PUMS, OEWS or QCEW.",census,NCensusStayHealthInsuranceHasHealthInsurance
census_stay_health_insurance_no_health_insurance,53.14960629921261,53.1%,percent of the denominator named in the note,01_evidence/08_venues_ecosystem/austin_music_census_2022_details_an3p-3yqx.csv,"Share intending to still live in greater Austin in three years among the 254 respondents in the group No health insurance (breakout variable: Health insurance) who answered the item. 2022 Greater Austin Music Census, self-selected online convenience sample fielded 15 Jul - 12 Sep 2022, 2,227 respondent records, NO SURVEY WEIGHTS. Every figure is a sample share, not a population estimate, and none is comparable with ACS, PUMS, OEWS or QCEW.",census,NCensusStayHealthInsuranceNoHealthInsurance
census_stay_housing_tenure_homeowner,75.46174142480211,75.5%,percent of the denominator named in the note,01_evidence/08_venues_ecosystem/austin_music_census_2022_details_an3p-3yqx.csv,"Share intending to still live in greater Austin in three years among the 758 respondents in the group Homeowner (breakout variable: Housing tenure) who answered the item. 2022 Greater Austin Music Census, self-selected online convenience sample fielded 15 Jul - 12 Sep 2022, 2,227 respondent records, NO SURVEY WEIGHTS. Every figure is a sample share, not a population estimate, and none is comparable with ACS, PUMS, OEWS or QCEW.",census,NCensusStayHousingTenureHomeowner
census_stay_housing_tenure_other_or_unstable_housing,63.2183908045977,63.2%,percent of the denominator named in the note,01_evidence/08_venues_ecosystem/austin_music_census_2022_details_an3p-3yqx.csv,"Share intending to still live in greater Austin in three years among the 174 respondents in the group Other or unstable housing (breakout variable: Housing tenure) who answered the item. 2022 Greater Austin Music Census, self-selected online convenience sample fielded 15 Jul - 12 Sep 2022, 2,227 respondent records, NO SURVEY WEIGHTS. Every figure is a sample share, not a population estimate, and none is comparable with ACS, PUMS, OEWS or QCEW.",census,NCensusStayHousingTenureOtherOrUnstableHousing
census_stay_housing_tenure_renter,52.32558139534884,52.3%,percent of the denominator named in the note,01_evidence/08_venues_ecosystem/austin_music_census_2022_details_an3p-3yqx.csv,"Share intending to still live in greater Austin in three years among the 688 respondents in the group Renter (breakout variable: Housing tenure) who answered the item. 2022 Greater Austin Music Census, self-selected online convenience sample fielded 15 Jul - 12 Sep 2022, 2,227 respondent records, NO SURVEY WEIGHTS. Every figure is a sample share, not a population estimate, and none is comparable with ACS, PUMS, OEWS or QCEW.",census,NCensusStayHousingTenureRenter
census_stay_music_income_from_local_gigs_all,61.53846153846154,61.5%,percent of the denominator named in the note,01_evidence/08_venues_ecosystem/austin_music_census_2022_details_an3p-3yqx.csv,"Share intending to still live in greater Austin in three years among the 143 respondents in the group All (breakout variable: Music income from local gigs) who answered the item. 2022 Greater Austin Music Census, self-selected online convenience sample fielded 15 Jul - 12 Sep 2022, 2,227 respondent records, NO SURVEY WEIGHTS. Every figure is a sample share, not a population estimate, and none is comparable with ACS, PUMS, OEWS or QCEW.",census,NCensusStayMusicIncomeFromLocalGigsAll
census_stay_music_income_from_local_gigs_most,65.41176470588236,65.4%,percent of the denominator named in the note,01_evidence/08_venues_ecosystem/austin_music_census_2022_details_an3p-3yqx.csv,"Share intending to still live in greater Austin in three years among the 425 respondents in the group Most (breakout variable: Music income from local gigs) who answered the item. 2022 Greater Austin Music Census, self-selected online convenience sample fielded 15 Jul - 12 Sep 2022, 2,227 respondent records, NO SURVEY WEIGHTS. Every figure is a sample share, not a population estimate, and none is comparable with ACS, PUMS, OEWS or QCEW.",census,NCensusStayMusicIncomeFromLocalGigsMost
census_stay_music_income_from_local_gigs_none,54.11764705882353,54.1%,percent of the denominator named in the note,01_evidence/08_venues_ecosystem/austin_music_census_2022_details_an3p-3yqx.csv,"Share intending to still live in greater Austin in three years among the 85 respondents in the group None (breakout variable: Music income from local gigs) who answered the item. 2022 Greater Austin Music Census, self-selected online convenience sample fielded 15 Jul - 12 Sep 2022, 2,227 respondent records, NO SURVEY WEIGHTS. Every figure is a sample share, not a population estimate, and none is comparable with ACS, PUMS, OEWS or QCEW.",census,NCensusStayMusicIncomeFromLocalGigsNone
census_stay_music_income_from_local_gigs_some,73.43173431734317,73.4%,percent of the denominator named in the note,01_evidence/08_venues_ecosystem/austin_music_census_2022_details_an3p-3yqx.csv,"Share intending to still live in greater Austin in three years among the 271 respondents in the group Some (breakout variable: Music income from local gigs) who answered the item. 2022 Greater Austin Music Census, self-selected online convenience sample fielded 15 Jul - 12 Sep 2022, 2,227 respondent records, NO SURVEY WEIGHTS. Every figure is a sample share, not a population estimate, and none is comparable with ACS, PUMS, OEWS or QCEW.",census,NCensusStayMusicIncomeFromLocalGigsSome
census_stay_music_income_from_local_gigs_very_little,62.05128205128205,62.1%,percent of the denominator named in the note,01_evidence/08_venues_ecosystem/austin_music_census_2022_details_an3p-3yqx.csv,"Share intending to still live in greater Austin in three years among the 195 respondents in the group Very little (breakout variable: Music income from local gigs) who answered the item. 2022 Greater Austin Music Census, self-selected online convenience sample fielded 15 Jul - 12 Sep 2022, 2,227 respondent records, NO SURVEY WEIGHTS. Every figure is a sample share, not a population estimate, and none is comparable with ACS, PUMS, OEWS or QCEW.",census,NCensusStayMusicIncomeFromLocalGigsVeryLittle
census_stay_primary_sector_music_creative,64.75349521707138,64.8%,percent of the denominator named in the note,01_evidence/08_venues_ecosystem/austin_music_census_2022_details_an3p-3yqx.csv,"Share intending to still live in greater Austin in three years among the 1,359 respondents in the group Music creative (breakout variable: Primary sector) who answered the item. 2022 Greater Austin Music Census, self-selected online convenience sample fielded 15 Jul - 12 Sep 2022, 2,227 respondent records, NO SURVEY WEIGHTS. Every figure is a sample share, not a population estimate, and none is comparable with ACS, PUMS, OEWS or QCEW.",census,NCensusStayPrimarySectorMusicCreative
census_stay_primary_sector_music_industry,61.93693693693694,61.9%,percent of the denominator named in the note,01_evidence/08_venues_ecosystem/austin_music_census_2022_details_an3p-3yqx.csv,"Share intending to still live in greater Austin in three years among the 444 respondents in the group Music industry (breakout variable: Primary sector) who answered the item. 2022 Greater Austin Music Census, self-selected online convenience sample fielded 15 Jul - 12 Sep 2022, 2,227 respondent records, NO SURVEY WEIGHTS. Every figure is a sample share, not a population estimate, and none is comparable with ACS, PUMS, OEWS or QCEW.",census,NCensusStayPrimarySectorMusicIndustry
census_stay_primary_sector_venue_or_presenter,65.625,65.6%,percent of the denominator named in the note,01_evidence/08_venues_ecosystem/austin_music_census_2022_details_an3p-3yqx.csv,"Share intending to still live in greater Austin in three years among the 96 respondents in the group Venue or presenter (breakout variable: Primary sector) who answered the item. 2022 Greater Austin Music Census, self-selected online convenience sample fielded 15 Jul - 12 Sep 2022, 2,227 respondent records, NO SURVEY WEIGHTS. Every figure is a sample share, not a population estimate, and none is comparable with ACS, PUMS, OEWS or QCEW.",census,NCensusStayPrimarySectorVenueOrPresenter
census_stay_work_space_status_needs_but_lacks_work_space,59.79899497487438,59.8%,percent of the denominator named in the note,01_evidence/08_venues_ecosystem/austin_music_census_2022_details_an3p-3yqx.csv,"Share intending to still live in greater Austin in three years among the 398 respondents in the group Needs but lacks work space (breakout variable: Work space status) who answered the item. 2022 Greater Austin Music Census, self-selected online convenience sample fielded 15 Jul - 12 Sep 2022, 2,227 respondent records, NO SURVEY WEIGHTS. Every figure is a sample share, not a population estimate, and none is comparable with ACS, PUMS, OEWS or QCEW.",census,NCensusStayWorkSpaceStatusNeedsButLacksWorkSpace
census_stay_work_space_status_owns_work_space,64.70588235294117,64.7%,percent of the denominator named in the note,01_evidence/08_venues_ecosystem/austin_music_census_2022_details_an3p-3yqx.csv,"Share intending to still live in greater Austin in three years among the 51 respondents in the group Owns work space (breakout variable: Work space status) who answered the item. 2022 Greater Austin Music Census, self-selected online convenience sample fielded 15 Jul - 12 Sep 2022, 2,227 respondent records, NO SURVEY WEIGHTS. Every figure is a sample share, not a population estimate, and none is comparable with ACS, PUMS, OEWS or QCEW.",census,NCensusStayWorkSpaceStatusOwnsWorkSpace
census_stay_work_space_status_provided_or_not_needed,66.43192488262912,66.4%,percent of the denominator named in the note,01_evidence/08_venues_ecosystem/austin_music_census_2022_details_an3p-3yqx.csv,"Share intending to still live in greater Austin in three years among the 426 respondents in the group Provided or not needed (breakout variable: Work space status) who answered the item. 2022 Greater Austin Music Census, self-selected online convenience sample fielded 15 Jul - 12 Sep 2022, 2,227 respondent records, NO SURVEY WEIGHTS. Every figure is a sample share, not a population estimate, and none is comparable with ACS, PUMS, OEWS or QCEW.",census,NCensusStayWorkSpaceStatusProvidedOrNotNeeded
census_stay_work_space_status_rents_work_space,67.03296703296702,67.0%,percent of the denominator named in the note,01_evidence/08_venues_ecosystem/austin_music_census_2022_details_an3p-3yqx.csv,"Share intending to still live in greater Austin in three years among the 182 respondents in the group Rents work space (breakout variable: Work space status) who answered the item. 2022 Greater Austin Music Census, self-selected online convenience sample fielded 15 Jul - 12 Sep 2022, 2,227 respondent records, NO SURVEY WEIGHTS. Every figure is a sample share, not a population estimate, and none is comparable with ACS, PUMS, OEWS or QCEW.",census,NCensusStayWorkSpaceStatusRentsWorkSpace
census_stay_years_of_experience_3_to_5_years,62.98342541436463,63.0%,percent of the denominator named in the note,01_evidence/08_venues_ecosystem/austin_music_census_2022_details_an3p-3yqx.csv,"Share intending to still live in greater Austin in three years among the 181 respondents in the group 3 to 5 years (breakout variable: Years of experience) who answered the item. 2022 Greater Austin Music Census, self-selected online convenience sample fielded 15 Jul - 12 Sep 2022, 2,227 respondent records, NO SURVEY WEIGHTS. Every figure is a sample share, not a population estimate, and none is comparable with ACS, PUMS, OEWS or QCEW.",census,NCensusStayYearsOfExperienceThreeToFiveYears
census_stay_years_of_experience_6_to_10_years,49.70588235294117,49.7%,percent of the denominator named in the note,01_evidence/08_venues_ecosystem/austin_music_census_2022_details_an3p-3yqx.csv,"Share intending to still live in greater Austin in three years among the 340 respondents in the group 6 to 10 years (breakout variable: Years of experience) who answered the item. 2022 Greater Austin Music Census, self-selected online convenience sample fielded 15 Jul - 12 Sep 2022, 2,227 respondent records, NO SURVEY WEIGHTS. Every figure is a sample share, not a population estimate, and none is comparable with ACS, PUMS, OEWS or QCEW.",census,NCensusStayYearsOfExperienceSixToOneZeroYears
census_stay_years_of_experience_more_than_10_years,67.80876494023904,67.8%,percent of the denominator named in the note,01_evidence/08_venues_ecosystem/austin_music_census_2022_details_an3p-3yqx.csv,"Share intending to still live in greater Austin in three years among the 1,255 respondents in the group More than 10 years (breakout variable: Years of experience) who answered the item. 2022 Greater Austin Music Census, self-selected online convenience sample fielded 15 Jul - 12 Sep 2022, 2,227 respondent records, NO SURVEY WEIGHTS. Every figure is a sample share, not a population estimate, and none is comparable with ACS, PUMS, OEWS or QCEW.",census,NCensusStayYearsOfExperienceMoreThanOneZeroYears
census_stay_years_of_experience_under_3_years,66.66666666666666,66.7%,percent of the denominator named in the note,01_evidence/08_venues_ecosystem/austin_music_census_2022_details_an3p-3yqx.csv,"Share intending to still live in greater Austin in three years among the 120 respondents in the group Under 3 years (breakout variable: Years of experience) who answered the item. 2022 Greater Austin Music Census, self-selected online convenience sample fielded 15 Jul - 12 Sep 2022, 2,227 respondent records, NO SURVEY WEIGHTS. Every figure is a sample share, not a population estimate, and none is comparable with ACS, PUMS, OEWS or QCEW.",census,NCensusStayYearsOfExperienceUnderThreeYears
census_staychi2_health_insurance,15.690,"chi-squared(1) = 15.7, p = 0.0001",Pearson chi-squared,01_evidence/08_venues_ecosystem/austin_music_census_2022_details_an3p-3yqx.csv,"Test of independence between intending to stay in greater Austin and Health insurance. Report as association, never as causation. The p-value assumes simple random sampling; this is a self-selected convenience sample, so treat the test as a descriptive discriminant among respondents rather than inference to the Austin music workforce. 2022 Greater Austin Music Census, self-selected online convenience sample fielded 15 Jul - 12 Sep 2022, 2,227 respondent records, NO SURVEY WEIGHTS. Every figure is a sample share, not a population estimate, and none is comparable with ACS, PUMS, OEWS or QCEW.",census,NCensusStaychiTwoHealthInsurance
census_staychi2_housing_tenure,84.225,"chi-squared(2) = 84.2, p = 0.0000",Pearson chi-squared,01_evidence/08_venues_ecosystem/austin_music_census_2022_details_an3p-3yqx.csv,"Test of independence between intending to stay in greater Austin and Housing tenure. Report as association, never as causation. The p-value assumes simple random sampling; this is a self-selected convenience sample, so treat the test as a descriptive discriminant among respondents rather than inference to the Austin music workforce. 2022 Greater Austin Music Census, self-selected online convenience sample fielded 15 Jul - 12 Sep 2022, 2,227 respondent records, NO SURVEY WEIGHTS. Every figure is a sample share, not a population estimate, and none is comparable with ACS, PUMS, OEWS or QCEW.",census,NCensusStaychiTwoHousingTenure
census_staychi2_music_income_from_local_gigs,14.419,"chi-squared(4) = 14.4, p = 0.0061",Pearson chi-squared,01_evidence/08_venues_ecosystem/austin_music_census_2022_details_an3p-3yqx.csv,"Test of independence between intending to stay in greater Austin and Music income from local gigs. Report as association, never as causation. The p-value assumes simple random sampling; this is a self-selected convenience sample, so treat the test as a descriptive discriminant among respondents rather than inference to the Austin music workforce. 2022 Greater Austin Music Census, self-selected online convenience sample fielded 15 Jul - 12 Sep 2022, 2,227 respondent records, NO SURVEY WEIGHTS. Every figure is a sample share, not a population estimate, and none is comparable with ACS, PUMS, OEWS or QCEW.",census,NCensusStaychiTwoMusicIncomeFromLocalGigs
census_staychi2_primary_sector,1.251,"chi-squared(2) = 1.3, p = 0.5349",Pearson chi-squared,01_evidence/08_venues_ecosystem/austin_music_census_2022_details_an3p-3yqx.csv,"Test of independence between intending to stay in greater Austin and Primary sector. Report as association, never as causation. The p-value assumes simple random sampling; this is a self-selected convenience sample, so treat the test as a descriptive discriminant among respondents rather than inference to the Austin music workforce. 2022 Greater Austin Music Census, self-selected online convenience sample fielded 15 Jul - 12 Sep 2022, 2,227 respondent records, NO SURVEY WEIGHTS. Every figure is a sample share, not a population estimate, and none is comparable with ACS, PUMS, OEWS or QCEW.",census,NCensusStaychiTwoPrimarySector
census_staychi2_work_space_status,4.876,"chi-squared(3) = 4.9, p = 0.1811",Pearson chi-squared,01_evidence/08_venues_ecosystem/austin_music_census_2022_details_an3p-3yqx.csv,"Test of independence between intending to stay in greater Austin and Work space status. Report as association, never as causation. The p-value assumes simple random sampling; this is a self-selected convenience sample, so treat the test as a descriptive discriminant among respondents rather than inference to the Austin music workforce. 2022 Greater Austin Music Census, self-selected online convenience sample fielded 15 Jul - 12 Sep 2022, 2,227 respondent records, NO SURVEY WEIGHTS. Every figure is a sample share, not a population estimate, and none is comparable with ACS, PUMS, OEWS or QCEW.",census,NCensusStaychiTwoWorkSpaceStatus
census_staychi2_years_of_experience,38.518,"chi-squared(3) = 38.5, p = 0.0000",Pearson chi-squared,01_evidence/08_venues_ecosystem/austin_music_census_2022_details_an3p-3yqx.csv,"Test of independence between intending to stay in greater Austin and Years of experience. Report as association, never as causation. The p-value assumes simple random sampling; this is a self-selected convenience sample, so treat the test as a descriptive discriminant among respondents rather than inference to the Austin music workforce. 2022 Greater Austin Music Census, self-selected online convenience sample fielded 15 Jul - 12 Sep 2022, 2,227 respondent records, NO SURVEY WEIGHTS. Every figure is a sample share, not a population estimate, and none is comparable with ACS, PUMS, OEWS or QCEW.",census,NCensusStaychiTwoYearsOfExperience
census_venue_capacity_1,21.37404580152672,21.4%,percent of the denominator named in the note,01_evidence/08_venues_ecosystem/austin_music_census_2022_details_an3p-3yqx.csv,"Share of responding venue operators whose legal capacity is 1 to 100: 28 of 131 operators who gave a capacity band. Individual cells run as low as 8 records, so read the distribution as a whole and do not quote a single band on its own. 2022 Greater Austin Music Census, self-selected online convenience sample fielded 15 Jul - 12 Sep 2022, 2,227 respondent records, NO SURVEY WEIGHTS. Every figure is a sample share, not a population estimate, and none is comparable with ACS, PUMS, OEWS or QCEW.",census,NCensusVenueCapacityOne
census_venue_capacity_2,19.84732824427481,19.8%,percent of the denominator named in the note,01_evidence/08_venues_ecosystem/austin_music_census_2022_details_an3p-3yqx.csv,"Share of responding venue operators whose legal capacity is 101 to 200: 26 of 131 operators who gave a capacity band. Individual cells run as low as 8 records, so read the distribution as a whole and do not quote a single band on its own. 2022 Greater Austin Music Census, self-selected online convenience sample fielded 15 Jul - 12 Sep 2022, 2,227 respondent records, NO SURVEY WEIGHTS. Every figure is a sample share, not a population estimate, and none is comparable with ACS, PUMS, OEWS or QCEW.",census,NCensusVenueCapacityTwo
census_venue_capacity_3,14.50381679389313,14.5%,percent of the denominator named in the note,01_evidence/08_venues_ecosystem/austin_music_census_2022_details_an3p-3yqx.csv,"Share of responding venue operators whose legal capacity is 201 to 350: 19 of 131 operators who gave a capacity band. Individual cells run as low as 8 records, so read the distribution as a whole and do not quote a single band on its own. 2022 Greater Austin Music Census, self-selected online convenience sample fielded 15 Jul - 12 Sep 2022, 2,227 respondent records, NO SURVEY WEIGHTS. Every figure is a sample share, not a population estimate, and none is comparable with ACS, PUMS, OEWS or QCEW.",census,NCensusVenueCapacityThree
census_venue_capacity_4,13.74045801526718,13.7%,percent of the denominator named in the note,01_evidence/08_venues_ecosystem/austin_music_census_2022_details_an3p-3yqx.csv,"Share of responding venue operators whose legal capacity is 351 to 500: 18 of 131 operators who gave a capacity band. Individual cells run as low as 8 records, so read the distribution as a whole and do not quote a single band on its own. 2022 Greater Austin Music Census, self-selected online convenience sample fielded 15 Jul - 12 Sep 2022, 2,227 respondent records, NO SURVEY WEIGHTS. Every figure is a sample share, not a population estimate, and none is comparable with ACS, PUMS, OEWS or QCEW.",census,NCensusVenueCapacityFour
census_venue_capacity_5,6.106870229007633,6.1%,percent of the denominator named in the note,01_evidence/08_venues_ecosystem/austin_music_census_2022_details_an3p-3yqx.csv,"Share of responding venue operators whose legal capacity is 501 to 1,000: 8 of 131 operators who gave a capacity band. Individual cells run as low as 8 records, so read the distribution as a whole and do not quote a single band on its own. 2022 Greater Austin Music Census, self-selected online convenience sample fielded 15 Jul - 12 Sep 2022, 2,227 respondent records, NO SURVEY WEIGHTS. Every figure is a sample share, not a population estimate, and none is comparable with ACS, PUMS, OEWS or QCEW.",census,NCensusVenueCapacityFive
census_venue_capacity_6,24.42748091603053,24.4%,percent of the denominator named in the note,01_evidence/08_venues_ecosystem/austin_music_census_2022_details_an3p-3yqx.csv,"Share of responding venue operators whose legal capacity is 1,001 or more: 32 of 131 operators who gave a capacity band. Individual cells run as low as 8 records, so read the distribution as a whole and do not quote a single band on its own. 2022 Greater Austin Music Census, self-selected online convenience sample fielded 15 Jul - 12 Sep 2022, 2,227 respondent records, NO SURVEY WEIGHTS. Every figure is a sample share, not a population estimate, and none is comparable with ACS, PUMS, OEWS or QCEW.",census,NCensusVenueCapacitySix
census_venue_capacity_under200,41.22137404580153,41.2%,percent of the denominator named in the note,01_evidence/08_venues_ecosystem/austin_music_census_2022_details_an3p-3yqx.csv,"Share of responding venue operators with a legal capacity of 200 or fewer: 54 of 131. Small rooms are the modal responding venue, which matters because the fixed costs those same respondents rank highest - property tax, building operations - do not scale down with capacity. 2022 Greater Austin Music Census, self-selected online convenience sample fielded 15 Jul - 12 Sep 2022, 2,227 respondent records, NO SURVEY WEIGHTS. Every figure is a sample share, not a population estimate, and none is comparable with ACS, PUMS, OEWS or QCEW.",census,NCensusVenueCapacityUnderTwoZeroZero
census_zip_distinct,101,101,distinct ZIP codes,01_evidence/08_venues_ecosystem/austin_music_census_2022_zipcodes_p7ky-riuq.csv,"Distinct home ZIP codes among the 2150 rows of the companion export. The four most common are 78745 (210 rows), 78704 (132), 78723 (101) and 78702 (85). 2022 Greater Austin Music Census, self-selected online convenience sample fielded 15 Jul - 12 Sep 2022, 2,227 respondent records, NO SURVEY WEIGHTS. Every figure is a sample share, not a population estimate, and none is comparable with ACS, PUMS, OEWS or QCEW.",census,NCensusZipDistinct
census_zip_rows,2150,"2,150",respondents,01_evidence/08_venues_ecosystem/austin_music_census_2022_zipcodes_p7ky-riuq.csv,"Rows in the companion ZIP-code export, stamped 2022-08-28, which is BEFORE the 12 September field close, so it is an interim extract and is 77 rows short of the detail file. It carries no respondent identifier and cannot be joined to the 2,227-row detail file; it supports a marginal distribution of home ZIPs and nothing else. 2022 Greater Austin Music Census, self-selected online convenience sample fielded 15 Jul - 12 Sep 2022, 2,227 respondent records, NO SURVEY WEIGHTS. Every figure is a sample share, not a population estimate, and none is comparable with ACS, PUMS, OEWS or QCEW.",census,NCensusZipRows
city_caf_revenue_fy25,16391168,$16.4M,nominal dollars,01_evidence/04_city_programs_lmf/derived_HOT_fund_revenue_expense_FY2021_FY2027.csv,"Cultural Arts Fund actual revenue, FY2025.",city,NCityCafRevenueFyTwoFive
city_cfa_fy2005,2640668,"192 awards, $2.6M nominal",count and nominal dollars,01_evidence/04_city_programs_lmf/socrata/x6aj-qng8_cultural_funding_awards.csv,"Cultural Funding Awards dataset: this covers the Cultural Arts Fund, NOT the Live Music Fund, and must not be read as music-program spending. Missing FY2022 entirely (confirmed: 0 rows); ends at FY2023 with nothing published since.",city,NCityCfaFyTwoZeroZeroFive
city_cfa_fy2019_peak,11511252,"401 awards, $11.5M nominal, pre-pandemic peak",count and nominal dollars,01_evidence/04_city_programs_lmf/socrata/x6aj-qng8_cultural_funding_awards.csv,"Cultural Funding Awards dataset: this covers the Cultural Arts Fund, NOT the Live Music Fund, and must not be read as music-program spending. Missing FY2022 entirely (confirmed: 0 rows); ends at FY2023 with nothing published since.",city,NCityCfaFyTwoZeroOneNinePeak
city_cfa_fy2021,5749640,$5.7M nominal,nominal dollars,01_evidence/04_city_programs_lmf/socrata/x6aj-qng8_cultural_funding_awards.csv,"Pandemic-year trough. Cultural Funding Awards dataset: this covers the Cultural Arts Fund, NOT the Live Music Fund, and must not be read as music-program spending. Missing FY2022 entirely (confirmed: 0 rows); ends at FY2023 with nothing published since.",city,NCityCfaFyTwoZeroTwoOne
city_cfa_fy2023_last,10432500,"288 awards, $10.4M nominal, last year in the dataset",count and nominal dollars,01_evidence/04_city_programs_lmf/socrata/x6aj-qng8_cultural_funding_awards.csv,"Cultural Funding Awards dataset: this covers the Cultural Arts Fund, NOT the Live Music Fund, and must not be read as music-program spending. Missing FY2022 entirely (confirmed: 0 rows); ends at FY2023 with nothing published since.",city,NCityCfaFyTwoZeroTwoThreeLast
city_cfa_pre2000_awards,1055,"1,055 awards, $19,182,995 nominal, not deflatable","count and nominal dollars, FY1982-FY1999 (18 fiscal years)",01_evidence/04_city_programs_lmf/socrata/x6aj-qng8_cultural_funding_awards.csv,"Portion of the 6,476-award series with no available CPI deflator in this project (BLS_CPI.dta starts calendar year 2000). Could not be converted to 2025 dollars; reported nominal only. This is the one figure in this module the task’s real-2025-dollars instruction could not be fully met for.",city,NCityCfaPreTwoZeroZeroZeroAwards
city_cfa_total_awards_count,6476,"6,476","count, 1982-FY2023",01_evidence/04_city_programs_lmf/socrata/x6aj-qng8_cultural_funding_awards.csv,"Total individual cultural funding awards, all fiscal years in the dataset. Cultural Funding Awards dataset: this covers the Cultural Arts Fund, NOT the Live Music Fund, and must not be read as music-program spending. Missing FY2022 entirely (confirmed: 0 rows); ends at FY2023 with nothing published since.",city,NCityCfaTotalAwardsCount
city_cfa_total_nominal,159323824,$159.3M,"nominal dollars, 1982-FY2023, not deflated",01_evidence/04_city_programs_lmf/socrata/x6aj-qng8_cultural_funding_awards.csv,"Sum of all 6,476 awards in the dollars originally recorded each year (mixed vintages, not comparable across decades without deflation). Cultural Funding Awards dataset: this covers the Cultural Arts Fund, NOT the Live Music Fund, and must not be read as music-program spending. Missing FY2022 entirely (confirmed: 0 rows); ends at FY2023 with nothing published since.",city,NCityCfaTotalNominal
city_cfa_total_real_fy2000_2023,194597098.9263962,$194.6M,"2025 dollars, FY2000-FY2023 only",01_evidence/04_city_programs_lmf/socrata/x6aj-qng8_cultural_funding_awards.csv,"Real-dollar total restricted to FY2000-FY2023 (5421 of 6,476 awards; $140,140,829 nominal dollars), because BLS_CPI.dta as staged in this project carries no CPI data before calendar year 2000. FY1982-FY1999 (1,055 awards over 18 fiscal years, $19,182,995 nominal) cannot be deflated to 2025 dollars with data available in this project and are EXCLUDED from this real-dollar total; see city_cfa_pre2000_awards for their nominal-only size. Fiscal year FY_Y approximated by calendar year Y for CPI deflation (Austin FY_Y runs Oct(Y-1)-Sep(Y); 9 of 12 months fall in calendar Y). No quarterly deflator is available; this is the module-wide convention.",city,NCityCfaTotalRealFyTwoZeroZeroZeroTwoZeroTwoThree
city_csap_2020_applicants,65,65,count,01_evidence/04_city_programs_lmf/page_CSAP_program_page.md,"2020 Austin Creative Space Disaster Relief Program applicants. This is the only CSAP round with a published applicant count; FY19, FY23 and FY26 award lists carry no applicant or request figures.",city,NCityCsapTwoZeroTwoZeroApplicants
city_csap_2020_funded_share,49.23076923076923,49.2%,percent of applicants funded,01_evidence/04_city_programs_lmf/page_CSAP_program_page.md,32 of 65 2020 Disaster Relief applicants funded.,city,NCityCsapTwoZeroTwoZeroFundedShare
city_csap_2020_oversub_vs_available,3.7,3.70x,"ratio, dollars requested to dollars available",01_evidence/04_city_programs_lmf/page_CSAP_program_page.md,$3.7 million requested against $1 million available in the 2020 Disaster Relief round -- the program page’s own framing (“nearly four times”).,city,NCityCsapTwoZeroTwoZeroOversubVsAvailable
city_csap_2020_oversub_vs_awarded,3.745155337909171,3.75x,"ratio, dollars requested to dollars awarded",01_evidence/04_city_programs_lmf/page_CSAP_program_page.md,"$3.7 million requested divided by the $987,943 actually disbursed to 32 of 65 applicants.",city,NCityCsapTwoZeroTwoZeroOversubVsAwarded
city_csap_fy19_awards,19,"19 awards, $590,874",count and nominal dollars,01_evidence/04_city_programs_lmf/CSAP_FY19_awards.pdf,"FY2019 Creative Space Assistance Program, range $6,248-$50,000, average $31,099. No applicant or request count published.",city,NCityCsapFyOneNineAwards
city_csap_fy23_awards,64,"64 awards, $1,481,126",count and nominal dollars,01_evidence/04_city_programs_lmf/CSAP_FY23_awards.pdf,"FY2023 CSAP, range $5,000-$50,000, average $23,143. No applicant or request count published.",city,NCityCsapFyTwoThreeAwards
city_csap_fy26_awards,22,"22 awards, $1,320,000",count and nominal dollars,01_evidence/04_city_programs_lmf/CSAP_FY26_awards.pdf,"FY2026 CSAP, a flat $60,000 per award (22 x $60,000 = $1,320,000 exactly). No applicant or request count published; this is one of ACME’s four FY2026 programs (Elevate, Live Music Fund, CSAP, Heritage Preservation) whose combined applicant pool was 1,606 (see city_lmf_fy26_applicants_not_published).",city,NCityCsapFyTwoSixAwards
city_fy_calendar_approx,9,FY_Y matched to calendar year Y (9 of 12 months overlap),months of 12 overlapping,"methodological note, not a data source",Fiscal year FY_Y approximated by calendar year Y for CPI deflation (Austin FY_Y runs Oct(Y-1)-Sep(Y); 9 of 12 months fall in calendar Y). No quarterly deflator is available; this is the module-wide convention.,city,NCityFyCalendarApprox
city_hot_rest_fy25,122349586,$122.3M,nominal dollars,01_evidence/04_city_programs_lmf/derived_HOT_fund_revenue_expense_FY2021_FY2027.csv,"Total HOT revenue minus Live Music, Historic Preservation and Cultural Arts fund revenue, FY2025. Mainly Convention Center expansion under the 2019 ordinance’s residual clause; not itself a single named fund.",city,NCityHotRestFyTwoFive
city_hot_total_revenue_fy25,164619667,$164.6M,nominal dollars,01_evidence/04_city_programs_lmf/derived_HOT_fund_revenue_expense_FY2021_FY2027.csv,"Total Hotel Occupancy Tax Fund actual revenue, FY2025. Denominator for city_lmf_share_of_hot_fy25.",city,NCityHotTotalRevenueFyTwoFive
city_hp_revenue_fy25,21105159,$21.1M,nominal dollars,01_evidence/04_city_programs_lmf/derived_HOT_fund_revenue_expense_FY2021_FY2027.csv,"Historic Preservation Fund actual revenue, FY2025.",city,NCityHpRevenueFyTwoFive
city_hp_to_lmf_ratio_fy25,4.421082234233268,4.42x,ratio,01_evidence/04_city_programs_lmf/derived_HOT_fund_revenue_expense_FY2021_FY2027.csv,"Historic Preservation Fund revenue divided by Live Music Fund revenue, FY2025. Same-year nominal ratio; deflation cancels.",city,NCityHpToLmfRatioFyTwoFive
city_ivf_award_2023,1600000,$1.6M,nominal dollars,01_evidence/08_venues_ecosystem/_findings.md,"The fund’s first award: $1,600,000 to Hole in the Wall, 15 Aug 2023, roughly three years after the fund’s 2020 creation. 01_evidence/08_venues_ecosystem/_findings.md tags this secondary (Austin Chronicle); no primary award announcement was located.",city,NCityIvfAwardTwoZeroTwoThree
city_ivf_cumulative_net_nominal_fy26,-2593098,-$2.6M,"nominal dollars, cumulative FY2021-FY2026",01_evidence/04_city_programs_lmf/derived_HOT_fund_revenue_expense_FY2021_FY2027.csv,"Iconic Venue Fund cumulative revenue minus expenditure, FY2021-FY2026, nominal (cash-flow proxy, not an audited balance, same caveat as the Live Music Fund figure). The fund is drawing down: FY2026 alone spent $2,900,000 against $4,614 in recorded revenue.",city,NCityIvfCumulativeNetNominalFyTwoSix
city_ivf_fy22_zero_spend,0,$0 spent vs. $2.5M collected,nominal dollars,01_evidence/04_city_programs_lmf/derived_HOT_fund_revenue_expense_FY2021_FY2027.csv,"Iconic Venue Fund spent $0 in FY2022 despite collecting $2,523,258 that year -- consistent with the Chronicle’s account of a roughly three-year lag between the fund’s creation and its first disbursement (August 2023), i.e. an early-implementation lag rather than an ongoing pattern.",city,NCityIvfFyTwoTwoZeroSpend
city_ivf_proposals,45,45,count,01_evidence/08_venues_ecosystem/_findings.md,"Proposals received by Austin’s Iconic Venue Fund as of its first award, 15 Aug 2023 (Austin Chronicle, 2023-08-24). This is a capital-preservation fund managed by the Austin Economic Development Corporation, distinct from the Live Music Fund; capitalized from hotel occupancy tax revenue plus a 2018 bond package.",city,NCityIvfProposals
city_ivf_requested,300000000,more than $300M,"nominal dollars, requested, floor",01_evidence/08_venues_ecosystem/_findings.md,"Combined dollar amount requested across the 45 proposals; reported only as “over $300 million,” a stated floor, not an exact figure.",city,NCityIvfRequested
city_ivf_requested_to_award_ratio,187.5,more than 187.5x,"ratio, dollars requested to dollars awarded",01_evidence/08_venues_ecosystem/_findings.md,"Dollars requested (floor of $300M) divided by the single $1.6M award, as of August 2023. Because the requested figure is itself a stated floor, the true ratio is at least this large. IMPORTANT CAVEAT: this is a snapshot at the fund’s first disbursement, not its current state -- the Open Budget data show $15,300,000 cumulative Iconic Venue Fund grants to subrecipients FY2021-FY2026 (see city_ivf_cumulative_net_nominal_fy26), meaning substantially more has been awarded since 2023. No updated post-2023 proposal count, shortlist, or award list was located, so this ratio cannot be refreshed to the present with available evidence; it measures unmet demand at the moment the fund made its first award, not unmet demand today.",city,NCityIvfRequestedToAwardRatio
city_ivf_share_proposals_funded_2023,2.222222222222222,2.22%,percent of proposals,01_evidence/08_venues_ecosystem/_findings.md,1 of 45 proposals had been funded as of August 2023 (2.2%); 14 of 45 (31.1%) had been shortlisted. Same 2023-snapshot caveat as city_ivf_requested_to_award_ratio.,city,NCityIvfShareProposalsFundedTwoZeroTwoThree
city_ivf_shortlisted,14,14,count,01_evidence/08_venues_ecosystem/_findings.md,"Proposals shortlisted from the 45 received, as of the fund’s first award in August 2023.",city,NCityIvfShortlisted
city_lmf_accum_by_fy22_nominal,5130497,$5.1M,"nominal dollars, cumulative FY2021-FY2022",01_evidence/04_city_programs_lmf/derived_HOT_fund_revenue_expense_FY2021_FY2027.csv,"Cumulative Live Music Fund revenue minus expenditure, FY2021 through FY2022, nominal. The fund collected for two full years (spending just $4,284 and $50,000 respectively against $1.49M and $3.70M in revenue) before its first real grant cycle disbursed in FY2023. This is a cumulative revenue-minus-expenditure PROXY built from Open Budget actuals starting FY2021, not an audited fund balance, and it excludes any opening balance the fund may have carried from its 2019-09-30 creation. Press reporting placed the Live Music Fund balance at approximately $3.2 million in September 2025 (within FY2025); this proxy does not reconcile with that figure, and the gap is unresolved pending the ACFR fund-balance schedule (see 01_evidence/04_city_programs_lmf/_sources.md, open item 3). Prefer the annual revenue-against-expenditure series over this cumulative figure when a single number is needed.",city,NCityLmfAccumByFyTwoTwoNominal
city_lmf_admin_advertising_cumulative,267993.34,"$267,993","nominal dollars, cumulative FY2021-FY2027",01_evidence/04_city_programs_lmf/socrata/yeeq-kk6v_expense_open_budget.csv,"Object-level actuals FY2021-FY2027 from the City of Austin Open Budget expense extract, fund_nm = Live Music Fund, summed across fiscal years. Cross-checked against the evidence memo’s cumulative figures (grants $17,598,450; consultant $2,338,304; advertising $267,993) and matches to the dollar. No Consultant-others row appears before FY2023: the fund had no third-party administrator cost until it began disbursing real grants, an innocent function of program timing rather than any change in oversight.",city,NCityLmfAdminAdvertisingCumulative
city_lmf_admin_consultant_cumulative,2338304,$2.3M,"nominal dollars, cumulative FY2021-FY2027",01_evidence/04_city_programs_lmf/socrata/yeeq-kk6v_expense_open_budget.csv,"Consultant-others object, the fund’s third-party administrator (the Long Center for the Performing Arts from 2023 onward). Object-level actuals FY2021-FY2027 from the City of Austin Open Budget expense extract, fund_nm = Live Music Fund, summed across fiscal years. Cross-checked against the evidence memo’s cumulative figures (grants $17,598,450; consultant $2,338,304; advertising $267,993) and matches to the dollar. No Consultant-others row appears before FY2023: the fund had no third-party administrator cost until it began disbursing real grants, an innocent function of program timing rather than any change in oversight.",city,NCityLmfAdminConsultantCumulative
city_lmf_admin_grants_cumulative,17598450,$17.6M,"nominal dollars, cumulative FY2021-FY2027",01_evidence/04_city_programs_lmf/socrata/yeeq-kk6v_expense_open_budget.csv,"Object-level actuals FY2021-FY2027 from the City of Austin Open Budget expense extract, fund_nm = Live Music Fund, summed across fiscal years. Cross-checked against the evidence memo’s cumulative figures (grants $17,598,450; consultant $2,338,304; advertising $267,993) and matches to the dollar. No Consultant-others row appears before FY2023: the fund had no third-party administrator cost until it began disbursing real grants, an innocent function of program timing rather than any change in oversight.",city,NCityLmfAdminGrantsCumulative
city_lmf_admin_share_advertising,1.326387979469779,1.33%,percent of grants+consultant+advertising,01_evidence/04_city_programs_lmf/socrata/yeeq-kk6v_expense_open_budget.csv,"Object-level actuals FY2021-FY2027 from the City of Austin Open Budget expense extract, fund_nm = Live Music Fund, summed across fiscal years. Cross-checked against the evidence memo’s cumulative figures (grants $17,598,450; consultant $2,338,304; advertising $267,993) and matches to the dollar. No Consultant-others row appears before FY2023: the fund had no third-party administrator cost until it began disbursing real grants, an innocent function of program timing rather than any change in oversight.",city,NCityLmfAdminShareAdvertising
city_lmf_admin_share_consultant,11.57304251645247,11.57%,percent of grants+consultant+advertising,01_evidence/04_city_programs_lmf/socrata/yeeq-kk6v_expense_open_budget.csv,"Object-level actuals FY2021-FY2027 from the City of Austin Open Budget expense extract, fund_nm = Live Music Fund, summed across fiscal years. Cross-checked against the evidence memo’s cumulative figures (grants $17,598,450; consultant $2,338,304; advertising $267,993) and matches to the dollar. No Consultant-others row appears before FY2023: the fund had no third-party administrator cost until it began disbursing real grants, an innocent function of program timing rather than any change in oversight.",city,NCityLmfAdminShareConsultant
city_lmf_admin_share_grants,87.10056950407775,87.10%,percent of grants+consultant+advertising,01_evidence/04_city_programs_lmf/socrata/yeeq-kk6v_expense_open_budget.csv,"Share of the three tracked expense objects that is grants to subrecipients, cumulative FY2021-FY2027. Denominator is city_lmf_admin_grants_cumulative + city_lmf_admin_consultant_cumulative + city_lmf_admin_advertising_cumulative; excludes any Personnel or other object categories, of which none were found for this fund.",city,NCityLmfAdminShareGrants
city_lmf_cumulative_net_nominal_fy25,4724054,$4.7M,"nominal dollars, cumulative FY2021-FY2025",01_evidence/04_city_programs_lmf/derived_HOT_fund_revenue_expense_FY2021_FY2027.csv,"This is a cumulative revenue-minus-expenditure PROXY built from Open Budget actuals starting FY2021, not an audited fund balance, and it excludes any opening balance the fund may have carried from its 2019-09-30 creation. Press reporting placed the Live Music Fund balance at approximately $3.2 million in September 2025 (within FY2025); this proxy does not reconcile with that figure, and the gap is unresolved pending the ACFR fund-balance schedule (see 01_evidence/04_city_programs_lmf/_sources.md, open item 3). Prefer the annual revenue-against-expenditure series over this cumulative figure when a single number is needed.",city,NCityLmfCumulativeNetNominalFyTwoFive
city_lmf_cumulative_net_nominal_fy26,3380952,$3.4M,"nominal dollars, cumulative FY2021-FY2026",01_evidence/04_city_programs_lmf/derived_HOT_fund_revenue_expense_FY2021_FY2027.csv,"Headline cumulative figure through the latest fiscal year with any actual spending recorded (FY2026 is a partial-year actual). This is a cumulative revenue-minus-expenditure PROXY built from Open Budget actuals starting FY2021, not an audited fund balance, and it excludes any opening balance the fund may have carried from its 2019-09-30 creation. Press reporting placed the Live Music Fund balance at approximately $3.2 million in September 2025 (within FY2025); this proxy does not reconcile with that figure, and the gap is unresolved pending the ACFR fund-balance schedule (see 01_evidence/04_city_programs_lmf/_sources.md, open item 3). Prefer the annual revenue-against-expenditure series over this cumulative figure when a single number is needed.",city,NCityLmfCumulativeNetNominalFyTwoSix
city_lmf_cumulative_net_real_fy25,5395678.643091908,$5.4M,"2025 dollars, cumulative FY2021-FY2025",01_evidence/04_city_programs_lmf/derived_HOT_fund_revenue_expense_FY2021_FY2027.csv,"Same cumulative proxy as city_lmf_cumulative_net_nominal_fy25, rebuilt entirely in 2025 dollars (each year’s revenue and expenditure deflated before summing). Plotted on fig13’s right axis. Differs from the nominal figure only by each year’s CPI factor; both are cash-flow proxies, not audited balances. Fiscal year FY_Y approximated by calendar year Y for CPI deflation (Austin FY_Y runs Oct(Y-1)-Sep(Y); 9 of 12 months fall in calendar Y). No quarterly deflator is available; this is the module-wide convention.",city,NCityLmfCumulativeNetRealFyTwoFive
city_lmf_fy23_applicants,660,660,count,01_evidence/04_city_programs_lmf/_findings.md,"Press-reported FY2023 Live Music Fund applicant count; secondary reporting, no primary applicant tabulation was located (the FY23 summary dashboard is a JavaScript-gated Power BI embed with no static export).",city,NCityLmfFyTwoThreeApplicants
city_lmf_fy23_avg,9457.9945799458,"$9,458",nominal dollars per award,01_evidence/04_city_programs_lmf/derived_LMF_cohort_summary.csv,"city_lmf_fy23_total divided by city_lmf_fy23_awards_list (369). Two tiers only: $5,000 and $10,000.",city,NCityLmfFyTwoThreeAvg
city_lmf_fy23_awards_list,369,369,count,01_evidence/04_city_programs_lmf/LMF_FY23_awardee_list.pdf,"Line-item tally of the FY2023 Live Music Fund Event Program awardee list (40 x $5,000 + 329 x $10,000). Appears to contain one duplicated name (Alejandro Castillo prints twice). Paired with city_lmf_fy23_total and city_lmf_fy23_avg, and plotted in fig14. See city_lmf_fy23_awards_press for the alternative count.",city,NCityLmfFyTwoThreeAwardsList
city_lmf_fy23_awards_press,368,368,count,01_evidence/04_city_programs_lmf/_findings.md,"Press-reported FY2023 award count (Austin Chronicle), paired with the 660-applicant figure used in city_lmf_fy23_funded_share. One less than the 369-row tally of the primary award-list PDF; the two do not reconcile and both are reported per the project’s mandatory accuracy constraints.",city,NCityLmfFyTwoThreeAwardsPress
city_lmf_fy23_funded_share,55.75757575757576,55.76%,percent of applicants funded,01_evidence/04_city_programs_lmf/_findings.md,368 awards (press count) divided by 660 applicants (same press source). Uses the press award count rather than the 369-row list tally so numerator and denominator trace to the same reporting.,city,NCityLmfFyTwoThreeFundedShare
city_lmf_fy23_total,3490000,$3.5M,nominal dollars,01_evidence/04_city_programs_lmf/derived_LMF_cohort_summary.csv,"FY2023 Live Music Fund Event Program, total awarded (40 x $5,000 + 329 x $10,000).",city,NCityLmfFyTwoThreeTotal
city_lmf_fy24_applicants,1013,"1,013",count,01_evidence/04_city_programs_lmf/_findings.md,"Press-reported FY2024 applicant count requesting over $23 million (Austin Chronicle, 2025-03-28).",city,NCityLmfFyTwoFourApplicants
city_lmf_fy24_avg,32095.58823529412,"$32,096",nominal dollars per award,01_evidence/04_city_programs_lmf/derived_LMF_cohort_summary.csv,"Average masks a wide tier spread ($15,000 to $60,000) and a compositional shift: the number of funded musicians and promoters fell from 369 (FY2023) to 119, even as venues joined the fund.",city,NCityLmfFyTwoFourAvg
city_lmf_fy24_awards,136,136,count,01_evidence/04_city_programs_lmf/derived_LMF_cohort_summary.csv,"FY2024 Live Music Fund awardee list: 15 x $15,000 + 104 x $30,000 (musicians/promoters) + 17 x $60,000 (venues, admitted to the fund for the first time this cycle).",city,NCityLmfFyTwoFourAwards
city_lmf_fy24_funded_share,11.84600197433366,11.85%,percent of applicants funded,01_evidence/04_city_programs_lmf/_findings.md,"120 artists selected (press figure) divided by 1,013 applicants. The FY2024 award list itself tallies 119 musician/promoter awards (excluding the 17 venue awards new that cycle); the 1-award gap between the press figure (120) and the primary list (119) is unresolved and both are reported here for transparency.",city,NCityLmfFyTwoFourFundedShare
city_lmf_fy24_total,4365000,$4.4M,nominal dollars,01_evidence/04_city_programs_lmf/derived_LMF_cohort_summary.csv,FY2024 Live Music Fund total awarded.,city,NCityLmfFyTwoFourTotal
city_lmf_fy25_awards,0,0,count,01_evidence/04_city_programs_lmf/page_LMF_program_page.md,"No FY2025 Live Music Fund cycle ran; the official program page states “No awards made.” This is a genuine zero, not a missing observation: applications were deferred to fall 2025 and folded into the FY2026 cycle. Plotted in fig14 as a true zero-height bar with no average-award line drawn through it.",city,NCityLmfFyTwoFiveAwards
city_lmf_fy26_applicants_not_published,0,not published,"count, unavailable",01_evidence/04_city_programs_lmf/_sources.md,"No applicant count for the FY2026 Live Music Fund specifically has been published. The citywide FY2026 ACME news release reports 1,606 applicants requesting over $67 million across all four programs (Elevate, Live Music Fund, CSAP, Heritage Preservation) combined, with 731 grants totaling over $24 million (about 46% of applicants funded, about 36% of requested dollars) -- but this is program-wide, not LMF-specific, and cannot be used to back out an LMF applicant count.",city,NCityLmfFyTwoSixApplicantsNotPublished
city_lmf_fy26_avg,17894.73684210526,"$17,895",nominal dollars per award,01_evidence/04_city_programs_lmf/LMF_FY26_awardee_list.pdf,"$7,140,000 divided by the document-stated 399 awards.",city,NCityLmfFyTwoSixAvg
city_lmf_fy26_awards,399,399,count,01_evidence/04_city_programs_lmf/LMF_FY26_awardee_list.pdf,"Document-stated headline count, “399 awards totaling $7,140,000.00.” Per this project’s mandatory accuracy constraint, the headline is used as authoritative; the list does not reconcile with itself (see city_lmf_fy26_venue_count_gap, city_lmf_fy26_musician_dollar_gap and city_lmf_fy26_subtotal_count_gap).",city,NCityLmfFyTwoSixAwards
city_lmf_fy26_musician_dollar_gap,90000,"$90,000 short of the stated $5,740,000",nominal dollars,01_evidence/04_city_programs_lmf/LMF_FY26_awardee_list.pdf,"The musician/promoter section states “Funded: 377 ... $5,740,000.00”; the 377 itemized rows (126 x $5,000 + 251 x $20,000 = $5,650,000) sum $90,000 short of that stated figure. The row count (377) matches exactly; only the dollar total does not.",city,NCityLmfFyTwoSixMusicianDollarGap
city_lmf_fy26_subtotal_count_gap,2,399 stated vs. 397 (20+377) from the two section subtotals,count,01_evidence/04_city_programs_lmf/LMF_FY26_awardee_list.pdf,"Additional inconsistency found while verifying this module (not previously logged in the evidence memo): the document’s overall headline of 399 awards does not equal the sum of its own two section-subtotal counts, 20 (venues) + 377 (musicians/promoters) = 397, nor the sum using the 21 individually named venues (398). The dollar headline ($7,140,000) does reconcile exactly with the sum of the two stated dollar subtotals ($1,400,000 + $5,740,000). This module uses the document’s overall stated headline (399 awards, $7,140,000) throughout and does not attempt to resolve the count discrepancy.",city,NCityLmfFyTwoSixSubtotalCountGap
city_lmf_fy26_total,7140000,$7.1M,nominal dollars,01_evidence/04_city_programs_lmf/LMF_FY26_awardee_list.pdf,"Document-stated headline total. The two section subtotals ($1,400,000 venues + $5,740,000 musicians/promoters) sum exactly to this figure even though the itemized musician/promoter rows do not sum to their own stated subtotal (see city_lmf_fy26_musician_dollar_gap).",city,NCityLmfFyTwoSixTotal
city_lmf_fy26_venue_count_gap,1,21 named vs. 20 in the stated subtotal,count,01_evidence/04_city_programs_lmf/LMF_FY26_awardee_list.pdf,"21 venues are individually named in the FY2026 venue section, but the section’s own subtotal line reads “Total Live Music Venues Funded: 20” with $1,400,000.00 (= 20 x $70,000, not 21 x $70,000 = $1,470,000). Verified directly against the PDF text extract.",city,NCityLmfFyTwoSixVenueCountGap
city_lmf_fy27_budget,6000000,$6.0M,"nominal dollars, budgeted",01_evidence/04_city_programs_lmf/page_LMF_program_page.md,"FY2027 Live Music Fund cycle: $6,000,000 available, tiers $5,000 (12-month), $20,000 (24-month), $70,000 (venues, at least $60,000 operating budget), administered by the Long Center for the Performing Arts. Applications open 2026-07-07 and close 2026-08-18 -- still open as of this module’s run date (2026-08-02) -- so no award count, total, or average exists yet. Not plotted in fig14; down from FY2026’s $7.14M.",city,NCityLmfFyTwoSevenBudget
city_lmf_revenue_fy2026_budget,5051453,$5.1M,"nominal dollars, budget",01_evidence/04_city_programs_lmf/derived_HOT_fund_revenue_expense_FY2021_FY2027.csv,"Live Music Fund FY2027 budgeted revenue (row labeled fiscal_year 2027 in the source; FY2027 has not started, budget only, no actual).",city,NCityLmfRevenueFyTwoZeroTwoSixBudget
city_lmf_revenue_fy25,4773754,$4.8M,nominal dollars,01_evidence/04_city_programs_lmf/derived_HOT_fund_revenue_expense_FY2021_FY2027.csv,"Live Music Fund actual revenue, FY2025. Same-year figure; ratios built from it need no deflation.",city,NCityLmfRevenueFyTwoFive
city_lmf_revenue_pctchg_fy24_fy25_nominal,-.8884169046484591,-0.89%,"percent change, nominal",01_evidence/04_city_programs_lmf/derived_HOT_fund_revenue_expense_FY2021_FY2027.csv,"Live Music Fund revenue, FY2024 to FY2025, nominal dollars. Fiscal year FY_Y approximated by calendar year Y for CPI deflation (Austin FY_Y runs Oct(Y-1)-Sep(Y); 9 of 12 months fall in calendar Y). No quarterly deflator is available; this is the module-wide convention.",city,NCityLmfRevenuePctchgFyTwoFourFyTwoFiveNominal
city_lmf_revenue_pctchg_fy24_fy25_real,-3.492399711936278,-3.49%,"percent change, 2025 dollars",01_evidence/04_city_programs_lmf/derived_HOT_fund_revenue_expense_FY2021_FY2027.csv,"Live Music Fund revenue, FY2024 to FY2025, 2025 dollars via out/cpi_annual.dta. FY2025 is the CPI base year so its real and nominal values are identical; the gap between this figure and city_lmf_revenue_pctchg_fy24_fy25_nominal is entirely FY2024’s deflation. Fiscal year FY_Y approximated by calendar year Y for CPI deflation (Austin FY_Y runs Oct(Y-1)-Sep(Y); 9 of 12 months fall in calendar Y). No quarterly deflator is available; this is the module-wide convention.",city,NCityLmfRevenuePctchgFyTwoFourFyTwoFiveReal
city_lmf_share_of_hot_fy2021,2.07748752397455,2.08%,percent of total HOT revenue,01_evidence/04_city_programs_lmf/derived_HOT_fund_revenue_expense_FY2021_FY2027.csv,"Live Music Fund revenue as a share of total HOT revenue, FY2021. Same-year nominal ratio.",city,NCityLmfShareOfHotFyTwoZeroTwoOne
city_lmf_share_of_hot_fy2026,2.628759893128954,2.63%,percent of total HOT revenue,01_evidence/04_city_programs_lmf/derived_HOT_fund_revenue_expense_FY2021_FY2027.csv,"Live Music Fund revenue as a share of total HOT revenue, FY2026. Same-year nominal ratio. FY2026 revenue is a partial-year actual.",city,NCityLmfShareOfHotFyTwoZeroTwoSix
city_lmf_share_of_hot_fy25,2.899868580101064,2.90%,percent of total HOT revenue,01_evidence/04_city_programs_lmf/derived_HOT_fund_revenue_expense_FY2021_FY2027.csv,"Live Music Fund revenue as a share of total Hotel Occupancy Tax Fund revenue, FY2025. Same-year nominal ratio; deflation cancels and was not applied.",city,NCityLmfShareOfHotFyTwoFive
col_acs_rent_pctchg_austin,23.5,+23.5%,"percent change, nominal, ACS 2017-2021 5-year to 2020-2024 5-year",01_evidence/09_cost_of_living/acs_median_rent_homevalue_5geo_long.csv,"Austin MSA, ACS median gross rent, 2017-2021 5-year estimate ($1,398) to 2020-2024 5-year estimate ($1,726). Nominal dollars; each estimate already blends 5 calendar years, so it is context, not comparable to the Zillow/HUD monthly-peak percentages above. A 5-year rolling average cannot show a sharp within-window peak the way a monthly index can.",costliving,NColAcsRentPctchgAustin
col_acs_rent_pctchg_dallas,27.7,+27.7%,"percent change, nominal, ACS 2017-2021 5-year to 2020-2024 5-year",01_evidence/09_cost_of_living/acs_median_rent_homevalue_5geo_long.csv,"Dallas MSA, ACS median gross rent, 2017-2021 5-year estimate ($1,264) to 2020-2024 5-year estimate ($1,614). Nominal dollars; each estimate already blends 5 calendar years, so it is context, not comparable to the Zillow/HUD monthly-peak percentages above. A 5-year rolling average cannot show a sharp within-window peak the way a monthly index can.",costliving,NColAcsRentPctchgDallas
col_acs_rent_pctchg_houston,20.3,+20.3%,"percent change, nominal, ACS 2017-2021 5-year to 2020-2024 5-year",01_evidence/09_cost_of_living/acs_median_rent_homevalue_5geo_long.csv,"Houston MSA, ACS median gross rent, 2017-2021 5-year estimate ($1,189) to 2020-2024 5-year estimate ($1,430). Nominal dollars; each estimate already blends 5 calendar years, so it is context, not comparable to the Zillow/HUD monthly-peak percentages above. A 5-year rolling average cannot show a sharp within-window peak the way a monthly index can.",costliving,NColAcsRentPctchgHouston
col_acs_rent_pctchg_nashville,26.2,+26.2%,"percent change, nominal, ACS 2017-2021 5-year to 2020-2024 5-year",01_evidence/09_cost_of_living/acs_median_rent_homevalue_5geo_long.csv,"Nashville MSA, ACS median gross rent, 2017-2021 5-year estimate ($1,211) to 2020-2024 5-year estimate ($1,528). Nominal dollars; each estimate already blends 5 calendar years, so it is context, not comparable to the Zillow/HUD monthly-peak percentages above. A 5-year rolling average cannot show a sharp within-window peak the way a monthly index can.",costliving,NColAcsRentPctchgNashville
col_acs_rent_pctchg_sanantonio,21.5,+21.5%,"percent change, nominal, ACS 2017-2021 5-year to 2020-2024 5-year",01_evidence/09_cost_of_living/acs_median_rent_homevalue_5geo_long.csv,"San Antonio MSA, ACS median gross rent, 2017-2021 5-year estimate ($1,122) to 2020-2024 5-year estimate ($1,363). Nominal dollars; each estimate already blends 5 calendar years, so it is context, not comparable to the Zillow/HUD monthly-peak percentages above. A 5-year rolling average cannot show a sharp within-window peak the way a monthly index can.",costliving,NColAcsRentPctchgSanantonio
col_anchor_city_wage_2016,17.49,$17.49 per hour,"dollars per hour, nominal, 2016",01_evidence/04_city_programs_lmf/socrata/2qxc-8cme_median_earnings_creative_occupations.csv,"City of Austin Creative Vitality Suite/EMSI median hourly earnings, Musicians and singers, 2016. No Austin MSA OEWS musician wage was published that year, so no same-year OEWS ratio is registered for 2016 (see col_anchor_city_wage_vs_oews_2017 for 2017).",costliving,NColAnchorCityWageTwoZeroOneSix
col_anchor_city_wage_vs_oews_2017,57,57.0%,"City wage as a percent of the OEWS wage, 2017",01_evidence/04_city_programs_lmf/socrata/2qxc-8cme_median_earnings_creative_occupations.csv; 01_evidence/01_wages_oews_qcew/oews_musicians_creatives_2005_2025.csv,"City of Austin Creative Vitality Suite/EMSI median hourly earnings for Musicians and singers, which appears to include self-employed earners, was $17.68 in 2017 against OEWS payroll-only $31.03 the same year -- 57.0% of the OEWS figure, roughly half. The gap is consistent with most Austin musicians being self-employed and therefore outside OEWS payroll coverage (see col_anchor_selfemployment_caveat).",costliving,NColAnchorCityWageVsOewsTwoZeroOneSeven
col_anchor_hours_allocc_first,51.90000000000001,51.9 hours,"hours per month, 2005",multiple,"Hours at the Austin all-occupations median hourly wage (OEWS, nominal) to cover one month of Austin 1-bedroom HUD Fair Market Rent (nominal), 2005.",costliving,NColAnchorHoursAlloccFirst
col_anchor_hours_allocc_latest,60.3,60.3 hours,"hours per month, 2025",multiple,"Same calculation, 2025.",costliving,NColAnchorHoursAlloccLatest
col_anchor_hours_gap_latest,-7.9,-7.9 more hours,"hours per month, 2025 musician minus all-occupations",multiple,"At 2025 Austin wages and rent, the median musician needs -7.9 more hours per month than the typical Austin worker to cover the same 1-bedroom Fair Market Rent.",costliving,NColAnchorHoursGapLatest
col_anchor_hours_musician_first,54.6,54.6 hours,"hours per month, 2005","multiple: oews_musicians_creatives_2005_2025.csv, hud_fmr_1983_2026_5area_long.csv","Hours at the Austin MSA median musician hourly wage (OEWS, nominal) to cover one month of Austin 1-bedroom HUD Fair Market Rent (nominal), 2005. Nominal-on-nominal ratio; no deflation applied or needed, since dollars per dollars is unit-free.",costliving,NColAnchorHoursMusicianFirst
col_anchor_hours_musician_latest,52.40000000000001,52.4 hours,"hours per month, 2025",multiple,"Same calculation, 2025 (latest year with both an Austin MSA OEWS musician wage and a HUD Fair Market Rent).",costliving,NColAnchorHoursMusicianLatest
col_anchor_hours_volatility_note,1,"small, volatile OEWS sample",methodological caveat for fig19,01_evidence/01_wages_oews_qcew/oews_musicians_creatives_2005_2025.csv,"The Austin MSA OEWS musician wage this figure hours-of-work line depends on rests on roughly 100 to 700 payroll jobs across the panel (see 20_wages_industry.do own registered caveat on this same series), so year-to-year swings in hours_musician partly reflect sampling noise in a thin occupation estimate, not only real changes in musician purchasing power. The all-occupations line rests on a far larger sample and is comparatively stable.",costliving,NColAnchorHoursVolatilityNote
col_anchor_oews_gap_note,1,1 year(s) not published,count of missing years in the OEWS musician wage series used by fig19,01_evidence/01_wages_oews_qcew/oews_musicians_creatives_2005_2025.csv,"Austin MSA OEWS median hourly wage for Musicians and singers is not published in 1 of 21 years 2005-2025 (a small-occupation non-publication, consistent with this project other modules noting the Austin musician OEWS estimate rests on roughly 100 to 700 payroll jobs). The hours-of-work line in fig19 has a break at that year rather than an interpolated or invented value.",costliving,NColAnchorOewsGapNote
col_anchor_reconciliation_note,1,"hours track wages and rent together, not rent alone","methodological note, reconciles fig19 against fig20",multiple,"fig20 shows Austin real rent pulling back from its 2022 peak. fig19 hours-of-work line does not simply mirror that pullback, because it divides nominal HUD Fair Market Rent (which kept rising nominally through FY2025 before easing in FY2026, a year with no paired OEWS wage yet) by the small-sample, volatile Austin MSA OEWS musician wage (which itself fell from an unusually high 2022 reading). Both facts are registered above; this is an innocent, explainable divergence between two measures of the same underlying housing pressure, not an inconsistency in this module.",costliving,NColAnchorReconciliationNote
col_anchor_selfemployment_caveat,1,72.2% self-employed,"percent, mandatory caveat for fig19",03_analysis/out/numbers/numbers_pums.csv,"MANDATORY CAVEAT for fig19: OEWS counts payroll wage-and-salary jobs only and excludes the self-employed. This project own PUMS analysis (10_pums_earnings.do) puts Austin-metro musician self-employment at 72.2% -- most of the profession is not represented in the OEWS wage that fig19 musician and all-occupations lines both use. The City EMSI line, which appears to include self-employed earnings, is the one line in fig19 not subject to this caveat, though it covers only 2016-2017.",costliving,NColAnchorSelfemploymentCaveat
col_anchor_timing_alignment_note,1,HUD fiscal year matched to OEWS calendar year,methodological note,multiple,"HUD Fair Market Rent is set by federal fiscal year (October-September); OEWS reports a May-of-calendar-year wage. This module matches HUD fiscal year YYYY to OEWS calendar year YYYY directly, an approximate few-month alignment, not an exact-month match.",costliving,NColAnchorTimingAlignmentNote
col_cpi_allitems_index_2025,165,165.0,"index, 2005=100",03_analysis/data/external/BLS_CPI.dta,"CPI-U All items, U.S. city average, annual average, indexed to 2005=100, 2025.",costliving,NColCpiAllitemsIndexTwoZeroTwoFive
col_cpi_housing_gap_2025,12.3,12.3 points,"index points, cumulative gap since 2005",03_analysis/data/external/BLS_CPI.dta,"Housing index (177.3) minus All items index (165.0), both 2005=100, 2025: national housing prices have risen 12.3 index points faster than the broad CPI basket since 2005. This is a NATIONAL series -- BLS publishes no Austin-area CPI (col_no_austin_bls_cpi) -- used here to show housing outpacing general inflation nationally, a pattern the Regional Price Parity section below shows is sharper still in Austin specifically.",costliving,NColCpiHousingGapTwoZeroTwoFive
col_cpi_housing_index_2025,177.3,177.3,"index, 2005=100",03_analysis/data/external/BLS_CPI.dta,"CPI-U Housing, U.S. city average, annual average, indexed to 2005=100, 2025. October 2025 imputed (col_cpi_housing_oct2025_imputed).",costliving,NColCpiHousingIndexTwoZeroTwoFive
col_cpi_housing_oct2025_imputed,1,October 2025 imputed from September and November,methodological note,03_analysis/data/external/BLS_CPI.dta,"The October 2025 federal funding lapse suspended BLS CPI collection for the Housing item exactly as it did for All items, which _setup.do already patches in the shared cpi_annual.dta. This module independently builds an annual Housing series, since cpi_annual.dta carries only All items, and applies the identical September/November-2025-average imputation so the two national series are treated consistently.",costliving,NColCpiHousingOctTwoZeroTwoFiveImputed
col_defl2026_partial_year,.9760000000000001,0.9760,"multiplier, 2026 nominal dollars to 2025 dollars",03_analysis/data/external/BLS_CPI.dta,"cpi_annual.dta excludes 2026 because it is an incomplete year. This module builds a supplementary 2026 price level from the 5 month(s) of 2026 CPI-U (All items, U.S. city average) available in this extract, January through May, used only to express HUD FY2026 and Zillow June 2026 figures in 2025 dollars. Not part of the shared cpi_annual.dta and not used by any other module.",costliving,NColDeflTwoZeroTwoSixPartialYear
col_hud_br1_austin_pctchg,31.8,+31.8%,"percent change, real, FY2010-FY2026",01_evidence/09_cost_of_living/hud_fmr_1983_2026_5area_long.csv,"Austin HUD Fair Market Rent, 1-bedroom, real 2025 dollars, FY2010 ($1,157) to FY2026 ($1,524). FY2026 uses this module own partial-year CPI patch (col_defl2026_partial_year).",costliving,NColHudBrOneAustinPctchg
col_hud_br1_austin_peak,1679,"$1,679 in FY2024","2025 dollars per month, peak fiscal year",01_evidence/09_cost_of_living/hud_fmr_1983_2026_5area_long.csv,"Austin HUD Fair Market Rent, 1-bedroom, peak real value FY2024 at $1,679, 2025 dollars.",costliving,NColHudBrOneAustinPeak
col_hud_br1_austin_peaktolatest,-9.200000000000001,-9.2%,"percent change, real, peak to FY2026",01_evidence/09_cost_of_living/hud_fmr_1983_2026_5area_long.csv,"Austin HUD Fair Market Rent, 1-bedroom, real 2025 dollars, from its FY2024 peak ($1,679) to FY2026 ($1,524): -9.2%.",costliving,NColHudBrOneAustinPeaktolatest
col_hud_br1_dallas_pctchg,47.1,+47.1%,"percent change, real, FY2010-FY2026",01_evidence/09_cost_of_living/hud_fmr_1983_2026_5area_long.csv,"Dallas HUD Fair Market Rent, 1-bedroom, real 2025 dollars, FY2010 ($1,093) to FY2026 ($1,608). FY2026 uses this module own partial-year CPI patch (col_defl2026_partial_year).",costliving,NColHudBrOneDallasPctchg
col_hud_br1_dallas_peak,1608,"$1,608 in FY2026","2025 dollars per month, peak fiscal year",01_evidence/09_cost_of_living/hud_fmr_1983_2026_5area_long.csv,"Dallas HUD Fair Market Rent, 1-bedroom, peak real value FY2026 at $1,608, 2025 dollars.",costliving,NColHudBrOneDallasPeak
col_hud_br1_dallas_peaktolatest,0,0.0%,"percent change, real, peak to FY2026",01_evidence/09_cost_of_living/hud_fmr_1983_2026_5area_long.csv,"Dallas HUD Fair Market Rent, 1-bedroom, real 2025 dollars, from its FY2026 peak ($1,608) to FY2026 ($1,608): 0.0%.",costliving,NColHudBrOneDallasPeaktolatest
col_hud_br1_houston_pctchg,18.9,+18.9%,"percent change, real, FY2010-FY2026",01_evidence/09_cost_of_living/hud_fmr_1983_2026_5area_long.csv,"Houston HUD Fair Market Rent, 1-bedroom, real 2025 dollars, FY2010 ($1,086) to FY2026 ($1,291). FY2026 uses this module own partial-year CPI patch (col_defl2026_partial_year).",costliving,NColHudBrOneHoustonPctchg
col_hud_br1_houston_peak,1291,"$1,291 in FY2026","2025 dollars per month, peak fiscal year",01_evidence/09_cost_of_living/hud_fmr_1983_2026_5area_long.csv,"Houston HUD Fair Market Rent, 1-bedroom, peak real value FY2026 at $1,291, 2025 dollars.",costliving,NColHudBrOneHoustonPeak
col_hud_br1_houston_peaktolatest,0,0.0%,"percent change, real, peak to FY2026",01_evidence/09_cost_of_living/hud_fmr_1983_2026_5area_long.csv,"Houston HUD Fair Market Rent, 1-bedroom, real 2025 dollars, from its FY2026 peak ($1,291) to FY2026 ($1,291): 0.0%.",costliving,NColHudBrOneHoustonPeaktolatest
col_hud_br1_nashville_pctchg,48.5,+48.5%,"percent change, real, FY2010-FY2026",01_evidence/09_cost_of_living/hud_fmr_1983_2026_5area_long.csv,"Nashville HUD Fair Market Rent, 1-bedroom, real 2025 dollars, FY2010 ($1,037) to FY2026 ($1,540). FY2026 uses this module own partial-year CPI patch (col_defl2026_partial_year).",costliving,NColHudBrOneNashvillePctchg
col_hud_br1_nashville_peak,1650,"$1,650 in FY2025","2025 dollars per month, peak fiscal year",01_evidence/09_cost_of_living/hud_fmr_1983_2026_5area_long.csv,"Nashville HUD Fair Market Rent, 1-bedroom, peak real value FY2025 at $1,650, 2025 dollars.",costliving,NColHudBrOneNashvillePeak
col_hud_br1_nashville_peaktolatest,-6.7,-6.7%,"percent change, real, peak to FY2026",01_evidence/09_cost_of_living/hud_fmr_1983_2026_5area_long.csv,"Nashville HUD Fair Market Rent, 1-bedroom, real 2025 dollars, from its FY2025 peak ($1,650) to FY2026 ($1,540): -6.7%.",costliving,NColHudBrOneNashvillePeaktolatest
col_hud_br1_sanantonio_pctchg,20.5,+20.5%,"percent change, real, FY2010-FY2026",01_evidence/09_cost_of_living/hud_fmr_1983_2026_5area_long.csv,"San Antonio HUD Fair Market Rent, 1-bedroom, real 2025 dollars, FY2010 ($953) to FY2026 ($1,149). FY2026 uses this module own partial-year CPI patch (col_defl2026_partial_year).",costliving,NColHudBrOneSanantonioPctchg
col_hud_br1_sanantonio_peak,1231,"$1,231 in FY2025","2025 dollars per month, peak fiscal year",01_evidence/09_cost_of_living/hud_fmr_1983_2026_5area_long.csv,"San Antonio HUD Fair Market Rent, 1-bedroom, peak real value FY2025 at $1,231, 2025 dollars.",costliving,NColHudBrOneSanantonioPeak
col_hud_br1_sanantonio_peaktolatest,-6.7,-6.7%,"percent change, real, peak to FY2026",01_evidence/09_cost_of_living/hud_fmr_1983_2026_5area_long.csv,"San Antonio HUD Fair Market Rent, 1-bedroom, real 2025 dollars, from its FY2025 peak ($1,231) to FY2026 ($1,149): -6.7%.",costliving,NColHudBrOneSanantonioPeaktolatest
col_hud_br2_austin_pctchg,28.2,+28.2%,"percent change, real, FY2010-FY2026",01_evidence/09_cost_of_living/hud_fmr_1983_2026_5area_long.csv,"Austin HUD Fair Market Rent, 2-bedroom, real 2025 dollars, FY2010 ($1,409) to FY2026 ($1,808). FY2026 uses this module own partial-year CPI patch (col_defl2026_partial_year).",costliving,NColHudBrTwoAustinPctchg
col_hud_br2_austin_peak,1976,"$1,976 in FY2024","2025 dollars per month, peak fiscal year",01_evidence/09_cost_of_living/hud_fmr_1983_2026_5area_long.csv,"Austin HUD Fair Market Rent, 2-bedroom, peak real value FY2024 at $1,976, 2025 dollars.",costliving,NColHudBrTwoAustinPeak
col_hud_br2_austin_peaktolatest,-8.5,-8.5%,"percent change, real, peak to FY2026",01_evidence/09_cost_of_living/hud_fmr_1983_2026_5area_long.csv,"Austin HUD Fair Market Rent, 2-bedroom, real 2025 dollars, from its FY2024 peak ($1,976) to FY2026 ($1,808): -8.5%.",costliving,NColHudBrTwoAustinPeaktolatest
col_hud_br2_dallas_pctchg,42.7,+42.7%,"percent change, real, FY2010-FY2026",01_evidence/09_cost_of_living/hud_fmr_1983_2026_5area_long.csv,"Dallas HUD Fair Market Rent, 2-bedroom, real 2025 dollars, FY2010 ($1,321) to FY2026 ($1,885). FY2026 uses this module own partial-year CPI patch (col_defl2026_partial_year).",costliving,NColHudBrTwoDallasPctchg
col_hud_br2_dallas_peak,1885,"$1,885 in FY2026","2025 dollars per month, peak fiscal year",01_evidence/09_cost_of_living/hud_fmr_1983_2026_5area_long.csv,"Dallas HUD Fair Market Rent, 2-bedroom, peak real value FY2026 at $1,885, 2025 dollars.",costliving,NColHudBrTwoDallasPeak
col_hud_br2_dallas_peaktolatest,0,0.0%,"percent change, real, peak to FY2026",01_evidence/09_cost_of_living/hud_fmr_1983_2026_5area_long.csv,"Dallas HUD Fair Market Rent, 2-bedroom, real 2025 dollars, from its FY2026 peak ($1,885) to FY2026 ($1,885): 0.0%.",costliving,NColHudBrTwoDallasPeaktolatest
col_hud_br2_houston_pctchg,16.5,+16.5%,"percent change, real, FY2010-FY2026",01_evidence/09_cost_of_living/hud_fmr_1983_2026_5area_long.csv,"Houston HUD Fair Market Rent, 2-bedroom, real 2025 dollars, FY2010 ($1,318) to FY2026 ($1,535). FY2026 uses this module own partial-year CPI patch (col_defl2026_partial_year).",costliving,NColHudBrTwoHoustonPctchg
col_hud_br2_houston_peak,1535,"$1,535 in FY2026","2025 dollars per month, peak fiscal year",01_evidence/09_cost_of_living/hud_fmr_1983_2026_5area_long.csv,"Houston HUD Fair Market Rent, 2-bedroom, peak real value FY2026 at $1,535, 2025 dollars.",costliving,NColHudBrTwoHoustonPeak
col_hud_br2_houston_peaktolatest,0,0.0%,"percent change, real, peak to FY2026",01_evidence/09_cost_of_living/hud_fmr_1983_2026_5area_long.csv,"Houston HUD Fair Market Rent, 2-bedroom, real 2025 dollars, from its FY2026 peak ($1,535) to FY2026 ($1,535): 0.0%.",costliving,NColHudBrTwoHoustonPeaktolatest
col_hud_br2_nashville_pctchg,41.6,+41.6%,"percent change, real, FY2010-FY2026",01_evidence/09_cost_of_living/hud_fmr_1983_2026_5area_long.csv,"Nashville HUD Fair Market Rent, 2-bedroom, real 2025 dollars, FY2010 ($1,192) to FY2026 ($1,688). FY2026 uses this module own partial-year CPI patch (col_defl2026_partial_year).",costliving,NColHudBrTwoNashvillePctchg
col_hud_br2_nashville_peak,1827,"$1,827 in FY2025","2025 dollars per month, peak fiscal year",01_evidence/09_cost_of_living/hud_fmr_1983_2026_5area_long.csv,"Nashville HUD Fair Market Rent, 2-bedroom, peak real value FY2025 at $1,827, 2025 dollars.",costliving,NColHudBrTwoNashvillePeak
col_hud_br2_nashville_peaktolatest,-7.600000000000001,-7.6%,"percent change, real, peak to FY2026",01_evidence/09_cost_of_living/hud_fmr_1983_2026_5area_long.csv,"Nashville HUD Fair Market Rent, 2-bedroom, real 2025 dollars, from its FY2025 peak ($1,827) to FY2026 ($1,688): -7.6%.",costliving,NColHudBrTwoNashvillePeaktolatest
col_hud_br2_sanantonio_pctchg,18.3,+18.3%,"percent change, real, FY2010-FY2026",01_evidence/09_cost_of_living/hud_fmr_1983_2026_5area_long.csv,"San Antonio HUD Fair Market Rent, 2-bedroom, real 2025 dollars, FY2010 ($1,176) to FY2026 ($1,392). FY2026 uses this module own partial-year CPI patch (col_defl2026_partial_year).",costliving,NColHudBrTwoSanantonioPctchg
col_hud_br2_sanantonio_peak,1501,"$1,501 in FY2025","2025 dollars per month, peak fiscal year",01_evidence/09_cost_of_living/hud_fmr_1983_2026_5area_long.csv,"San Antonio HUD Fair Market Rent, 2-bedroom, peak real value FY2025 at $1,501, 2025 dollars.",costliving,NColHudBrTwoSanantonioPeak
col_hud_br2_sanantonio_peaktolatest,-7.300000000000001,-7.3%,"percent change, real, peak to FY2026",01_evidence/09_cost_of_living/hud_fmr_1983_2026_5area_long.csv,"San Antonio HUD Fair Market Rent, 2-bedroom, real 2025 dollars, from its FY2025 peak ($1,501) to FY2026 ($1,392): -7.3%.",costliving,NColHudBrTwoSanantonioPeaktolatest
col_mit_housing_lineitem_monthly,1518,"$1,518 per month","dollars per month, implied housing line item, 2026-02-15 vintage",01_evidence/09_cost_of_living/mit_living_wage_travis_county_20260801.md,"MIT implied monthly housing cost within its no-frills budget, Travis County, 2026-02-15 vintage. Cross-check only: sits close to, and modestly below, both HUD FY2026 Austin 1-bedroom Fair Market Rent and Zillow June 2026 Austin ZORI registered elsewhere in this module -- three independently built sources landing within roughly 150 dollars a month of each other.",costliving,NColMitHousingLineitemMonthly
col_mit_living_wage_hourly,23.69,$23.69 per hour,"dollars per hour, nominal, single adult, no dependents, 2026-02-15 vintage",01_evidence/09_cost_of_living/mit_living_wage_travis_county_20260801.md,"MIT Living Wage Calculator, Travis County, 1 adult / 0 children, as published 2026-02-15, retrieved 2026-08-01. A budget-based (expenditure-minimum) benchmark, not a market price. Hand-transcribed from this project own markdown note, since MIT publishes no machine-readable file for this figure.",costliving,NColMitLivingWageHourly
col_no_austin_bls_cpi,1,no Austin-area BLS CPI exists,"methodological framing, verified against the file",03_analysis/data/external/BLS_CPI.dta,"The only area_name values in this project BLS CPI extract are: Dallas-Fort Worth-Arlington, TX Houston-The Woodlands-Sugar Land, TX South U.S. city average. BLS publishes no Austin-specific consumer price index at all; the closest published series are Dallas-Fort Worth-Arlington and Houston-The Woodlands-Sugar Land, plus a broader South census region. Every real-dollar figure in this report, including every one in this module, therefore deflates by the U.S. city average, the only series available for a metro BLS does not price on its own. Given this module own finding that Austin housing carries a large price premium over the national average (see the Regional Price Parity section below), U.S.-average deflation most likely UNDERSTATES how much Austin cost of living has actually risen, so any real-dollar decline this module reports is a conservative reading, not an overstated one.",costliving,NColNoAustinBlsCpi
col_pums_rent_share_latest,63.8,63.8%,"percent of annual earnings, latest FMR vs. pooled 2020-2024 earnings",03_analysis/out/numbers/numbers_pums.csv; 01_evidence/09_cost_of_living/hud_fmr_1983_2026_5area_long.csv,"Same PUMS earnings figure against the LATEST available Austin 1-bedroom Fair Market Rent (FY2026, annualized, real 2025 dollars via this module partial-year patch) rather than the period-matched FY2020-2024 average. This mixes a 2026 rent level with an earnings estimate centered on 2020-2024; read as what today rent would cost out of that pooled-period income, not as a true 2026 earnings observation.",costliving,NColPumsRentShareLatest
col_pums_rent_share_matched,61.6,61.6%,"percent of annual earnings, period-matched",03_analysis/out/numbers/numbers_pums.csv; 01_evidence/09_cost_of_living/hud_fmr_1983_2026_5area_long.csv,"Annualized Austin 1-bedroom HUD Fair Market Rent (12 times the FY2020-FY2024 average 1-bedroom FMR, the same 5 fiscal years the ACS 5-year PUMS estimate pools, real 2025 dollars) as a share of median Austin musician annual earnings from work (ACS 2020-2024 5-year PUMS, positive-earnings base, employed ages 18-64, n=not available unweighted records, real 2025 dollars, $28,683). SNAPSHOT comparison, not a year-by-year trend: PUMS is a single pooled 5-year cross-section, unlike OEWS true annual panel used in fig19. Covers the self-employed, unlike the OEWS-based anchor above, which is the reason this measure exists.",costliving,NColPumsRentShareMatched
col_pums_rent_share_methodological_note,1,"2 point estimates, not a trend",methodological note,multiple,"Task 5 share-of-income measure is two point comparisons (period-matched and latest), not an annual trend like fig19 hours-of-work series, because the underlying PUMS source is a single pooled 2020-2024 5-year cross-section, not an annual panel. Do not chart this as a time series.",costliving,NColPumsRentShareMethodologicalNote
col_rpp_allitems_austin,98.10000000000001,98.1,"index, US average=100, 2024",01_evidence/09_cost_of_living/bea_rpp_marpp_5metro_long.csv,"BEA Regional Price Parity, All items, Austin, 2024 (latest BEA vintage in this extract).",costliving,NColRppAllitemsAustin
col_rpp_allitems_dallas,103.1,103.1,"index, US average=100, 2024",01_evidence/09_cost_of_living/bea_rpp_marpp_5metro_long.csv,"BEA Regional Price Parity, All items, Dallas, 2024 (latest BEA vintage in this extract).",costliving,NColRppAllitemsDallas
col_rpp_allitems_houston,98.60000000000001,98.6,"index, US average=100, 2024",01_evidence/09_cost_of_living/bea_rpp_marpp_5metro_long.csv,"BEA Regional Price Parity, All items, Houston, 2024 (latest BEA vintage in this extract).",costliving,NColRppAllitemsHouston
col_rpp_allitems_nashville,96.30000000000001,96.3,"index, US average=100, 2024",01_evidence/09_cost_of_living/bea_rpp_marpp_5metro_long.csv,"BEA Regional Price Parity, All items, Nashville, 2024 (latest BEA vintage in this extract).",costliving,NColRppAllitemsNashville
col_rpp_allitems_sanantonio,94.7,94.7,"index, US average=100, 2024",01_evidence/09_cost_of_living/bea_rpp_marpp_5metro_long.csv,"BEA Regional Price Parity, All items, San Antonio, 2024 (latest BEA vintage in this extract).",costliving,NColRppAllitemsSanantonio
col_rpp_allitems_us,100,100.0,"index, US average=100, 2024",01_evidence/09_cost_of_living/bea_rpp_marpp_5metro_long.csv,"BEA Regional Price Parity, All items, United States, 2024 (latest BEA vintage in this extract).",costliving,NColRppAllitemsUs
col_rpp_austin_housing_peak,126.4,126.4 in 2023,"index, US average=100, peak year",01_evidence/09_cost_of_living/bea_rpp_marpp_5metro_long.csv,"Austin housing Regional Price Parity peaked at 126.4 in 2023, up from 110.0 in 2008 (earliest year in this BEA extract), then eased to 120.4 by 2024. A third, methodologically independent source (BEA regional accounts) corroborates the same 2022-2023 peak and pullback that Zillow market index and HUD administrative Fair Market Rent both show.",costliving,NColRppAustinHousingPeak
col_rpp_gap_austin,22.3,22.3 points,"index points, housing RPP minus all-items RPP",01_evidence/09_cost_of_living/bea_rpp_marpp_5metro_long.csv,"Austin, 2024: housing RPP (120.4) minus all-items RPP (98.1) = 22.3 points. Austin gap is the widest of the 5 metros compared here (verified directly), meaning the Austin cost problem is specifically a HOUSING problem: Austin sits near the national average on everything else.",costliving,NColRppGapAustin
col_rpp_gap_dallas,14.8,14.8 points,"index points, housing RPP minus all-items RPP",01_evidence/09_cost_of_living/bea_rpp_marpp_5metro_long.csv,"Dallas, 2024: housing RPP (117.9) minus all-items RPP (103.1) = 14.8 points. Austin gap is the widest of the 5 metros compared here (verified directly), meaning the Austin cost problem is specifically a HOUSING problem: Austin sits near the national average on everything else.",costliving,NColRppGapDallas
col_rpp_gap_houston,5.9,5.9 points,"index points, housing RPP minus all-items RPP",01_evidence/09_cost_of_living/bea_rpp_marpp_5metro_long.csv,"Houston, 2024: housing RPP (104.5) minus all-items RPP (98.6) = 5.9 points. Austin gap is the widest of the 5 metros compared here (verified directly), meaning the Austin cost problem is specifically a HOUSING problem: Austin sits near the national average on everything else.",costliving,NColRppGapHouston
col_rpp_gap_nashville,8.300000000000001,8.3 points,"index points, housing RPP minus all-items RPP",01_evidence/09_cost_of_living/bea_rpp_marpp_5metro_long.csv,"Nashville, 2024: housing RPP (104.6) minus all-items RPP (96.3) = 8.3 points. Austin gap is the widest of the 5 metros compared here (verified directly), meaning the Austin cost problem is specifically a HOUSING problem: Austin sits near the national average on everything else.",costliving,NColRppGapNashville
col_rpp_gap_sanantonio,-.1,-0.1 points,"index points, housing RPP minus all-items RPP",01_evidence/09_cost_of_living/bea_rpp_marpp_5metro_long.csv,"San Antonio, 2024: housing RPP (94.6) minus all-items RPP (94.7) = -0.1 points. Austin gap is the widest of the 5 metros compared here (verified directly), meaning the Austin cost problem is specifically a HOUSING problem: Austin sits near the national average on everything else.",costliving,NColRppGapSanantonio
col_rpp_gap_us,.6000000000000001,0.6 points,"index points, housing RPP minus all-items RPP",01_evidence/09_cost_of_living/bea_rpp_marpp_5metro_long.csv,"United States, 2024: housing RPP (100.6) minus all-items RPP (100.0) = 0.6 points. Austin gap is the widest of the 5 metros compared here (verified directly), meaning the Austin cost problem is specifically a HOUSING problem: Austin sits near the national average on everything else.",costliving,NColRppGapUs
col_rpp_housing_austin,120.4,120.4,"index, US average=100, 2024",01_evidence/09_cost_of_living/bea_rpp_marpp_5metro_long.csv,"BEA Regional Price Parity, Housing services, Austin, 2024.",costliving,NColRppHousingAustin
col_rpp_housing_dallas,117.9,117.9,"index, US average=100, 2024",01_evidence/09_cost_of_living/bea_rpp_marpp_5metro_long.csv,"BEA Regional Price Parity, Housing services, Dallas, 2024.",costliving,NColRppHousingDallas
col_rpp_housing_houston,104.5,104.5,"index, US average=100, 2024",01_evidence/09_cost_of_living/bea_rpp_marpp_5metro_long.csv,"BEA Regional Price Parity, Housing services, Houston, 2024.",costliving,NColRppHousingHouston
col_rpp_housing_nashville,104.6,104.6,"index, US average=100, 2024",01_evidence/09_cost_of_living/bea_rpp_marpp_5metro_long.csv,"BEA Regional Price Parity, Housing services, Nashville, 2024.",costliving,NColRppHousingNashville
col_rpp_housing_sanantonio,94.60000000000001,94.6,"index, US average=100, 2024",01_evidence/09_cost_of_living/bea_rpp_marpp_5metro_long.csv,"BEA Regional Price Parity, Housing services, San Antonio, 2024.",costliving,NColRppHousingSanantonio
col_rpp_housing_us,100.6,100.6,"index, US average=100, 2024",01_evidence/09_cost_of_living/bea_rpp_marpp_5metro_long.csv,"BEA Regional Price Parity, Housing services, United States, 2024.",costliving,NColRppHousingUs
col_zhvi_austin_pctchg,36.1,+36.1%,"percent change, real, January 2010 to June 2026",01_evidence/09_cost_of_living/zillow_zhvi_allhomes_seasadj_5metro_long.csv,"Austin Zillow ZHVI (all homes), real 2025 dollars, January 2010 ($306,061) to June 2026 ($416,692).",costliving,NColZhviAustinPctchg
col_zhvi_austin_peak,640261,"$640,261 in June 2022","2025 dollars, peak month",01_evidence/09_cost_of_living/zillow_zhvi_allhomes_seasadj_5metro_long.csv,"Austin Zillow ZHVI peak, June 2022, real 2025 dollars.",costliving,NColZhviAustinPeak
col_zhvi_austin_peaktolatest,-34.9,-34.9%,"percent change, real, peak to June 2026",01_evidence/09_cost_of_living/zillow_zhvi_allhomes_seasadj_5metro_long.csv,"Austin Zillow ZHVI, real 2025 dollars, from its June 2022 peak ($640,261) to June 2026 ($416,692): -34.9%. This differs from any nominal-dollar peak-to-latest percent quoted elsewhere, because this figure is deflated to constant 2025 dollars and the nominal one is not.",costliving,NColZhviAustinPeaktolatest
col_zhvi_dallas_pctchg,56.40000000000001,+56.4%,"percent change, real, January 2010 to June 2026",01_evidence/09_cost_of_living/zillow_zhvi_allhomes_seasadj_5metro_long.csv,"Dallas Zillow ZHVI (all homes), real 2025 dollars, January 2010 ($228,855) to June 2026 ($357,896).",costliving,NColZhviDallasPctchg
col_zhvi_dallas_peak,441077,"$441,077 in August 2022","2025 dollars, peak month",01_evidence/09_cost_of_living/zillow_zhvi_allhomes_seasadj_5metro_long.csv,"Dallas Zillow ZHVI peak, August 2022, real 2025 dollars.",costliving,NColZhviDallasPeak
col_zhvi_dallas_peaktolatest,-18.9,-18.9%,"percent change, real, peak to June 2026",01_evidence/09_cost_of_living/zillow_zhvi_allhomes_seasadj_5metro_long.csv,"Dallas Zillow ZHVI, real 2025 dollars, from its August 2022 peak ($441,077) to June 2026 ($357,896): -18.9%. This differs from any nominal-dollar peak-to-latest percent quoted elsewhere, because this figure is deflated to constant 2025 dollars and the nominal one is not.",costliving,NColZhviDallasPeaktolatest
col_zhvi_houston_pctchg,31.5,+31.5%,"percent change, real, January 2010 to June 2026",01_evidence/09_cost_of_living/zillow_zhvi_allhomes_seasadj_5metro_long.csv,"Houston Zillow ZHVI (all homes), real 2025 dollars, January 2010 ($229,305) to June 2026 ($301,515).",costliving,NColZhviHoustonPctchg
col_zhvi_houston_peak,355547,"$355,547 in August 2022","2025 dollars, peak month",01_evidence/09_cost_of_living/zillow_zhvi_allhomes_seasadj_5metro_long.csv,"Houston Zillow ZHVI peak, August 2022, real 2025 dollars.",costliving,NColZhviHoustonPeak
col_zhvi_houston_peaktolatest,-15.2,-15.2%,"percent change, real, peak to June 2026",01_evidence/09_cost_of_living/zillow_zhvi_allhomes_seasadj_5metro_long.csv,"Houston Zillow ZHVI, real 2025 dollars, from its August 2022 peak ($355,547) to June 2026 ($301,515): -15.2%. This differs from any nominal-dollar peak-to-latest percent quoted elsewhere, because this figure is deflated to constant 2025 dollars and the nominal one is not.",costliving,NColZhviHoustonPeaktolatest
col_zhvi_nashville_pctchg,63.90000000000001,+63.9%,"percent change, real, January 2010 to June 2026",01_evidence/09_cost_of_living/zillow_zhvi_allhomes_seasadj_5metro_long.csv,"Nashville Zillow ZHVI (all homes), real 2025 dollars, January 2010 ($272,551) to June 2026 ($446,816).",costliving,NColZhviNashvillePctchg
col_zhvi_nashville_peak,515644,"$515,644 in August 2022","2025 dollars, peak month",01_evidence/09_cost_of_living/zillow_zhvi_allhomes_seasadj_5metro_long.csv,"Nashville Zillow ZHVI peak, August 2022, real 2025 dollars.",costliving,NColZhviNashvillePeak
col_zhvi_nashville_peaktolatest,-13.3,-13.3%,"percent change, real, peak to June 2026",01_evidence/09_cost_of_living/zillow_zhvi_allhomes_seasadj_5metro_long.csv,"Nashville Zillow ZHVI, real 2025 dollars, from its August 2022 peak ($515,644) to June 2026 ($446,816): -13.3%. This differs from any nominal-dollar peak-to-latest percent quoted elsewhere, because this figure is deflated to constant 2025 dollars and the nominal one is not.",costliving,NColZhviNashvillePeaktolatest
col_zhvi_sanantonio_pctchg,26.7,+26.7%,"percent change, real, January 2010 to June 2026",01_evidence/09_cost_of_living/zillow_zhvi_allhomes_seasadj_5metro_long.csv,"San Antonio Zillow ZHVI (all homes), real 2025 dollars, January 2010 ($215,898) to June 2026 ($273,638).",costliving,NColZhviSanantonioPctchg
col_zhvi_sanantonio_peak,341829,"$341,829 in August 2022","2025 dollars, peak month",01_evidence/09_cost_of_living/zillow_zhvi_allhomes_seasadj_5metro_long.csv,"San Antonio Zillow ZHVI peak, August 2022, real 2025 dollars.",costliving,NColZhviSanantonioPeak
col_zhvi_sanantonio_peaktolatest,-19.9,-19.9%,"percent change, real, peak to June 2026",01_evidence/09_cost_of_living/zillow_zhvi_allhomes_seasadj_5metro_long.csv,"San Antonio Zillow ZHVI, real 2025 dollars, from its August 2022 peak ($341,829) to June 2026 ($273,638): -19.9%. This differs from any nominal-dollar peak-to-latest percent quoted elsewhere, because this figure is deflated to constant 2025 dollars and the nominal one is not.",costliving,NColZhviSanantonioPeaktolatest
col_zori_austin_pctchg,-3.3,-3.3%,"percent change, real, January 2015 to June 2026",01_evidence/09_cost_of_living/zillow_zori_seasadj_5metro_long.csv,"Austin Zillow ZORI, real 2025 dollars, January 2015 ($1,669, earliest available) to June 2026 ($1,614).",costliving,NColZoriAustinPctchg
col_zori_austin_peak,2108,"$2,108 in December 2021","2025 dollars per month, peak month",01_evidence/09_cost_of_living/zillow_zori_seasadj_5metro_long.csv,"Austin Zillow ZORI peak, December 2021, real 2025 dollars.",costliving,NColZoriAustinPeak
col_zori_austin_peaktolatest,-23.5,-23.5%,"percent change, real, peak to June 2026",01_evidence/09_cost_of_living/zillow_zori_seasadj_5metro_long.csv,"Austin Zillow ZORI, real 2025 dollars, from its December 2021 peak ($2,108) to June 2026 ($1,614): -23.5%.",costliving,NColZoriAustinPeaktolatest
col_zori_dallas_pctchg,11.6,+11.6%,"percent change, real, January 2015 to June 2026",01_evidence/09_cost_of_living/zillow_zori_seasadj_5metro_long.csv,"Dallas Zillow ZORI, real 2025 dollars, January 2015 ($1,463, earliest available) to June 2026 ($1,633).",costliving,NColZoriDallasPctchg
col_zori_dallas_peak,1877,"$1,877 in December 2021","2025 dollars per month, peak month",01_evidence/09_cost_of_living/zillow_zori_seasadj_5metro_long.csv,"Dallas Zillow ZORI peak, December 2021, real 2025 dollars.",costliving,NColZoriDallasPeak
col_zori_dallas_peaktolatest,-13,-13.0%,"percent change, real, peak to June 2026",01_evidence/09_cost_of_living/zillow_zori_seasadj_5metro_long.csv,"Dallas Zillow ZORI, real 2025 dollars, from its December 2021 peak ($1,877) to June 2026 ($1,633): -13.0%.",costliving,NColZoriDallasPeaktolatest
col_zori_houston_pctchg,-3.2,-3.2%,"percent change, real, January 2015 to June 2026",01_evidence/09_cost_of_living/zillow_zori_seasadj_5metro_long.csv,"Houston Zillow ZORI, real 2025 dollars, January 2015 ($1,662, earliest available) to June 2026 ($1,608).",costliving,NColZoriHoustonPctchg
col_zori_houston_peak,1806,"$1,806 in December 2021","2025 dollars per month, peak month",01_evidence/09_cost_of_living/zillow_zori_seasadj_5metro_long.csv,"Houston Zillow ZORI peak, December 2021, real 2025 dollars.",costliving,NColZoriHoustonPeak
col_zori_houston_peaktolatest,-10.9,-10.9%,"percent change, real, peak to June 2026",01_evidence/09_cost_of_living/zillow_zori_seasadj_5metro_long.csv,"Houston Zillow ZORI, real 2025 dollars, from its December 2021 peak ($1,806) to June 2026 ($1,608): -10.9%.",costliving,NColZoriHoustonPeaktolatest
col_zori_nashville_pctchg,13.7,+13.7%,"percent change, real, January 2015 to June 2026",01_evidence/09_cost_of_living/zillow_zori_seasadj_5metro_long.csv,"Nashville Zillow ZORI, real 2025 dollars, January 2015 ($1,554, earliest available) to June 2026 ($1,767).",costliving,NColZoriNashvillePctchg
col_zori_nashville_peak,1999,"$1,999 in December 2021","2025 dollars per month, peak month",01_evidence/09_cost_of_living/zillow_zori_seasadj_5metro_long.csv,"Nashville Zillow ZORI peak, December 2021, real 2025 dollars.",costliving,NColZoriNashvillePeak
col_zori_nashville_peaktolatest,-11.6,-11.6%,"percent change, real, peak to June 2026",01_evidence/09_cost_of_living/zillow_zori_seasadj_5metro_long.csv,"Nashville Zillow ZORI, real 2025 dollars, from its December 2021 peak ($1,999) to June 2026 ($1,767): -11.6%.",costliving,NColZoriNashvillePeaktolatest
col_zori_real_vs_nominal_peak_note,1,real peak precedes nominal peak by about a year,methodological note,01_evidence/09_cost_of_living/zillow_zori_seasadj_5metro_long.csv,"The REAL (2025-dollar) Zillow ZORI peak this module registers for all 5 metros falls in December 2021, one calendar year before the widely cited NOMINAL peak month, which varies by metro from mid-2022 into 2023 or later. This is a genuine, explainable artifact of using an ANNUAL CPI-U deflator (as this report requires throughout) during 2021-2023, the sharpest national inflation stretch in this series own span: the deflator step from 2021 to 2022 outweighs the modest further nominal rent increase many metros saw into 2022 or later, so the REAL peak lands a year earlier than the NOMINAL one. Both readings are correct for what they measure; a report drawing on this module should specify which one (real, constant-purchasing-power peak, or nominal, actual-dollars-charged-at-the-time peak) it means. Zillow ZHVI does not show this same shift, because its nominal peak already fell within mid-2022, before the sharpest part of the 2021-2023 inflation stretch.",costliving,NColZoriRealVsNominalPeakNote
col_zori_sanantonio_pctchg,-2.5,-2.5%,"percent change, real, January 2015 to June 2026",01_evidence/09_cost_of_living/zillow_zori_seasadj_5metro_long.csv,"San Antonio Zillow ZORI, real 2025 dollars, January 2015 ($1,418, earliest available) to June 2026 ($1,382).",costliving,NColZoriSanantonioPctchg
col_zori_sanantonio_peak,1682,"$1,682 in December 2021","2025 dollars per month, peak month",01_evidence/09_cost_of_living/zillow_zori_seasadj_5metro_long.csv,"San Antonio Zillow ZORI peak, December 2021, real 2025 dollars.",costliving,NColZoriSanantonioPeak
col_zori_sanantonio_peaktolatest,-17.8,-17.8%,"percent change, real, peak to June 2026",01_evidence/09_cost_of_living/zillow_zori_seasadj_5metro_long.csv,"San Antonio Zillow ZORI, real 2025 dollars, from its December 2021 peak ($1,682) to June 2026 ($1,382): -17.8%.",costliving,NColZoriSanantonioPeaktolatest
col_zori_seasonal_crosscheck,1,August 2022,"peak month, not-seasonally-adjusted series, cross-check only",01_evidence/09_cost_of_living/zillow_zori_notseasadj_5metro_long.csv,"Austin ZORI peak month using the NOT-seasonally-adjusted series: August 2022. This module uses the seasonally adjusted ZORI throughout, as the evidence folder recommends, so an ordinary within-year seasonal swing in the rental market is not mistaken for the cyclical 2022 peak; the two series agree closely on timing.",costliving,NColZoriSeasonalCrosscheck
pums_austin_allwork_hicov,87.68768253011625,87.7%,percent,01_evidence/02_pums_nes_microdata/pums_baseline_TX_workers18to64_2020_2024_5yr.csv + pums_person_repweights_TX_2020_2024_5yr.csv.gz,"Share with any health insurance (HICOV = 1). Base EMP = All workers, Austin-Round Rock-San Marcos metro, ages 18-64, employed (ESR 1/2/4/5), ACS 2020-2024 5-year PUMS, PWGTP-weighted; 48643 unweighted records.",pums,NPumsAustinAllworkHicov
pums_austin_allwork_hicov_moe,.4020958180780601,+/- 0.4 points,"percentage points, 90 percent margin of error",01_evidence/02_pums_nes_microdata/pums_baseline_TX_workers18to64_2020_2024_5yr.csv + pums_person_repweights_TX_2020_2024_5yr.csv.gz,"90 percent MOE = 1.645 x SDR standard error from the 80 PUMS replicate weights. Share with any health insurance (HICOV = 1). Base EMP = All workers, Austin-Round Rock-San Marcos metro, ages 18-64, employed (ESR 1/2/4/5), ACS 2020-2024 5-year PUMS, PWGTP-weighted; 48643 unweighted records.",pums,NPumsAustinAllworkHicovMoe
pums_austin_allwork_lt10k,6.78838333646902,6.8%,percent,01_evidence/02_pums_nes_microdata/pums_baseline_TX_workers18to64_2020_2024_5yr.csv + pums_person_repweights_TX_2020_2024_5yr.csv.gz,"Share earning under 10,000 dollars from work in 2025 dollars. Base EMP = All workers, Austin-Round Rock-San Marcos metro, ages 18-64, employed (ESR 1/2/4/5), ACS 2020-2024 5-year PUMS, PWGTP-weighted; 48643 unweighted records. Dollars adjusted with ADJINC to 2024 then by the CPI-U 2024 factor to 2025 dollars.",pums,NPumsAustinAllworkLtOneZerok
pums_austin_allwork_lt10k_moe,.25675877116328,+/- 0.3 points,"percentage points, 90 percent margin of error",01_evidence/02_pums_nes_microdata/pums_baseline_TX_workers18to64_2020_2024_5yr.csv + pums_person_repweights_TX_2020_2024_5yr.csv.gz,"90 percent MOE = 1.645 x SDR standard error from the 80 PUMS replicate weights. Share earning under 10,000 dollars from work in 2025 dollars. Base EMP = All workers, Austin-Round Rock-San Marcos metro, ages 18-64, employed (ESR 1/2/4/5), ACS 2020-2024 5-year PUMS, PWGTP-weighted; 48643 unweighted records. Dollars adjusted with ADJINC to 2024 then by the CPI-U 2024 factor to 2025 dollars.",pums,NPumsAustinAllworkLtOneZerokMoe
pums_austin_allwork_lt25k,17.48174991588294,17.5%,percent,01_evidence/02_pums_nes_microdata/pums_baseline_TX_workers18to64_2020_2024_5yr.csv + pums_person_repweights_TX_2020_2024_5yr.csv.gz,"Share earning under 25,000 dollars from work in 2025 dollars. Base EMP = All workers, Austin-Round Rock-San Marcos metro, ages 18-64, employed (ESR 1/2/4/5), ACS 2020-2024 5-year PUMS, PWGTP-weighted; 48643 unweighted records. Dollars adjusted with ADJINC to 2024 then by the CPI-U 2024 factor to 2025 dollars.",pums,NPumsAustinAllworkLtTwoFivek
pums_austin_allwork_lt25k_moe,.37868529268572,+/- 0.4 points,"percentage points, 90 percent margin of error",01_evidence/02_pums_nes_microdata/pums_baseline_TX_workers18to64_2020_2024_5yr.csv + pums_person_repweights_TX_2020_2024_5yr.csv.gz,"90 percent MOE = 1.645 x SDR standard error from the 80 PUMS replicate weights. Share earning under 25,000 dollars from work in 2025 dollars. Base EMP = All workers, Austin-Round Rock-San Marcos metro, ages 18-64, employed (ESR 1/2/4/5), ACS 2020-2024 5-year PUMS, PWGTP-weighted; 48643 unweighted records. Dollars adjusted with ADJINC to 2024 then by the CPI-U 2024 factor to 2025 dollars.",pums,NPumsAustinAllworkLtTwoFivekMoe
pums_austin_allwork_lt50k,39.47264263403887,39.5%,percent,01_evidence/02_pums_nes_microdata/pums_baseline_TX_workers18to64_2020_2024_5yr.csv + pums_person_repweights_TX_2020_2024_5yr.csv.gz,"Share earning under 50,000 dollars from work in 2025 dollars. Base EMP = All workers, Austin-Round Rock-San Marcos metro, ages 18-64, employed (ESR 1/2/4/5), ACS 2020-2024 5-year PUMS, PWGTP-weighted; 48643 unweighted records. Dollars adjusted with ADJINC to 2024 then by the CPI-U 2024 factor to 2025 dollars.",pums,NPumsAustinAllworkLtFiveZerok
pums_austin_allwork_lt50k_moe,.5239416941747099,+/- 0.5 points,"percentage points, 90 percent margin of error",01_evidence/02_pums_nes_microdata/pums_baseline_TX_workers18to64_2020_2024_5yr.csv + pums_person_repweights_TX_2020_2024_5yr.csv.gz,"90 percent MOE = 1.645 x SDR standard error from the 80 PUMS replicate weights. Share earning under 50,000 dollars from work in 2025 dollars. Base EMP = All workers, Austin-Round Rock-San Marcos metro, ages 18-64, employed (ESR 1/2/4/5), ACS 2020-2024 5-year PUMS, PWGTP-weighted; 48643 unweighted records. Dollars adjusted with ADJINC to 2024 then by the CPI-U 2024 factor to 2025 dollars.",pums,NPumsAustinAllworkLtFiveZerokMoe
pums_austin_allwork_ltmusiccensus,10.01808809534776,10.0%,percent,01_evidence/02_pums_nes_microdata/pums_baseline_TX_workers18to64_2020_2024_5yr.csv + pums_person_repweights_TX_2020_2024_5yr.csv.gz,"Share earning less than the 2013 Austin Music Census 10,000 dollar line restated in 2025 dollars. Base EMP = All workers, Austin-Round Rock-San Marcos metro, ages 18-64, employed (ESR 1/2/4/5), ACS 2020-2024 5-year PUMS, PWGTP-weighted; 48643 unweighted records. Dollars adjusted with ADJINC to 2024 then by the CPI-U 2024 factor to 2025 dollars.",pums,NPumsAustinAllworkLtmusiccensus
pums_austin_allwork_ltmusiccensus_moe,.28339932100761,+/- 0.3 points,"percentage points, 90 percent margin of error",01_evidence/02_pums_nes_microdata/pums_baseline_TX_workers18to64_2020_2024_5yr.csv + pums_person_repweights_TX_2020_2024_5yr.csv.gz,"90 percent MOE = 1.645 x SDR standard error from the 80 PUMS replicate weights. Share earning less than the 2013 Austin Music Census 10,000 dollar line restated in 2025 dollars. Base EMP = All workers, Austin-Round Rock-San Marcos metro, ages 18-64, employed (ESR 1/2/4/5), ACS 2020-2024 5-year PUMS, PWGTP-weighted; 48643 unweighted records. Dollars adjusted with ADJINC to 2024 then by the CPI-U 2024 factor to 2025 dollars.",pums,NPumsAustinAllworkLtmusiccensusMoe
pums_austin_allwork_meanpernp_emp,87684.45490780323,"$87,700",2025 dollars,01_evidence/02_pums_nes_microdata/pums_baseline_TX_workers18to64_2020_2024_5yr.csv + pums_person_repweights_TX_2020_2024_5yr.csv.gz,"Mean personal earnings from work, zero and negative earners included. Base EMP = All workers, Austin-Round Rock-San Marcos metro, ages 18-64, employed (ESR 1/2/4/5), ACS 2020-2024 5-year PUMS, PWGTP-weighted; 48643 unweighted records. Dollars adjusted with ADJINC to 2024 then by the CPI-U 2024 factor to 2025 dollars.",pums,NPumsAustinAllworkMeanpernpEmp
pums_austin_allwork_meanpernp_emp_moe,918.9484150910827,+/- $900,"2025 dollars, 90 percent margin of error",01_evidence/02_pums_nes_microdata/pums_baseline_TX_workers18to64_2020_2024_5yr.csv + pums_person_repweights_TX_2020_2024_5yr.csv.gz,"90 percent MOE = 1.645 x SDR standard error from the 80 PUMS replicate weights. Mean personal earnings from work, zero and negative earners included. Base EMP = All workers, Austin-Round Rock-San Marcos metro, ages 18-64, employed (ESR 1/2/4/5), ACS 2020-2024 5-year PUMS, PWGTP-weighted; 48643 unweighted records. Dollars adjusted with ADJINC to 2024 then by the CPI-U 2024 factor to 2025 dollars.",pums,NPumsAustinAllworkMeanpernpEmpMoe
pums_austin_allwork_meanpernp_pos,87755.13097506409,"$87,800",2025 dollars,01_evidence/02_pums_nes_microdata/pums_baseline_TX_workers18to64_2020_2024_5yr.csv + pums_person_repweights_TX_2020_2024_5yr.csv.gz,"Mean personal earnings from work. Base POS = All workers, Austin-Round Rock-San Marcos metro, ages 18-64, employed (ESR 1/2/4/5) with positive earnings, ACS 2020-2024 5-year PUMS, PWGTP-weighted; 48606 unweighted records. Dollars adjusted with ADJINC to 2024 then by the CPI-U 2024 factor to 2025 dollars.",pums,NPumsAustinAllworkMeanpernpPos
pums_austin_allwork_meanpernp_pos_moe,917.4986675409932,+/- $900,"2025 dollars, 90 percent margin of error",01_evidence/02_pums_nes_microdata/pums_baseline_TX_workers18to64_2020_2024_5yr.csv + pums_person_repweights_TX_2020_2024_5yr.csv.gz,"90 percent MOE = 1.645 x SDR standard error from the 80 PUMS replicate weights. Mean personal earnings from work. Base POS = All workers, Austin-Round Rock-San Marcos metro, ages 18-64, employed (ESR 1/2/4/5) with positive earnings, ACS 2020-2024 5-year PUMS, PWGTP-weighted; 48606 unweighted records. Dollars adjusted with ADJINC to 2024 then by the CPI-U 2024 factor to 2025 dollars.",pums,NPumsAustinAllworkMeanpernpPosMoe
pums_austin_allwork_meanpincp_emp,91258.89875972204,"$91,300",2025 dollars,01_evidence/02_pums_nes_microdata/pums_baseline_TX_workers18to64_2020_2024_5yr.csv + pums_person_repweights_TX_2020_2024_5yr.csv.gz,"Mean total personal income. Base EMP = All workers, Austin-Round Rock-San Marcos metro, ages 18-64, employed (ESR 1/2/4/5), ACS 2020-2024 5-year PUMS, PWGTP-weighted; 48643 unweighted records. Dollars adjusted with ADJINC to 2024 then by the CPI-U 2024 factor to 2025 dollars.",pums,NPumsAustinAllworkMeanpincpEmp
pums_austin_allwork_meanpincp_emp_moe,929.9696006461661,+/- $900,"2025 dollars, 90 percent margin of error",01_evidence/02_pums_nes_microdata/pums_baseline_TX_workers18to64_2020_2024_5yr.csv + pums_person_repweights_TX_2020_2024_5yr.csv.gz,"90 percent MOE = 1.645 x SDR standard error from the 80 PUMS replicate weights. Mean total personal income. Base EMP = All workers, Austin-Round Rock-San Marcos metro, ages 18-64, employed (ESR 1/2/4/5), ACS 2020-2024 5-year PUMS, PWGTP-weighted; 48643 unweighted records. Dollars adjusted with ADJINC to 2024 then by the CPI-U 2024 factor to 2025 dollars.",pums,NPumsAustinAllworkMeanpincpEmpMoe
pums_austin_allwork_meanpincp_pos,91313.57376707316,"$91,300",2025 dollars,01_evidence/02_pums_nes_microdata/pums_baseline_TX_workers18to64_2020_2024_5yr.csv + pums_person_repweights_TX_2020_2024_5yr.csv.gz,"Mean total personal income. Base POS = All workers, Austin-Round Rock-San Marcos metro, ages 18-64, employed (ESR 1/2/4/5) with positive earnings, ACS 2020-2024 5-year PUMS, PWGTP-weighted; 48606 unweighted records. Dollars adjusted with ADJINC to 2024 then by the CPI-U 2024 factor to 2025 dollars.",pums,NPumsAustinAllworkMeanpincpPos
pums_austin_allwork_meanpincp_pos_moe,927.4914318745155,+/- $900,"2025 dollars, 90 percent margin of error",01_evidence/02_pums_nes_microdata/pums_baseline_TX_workers18to64_2020_2024_5yr.csv + pums_person_repweights_TX_2020_2024_5yr.csv.gz,"90 percent MOE = 1.645 x SDR standard error from the 80 PUMS replicate weights. Mean total personal income. Base POS = All workers, Austin-Round Rock-San Marcos metro, ages 18-64, employed (ESR 1/2/4/5) with positive earnings, ACS 2020-2024 5-year PUMS, PWGTP-weighted; 48606 unweighted records. Dollars adjusted with ADJINC to 2024 then by the CPI-U 2024 factor to 2025 dollars.",pums,NPumsAustinAllworkMeanpincpPosMoe
pums_austin_allwork_medpernp_emp,62121.98763990402,"$62,100",2025 dollars,01_evidence/02_pums_nes_microdata/pums_baseline_TX_workers18to64_2020_2024_5yr.csv + pums_person_repweights_TX_2020_2024_5yr.csv.gz,"Median personal earnings from work, zero and negative earners included. Base EMP = All workers, Austin-Round Rock-San Marcos metro, ages 18-64, employed (ESR 1/2/4/5), ACS 2020-2024 5-year PUMS, PWGTP-weighted; 48643 unweighted records. Dollars adjusted with ADJINC to 2024 then by the CPI-U 2024 factor to 2025 dollars.",pums,NPumsAustinAllworkMedpernpEmp
pums_austin_allwork_medpernp_emp_moe,1353.780478216676,"+/- $1,400","2025 dollars, 90 percent margin of error",01_evidence/02_pums_nes_microdata/pums_baseline_TX_workers18to64_2020_2024_5yr.csv + pums_person_repweights_TX_2020_2024_5yr.csv.gz,"90 percent MOE = 1.645 x SDR standard error from the 80 PUMS replicate weights. Median personal earnings from work, zero and negative earners included. Base EMP = All workers, Austin-Round Rock-San Marcos metro, ages 18-64, employed (ESR 1/2/4/5), ACS 2020-2024 5-year PUMS, PWGTP-weighted; 48643 unweighted records. Dollars adjusted with ADJINC to 2024 then by the CPI-U 2024 factor to 2025 dollars.",pums,NPumsAustinAllworkMedpernpEmpMoe
pums_austin_allwork_medpernp_pos,62497.29775411567,"$62,500",2025 dollars,01_evidence/02_pums_nes_microdata/pums_baseline_TX_workers18to64_2020_2024_5yr.csv + pums_person_repweights_TX_2020_2024_5yr.csv.gz,"HEADLINE earnings figure. Median personal earnings from work. Base POS = All workers, Austin-Round Rock-San Marcos metro, ages 18-64, employed (ESR 1/2/4/5) with positive earnings, ACS 2020-2024 5-year PUMS, PWGTP-weighted; 48606 unweighted records. Dollars adjusted with ADJINC to 2024 then by the CPI-U 2024 factor to 2025 dollars.",pums,NPumsAustinAllworkMedpernpPos
pums_austin_allwork_medpernp_pos_moe,1465.984129123938,"+/- $1,500","2025 dollars, 90 percent margin of error",01_evidence/02_pums_nes_microdata/pums_baseline_TX_workers18to64_2020_2024_5yr.csv + pums_person_repweights_TX_2020_2024_5yr.csv.gz,"90 percent MOE = 1.645 x SDR standard error from the 80 PUMS replicate weights. HEADLINE earnings figure. Median personal earnings from work. Base POS = All workers, Austin-Round Rock-San Marcos metro, ages 18-64, employed (ESR 1/2/4/5) with positive earnings, ACS 2020-2024 5-year PUMS, PWGTP-weighted; 48606 unweighted records. Dollars adjusted with ADJINC to 2024 then by the CPI-U 2024 factor to 2025 dollars.",pums,NPumsAustinAllworkMedpernpPosMoe
pums_austin_allwork_medpincp_emp,62913.94640580977,"$62,900",2025 dollars,01_evidence/02_pums_nes_microdata/pums_baseline_TX_workers18to64_2020_2024_5yr.csv + pums_person_repweights_TX_2020_2024_5yr.csv.gz,"Median total personal income. Base EMP = All workers, Austin-Round Rock-San Marcos metro, ages 18-64, employed (ESR 1/2/4/5), ACS 2020-2024 5-year PUMS, PWGTP-weighted; 48643 unweighted records. Dollars adjusted with ADJINC to 2024 then by the CPI-U 2024 factor to 2025 dollars.",pums,NPumsAustinAllworkMedpincpEmp
pums_austin_allwork_medpincp_emp_moe,607.8480239370027,+/- $600,"2025 dollars, 90 percent margin of error",01_evidence/02_pums_nes_microdata/pums_baseline_TX_workers18to64_2020_2024_5yr.csv + pums_person_repweights_TX_2020_2024_5yr.csv.gz,"90 percent MOE = 1.645 x SDR standard error from the 80 PUMS replicate weights. Median total personal income. Base EMP = All workers, Austin-Round Rock-San Marcos metro, ages 18-64, employed (ESR 1/2/4/5), ACS 2020-2024 5-year PUMS, PWGTP-weighted; 48643 unweighted records. Dollars adjusted with ADJINC to 2024 then by the CPI-U 2024 factor to 2025 dollars.",pums,NPumsAustinAllworkMedpincpEmpMoe
pums_austin_allwork_medpincp_pos,63079.93964673325,"$63,100",2025 dollars,01_evidence/02_pums_nes_microdata/pums_baseline_TX_workers18to64_2020_2024_5yr.csv + pums_person_repweights_TX_2020_2024_5yr.csv.gz,"Median total personal income on the same base as the headline earnings figure, so the earnings-to-income gap is not a base artefact. Base POS = All workers, Austin-Round Rock-San Marcos metro, ages 18-64, employed (ESR 1/2/4/5) with positive earnings, ACS 2020-2024 5-year PUMS, PWGTP-weighted; 48606 unweighted records. Dollars adjusted with ADJINC to 2024 then by the CPI-U 2024 factor to 2025 dollars.",pums,NPumsAustinAllworkMedpincpPos
pums_austin_allwork_medpincp_pos_moe,711.8210744243282,+/- $700,"2025 dollars, 90 percent margin of error",01_evidence/02_pums_nes_microdata/pums_baseline_TX_workers18to64_2020_2024_5yr.csv + pums_person_repweights_TX_2020_2024_5yr.csv.gz,"90 percent MOE = 1.645 x SDR standard error from the 80 PUMS replicate weights. Median total personal income on the same base as the headline earnings figure, so the earnings-to-income gap is not a base artefact. Base POS = All workers, Austin-Round Rock-San Marcos metro, ages 18-64, employed (ESR 1/2/4/5) with positive earnings, ACS 2020-2024 5-year PUMS, PWGTP-weighted; 48606 unweighted records. Dollars adjusted with ADJINC to 2024 then by the CPI-U 2024 factor to 2025 dollars.",pums,NPumsAustinAllworkMedpincpPosMoe
pums_austin_allwork_medwkhp,40,40,usual hours per week,01_evidence/02_pums_nes_microdata/pums_baseline_TX_workers18to64_2020_2024_5yr.csv + pums_person_repweights_TX_2020_2024_5yr.csv.gz,"Median usual hours worked per week (WKHP). Base EMP = All workers, Austin-Round Rock-San Marcos metro, ages 18-64, employed (ESR 1/2/4/5), ACS 2020-2024 5-year PUMS, PWGTP-weighted; 48643 unweighted records.",pums,NPumsAustinAllworkMedwkhp
pums_austin_allwork_medwkwn,52,52,weeks worked in past 12 months,01_evidence/02_pums_nes_microdata/pums_baseline_TX_workers18to64_2020_2024_5yr.csv + pums_person_repweights_TX_2020_2024_5yr.csv.gz,"Median weeks worked in the past 12 months (WKWN). Base EMP = All workers, Austin-Round Rock-San Marcos metro, ages 18-64, employed (ESR 1/2/4/5), ACS 2020-2024 5-year PUMS, PWGTP-weighted; 48643 unweighted records.",pums,NPumsAustinAllworkMedwkwn
pums_austin_allwork_n_emp,48643,"48,643",unweighted person records,01_evidence/02_pums_nes_microdata/pums_baseline_TX_workers18to64_2020_2024_5yr.csv + pums_person_repweights_TX_2020_2024_5yr.csv.gz,"Base EMP = All workers, Austin-Round Rock-San Marcos metro, ages 18-64, employed (ESR 1/2/4/5), ACS 2020-2024 5-year PUMS, PWGTP-weighted; 48643 unweighted records.",pums,NPumsAustinAllworkNEmp
pums_austin_allwork_n_pos,48606,"48,606",unweighted person records,01_evidence/02_pums_nes_microdata/pums_baseline_TX_workers18to64_2020_2024_5yr.csv + pums_person_repweights_TX_2020_2024_5yr.csv.gz,"Base POS = All workers, Austin-Round Rock-San Marcos metro, ages 18-64, employed (ESR 1/2/4/5) with positive earnings, ACS 2020-2024 5-year PUMS, PWGTP-weighted; 48606 unweighted records.",pums,NPumsAustinAllworkNPos
pums_austin_allwork_nonposearn,.07471000106952,0.1%,percent,01_evidence/02_pums_nes_microdata/pums_baseline_TX_workers18to64_2020_2024_5yr.csv + pums_person_repweights_TX_2020_2024_5yr.csv.gz,"Share of employed people reporting zero or negative earnings from work. Base EMP = All workers, Austin-Round Rock-San Marcos metro, ages 18-64, employed (ESR 1/2/4/5), ACS 2020-2024 5-year PUMS, PWGTP-weighted; 48643 unweighted records.",pums,NPumsAustinAllworkNonposearn
pums_austin_allwork_nonposearn_moe,.02777388782035,+/- 0.0 points,"percentage points, 90 percent margin of error",01_evidence/02_pums_nes_microdata/pums_baseline_TX_workers18to64_2020_2024_5yr.csv + pums_person_repweights_TX_2020_2024_5yr.csv.gz,"90 percent MOE = 1.645 x SDR standard error from the 80 PUMS replicate weights. Share of employed people reporting zero or negative earnings from work. Base EMP = All workers, Austin-Round Rock-San Marcos metro, ages 18-64, employed (ESR 1/2/4/5), ACS 2020-2024 5-year PUMS, PWGTP-weighted; 48643 unweighted records.",pums,NPumsAustinAllworkNonposearnMoe
pums_austin_allwork_privcov,84.67734569496305,84.7%,percent,01_evidence/02_pums_nes_microdata/pums_baseline_TX_workers18to64_2020_2024_5yr.csv + pums_person_repweights_TX_2020_2024_5yr.csv.gz,"Share with private coverage (PRIVCOV = 1). Private and public overlap, so the two shares do not sum to the any-coverage share. Base EMP = All workers, Austin-Round Rock-San Marcos metro, ages 18-64, employed (ESR 1/2/4/5), ACS 2020-2024 5-year PUMS, PWGTP-weighted; 48643 unweighted records.",pums,NPumsAustinAllworkPrivcov
pums_austin_allwork_privcov_moe,.46795564936372,+/- 0.5 points,"percentage points, 90 percent margin of error",01_evidence/02_pums_nes_microdata/pums_baseline_TX_workers18to64_2020_2024_5yr.csv + pums_person_repweights_TX_2020_2024_5yr.csv.gz,"90 percent MOE = 1.645 x SDR standard error from the 80 PUMS replicate weights. Share with private coverage (PRIVCOV = 1). Private and public overlap, so the two shares do not sum to the any-coverage share. Base EMP = All workers, Austin-Round Rock-San Marcos metro, ages 18-64, employed (ESR 1/2/4/5), ACS 2020-2024 5-year PUMS, PWGTP-weighted; 48643 unweighted records.",pums,NPumsAustinAllworkPrivcovMoe
pums_austin_allwork_pubcov,5.51542484384673,5.5%,percent,01_evidence/02_pums_nes_microdata/pums_baseline_TX_workers18to64_2020_2024_5yr.csv + pums_person_repweights_TX_2020_2024_5yr.csv.gz,"Share with public coverage (PUBCOV = 1). Private and public overlap. Base EMP = All workers, Austin-Round Rock-San Marcos metro, ages 18-64, employed (ESR 1/2/4/5), ACS 2020-2024 5-year PUMS, PWGTP-weighted; 48643 unweighted records.",pums,NPumsAustinAllworkPubcov
pums_austin_allwork_pubcov_moe,.31287656020248,+/- 0.3 points,"percentage points, 90 percent margin of error",01_evidence/02_pums_nes_microdata/pums_baseline_TX_workers18to64_2020_2024_5yr.csv + pums_person_repweights_TX_2020_2024_5yr.csv.gz,"90 percent MOE = 1.645 x SDR standard error from the 80 PUMS replicate weights. Share with public coverage (PUBCOV = 1). Private and public overlap. Base EMP = All workers, Austin-Round Rock-San Marcos metro, ages 18-64, employed (ESR 1/2/4/5), ACS 2020-2024 5-year PUMS, PWGTP-weighted; 48643 unweighted records.",pums,NPumsAustinAllworkPubcovMoe
pums_austin_allwork_selfemp,10.35346339795449,10.4%,percent,01_evidence/02_pums_nes_microdata/pums_baseline_TX_workers18to64_2020_2024_5yr.csv + pums_person_repweights_TX_2020_2024_5yr.csv.gz,"Share self-employed, COW 6 (unincorporated) or 7 (incorporated). Base EMP = All workers, Austin-Round Rock-San Marcos metro, ages 18-64, employed (ESR 1/2/4/5), ACS 2020-2024 5-year PUMS, PWGTP-weighted; 48643 unweighted records.",pums,NPumsAustinAllworkSelfemp
pums_austin_allwork_selfemp_moe,.37176093277299,+/- 0.4 points,"percentage points, 90 percent margin of error",01_evidence/02_pums_nes_microdata/pums_baseline_TX_workers18to64_2020_2024_5yr.csv + pums_person_repweights_TX_2020_2024_5yr.csv.gz,"90 percent MOE = 1.645 x SDR standard error from the 80 PUMS replicate weights. Share self-employed, COW 6 (unincorporated) or 7 (incorporated). Base EMP = All workers, Austin-Round Rock-San Marcos metro, ages 18-64, employed (ESR 1/2/4/5), ACS 2020-2024 5-year PUMS, PWGTP-weighted; 48643 unweighted records.",pums,NPumsAustinAllworkSelfempMoe
pums_austin_allwork_wtd_emp,1280953,"1,280,953",people,01_evidence/02_pums_nes_microdata/pums_baseline_TX_workers18to64_2020_2024_5yr.csv + pums_person_repweights_TX_2020_2024_5yr.csv.gz,"Weighted denominator for every EMP-base figure in this cell. Base EMP = All workers, Austin-Round Rock-San Marcos metro, ages 18-64, employed (ESR 1/2/4/5), ACS 2020-2024 5-year PUMS, PWGTP-weighted; 48643 unweighted records.",pums,NPumsAustinAllworkWtdEmp
pums_austin_allwork_wtd_pos,1279996,"1,279,996",people,01_evidence/02_pums_nes_microdata/pums_baseline_TX_workers18to64_2020_2024_5yr.csv + pums_person_repweights_TX_2020_2024_5yr.csv.gz,"Weighted denominator for every POS-base figure in this cell. Base POS = All workers, Austin-Round Rock-San Marcos metro, ages 18-64, employed (ESR 1/2/4/5) with positive earnings, ACS 2020-2024 5-year PUMS, PWGTP-weighted; 48606 unweighted records.",pums,NPumsAustinAllworkWtdPos
pums_austin_creative_hicov,87.53767607799718,87.5%,percent,01_evidence/02_pums_nes_microdata/pums_baseline_TX_workers18to64_2020_2024_5yr.csv + pums_person_repweights_TX_2020_2024_5yr.csv.gz,"Share with any health insurance (HICOV = 1). Base EMP = Nine creative occupations pooled (OCCP 2634, 2700, 2710, 2740, 2751, 2752, 2850, 2905, 2910), Austin-Round Rock-San Marcos metro, ages 18-64, employed (ESR 1/2/4/5), ACS 2020-2024 5-year PUMS, PWGTP-weighted; 667 unweighted records.",pums,NPumsAustinCreativeHicov
pums_austin_creative_hicov_moe,2.98772038640273,+/- 3.0 points,"percentage points, 90 percent margin of error",01_evidence/02_pums_nes_microdata/pums_baseline_TX_workers18to64_2020_2024_5yr.csv + pums_person_repweights_TX_2020_2024_5yr.csv.gz,"90 percent MOE = 1.645 x SDR standard error from the 80 PUMS replicate weights. Share with any health insurance (HICOV = 1). Base EMP = Nine creative occupations pooled (OCCP 2634, 2700, 2710, 2740, 2751, 2752, 2850, 2905, 2910), Austin-Round Rock-San Marcos metro, ages 18-64, employed (ESR 1/2/4/5), ACS 2020-2024 5-year PUMS, PWGTP-weighted; 667 unweighted records.",pums,NPumsAustinCreativeHicovMoe
pums_austin_creative_lt10k,12.64685981423387,12.6%,percent,01_evidence/02_pums_nes_microdata/pums_baseline_TX_workers18to64_2020_2024_5yr.csv + pums_person_repweights_TX_2020_2024_5yr.csv.gz,"Share earning under 10,000 dollars from work in 2025 dollars. Base EMP = Nine creative occupations pooled (OCCP 2634, 2700, 2710, 2740, 2751, 2752, 2850, 2905, 2910), Austin-Round Rock-San Marcos metro, ages 18-64, employed (ESR 1/2/4/5), ACS 2020-2024 5-year PUMS, PWGTP-weighted; 667 unweighted records. Dollars adjusted with ADJINC to 2024 then by the CPI-U 2024 factor to 2025 dollars.",pums,NPumsAustinCreativeLtOneZerok
pums_austin_creative_lt10k_moe,2.60736913774042,+/- 2.6 points,"percentage points, 90 percent margin of error",01_evidence/02_pums_nes_microdata/pums_baseline_TX_workers18to64_2020_2024_5yr.csv + pums_person_repweights_TX_2020_2024_5yr.csv.gz,"90 percent MOE = 1.645 x SDR standard error from the 80 PUMS replicate weights. Share earning under 10,000 dollars from work in 2025 dollars. Base EMP = Nine creative occupations pooled (OCCP 2634, 2700, 2710, 2740, 2751, 2752, 2850, 2905, 2910), Austin-Round Rock-San Marcos metro, ages 18-64, employed (ESR 1/2/4/5), ACS 2020-2024 5-year PUMS, PWGTP-weighted; 667 unweighted records. Dollars adjusted with ADJINC to 2024 then by the CPI-U 2024 factor to 2025 dollars.",pums,NPumsAustinCreativeLtOneZerokMoe
pums_austin_creative_lt25k,24.03887556129667,24.0%,percent,01_evidence/02_pums_nes_microdata/pums_baseline_TX_workers18to64_2020_2024_5yr.csv + pums_person_repweights_TX_2020_2024_5yr.csv.gz,"Share earning under 25,000 dollars from work in 2025 dollars. Base EMP = Nine creative occupations pooled (OCCP 2634, 2700, 2710, 2740, 2751, 2752, 2850, 2905, 2910), Austin-Round Rock-San Marcos metro, ages 18-64, employed (ESR 1/2/4/5), ACS 2020-2024 5-year PUMS, PWGTP-weighted; 667 unweighted records. Dollars adjusted with ADJINC to 2024 then by the CPI-U 2024 factor to 2025 dollars.",pums,NPumsAustinCreativeLtTwoFivek
pums_austin_creative_lt25k_moe,3.85901851577655,+/- 3.9 points,"percentage points, 90 percent margin of error",01_evidence/02_pums_nes_microdata/pums_baseline_TX_workers18to64_2020_2024_5yr.csv + pums_person_repweights_TX_2020_2024_5yr.csv.gz,"90 percent MOE = 1.645 x SDR standard error from the 80 PUMS replicate weights. Share earning under 25,000 dollars from work in 2025 dollars. Base EMP = Nine creative occupations pooled (OCCP 2634, 2700, 2710, 2740, 2751, 2752, 2850, 2905, 2910), Austin-Round Rock-San Marcos metro, ages 18-64, employed (ESR 1/2/4/5), ACS 2020-2024 5-year PUMS, PWGTP-weighted; 667 unweighted records. Dollars adjusted with ADJINC to 2024 then by the CPI-U 2024 factor to 2025 dollars.",pums,NPumsAustinCreativeLtTwoFivekMoe
pums_austin_creative_lt50k,46.4353816817371,46.4%,percent,01_evidence/02_pums_nes_microdata/pums_baseline_TX_workers18to64_2020_2024_5yr.csv + pums_person_repweights_TX_2020_2024_5yr.csv.gz,"Share earning under 50,000 dollars from work in 2025 dollars. Base EMP = Nine creative occupations pooled (OCCP 2634, 2700, 2710, 2740, 2751, 2752, 2850, 2905, 2910), Austin-Round Rock-San Marcos metro, ages 18-64, employed (ESR 1/2/4/5), ACS 2020-2024 5-year PUMS, PWGTP-weighted; 667 unweighted records. Dollars adjusted with ADJINC to 2024 then by the CPI-U 2024 factor to 2025 dollars.",pums,NPumsAustinCreativeLtFiveZerok
pums_austin_creative_lt50k_moe,4.70366575142338,+/- 4.7 points,"percentage points, 90 percent margin of error",01_evidence/02_pums_nes_microdata/pums_baseline_TX_workers18to64_2020_2024_5yr.csv + pums_person_repweights_TX_2020_2024_5yr.csv.gz,"90 percent MOE = 1.645 x SDR standard error from the 80 PUMS replicate weights. Share earning under 50,000 dollars from work in 2025 dollars. Base EMP = Nine creative occupations pooled (OCCP 2634, 2700, 2710, 2740, 2751, 2752, 2850, 2905, 2910), Austin-Round Rock-San Marcos metro, ages 18-64, employed (ESR 1/2/4/5), ACS 2020-2024 5-year PUMS, PWGTP-weighted; 667 unweighted records. Dollars adjusted with ADJINC to 2024 then by the CPI-U 2024 factor to 2025 dollars.",pums,NPumsAustinCreativeLtFiveZerokMoe
pums_austin_creative_ltmusiccensus,15.31647905517623,15.3%,percent,01_evidence/02_pums_nes_microdata/pums_baseline_TX_workers18to64_2020_2024_5yr.csv + pums_person_repweights_TX_2020_2024_5yr.csv.gz,"Share earning less than the 2013 Austin Music Census 10,000 dollar line restated in 2025 dollars. Base EMP = Nine creative occupations pooled (OCCP 2634, 2700, 2710, 2740, 2751, 2752, 2850, 2905, 2910), Austin-Round Rock-San Marcos metro, ages 18-64, employed (ESR 1/2/4/5), ACS 2020-2024 5-year PUMS, PWGTP-weighted; 667 unweighted records. Dollars adjusted with ADJINC to 2024 then by the CPI-U 2024 factor to 2025 dollars.",pums,NPumsAustinCreativeLtmusiccensus
pums_austin_creative_ltmusiccensus_moe,2.77794238540938,+/- 2.8 points,"percentage points, 90 percent margin of error",01_evidence/02_pums_nes_microdata/pums_baseline_TX_workers18to64_2020_2024_5yr.csv + pums_person_repweights_TX_2020_2024_5yr.csv.gz,"90 percent MOE = 1.645 x SDR standard error from the 80 PUMS replicate weights. Share earning less than the 2013 Austin Music Census 10,000 dollar line restated in 2025 dollars. Base EMP = Nine creative occupations pooled (OCCP 2634, 2700, 2710, 2740, 2751, 2752, 2850, 2905, 2910), Austin-Round Rock-San Marcos metro, ages 18-64, employed (ESR 1/2/4/5), ACS 2020-2024 5-year PUMS, PWGTP-weighted; 667 unweighted records. Dollars adjusted with ADJINC to 2024 then by the CPI-U 2024 factor to 2025 dollars.",pums,NPumsAustinCreativeLtmusiccensusMoe
pums_austin_creative_meanpernp_emp,67676.54384122453,"$67,700",2025 dollars,01_evidence/02_pums_nes_microdata/pums_baseline_TX_workers18to64_2020_2024_5yr.csv + pums_person_repweights_TX_2020_2024_5yr.csv.gz,"Mean personal earnings from work, zero and negative earners included. Base EMP = Nine creative occupations pooled (OCCP 2634, 2700, 2710, 2740, 2751, 2752, 2850, 2905, 2910), Austin-Round Rock-San Marcos metro, ages 18-64, employed (ESR 1/2/4/5), ACS 2020-2024 5-year PUMS, PWGTP-weighted; 667 unweighted records. Dollars adjusted with ADJINC to 2024 then by the CPI-U 2024 factor to 2025 dollars.",pums,NPumsAustinCreativeMeanpernpEmp
pums_austin_creative_meanpernp_emp_moe,5600.673885377045,"+/- $5,600","2025 dollars, 90 percent margin of error",01_evidence/02_pums_nes_microdata/pums_baseline_TX_workers18to64_2020_2024_5yr.csv + pums_person_repweights_TX_2020_2024_5yr.csv.gz,"90 percent MOE = 1.645 x SDR standard error from the 80 PUMS replicate weights. Mean personal earnings from work, zero and negative earners included. Base EMP = Nine creative occupations pooled (OCCP 2634, 2700, 2710, 2740, 2751, 2752, 2850, 2905, 2910), Austin-Round Rock-San Marcos metro, ages 18-64, employed (ESR 1/2/4/5), ACS 2020-2024 5-year PUMS, PWGTP-weighted; 667 unweighted records. Dollars adjusted with ADJINC to 2024 then by the CPI-U 2024 factor to 2025 dollars.",pums,NPumsAustinCreativeMeanpernpEmpMoe
pums_austin_creative_meanpernp_pos,68212.35358311354,"$68,200",2025 dollars,01_evidence/02_pums_nes_microdata/pums_baseline_TX_workers18to64_2020_2024_5yr.csv + pums_person_repweights_TX_2020_2024_5yr.csv.gz,"Mean personal earnings from work. Base POS = Nine creative occupations pooled (OCCP 2634, 2700, 2710, 2740, 2751, 2752, 2850, 2905, 2910), Austin-Round Rock-San Marcos metro, ages 18-64, employed (ESR 1/2/4/5) with positive earnings, ACS 2020-2024 5-year PUMS, PWGTP-weighted; 663 unweighted records. Dollars adjusted with ADJINC to 2024 then by the CPI-U 2024 factor to 2025 dollars.",pums,NPumsAustinCreativeMeanpernpPos
pums_austin_creative_meanpernp_pos_moe,5739.820938893749,"+/- $5,700","2025 dollars, 90 percent margin of error",01_evidence/02_pums_nes_microdata/pums_baseline_TX_workers18to64_2020_2024_5yr.csv + pums_person_repweights_TX_2020_2024_5yr.csv.gz,"90 percent MOE = 1.645 x SDR standard error from the 80 PUMS replicate weights. Mean personal earnings from work. Base POS = Nine creative occupations pooled (OCCP 2634, 2700, 2710, 2740, 2751, 2752, 2850, 2905, 2910), Austin-Round Rock-San Marcos metro, ages 18-64, employed (ESR 1/2/4/5) with positive earnings, ACS 2020-2024 5-year PUMS, PWGTP-weighted; 663 unweighted records. Dollars adjusted with ADJINC to 2024 then by the CPI-U 2024 factor to 2025 dollars.",pums,NPumsAustinCreativeMeanpernpPosMoe
pums_austin_creative_meanpincp_emp,72329.74734298144,"$72,300",2025 dollars,01_evidence/02_pums_nes_microdata/pums_baseline_TX_workers18to64_2020_2024_5yr.csv + pums_person_repweights_TX_2020_2024_5yr.csv.gz,"Mean total personal income. Base EMP = Nine creative occupations pooled (OCCP 2634, 2700, 2710, 2740, 2751, 2752, 2850, 2905, 2910), Austin-Round Rock-San Marcos metro, ages 18-64, employed (ESR 1/2/4/5), ACS 2020-2024 5-year PUMS, PWGTP-weighted; 667 unweighted records. Dollars adjusted with ADJINC to 2024 then by the CPI-U 2024 factor to 2025 dollars.",pums,NPumsAustinCreativeMeanpincpEmp
pums_austin_creative_meanpincp_emp_moe,6087.18159346994,"+/- $6,100","2025 dollars, 90 percent margin of error",01_evidence/02_pums_nes_microdata/pums_baseline_TX_workers18to64_2020_2024_5yr.csv + pums_person_repweights_TX_2020_2024_5yr.csv.gz,"90 percent MOE = 1.645 x SDR standard error from the 80 PUMS replicate weights. Mean total personal income. Base EMP = Nine creative occupations pooled (OCCP 2634, 2700, 2710, 2740, 2751, 2752, 2850, 2905, 2910), Austin-Round Rock-San Marcos metro, ages 18-64, employed (ESR 1/2/4/5), ACS 2020-2024 5-year PUMS, PWGTP-weighted; 667 unweighted records. Dollars adjusted with ADJINC to 2024 then by the CPI-U 2024 factor to 2025 dollars.",pums,NPumsAustinCreativeMeanpincpEmpMoe
pums_austin_creative_meanpincp_pos,72899.86934269109,"$72,900",2025 dollars,01_evidence/02_pums_nes_microdata/pums_baseline_TX_workers18to64_2020_2024_5yr.csv + pums_person_repweights_TX_2020_2024_5yr.csv.gz,"Mean total personal income. Base POS = Nine creative occupations pooled (OCCP 2634, 2700, 2710, 2740, 2751, 2752, 2850, 2905, 2910), Austin-Round Rock-San Marcos metro, ages 18-64, employed (ESR 1/2/4/5) with positive earnings, ACS 2020-2024 5-year PUMS, PWGTP-weighted; 663 unweighted records. Dollars adjusted with ADJINC to 2024 then by the CPI-U 2024 factor to 2025 dollars.",pums,NPumsAustinCreativeMeanpincpPos
pums_austin_creative_meanpincp_pos_moe,6228.507317632773,"+/- $6,200","2025 dollars, 90 percent margin of error",01_evidence/02_pums_nes_microdata/pums_baseline_TX_workers18to64_2020_2024_5yr.csv + pums_person_repweights_TX_2020_2024_5yr.csv.gz,"90 percent MOE = 1.645 x SDR standard error from the 80 PUMS replicate weights. Mean total personal income. Base POS = Nine creative occupations pooled (OCCP 2634, 2700, 2710, 2740, 2751, 2752, 2850, 2905, 2910), Austin-Round Rock-San Marcos metro, ages 18-64, employed (ESR 1/2/4/5) with positive earnings, ACS 2020-2024 5-year PUMS, PWGTP-weighted; 663 unweighted records. Dollars adjusted with ADJINC to 2024 then by the CPI-U 2024 factor to 2025 dollars.",pums,NPumsAustinCreativeMeanpincpPosMoe
pums_austin_creative_medpernp_emp,52132.18152622582,"$52,100",2025 dollars,01_evidence/02_pums_nes_microdata/pums_baseline_TX_workers18to64_2020_2024_5yr.csv + pums_person_repweights_TX_2020_2024_5yr.csv.gz,"Median personal earnings from work, zero and negative earners included. Base EMP = Nine creative occupations pooled (OCCP 2634, 2700, 2710, 2740, 2751, 2752, 2850, 2905, 2910), Austin-Round Rock-San Marcos metro, ages 18-64, employed (ESR 1/2/4/5), ACS 2020-2024 5-year PUMS, PWGTP-weighted; 667 unweighted records. Dollars adjusted with ADJINC to 2024 then by the CPI-U 2024 factor to 2025 dollars.",pums,NPumsAustinCreativeMedpernpEmp
pums_austin_creative_medpernp_emp_moe,4823.345122239923,"+/- $4,800","2025 dollars, 90 percent margin of error",01_evidence/02_pums_nes_microdata/pums_baseline_TX_workers18to64_2020_2024_5yr.csv + pums_person_repweights_TX_2020_2024_5yr.csv.gz,"90 percent MOE = 1.645 x SDR standard error from the 80 PUMS replicate weights. Median personal earnings from work, zero and negative earners included. Base EMP = Nine creative occupations pooled (OCCP 2634, 2700, 2710, 2740, 2751, 2752, 2850, 2905, 2910), Austin-Round Rock-San Marcos metro, ages 18-64, employed (ESR 1/2/4/5), ACS 2020-2024 5-year PUMS, PWGTP-weighted; 667 unweighted records. Dollars adjusted with ADJINC to 2024 then by the CPI-U 2024 factor to 2025 dollars.",pums,NPumsAustinCreativeMedpernpEmpMoe
pums_austin_creative_medpernp_pos,52132.18152622582,"$52,100",2025 dollars,01_evidence/02_pums_nes_microdata/pums_baseline_TX_workers18to64_2020_2024_5yr.csv + pums_person_repweights_TX_2020_2024_5yr.csv.gz,"HEADLINE earnings figure. Median personal earnings from work. Base POS = Nine creative occupations pooled (OCCP 2634, 2700, 2710, 2740, 2751, 2752, 2850, 2905, 2910), Austin-Round Rock-San Marcos metro, ages 18-64, employed (ESR 1/2/4/5) with positive earnings, ACS 2020-2024 5-year PUMS, PWGTP-weighted; 663 unweighted records. Dollars adjusted with ADJINC to 2024 then by the CPI-U 2024 factor to 2025 dollars.",pums,NPumsAustinCreativeMedpernpPos
pums_austin_creative_medpernp_pos_moe,5594.938896372535,"+/- $5,600","2025 dollars, 90 percent margin of error",01_evidence/02_pums_nes_microdata/pums_baseline_TX_workers18to64_2020_2024_5yr.csv + pums_person_repweights_TX_2020_2024_5yr.csv.gz,"90 percent MOE = 1.645 x SDR standard error from the 80 PUMS replicate weights. HEADLINE earnings figure. Median personal earnings from work. Base POS = Nine creative occupations pooled (OCCP 2634, 2700, 2710, 2740, 2751, 2752, 2850, 2905, 2910), Austin-Round Rock-San Marcos metro, ages 18-64, employed (ESR 1/2/4/5) with positive earnings, ACS 2020-2024 5-year PUMS, PWGTP-weighted; 663 unweighted records. Dollars adjusted with ADJINC to 2024 then by the CPI-U 2024 factor to 2025 dollars.",pums,NPumsAustinCreativeMedpernpPosMoe
pums_austin_creative_medpincp_emp,53919.23727806058,"$53,900",2025 dollars,01_evidence/02_pums_nes_microdata/pums_baseline_TX_workers18to64_2020_2024_5yr.csv + pums_person_repweights_TX_2020_2024_5yr.csv.gz,"Median total personal income. Base EMP = Nine creative occupations pooled (OCCP 2634, 2700, 2710, 2740, 2751, 2752, 2850, 2905, 2910), Austin-Round Rock-San Marcos metro, ages 18-64, employed (ESR 1/2/4/5), ACS 2020-2024 5-year PUMS, PWGTP-weighted; 667 unweighted records. Dollars adjusted with ADJINC to 2024 then by the CPI-U 2024 factor to 2025 dollars.",pums,NPumsAustinCreativeMedpincpEmp
pums_austin_creative_medpincp_emp_moe,5115.786823683991,"+/- $5,100","2025 dollars, 90 percent margin of error",01_evidence/02_pums_nes_microdata/pums_baseline_TX_workers18to64_2020_2024_5yr.csv + pums_person_repweights_TX_2020_2024_5yr.csv.gz,"90 percent MOE = 1.645 x SDR standard error from the 80 PUMS replicate weights. Median total personal income. Base EMP = Nine creative occupations pooled (OCCP 2634, 2700, 2710, 2740, 2751, 2752, 2850, 2905, 2910), Austin-Round Rock-San Marcos metro, ages 18-64, employed (ESR 1/2/4/5), ACS 2020-2024 5-year PUMS, PWGTP-weighted; 667 unweighted records. Dollars adjusted with ADJINC to 2024 then by the CPI-U 2024 factor to 2025 dollars.",pums,NPumsAustinCreativeMedpincpEmpMoe
pums_austin_creative_medpincp_pos,55144.67448892559,"$55,100",2025 dollars,01_evidence/02_pums_nes_microdata/pums_baseline_TX_workers18to64_2020_2024_5yr.csv + pums_person_repweights_TX_2020_2024_5yr.csv.gz,"Median total personal income on the same base as the headline earnings figure, so the earnings-to-income gap is not a base artefact. Base POS = Nine creative occupations pooled (OCCP 2634, 2700, 2710, 2740, 2751, 2752, 2850, 2905, 2910), Austin-Round Rock-San Marcos metro, ages 18-64, employed (ESR 1/2/4/5) with positive earnings, ACS 2020-2024 5-year PUMS, PWGTP-weighted; 663 unweighted records. Dollars adjusted with ADJINC to 2024 then by the CPI-U 2024 factor to 2025 dollars.",pums,NPumsAustinCreativeMedpincpPos
pums_austin_creative_medpincp_pos_moe,4798.973795124925,"+/- $4,800","2025 dollars, 90 percent margin of error",01_evidence/02_pums_nes_microdata/pums_baseline_TX_workers18to64_2020_2024_5yr.csv + pums_person_repweights_TX_2020_2024_5yr.csv.gz,"90 percent MOE = 1.645 x SDR standard error from the 80 PUMS replicate weights. Median total personal income on the same base as the headline earnings figure, so the earnings-to-income gap is not a base artefact. Base POS = Nine creative occupations pooled (OCCP 2634, 2700, 2710, 2740, 2751, 2752, 2850, 2905, 2910), Austin-Round Rock-San Marcos metro, ages 18-64, employed (ESR 1/2/4/5) with positive earnings, ACS 2020-2024 5-year PUMS, PWGTP-weighted; 663 unweighted records. Dollars adjusted with ADJINC to 2024 then by the CPI-U 2024 factor to 2025 dollars.",pums,NPumsAustinCreativeMedpincpPosMoe
pums_austin_creative_medwkhp,40,40,usual hours per week,01_evidence/02_pums_nes_microdata/pums_baseline_TX_workers18to64_2020_2024_5yr.csv + pums_person_repweights_TX_2020_2024_5yr.csv.gz,"Median usual hours worked per week (WKHP). Base EMP = Nine creative occupations pooled (OCCP 2634, 2700, 2710, 2740, 2751, 2752, 2850, 2905, 2910), Austin-Round Rock-San Marcos metro, ages 18-64, employed (ESR 1/2/4/5), ACS 2020-2024 5-year PUMS, PWGTP-weighted; 667 unweighted records.",pums,NPumsAustinCreativeMedwkhp
pums_austin_creative_medwkwn,52,52,weeks worked in past 12 months,01_evidence/02_pums_nes_microdata/pums_baseline_TX_workers18to64_2020_2024_5yr.csv + pums_person_repweights_TX_2020_2024_5yr.csv.gz,"Median weeks worked in the past 12 months (WKWN). Base EMP = Nine creative occupations pooled (OCCP 2634, 2700, 2710, 2740, 2751, 2752, 2850, 2905, 2910), Austin-Round Rock-San Marcos metro, ages 18-64, employed (ESR 1/2/4/5), ACS 2020-2024 5-year PUMS, PWGTP-weighted; 667 unweighted records.",pums,NPumsAustinCreativeMedwkwn
pums_austin_creative_n_emp,667,667,unweighted person records,01_evidence/02_pums_nes_microdata/pums_baseline_TX_workers18to64_2020_2024_5yr.csv + pums_person_repweights_TX_2020_2024_5yr.csv.gz,"Base EMP = Nine creative occupations pooled (OCCP 2634, 2700, 2710, 2740, 2751, 2752, 2850, 2905, 2910), Austin-Round Rock-San Marcos metro, ages 18-64, employed (ESR 1/2/4/5), ACS 2020-2024 5-year PUMS, PWGTP-weighted; 667 unweighted records.",pums,NPumsAustinCreativeNEmp
pums_austin_creative_n_pos,663,663,unweighted person records,01_evidence/02_pums_nes_microdata/pums_baseline_TX_workers18to64_2020_2024_5yr.csv + pums_person_repweights_TX_2020_2024_5yr.csv.gz,"Base POS = Nine creative occupations pooled (OCCP 2634, 2700, 2710, 2740, 2751, 2752, 2850, 2905, 2910), Austin-Round Rock-San Marcos metro, ages 18-64, employed (ESR 1/2/4/5) with positive earnings, ACS 2020-2024 5-year PUMS, PWGTP-weighted; 663 unweighted records.",pums,NPumsAustinCreativeNPos
pums_austin_creative_nonposearn,.73199237251645,0.7%,percent,01_evidence/02_pums_nes_microdata/pums_baseline_TX_workers18to64_2020_2024_5yr.csv + pums_person_repweights_TX_2020_2024_5yr.csv.gz,"Share of employed people reporting zero or negative earnings from work. Base EMP = Nine creative occupations pooled (OCCP 2634, 2700, 2710, 2740, 2751, 2752, 2850, 2905, 2910), Austin-Round Rock-San Marcos metro, ages 18-64, employed (ESR 1/2/4/5), ACS 2020-2024 5-year PUMS, PWGTP-weighted; 667 unweighted records.",pums,NPumsAustinCreativeNonposearn
pums_austin_creative_nonposearn_moe,.73976336283859,+/- 0.7 points,"percentage points, 90 percent margin of error",01_evidence/02_pums_nes_microdata/pums_baseline_TX_workers18to64_2020_2024_5yr.csv + pums_person_repweights_TX_2020_2024_5yr.csv.gz,"90 percent MOE = 1.645 x SDR standard error from the 80 PUMS replicate weights. Share of employed people reporting zero or negative earnings from work. Base EMP = Nine creative occupations pooled (OCCP 2634, 2700, 2710, 2740, 2751, 2752, 2850, 2905, 2910), Austin-Round Rock-San Marcos metro, ages 18-64, employed (ESR 1/2/4/5), ACS 2020-2024 5-year PUMS, PWGTP-weighted; 667 unweighted records.",pums,NPumsAustinCreativeNonposearnMoe
pums_austin_creative_privcov,85.15716306821676,85.2%,percent,01_evidence/02_pums_nes_microdata/pums_baseline_TX_workers18to64_2020_2024_5yr.csv + pums_person_repweights_TX_2020_2024_5yr.csv.gz,"Share with private coverage (PRIVCOV = 1). Private and public overlap, so the two shares do not sum to the any-coverage share. Base EMP = Nine creative occupations pooled (OCCP 2634, 2700, 2710, 2740, 2751, 2752, 2850, 2905, 2910), Austin-Round Rock-San Marcos metro, ages 18-64, employed (ESR 1/2/4/5), ACS 2020-2024 5-year PUMS, PWGTP-weighted; 667 unweighted records.",pums,NPumsAustinCreativePrivcov
pums_austin_creative_privcov_moe,2.98384365497513,+/- 3.0 points,"percentage points, 90 percent margin of error",01_evidence/02_pums_nes_microdata/pums_baseline_TX_workers18to64_2020_2024_5yr.csv + pums_person_repweights_TX_2020_2024_5yr.csv.gz,"90 percent MOE = 1.645 x SDR standard error from the 80 PUMS replicate weights. Share with private coverage (PRIVCOV = 1). Private and public overlap, so the two shares do not sum to the any-coverage share. Base EMP = Nine creative occupations pooled (OCCP 2634, 2700, 2710, 2740, 2751, 2752, 2850, 2905, 2910), Austin-Round Rock-San Marcos metro, ages 18-64, employed (ESR 1/2/4/5), ACS 2020-2024 5-year PUMS, PWGTP-weighted; 667 unweighted records.",pums,NPumsAustinCreativePrivcovMoe
pums_austin_creative_pubcov,6.95700313711017,7.0%,percent,01_evidence/02_pums_nes_microdata/pums_baseline_TX_workers18to64_2020_2024_5yr.csv + pums_person_repweights_TX_2020_2024_5yr.csv.gz,"Share with public coverage (PUBCOV = 1). Private and public overlap. Base EMP = Nine creative occupations pooled (OCCP 2634, 2700, 2710, 2740, 2751, 2752, 2850, 2905, 2910), Austin-Round Rock-San Marcos metro, ages 18-64, employed (ESR 1/2/4/5), ACS 2020-2024 5-year PUMS, PWGTP-weighted; 667 unweighted records.",pums,NPumsAustinCreativePubcov
pums_austin_creative_pubcov_moe,2.71161294965149,+/- 2.7 points,"percentage points, 90 percent margin of error",01_evidence/02_pums_nes_microdata/pums_baseline_TX_workers18to64_2020_2024_5yr.csv + pums_person_repweights_TX_2020_2024_5yr.csv.gz,"90 percent MOE = 1.645 x SDR standard error from the 80 PUMS replicate weights. Share with public coverage (PUBCOV = 1). Private and public overlap. Base EMP = Nine creative occupations pooled (OCCP 2634, 2700, 2710, 2740, 2751, 2752, 2850, 2905, 2910), Austin-Round Rock-San Marcos metro, ages 18-64, employed (ESR 1/2/4/5), ACS 2020-2024 5-year PUMS, PWGTP-weighted; 667 unweighted records.",pums,NPumsAustinCreativePubcovMoe
pums_austin_creative_selfemp,40.11810297102786,40.1%,percent,01_evidence/02_pums_nes_microdata/pums_baseline_TX_workers18to64_2020_2024_5yr.csv + pums_person_repweights_TX_2020_2024_5yr.csv.gz,"Share self-employed, COW 6 (unincorporated) or 7 (incorporated). Base EMP = Nine creative occupations pooled (OCCP 2634, 2700, 2710, 2740, 2751, 2752, 2850, 2905, 2910), Austin-Round Rock-San Marcos metro, ages 18-64, employed (ESR 1/2/4/5), ACS 2020-2024 5-year PUMS, PWGTP-weighted; 667 unweighted records.",pums,NPumsAustinCreativeSelfemp
pums_austin_creative_selfemp_moe,4.72413013108632,+/- 4.7 points,"percentage points, 90 percent margin of error",01_evidence/02_pums_nes_microdata/pums_baseline_TX_workers18to64_2020_2024_5yr.csv + pums_person_repweights_TX_2020_2024_5yr.csv.gz,"90 percent MOE = 1.645 x SDR standard error from the 80 PUMS replicate weights. Share self-employed, COW 6 (unincorporated) or 7 (incorporated). Base EMP = Nine creative occupations pooled (OCCP 2634, 2700, 2710, 2740, 2751, 2752, 2850, 2905, 2910), Austin-Round Rock-San Marcos metro, ages 18-64, employed (ESR 1/2/4/5), ACS 2020-2024 5-year PUMS, PWGTP-weighted; 667 unweighted records.",pums,NPumsAustinCreativeSelfempMoe
pums_austin_creative_wtd_emp,16257,"16,257",people,01_evidence/02_pums_nes_microdata/pums_baseline_TX_workers18to64_2020_2024_5yr.csv + pums_person_repweights_TX_2020_2024_5yr.csv.gz,"Weighted denominator for every EMP-base figure in this cell. Base EMP = Nine creative occupations pooled (OCCP 2634, 2700, 2710, 2740, 2751, 2752, 2850, 2905, 2910), Austin-Round Rock-San Marcos metro, ages 18-64, employed (ESR 1/2/4/5), ACS 2020-2024 5-year PUMS, PWGTP-weighted; 667 unweighted records.",pums,NPumsAustinCreativeWtdEmp
pums_austin_creative_wtd_pos,16138,"16,138",people,01_evidence/02_pums_nes_microdata/pums_baseline_TX_workers18to64_2020_2024_5yr.csv + pums_person_repweights_TX_2020_2024_5yr.csv.gz,"Weighted denominator for every POS-base figure in this cell. Base POS = Nine creative occupations pooled (OCCP 2634, 2700, 2710, 2740, 2751, 2752, 2850, 2905, 2910), Austin-Round Rock-San Marcos metro, ages 18-64, employed (ESR 1/2/4/5) with positive earnings, ACS 2020-2024 5-year PUMS, PWGTP-weighted; 663 unweighted records.",pums,NPumsAustinCreativeWtdPos
pums_austin_mus_hicov,90.07525870178739,90.1%,percent,01_evidence/02_pums_nes_microdata/pums_baseline_TX_workers18to64_2020_2024_5yr.csv + pums_person_repweights_TX_2020_2024_5yr.csv.gz,"Share with any health insurance (HICOV = 1). Base EMP = Musicians and singers (OCCP 2752), Austin-Round Rock-San Marcos metro, ages 18-64, employed (ESR 1/2/4/5), ACS 2020-2024 5-year PUMS, PWGTP-weighted; 77 unweighted records.",pums,NPumsAustinMusHicov
pums_austin_mus_hicov_moe,8.494229317742299,+/- 8.5 points,"percentage points, 90 percent margin of error",01_evidence/02_pums_nes_microdata/pums_baseline_TX_workers18to64_2020_2024_5yr.csv + pums_person_repweights_TX_2020_2024_5yr.csv.gz,"90 percent MOE = 1.645 x SDR standard error from the 80 PUMS replicate weights. Share with any health insurance (HICOV = 1). Base EMP = Musicians and singers (OCCP 2752), Austin-Round Rock-San Marcos metro, ages 18-64, employed (ESR 1/2/4/5), ACS 2020-2024 5-year PUMS, PWGTP-weighted; 77 unweighted records.",pums,NPumsAustinMusHicovMoe
pums_austin_mus_lt10k,23.28316086547507,23.3%,percent,01_evidence/02_pums_nes_microdata/pums_baseline_TX_workers18to64_2020_2024_5yr.csv + pums_person_repweights_TX_2020_2024_5yr.csv.gz,"Share earning under 10,000 dollars from work in 2025 dollars. Base EMP = Musicians and singers (OCCP 2752), Austin-Round Rock-San Marcos metro, ages 18-64, employed (ESR 1/2/4/5), ACS 2020-2024 5-year PUMS, PWGTP-weighted; 77 unweighted records. Dollars adjusted with ADJINC to 2024 then by the CPI-U 2024 factor to 2025 dollars.",pums,NPumsAustinMusLtOneZerok
pums_austin_mus_lt10k_moe,11.32671115215759,+/- 11.3 points,"percentage points, 90 percent margin of error",01_evidence/02_pums_nes_microdata/pums_baseline_TX_workers18to64_2020_2024_5yr.csv + pums_person_repweights_TX_2020_2024_5yr.csv.gz,"90 percent MOE = 1.645 x SDR standard error from the 80 PUMS replicate weights. Share earning under 10,000 dollars from work in 2025 dollars. Base EMP = Musicians and singers (OCCP 2752), Austin-Round Rock-San Marcos metro, ages 18-64, employed (ESR 1/2/4/5), ACS 2020-2024 5-year PUMS, PWGTP-weighted; 77 unweighted records. Dollars adjusted with ADJINC to 2024 then by the CPI-U 2024 factor to 2025 dollars.",pums,NPumsAustinMusLtOneZerokMoe
pums_austin_mus_lt25k,43.6030103480715,43.6%,percent,01_evidence/02_pums_nes_microdata/pums_baseline_TX_workers18to64_2020_2024_5yr.csv + pums_person_repweights_TX_2020_2024_5yr.csv.gz,"Share earning under 25,000 dollars from work in 2025 dollars. Base EMP = Musicians and singers (OCCP 2752), Austin-Round Rock-San Marcos metro, ages 18-64, employed (ESR 1/2/4/5), ACS 2020-2024 5-year PUMS, PWGTP-weighted; 77 unweighted records. Dollars adjusted with ADJINC to 2024 then by the CPI-U 2024 factor to 2025 dollars.",pums,NPumsAustinMusLtTwoFivek
pums_austin_mus_lt25k_moe,12.72372918132281,+/- 12.7 points,"percentage points, 90 percent margin of error",01_evidence/02_pums_nes_microdata/pums_baseline_TX_workers18to64_2020_2024_5yr.csv + pums_person_repweights_TX_2020_2024_5yr.csv.gz,"90 percent MOE = 1.645 x SDR standard error from the 80 PUMS replicate weights. Share earning under 25,000 dollars from work in 2025 dollars. Base EMP = Musicians and singers (OCCP 2752), Austin-Round Rock-San Marcos metro, ages 18-64, employed (ESR 1/2/4/5), ACS 2020-2024 5-year PUMS, PWGTP-weighted; 77 unweighted records. Dollars adjusted with ADJINC to 2024 then by the CPI-U 2024 factor to 2025 dollars.",pums,NPumsAustinMusLtTwoFivekMoe
pums_austin_mus_lt50k,68.4854186265287,68.5%,percent,01_evidence/02_pums_nes_microdata/pums_baseline_TX_workers18to64_2020_2024_5yr.csv + pums_person_repweights_TX_2020_2024_5yr.csv.gz,"Share earning under 50,000 dollars from work in 2025 dollars. Base EMP = Musicians and singers (OCCP 2752), Austin-Round Rock-San Marcos metro, ages 18-64, employed (ESR 1/2/4/5), ACS 2020-2024 5-year PUMS, PWGTP-weighted; 77 unweighted records. Dollars adjusted with ADJINC to 2024 then by the CPI-U 2024 factor to 2025 dollars.",pums,NPumsAustinMusLtFiveZerok
pums_austin_mus_lt50k_moe,12.10447400711145,+/- 12.1 points,"percentage points, 90 percent margin of error",01_evidence/02_pums_nes_microdata/pums_baseline_TX_workers18to64_2020_2024_5yr.csv + pums_person_repweights_TX_2020_2024_5yr.csv.gz,"90 percent MOE = 1.645 x SDR standard error from the 80 PUMS replicate weights. Share earning under 50,000 dollars from work in 2025 dollars. Base EMP = Musicians and singers (OCCP 2752), Austin-Round Rock-San Marcos metro, ages 18-64, employed (ESR 1/2/4/5), ACS 2020-2024 5-year PUMS, PWGTP-weighted; 77 unweighted records. Dollars adjusted with ADJINC to 2024 then by the CPI-U 2024 factor to 2025 dollars.",pums,NPumsAustinMusLtFiveZerokMoe
pums_austin_mus_ltmusiccensus,28.08090310442145,28.1%,percent,01_evidence/02_pums_nes_microdata/pums_baseline_TX_workers18to64_2020_2024_5yr.csv + pums_person_repweights_TX_2020_2024_5yr.csv.gz,"Share earning less than the 2013 Austin Music Census 10,000 dollar line restated in 2025 dollars. Base EMP = Musicians and singers (OCCP 2752), Austin-Round Rock-San Marcos metro, ages 18-64, employed (ESR 1/2/4/5), ACS 2020-2024 5-year PUMS, PWGTP-weighted; 77 unweighted records. Dollars adjusted with ADJINC to 2024 then by the CPI-U 2024 factor to 2025 dollars.",pums,NPumsAustinMusLtmusiccensus
pums_austin_mus_ltmusiccensus_moe,11.34978038558606,+/- 11.3 points,"percentage points, 90 percent margin of error",01_evidence/02_pums_nes_microdata/pums_baseline_TX_workers18to64_2020_2024_5yr.csv + pums_person_repweights_TX_2020_2024_5yr.csv.gz,"90 percent MOE = 1.645 x SDR standard error from the 80 PUMS replicate weights. Share earning less than the 2013 Austin Music Census 10,000 dollar line restated in 2025 dollars. Base EMP = Musicians and singers (OCCP 2752), Austin-Round Rock-San Marcos metro, ages 18-64, employed (ESR 1/2/4/5), ACS 2020-2024 5-year PUMS, PWGTP-weighted; 77 unweighted records. Dollars adjusted with ADJINC to 2024 then by the CPI-U 2024 factor to 2025 dollars.",pums,NPumsAustinMusLtmusiccensusMoe
pums_austin_mus_meanpernp_emp,56611.39293188382,"$56,600",2025 dollars,01_evidence/02_pums_nes_microdata/pums_baseline_TX_workers18to64_2020_2024_5yr.csv + pums_person_repweights_TX_2020_2024_5yr.csv.gz,"Mean personal earnings from work, zero and negative earners included. Base EMP = Musicians and singers (OCCP 2752), Austin-Round Rock-San Marcos metro, ages 18-64, employed (ESR 1/2/4/5), ACS 2020-2024 5-year PUMS, PWGTP-weighted; 77 unweighted records. Dollars adjusted with ADJINC to 2024 then by the CPI-U 2024 factor to 2025 dollars.",pums,NPumsAustinMusMeanpernpEmp
pums_austin_mus_meanpernp_emp_moe,23873.26363369404,"+/- $23,900","2025 dollars, 90 percent margin of error",01_evidence/02_pums_nes_microdata/pums_baseline_TX_workers18to64_2020_2024_5yr.csv + pums_person_repweights_TX_2020_2024_5yr.csv.gz,"90 percent MOE = 1.645 x SDR standard error from the 80 PUMS replicate weights. Mean personal earnings from work, zero and negative earners included. Base EMP = Musicians and singers (OCCP 2752), Austin-Round Rock-San Marcos metro, ages 18-64, employed (ESR 1/2/4/5), ACS 2020-2024 5-year PUMS, PWGTP-weighted; 77 unweighted records. Dollars adjusted with ADJINC to 2024 then by the CPI-U 2024 factor to 2025 dollars.",pums,NPumsAustinMusMeanpernpEmpMoe
pums_austin_mus_meanpernp_pos,56611.39293188382,"$56,600",2025 dollars,01_evidence/02_pums_nes_microdata/pums_baseline_TX_workers18to64_2020_2024_5yr.csv + pums_person_repweights_TX_2020_2024_5yr.csv.gz,"Mean personal earnings from work. Base POS = Musicians and singers (OCCP 2752), Austin-Round Rock-San Marcos metro, ages 18-64, employed (ESR 1/2/4/5) with positive earnings, ACS 2020-2024 5-year PUMS, PWGTP-weighted; 77 unweighted records. Dollars adjusted with ADJINC to 2024 then by the CPI-U 2024 factor to 2025 dollars.",pums,NPumsAustinMusMeanpernpPos
pums_austin_mus_meanpernp_pos_moe,23873.26363369404,"+/- $23,900","2025 dollars, 90 percent margin of error",01_evidence/02_pums_nes_microdata/pums_baseline_TX_workers18to64_2020_2024_5yr.csv + pums_person_repweights_TX_2020_2024_5yr.csv.gz,"90 percent MOE = 1.645 x SDR standard error from the 80 PUMS replicate weights. Mean personal earnings from work. Base POS = Musicians and singers (OCCP 2752), Austin-Round Rock-San Marcos metro, ages 18-64, employed (ESR 1/2/4/5) with positive earnings, ACS 2020-2024 5-year PUMS, PWGTP-weighted; 77 unweighted records. Dollars adjusted with ADJINC to 2024 then by the CPI-U 2024 factor to 2025 dollars.",pums,NPumsAustinMusMeanpernpPosMoe
pums_austin_mus_meanpincp_emp,70642.89620920997,"$70,600",2025 dollars,01_evidence/02_pums_nes_microdata/pums_baseline_TX_workers18to64_2020_2024_5yr.csv + pums_person_repweights_TX_2020_2024_5yr.csv.gz,"Mean total personal income. Base EMP = Musicians and singers (OCCP 2752), Austin-Round Rock-San Marcos metro, ages 18-64, employed (ESR 1/2/4/5), ACS 2020-2024 5-year PUMS, PWGTP-weighted; 77 unweighted records. Dollars adjusted with ADJINC to 2024 then by the CPI-U 2024 factor to 2025 dollars.",pums,NPumsAustinMusMeanpincpEmp
pums_austin_mus_meanpincp_emp_moe,28267.13159340266,"+/- $28,300","2025 dollars, 90 percent margin of error",01_evidence/02_pums_nes_microdata/pums_baseline_TX_workers18to64_2020_2024_5yr.csv + pums_person_repweights_TX_2020_2024_5yr.csv.gz,"90 percent MOE = 1.645 x SDR standard error from the 80 PUMS replicate weights. Mean total personal income. Base EMP = Musicians and singers (OCCP 2752), Austin-Round Rock-San Marcos metro, ages 18-64, employed (ESR 1/2/4/5), ACS 2020-2024 5-year PUMS, PWGTP-weighted; 77 unweighted records. Dollars adjusted with ADJINC to 2024 then by the CPI-U 2024 factor to 2025 dollars.",pums,NPumsAustinMusMeanpincpEmpMoe
pums_austin_mus_meanpincp_pos,70642.89620920997,"$70,600",2025 dollars,01_evidence/02_pums_nes_microdata/pums_baseline_TX_workers18to64_2020_2024_5yr.csv + pums_person_repweights_TX_2020_2024_5yr.csv.gz,"Mean total personal income. Base POS = Musicians and singers (OCCP 2752), Austin-Round Rock-San Marcos metro, ages 18-64, employed (ESR 1/2/4/5) with positive earnings, ACS 2020-2024 5-year PUMS, PWGTP-weighted; 77 unweighted records. Dollars adjusted with ADJINC to 2024 then by the CPI-U 2024 factor to 2025 dollars.",pums,NPumsAustinMusMeanpincpPos
pums_austin_mus_meanpincp_pos_moe,28267.13159340266,"+/- $28,300","2025 dollars, 90 percent margin of error",01_evidence/02_pums_nes_microdata/pums_baseline_TX_workers18to64_2020_2024_5yr.csv + pums_person_repweights_TX_2020_2024_5yr.csv.gz,"90 percent MOE = 1.645 x SDR standard error from the 80 PUMS replicate weights. Mean total personal income. Base POS = Musicians and singers (OCCP 2752), Austin-Round Rock-San Marcos metro, ages 18-64, employed (ESR 1/2/4/5) with positive earnings, ACS 2020-2024 5-year PUMS, PWGTP-weighted; 77 unweighted records. Dollars adjusted with ADJINC to 2024 then by the CPI-U 2024 factor to 2025 dollars.",pums,NPumsAustinMusMeanpincpPosMoe
pums_austin_mus_medpernp_emp,28683.43180291988,"$28,700",2025 dollars,01_evidence/02_pums_nes_microdata/pums_baseline_TX_workers18to64_2020_2024_5yr.csv + pums_person_repweights_TX_2020_2024_5yr.csv.gz,"Median personal earnings from work, zero and negative earners included. Base EMP = Musicians and singers (OCCP 2752), Austin-Round Rock-San Marcos metro, ages 18-64, employed (ESR 1/2/4/5), ACS 2020-2024 5-year PUMS, PWGTP-weighted; 77 unweighted records. Dollars adjusted with ADJINC to 2024 then by the CPI-U 2024 factor to 2025 dollars.",pums,NPumsAustinMusMedpernpEmp
pums_austin_mus_medpernp_emp_moe,9362.220222611437,"+/- $9,400","2025 dollars, 90 percent margin of error",01_evidence/02_pums_nes_microdata/pums_baseline_TX_workers18to64_2020_2024_5yr.csv + pums_person_repweights_TX_2020_2024_5yr.csv.gz,"90 percent MOE = 1.645 x SDR standard error from the 80 PUMS replicate weights. Median personal earnings from work, zero and negative earners included. Base EMP = Musicians and singers (OCCP 2752), Austin-Round Rock-San Marcos metro, ages 18-64, employed (ESR 1/2/4/5), ACS 2020-2024 5-year PUMS, PWGTP-weighted; 77 unweighted records. Dollars adjusted with ADJINC to 2024 then by the CPI-U 2024 factor to 2025 dollars.",pums,NPumsAustinMusMedpernpEmpMoe
pums_austin_mus_medpernp_pos,28683.43180291988,"$28,700",2025 dollars,01_evidence/02_pums_nes_microdata/pums_baseline_TX_workers18to64_2020_2024_5yr.csv + pums_person_repweights_TX_2020_2024_5yr.csv.gz,"HEADLINE earnings figure. Median personal earnings from work. Base POS = Musicians and singers (OCCP 2752), Austin-Round Rock-San Marcos metro, ages 18-64, employed (ESR 1/2/4/5) with positive earnings, ACS 2020-2024 5-year PUMS, PWGTP-weighted; 77 unweighted records. Dollars adjusted with ADJINC to 2024 then by the CPI-U 2024 factor to 2025 dollars.",pums,NPumsAustinMusMedpernpPos
pums_austin_mus_medpernp_pos_moe,9362.220222611437,"+/- $9,400","2025 dollars, 90 percent margin of error",01_evidence/02_pums_nes_microdata/pums_baseline_TX_workers18to64_2020_2024_5yr.csv + pums_person_repweights_TX_2020_2024_5yr.csv.gz,"90 percent MOE = 1.645 x SDR standard error from the 80 PUMS replicate weights. HEADLINE earnings figure. Median personal earnings from work. Base POS = Musicians and singers (OCCP 2752), Austin-Round Rock-San Marcos metro, ages 18-64, employed (ESR 1/2/4/5) with positive earnings, ACS 2020-2024 5-year PUMS, PWGTP-weighted; 77 unweighted records. Dollars adjusted with ADJINC to 2024 then by the CPI-U 2024 factor to 2025 dollars.",pums,NPumsAustinMusMedpernpPosMoe
pums_austin_mus_medpincp_emp,36909.58452056789,"$36,900",2025 dollars,01_evidence/02_pums_nes_microdata/pums_baseline_TX_workers18to64_2020_2024_5yr.csv + pums_person_repweights_TX_2020_2024_5yr.csv.gz,"Median total personal income. Base EMP = Musicians and singers (OCCP 2752), Austin-Round Rock-San Marcos metro, ages 18-64, employed (ESR 1/2/4/5), ACS 2020-2024 5-year PUMS, PWGTP-weighted; 77 unweighted records. Dollars adjusted with ADJINC to 2024 then by the CPI-U 2024 factor to 2025 dollars.",pums,NPumsAustinMusMedpincpEmp
pums_austin_mus_medpincp_emp_moe,10583.46780431278,"+/- $10,600","2025 dollars, 90 percent margin of error",01_evidence/02_pums_nes_microdata/pums_baseline_TX_workers18to64_2020_2024_5yr.csv + pums_person_repweights_TX_2020_2024_5yr.csv.gz,"90 percent MOE = 1.645 x SDR standard error from the 80 PUMS replicate weights. Median total personal income. Base EMP = Musicians and singers (OCCP 2752), Austin-Round Rock-San Marcos metro, ages 18-64, employed (ESR 1/2/4/5), ACS 2020-2024 5-year PUMS, PWGTP-weighted; 77 unweighted records. Dollars adjusted with ADJINC to 2024 then by the CPI-U 2024 factor to 2025 dollars.",pums,NPumsAustinMusMedpincpEmpMoe
pums_austin_mus_medpincp_pos,36909.58452056789,"$36,900",2025 dollars,01_evidence/02_pums_nes_microdata/pums_baseline_TX_workers18to64_2020_2024_5yr.csv + pums_person_repweights_TX_2020_2024_5yr.csv.gz,"Median total personal income on the same base as the headline earnings figure, so the earnings-to-income gap is not a base artefact. Base POS = Musicians and singers (OCCP 2752), Austin-Round Rock-San Marcos metro, ages 18-64, employed (ESR 1/2/4/5) with positive earnings, ACS 2020-2024 5-year PUMS, PWGTP-weighted; 77 unweighted records. Dollars adjusted with ADJINC to 2024 then by the CPI-U 2024 factor to 2025 dollars.",pums,NPumsAustinMusMedpincpPos
pums_austin_mus_medpincp_pos_moe,10583.46780431278,"+/- $10,600","2025 dollars, 90 percent margin of error",01_evidence/02_pums_nes_microdata/pums_baseline_TX_workers18to64_2020_2024_5yr.csv + pums_person_repweights_TX_2020_2024_5yr.csv.gz,"90 percent MOE = 1.645 x SDR standard error from the 80 PUMS replicate weights. Median total personal income on the same base as the headline earnings figure, so the earnings-to-income gap is not a base artefact. Base POS = Musicians and singers (OCCP 2752), Austin-Round Rock-San Marcos metro, ages 18-64, employed (ESR 1/2/4/5) with positive earnings, ACS 2020-2024 5-year PUMS, PWGTP-weighted; 77 unweighted records. Dollars adjusted with ADJINC to 2024 then by the CPI-U 2024 factor to 2025 dollars.",pums,NPumsAustinMusMedpincpPosMoe
pums_austin_mus_medwkhp,40,40,usual hours per week,01_evidence/02_pums_nes_microdata/pums_baseline_TX_workers18to64_2020_2024_5yr.csv + pums_person_repweights_TX_2020_2024_5yr.csv.gz,"Median usual hours worked per week (WKHP). Base EMP = Musicians and singers (OCCP 2752), Austin-Round Rock-San Marcos metro, ages 18-64, employed (ESR 1/2/4/5), ACS 2020-2024 5-year PUMS, PWGTP-weighted; 77 unweighted records.",pums,NPumsAustinMusMedwkhp
pums_austin_mus_medwkwn,52,52,weeks worked in past 12 months,01_evidence/02_pums_nes_microdata/pums_baseline_TX_workers18to64_2020_2024_5yr.csv + pums_person_repweights_TX_2020_2024_5yr.csv.gz,"Median weeks worked in the past 12 months (WKWN). Base EMP = Musicians and singers (OCCP 2752), Austin-Round Rock-San Marcos metro, ages 18-64, employed (ESR 1/2/4/5), ACS 2020-2024 5-year PUMS, PWGTP-weighted; 77 unweighted records.",pums,NPumsAustinMusMedwkwn
pums_austin_mus_n_emp,77,77,unweighted person records,01_evidence/02_pums_nes_microdata/pums_baseline_TX_workers18to64_2020_2024_5yr.csv + pums_person_repweights_TX_2020_2024_5yr.csv.gz,"Base EMP = Musicians and singers (OCCP 2752), Austin-Round Rock-San Marcos metro, ages 18-64, employed (ESR 1/2/4/5), ACS 2020-2024 5-year PUMS, PWGTP-weighted; 77 unweighted records.",pums,NPumsAustinMusNEmp
pums_austin_mus_n_pos,77,77,unweighted person records,01_evidence/02_pums_nes_microdata/pums_baseline_TX_workers18to64_2020_2024_5yr.csv + pums_person_repweights_TX_2020_2024_5yr.csv.gz,"Base POS = Musicians and singers (OCCP 2752), Austin-Round Rock-San Marcos metro, ages 18-64, employed (ESR 1/2/4/5) with positive earnings, ACS 2020-2024 5-year PUMS, PWGTP-weighted; 77 unweighted records.",pums,NPumsAustinMusNPos
pums_austin_mus_nonposearn,0,0.0%,percent,01_evidence/02_pums_nes_microdata/pums_baseline_TX_workers18to64_2020_2024_5yr.csv + pums_person_repweights_TX_2020_2024_5yr.csv.gz,"Share of employed people reporting zero or negative earnings from work. Base EMP = Musicians and singers (OCCP 2752), Austin-Round Rock-San Marcos metro, ages 18-64, employed (ESR 1/2/4/5), ACS 2020-2024 5-year PUMS, PWGTP-weighted; 77 unweighted records.",pums,NPumsAustinMusNonposearn
pums_austin_mus_nonposearn_moe,0,+/- 0.0 points,"percentage points, 90 percent margin of error",01_evidence/02_pums_nes_microdata/pums_baseline_TX_workers18to64_2020_2024_5yr.csv + pums_person_repweights_TX_2020_2024_5yr.csv.gz,"90 percent MOE = 1.645 x SDR standard error from the 80 PUMS replicate weights. Share of employed people reporting zero or negative earnings from work. Base EMP = Musicians and singers (OCCP 2752), Austin-Round Rock-San Marcos metro, ages 18-64, employed (ESR 1/2/4/5), ACS 2020-2024 5-year PUMS, PWGTP-weighted; 77 unweighted records.",pums,NPumsAustinMusNonposearnMoe
pums_austin_mus_privcov,77.89275634995296,77.9%,percent,01_evidence/02_pums_nes_microdata/pums_baseline_TX_workers18to64_2020_2024_5yr.csv + pums_person_repweights_TX_2020_2024_5yr.csv.gz,"Share with private coverage (PRIVCOV = 1). Private and public overlap, so the two shares do not sum to the any-coverage share. Base EMP = Musicians and singers (OCCP 2752), Austin-Round Rock-San Marcos metro, ages 18-64, employed (ESR 1/2/4/5), ACS 2020-2024 5-year PUMS, PWGTP-weighted; 77 unweighted records.",pums,NPumsAustinMusPrivcov
pums_austin_mus_privcov_moe,11.9520972817727,+/- 12.0 points,"percentage points, 90 percent margin of error",01_evidence/02_pums_nes_microdata/pums_baseline_TX_workers18to64_2020_2024_5yr.csv + pums_person_repweights_TX_2020_2024_5yr.csv.gz,"90 percent MOE = 1.645 x SDR standard error from the 80 PUMS replicate weights. Share with private coverage (PRIVCOV = 1). Private and public overlap, so the two shares do not sum to the any-coverage share. Base EMP = Musicians and singers (OCCP 2752), Austin-Round Rock-San Marcos metro, ages 18-64, employed (ESR 1/2/4/5), ACS 2020-2024 5-year PUMS, PWGTP-weighted; 77 unweighted records.",pums,NPumsAustinMusPrivcovMoe
pums_austin_mus_pubcov,26.38758231420508,26.4%,percent,01_evidence/02_pums_nes_microdata/pums_baseline_TX_workers18to64_2020_2024_5yr.csv + pums_person_repweights_TX_2020_2024_5yr.csv.gz,"Share with public coverage (PUBCOV = 1). Private and public overlap. Base EMP = Musicians and singers (OCCP 2752), Austin-Round Rock-San Marcos metro, ages 18-64, employed (ESR 1/2/4/5), ACS 2020-2024 5-year PUMS, PWGTP-weighted; 77 unweighted records.",pums,NPumsAustinMusPubcov
pums_austin_mus_pubcov_moe,13.29998922950476,+/- 13.3 points,"percentage points, 90 percent margin of error",01_evidence/02_pums_nes_microdata/pums_baseline_TX_workers18to64_2020_2024_5yr.csv + pums_person_repweights_TX_2020_2024_5yr.csv.gz,"90 percent MOE = 1.645 x SDR standard error from the 80 PUMS replicate weights. Share with public coverage (PUBCOV = 1). Private and public overlap. Base EMP = Musicians and singers (OCCP 2752), Austin-Round Rock-San Marcos metro, ages 18-64, employed (ESR 1/2/4/5), ACS 2020-2024 5-year PUMS, PWGTP-weighted; 77 unweighted records.",pums,NPumsAustinMusPubcovMoe
pums_austin_mus_selfemp,72.15428033866415,72.2%,percent,01_evidence/02_pums_nes_microdata/pums_baseline_TX_workers18to64_2020_2024_5yr.csv + pums_person_repweights_TX_2020_2024_5yr.csv.gz,"Share self-employed, COW 6 (unincorporated) or 7 (incorporated). Base EMP = Musicians and singers (OCCP 2752), Austin-Round Rock-San Marcos metro, ages 18-64, employed (ESR 1/2/4/5), ACS 2020-2024 5-year PUMS, PWGTP-weighted; 77 unweighted records.",pums,NPumsAustinMusSelfemp
pums_austin_mus_selfemp_moe,10.2765659923762,+/- 10.3 points,"percentage points, 90 percent margin of error",01_evidence/02_pums_nes_microdata/pums_baseline_TX_workers18to64_2020_2024_5yr.csv + pums_person_repweights_TX_2020_2024_5yr.csv.gz,"90 percent MOE = 1.645 x SDR standard error from the 80 PUMS replicate weights. Share self-employed, COW 6 (unincorporated) or 7 (incorporated). Base EMP = Musicians and singers (OCCP 2752), Austin-Round Rock-San Marcos metro, ages 18-64, employed (ESR 1/2/4/5), ACS 2020-2024 5-year PUMS, PWGTP-weighted; 77 unweighted records.",pums,NPumsAustinMusSelfempMoe
pums_austin_mus_wtd_emp,2126,"2,126",people,01_evidence/02_pums_nes_microdata/pums_baseline_TX_workers18to64_2020_2024_5yr.csv + pums_person_repweights_TX_2020_2024_5yr.csv.gz,"Weighted denominator for every EMP-base figure in this cell. Base EMP = Musicians and singers (OCCP 2752), Austin-Round Rock-San Marcos metro, ages 18-64, employed (ESR 1/2/4/5), ACS 2020-2024 5-year PUMS, PWGTP-weighted; 77 unweighted records.",pums,NPumsAustinMusWtdEmp
pums_austin_mus_wtd_pos,2126,"2,126",people,01_evidence/02_pums_nes_microdata/pums_baseline_TX_workers18to64_2020_2024_5yr.csv + pums_person_repweights_TX_2020_2024_5yr.csv.gz,"Weighted denominator for every POS-base figure in this cell. Base POS = Musicians and singers (OCCP 2752), Austin-Round Rock-San Marcos metro, ages 18-64, employed (ESR 1/2/4/5) with positive earnings, ACS 2020-2024 5-year PUMS, PWGTP-weighted; 77 unweighted records.",pums,NPumsAustinMusWtdPos
pums_austin_musdir_suppressed,14,suppressed,unweighted records,01_evidence/02_pums_nes_microdata/pums_baseline_TX_workers18to64_2020_2024_5yr.csv + pums_person_repweights_TX_2020_2024_5yr.csv.gz,"Music directors and composers (OCCP 2751), Austin-Round Rock-San Marcos metro: only 14 unweighted ACS records, below the 50-record floor this project uses, so no estimate is published for this cell.",pums,NPumsAustinMusdirSuppressed
pums_austin_music_hicov,90.32510771641206,90.3%,percent,01_evidence/02_pums_nes_microdata/pums_baseline_TX_workers18to64_2020_2024_5yr.csv + pums_person_repweights_TX_2020_2024_5yr.csv.gz,"Share with any health insurance (HICOV = 1). Base EMP = Musicians, singers, music directors and composers (OCCP 2751 and 2752), Austin-Round Rock-San Marcos metro, ages 18-64, employed (ESR 1/2/4/5), ACS 2020-2024 5-year PUMS, PWGTP-weighted; 91 unweighted records.",pums,NPumsAustinMusicHicov
pums_austin_music_hicov_moe,7.566480315312971,+/- 7.6 points,"percentage points, 90 percent margin of error",01_evidence/02_pums_nes_microdata/pums_baseline_TX_workers18to64_2020_2024_5yr.csv + pums_person_repweights_TX_2020_2024_5yr.csv.gz,"90 percent MOE = 1.645 x SDR standard error from the 80 PUMS replicate weights. Share with any health insurance (HICOV = 1). Base EMP = Musicians, singers, music directors and composers (OCCP 2751 and 2752), Austin-Round Rock-San Marcos metro, ages 18-64, employed (ESR 1/2/4/5), ACS 2020-2024 5-year PUMS, PWGTP-weighted; 91 unweighted records.",pums,NPumsAustinMusicHicovMoe
pums_austin_music_lt10k,19.38895417156287,19.4%,percent,01_evidence/02_pums_nes_microdata/pums_baseline_TX_workers18to64_2020_2024_5yr.csv + pums_person_repweights_TX_2020_2024_5yr.csv.gz,"Share earning under 10,000 dollars from work in 2025 dollars. Base EMP = Musicians, singers, music directors and composers (OCCP 2751 and 2752), Austin-Round Rock-San Marcos metro, ages 18-64, employed (ESR 1/2/4/5), ACS 2020-2024 5-year PUMS, PWGTP-weighted; 91 unweighted records. Dollars adjusted with ADJINC to 2024 then by the CPI-U 2024 factor to 2025 dollars.",pums,NPumsAustinMusicLtOneZerok
pums_austin_music_lt10k_moe,9.238564399152411,+/- 9.2 points,"percentage points, 90 percent margin of error",01_evidence/02_pums_nes_microdata/pums_baseline_TX_workers18to64_2020_2024_5yr.csv + pums_person_repweights_TX_2020_2024_5yr.csv.gz,"90 percent MOE = 1.645 x SDR standard error from the 80 PUMS replicate weights. Share earning under 10,000 dollars from work in 2025 dollars. Base EMP = Musicians, singers, music directors and composers (OCCP 2751 and 2752), Austin-Round Rock-San Marcos metro, ages 18-64, employed (ESR 1/2/4/5), ACS 2020-2024 5-year PUMS, PWGTP-weighted; 91 unweighted records. Dollars adjusted with ADJINC to 2024 then by the CPI-U 2024 factor to 2025 dollars.",pums,NPumsAustinMusicLtOneZerokMoe
pums_austin_music_lt25k,38.69956913435174,38.7%,percent,01_evidence/02_pums_nes_microdata/pums_baseline_TX_workers18to64_2020_2024_5yr.csv + pums_person_repweights_TX_2020_2024_5yr.csv.gz,"Share earning under 25,000 dollars from work in 2025 dollars. Base EMP = Musicians, singers, music directors and composers (OCCP 2751 and 2752), Austin-Round Rock-San Marcos metro, ages 18-64, employed (ESR 1/2/4/5), ACS 2020-2024 5-year PUMS, PWGTP-weighted; 91 unweighted records. Dollars adjusted with ADJINC to 2024 then by the CPI-U 2024 factor to 2025 dollars.",pums,NPumsAustinMusicLtTwoFivek
pums_austin_music_lt25k_moe,10.15618290589239,+/- 10.2 points,"percentage points, 90 percent margin of error",01_evidence/02_pums_nes_microdata/pums_baseline_TX_workers18to64_2020_2024_5yr.csv + pums_person_repweights_TX_2020_2024_5yr.csv.gz,"90 percent MOE = 1.645 x SDR standard error from the 80 PUMS replicate weights. Share earning under 25,000 dollars from work in 2025 dollars. Base EMP = Musicians, singers, music directors and composers (OCCP 2751 and 2752), Austin-Round Rock-San Marcos metro, ages 18-64, employed (ESR 1/2/4/5), ACS 2020-2024 5-year PUMS, PWGTP-weighted; 91 unweighted records. Dollars adjusted with ADJINC to 2024 then by the CPI-U 2024 factor to 2025 dollars.",pums,NPumsAustinMusicLtTwoFivekMoe
pums_austin_music_lt50k,60.16451233842538,60.2%,percent,01_evidence/02_pums_nes_microdata/pums_baseline_TX_workers18to64_2020_2024_5yr.csv + pums_person_repweights_TX_2020_2024_5yr.csv.gz,"Share earning under 50,000 dollars from work in 2025 dollars. Base EMP = Musicians, singers, music directors and composers (OCCP 2751 and 2752), Austin-Round Rock-San Marcos metro, ages 18-64, employed (ESR 1/2/4/5), ACS 2020-2024 5-year PUMS, PWGTP-weighted; 91 unweighted records. Dollars adjusted with ADJINC to 2024 then by the CPI-U 2024 factor to 2025 dollars.",pums,NPumsAustinMusicLtFiveZerok
pums_austin_music_lt50k_moe,10.07471752912933,+/- 10.1 points,"percentage points, 90 percent margin of error",01_evidence/02_pums_nes_microdata/pums_baseline_TX_workers18to64_2020_2024_5yr.csv + pums_person_repweights_TX_2020_2024_5yr.csv.gz,"90 percent MOE = 1.645 x SDR standard error from the 80 PUMS replicate weights. Share earning under 50,000 dollars from work in 2025 dollars. Base EMP = Musicians, singers, music directors and composers (OCCP 2751 and 2752), Austin-Round Rock-San Marcos metro, ages 18-64, employed (ESR 1/2/4/5), ACS 2020-2024 5-year PUMS, PWGTP-weighted; 91 unweighted records. Dollars adjusted with ADJINC to 2024 then by the CPI-U 2024 factor to 2025 dollars.",pums,NPumsAustinMusicLtFiveZerokMoe
pums_austin_music_ltmusiccensus,24.08930669800235,24.1%,percent,01_evidence/02_pums_nes_microdata/pums_baseline_TX_workers18to64_2020_2024_5yr.csv + pums_person_repweights_TX_2020_2024_5yr.csv.gz,"Share earning less than the 2013 Austin Music Census 10,000 dollar line restated in 2025 dollars. Base EMP = Musicians, singers, music directors and composers (OCCP 2751 and 2752), Austin-Round Rock-San Marcos metro, ages 18-64, employed (ESR 1/2/4/5), ACS 2020-2024 5-year PUMS, PWGTP-weighted; 91 unweighted records. Dollars adjusted with ADJINC to 2024 then by the CPI-U 2024 factor to 2025 dollars.",pums,NPumsAustinMusicLtmusiccensus
pums_austin_music_ltmusiccensus_moe,9.13139247675384,+/- 9.1 points,"percentage points, 90 percent margin of error",01_evidence/02_pums_nes_microdata/pums_baseline_TX_workers18to64_2020_2024_5yr.csv + pums_person_repweights_TX_2020_2024_5yr.csv.gz,"90 percent MOE = 1.645 x SDR standard error from the 80 PUMS replicate weights. Share earning less than the 2013 Austin Music Census 10,000 dollar line restated in 2025 dollars. Base EMP = Musicians, singers, music directors and composers (OCCP 2751 and 2752), Austin-Round Rock-San Marcos metro, ages 18-64, employed (ESR 1/2/4/5), ACS 2020-2024 5-year PUMS, PWGTP-weighted; 91 unweighted records. Dollars adjusted with ADJINC to 2024 then by the CPI-U 2024 factor to 2025 dollars.",pums,NPumsAustinMusicLtmusiccensusMoe
pums_austin_music_meanpernp_emp,62029.65659820852,"$62,000",2025 dollars,01_evidence/02_pums_nes_microdata/pums_baseline_TX_workers18to64_2020_2024_5yr.csv + pums_person_repweights_TX_2020_2024_5yr.csv.gz,"Mean personal earnings from work, zero and negative earners included. Base EMP = Musicians, singers, music directors and composers (OCCP 2751 and 2752), Austin-Round Rock-San Marcos metro, ages 18-64, employed (ESR 1/2/4/5), ACS 2020-2024 5-year PUMS, PWGTP-weighted; 91 unweighted records. Dollars adjusted with ADJINC to 2024 then by the CPI-U 2024 factor to 2025 dollars.",pums,NPumsAustinMusicMeanpernpEmp
pums_austin_music_meanpernp_emp_moe,19751.57474380039,"+/- $19,800","2025 dollars, 90 percent margin of error",01_evidence/02_pums_nes_microdata/pums_baseline_TX_workers18to64_2020_2024_5yr.csv + pums_person_repweights_TX_2020_2024_5yr.csv.gz,"90 percent MOE = 1.645 x SDR standard error from the 80 PUMS replicate weights. Mean personal earnings from work, zero and negative earners included. Base EMP = Musicians, singers, music directors and composers (OCCP 2751 and 2752), Austin-Round Rock-San Marcos metro, ages 18-64, employed (ESR 1/2/4/5), ACS 2020-2024 5-year PUMS, PWGTP-weighted; 91 unweighted records. Dollars adjusted with ADJINC to 2024 then by the CPI-U 2024 factor to 2025 dollars.",pums,NPumsAustinMusicMeanpernpEmpMoe
pums_austin_music_meanpernp_pos,62029.65659820852,"$62,000",2025 dollars,01_evidence/02_pums_nes_microdata/pums_baseline_TX_workers18to64_2020_2024_5yr.csv + pums_person_repweights_TX_2020_2024_5yr.csv.gz,"Mean personal earnings from work. Base POS = Musicians, singers, music directors and composers (OCCP 2751 and 2752), Austin-Round Rock-San Marcos metro, ages 18-64, employed (ESR 1/2/4/5) with positive earnings, ACS 2020-2024 5-year PUMS, PWGTP-weighted; 91 unweighted records. Dollars adjusted with ADJINC to 2024 then by the CPI-U 2024 factor to 2025 dollars.",pums,NPumsAustinMusicMeanpernpPos
pums_austin_music_meanpernp_pos_moe,19751.57474380039,"+/- $19,800","2025 dollars, 90 percent margin of error",01_evidence/02_pums_nes_microdata/pums_baseline_TX_workers18to64_2020_2024_5yr.csv + pums_person_repweights_TX_2020_2024_5yr.csv.gz,"90 percent MOE = 1.645 x SDR standard error from the 80 PUMS replicate weights. Mean personal earnings from work. Base POS = Musicians, singers, music directors and composers (OCCP 2751 and 2752), Austin-Round Rock-San Marcos metro, ages 18-64, employed (ESR 1/2/4/5) with positive earnings, ACS 2020-2024 5-year PUMS, PWGTP-weighted; 91 unweighted records. Dollars adjusted with ADJINC to 2024 then by the CPI-U 2024 factor to 2025 dollars.",pums,NPumsAustinMusicMeanpernpPosMoe
pums_austin_music_meanpincp_emp,75556.91516575342,"$75,600",2025 dollars,01_evidence/02_pums_nes_microdata/pums_baseline_TX_workers18to64_2020_2024_5yr.csv + pums_person_repweights_TX_2020_2024_5yr.csv.gz,"Mean total personal income. Base EMP = Musicians, singers, music directors and composers (OCCP 2751 and 2752), Austin-Round Rock-San Marcos metro, ages 18-64, employed (ESR 1/2/4/5), ACS 2020-2024 5-year PUMS, PWGTP-weighted; 91 unweighted records. Dollars adjusted with ADJINC to 2024 then by the CPI-U 2024 factor to 2025 dollars.",pums,NPumsAustinMusicMeanpincpEmp
pums_austin_music_meanpincp_emp_moe,23983.88324507287,"+/- $24,000","2025 dollars, 90 percent margin of error",01_evidence/02_pums_nes_microdata/pums_baseline_TX_workers18to64_2020_2024_5yr.csv + pums_person_repweights_TX_2020_2024_5yr.csv.gz,"90 percent MOE = 1.645 x SDR standard error from the 80 PUMS replicate weights. Mean total personal income. Base EMP = Musicians, singers, music directors and composers (OCCP 2751 and 2752), Austin-Round Rock-San Marcos metro, ages 18-64, employed (ESR 1/2/4/5), ACS 2020-2024 5-year PUMS, PWGTP-weighted; 91 unweighted records. Dollars adjusted with ADJINC to 2024 then by the CPI-U 2024 factor to 2025 dollars.",pums,NPumsAustinMusicMeanpincpEmpMoe
pums_austin_music_meanpincp_pos,75556.91516575342,"$75,600",2025 dollars,01_evidence/02_pums_nes_microdata/pums_baseline_TX_workers18to64_2020_2024_5yr.csv + pums_person_repweights_TX_2020_2024_5yr.csv.gz,"Mean total personal income. Base POS = Musicians, singers, music directors and composers (OCCP 2751 and 2752), Austin-Round Rock-San Marcos metro, ages 18-64, employed (ESR 1/2/4/5) with positive earnings, ACS 2020-2024 5-year PUMS, PWGTP-weighted; 91 unweighted records. Dollars adjusted with ADJINC to 2024 then by the CPI-U 2024 factor to 2025 dollars.",pums,NPumsAustinMusicMeanpincpPos
pums_austin_music_meanpincp_pos_moe,23983.88324507287,"+/- $24,000","2025 dollars, 90 percent margin of error",01_evidence/02_pums_nes_microdata/pums_baseline_TX_workers18to64_2020_2024_5yr.csv + pums_person_repweights_TX_2020_2024_5yr.csv.gz,"90 percent MOE = 1.645 x SDR standard error from the 80 PUMS replicate weights. Mean total personal income. Base POS = Musicians, singers, music directors and composers (OCCP 2751 and 2752), Austin-Round Rock-San Marcos metro, ages 18-64, employed (ESR 1/2/4/5) with positive earnings, ACS 2020-2024 5-year PUMS, PWGTP-weighted; 91 unweighted records. Dollars adjusted with ADJINC to 2024 then by the CPI-U 2024 factor to 2025 dollars.",pums,NPumsAustinMusicMeanpincpPosMoe
pums_austin_music_medpernp_emp,31374.74123227476,"$31,400",2025 dollars,01_evidence/02_pums_nes_microdata/pums_baseline_TX_workers18to64_2020_2024_5yr.csv + pums_person_repweights_TX_2020_2024_5yr.csv.gz,"Median personal earnings from work, zero and negative earners included. Base EMP = Musicians, singers, music directors and composers (OCCP 2751 and 2752), Austin-Round Rock-San Marcos metro, ages 18-64, employed (ESR 1/2/4/5), ACS 2020-2024 5-year PUMS, PWGTP-weighted; 91 unweighted records. Dollars adjusted with ADJINC to 2024 then by the CPI-U 2024 factor to 2025 dollars.",pums,NPumsAustinMusicMedpernpEmp
pums_austin_music_medpernp_emp_moe,9409.122754557398,"+/- $9,400","2025 dollars, 90 percent margin of error",01_evidence/02_pums_nes_microdata/pums_baseline_TX_workers18to64_2020_2024_5yr.csv + pums_person_repweights_TX_2020_2024_5yr.csv.gz,"90 percent MOE = 1.645 x SDR standard error from the 80 PUMS replicate weights. Median personal earnings from work, zero and negative earners included. Base EMP = Musicians, singers, music directors and composers (OCCP 2751 and 2752), Austin-Round Rock-San Marcos metro, ages 18-64, employed (ESR 1/2/4/5), ACS 2020-2024 5-year PUMS, PWGTP-weighted; 91 unweighted records. Dollars adjusted with ADJINC to 2024 then by the CPI-U 2024 factor to 2025 dollars.",pums,NPumsAustinMusicMedpernpEmpMoe
pums_austin_music_medpernp_pos,31374.74123227476,"$31,400",2025 dollars,01_evidence/02_pums_nes_microdata/pums_baseline_TX_workers18to64_2020_2024_5yr.csv + pums_person_repweights_TX_2020_2024_5yr.csv.gz,"HEADLINE earnings figure. Median personal earnings from work. Base POS = Musicians, singers, music directors and composers (OCCP 2751 and 2752), Austin-Round Rock-San Marcos metro, ages 18-64, employed (ESR 1/2/4/5) with positive earnings, ACS 2020-2024 5-year PUMS, PWGTP-weighted; 91 unweighted records. Dollars adjusted with ADJINC to 2024 then by the CPI-U 2024 factor to 2025 dollars.",pums,NPumsAustinMusicMedpernpPos
pums_austin_music_medpernp_pos_moe,9409.122754557398,"+/- $9,400","2025 dollars, 90 percent margin of error",01_evidence/02_pums_nes_microdata/pums_baseline_TX_workers18to64_2020_2024_5yr.csv + pums_person_repweights_TX_2020_2024_5yr.csv.gz,"90 percent MOE = 1.645 x SDR standard error from the 80 PUMS replicate weights. HEADLINE earnings figure. Median personal earnings from work. Base POS = Musicians, singers, music directors and composers (OCCP 2751 and 2752), Austin-Round Rock-San Marcos metro, ages 18-64, employed (ESR 1/2/4/5) with positive earnings, ACS 2020-2024 5-year PUMS, PWGTP-weighted; 91 unweighted records. Dollars adjusted with ADJINC to 2024 then by the CPI-U 2024 factor to 2025 dollars.",pums,NPumsAustinMusicMedpernpPosMoe
pums_austin_music_medpincp_emp,42520.31930464843,"$42,500",2025 dollars,01_evidence/02_pums_nes_microdata/pums_baseline_TX_workers18to64_2020_2024_5yr.csv + pums_person_repweights_TX_2020_2024_5yr.csv.gz,"Median total personal income. Base EMP = Musicians, singers, music directors and composers (OCCP 2751 and 2752), Austin-Round Rock-San Marcos metro, ages 18-64, employed (ESR 1/2/4/5), ACS 2020-2024 5-year PUMS, PWGTP-weighted; 91 unweighted records. Dollars adjusted with ADJINC to 2024 then by the CPI-U 2024 factor to 2025 dollars.",pums,NPumsAustinMusicMedpincpEmp
pums_austin_music_medpincp_emp_moe,7799.558751521949,"+/- $7,800","2025 dollars, 90 percent margin of error",01_evidence/02_pums_nes_microdata/pums_baseline_TX_workers18to64_2020_2024_5yr.csv + pums_person_repweights_TX_2020_2024_5yr.csv.gz,"90 percent MOE = 1.645 x SDR standard error from the 80 PUMS replicate weights. Median total personal income. Base EMP = Musicians, singers, music directors and composers (OCCP 2751 and 2752), Austin-Round Rock-San Marcos metro, ages 18-64, employed (ESR 1/2/4/5), ACS 2020-2024 5-year PUMS, PWGTP-weighted; 91 unweighted records. Dollars adjusted with ADJINC to 2024 then by the CPI-U 2024 factor to 2025 dollars.",pums,NPumsAustinMusicMedpincpEmpMoe
pums_austin_music_medpincp_pos,42520.31930464843,"$42,500",2025 dollars,01_evidence/02_pums_nes_microdata/pums_baseline_TX_workers18to64_2020_2024_5yr.csv + pums_person_repweights_TX_2020_2024_5yr.csv.gz,"Median total personal income on the same base as the headline earnings figure, so the earnings-to-income gap is not a base artefact. Base POS = Musicians, singers, music directors and composers (OCCP 2751 and 2752), Austin-Round Rock-San Marcos metro, ages 18-64, employed (ESR 1/2/4/5) with positive earnings, ACS 2020-2024 5-year PUMS, PWGTP-weighted; 91 unweighted records. Dollars adjusted with ADJINC to 2024 then by the CPI-U 2024 factor to 2025 dollars.",pums,NPumsAustinMusicMedpincpPos
pums_austin_music_medpincp_pos_moe,7799.558751521949,"+/- $7,800","2025 dollars, 90 percent margin of error",01_evidence/02_pums_nes_microdata/pums_baseline_TX_workers18to64_2020_2024_5yr.csv + pums_person_repweights_TX_2020_2024_5yr.csv.gz,"90 percent MOE = 1.645 x SDR standard error from the 80 PUMS replicate weights. Median total personal income on the same base as the headline earnings figure, so the earnings-to-income gap is not a base artefact. Base POS = Musicians, singers, music directors and composers (OCCP 2751 and 2752), Austin-Round Rock-San Marcos metro, ages 18-64, employed (ESR 1/2/4/5) with positive earnings, ACS 2020-2024 5-year PUMS, PWGTP-weighted; 91 unweighted records. Dollars adjusted with ADJINC to 2024 then by the CPI-U 2024 factor to 2025 dollars.",pums,NPumsAustinMusicMedpincpPosMoe
pums_austin_music_medwkhp,40,40,usual hours per week,01_evidence/02_pums_nes_microdata/pums_baseline_TX_workers18to64_2020_2024_5yr.csv + pums_person_repweights_TX_2020_2024_5yr.csv.gz,"Median usual hours worked per week (WKHP). Base EMP = Musicians, singers, music directors and composers (OCCP 2751 and 2752), Austin-Round Rock-San Marcos metro, ages 18-64, employed (ESR 1/2/4/5), ACS 2020-2024 5-year PUMS, PWGTP-weighted; 91 unweighted records.",pums,NPumsAustinMusicMedwkhp
pums_austin_music_medwkwn,52,52,weeks worked in past 12 months,01_evidence/02_pums_nes_microdata/pums_baseline_TX_workers18to64_2020_2024_5yr.csv + pums_person_repweights_TX_2020_2024_5yr.csv.gz,"Median weeks worked in the past 12 months (WKWN). Base EMP = Musicians, singers, music directors and composers (OCCP 2751 and 2752), Austin-Round Rock-San Marcos metro, ages 18-64, employed (ESR 1/2/4/5), ACS 2020-2024 5-year PUMS, PWGTP-weighted; 91 unweighted records.",pums,NPumsAustinMusicMedwkwn
pums_austin_music_n_emp,91,91,unweighted person records,01_evidence/02_pums_nes_microdata/pums_baseline_TX_workers18to64_2020_2024_5yr.csv + pums_person_repweights_TX_2020_2024_5yr.csv.gz,"Base EMP = Musicians, singers, music directors and composers (OCCP 2751 and 2752), Austin-Round Rock-San Marcos metro, ages 18-64, employed (ESR 1/2/4/5), ACS 2020-2024 5-year PUMS, PWGTP-weighted; 91 unweighted records.",pums,NPumsAustinMusicNEmp
pums_austin_music_n_pos,91,91,unweighted person records,01_evidence/02_pums_nes_microdata/pums_baseline_TX_workers18to64_2020_2024_5yr.csv + pums_person_repweights_TX_2020_2024_5yr.csv.gz,"Base POS = Musicians, singers, music directors and composers (OCCP 2751 and 2752), Austin-Round Rock-San Marcos metro, ages 18-64, employed (ESR 1/2/4/5) with positive earnings, ACS 2020-2024 5-year PUMS, PWGTP-weighted; 91 unweighted records.",pums,NPumsAustinMusicNPos
pums_austin_music_nonposearn,0,0.0%,percent,01_evidence/02_pums_nes_microdata/pums_baseline_TX_workers18to64_2020_2024_5yr.csv + pums_person_repweights_TX_2020_2024_5yr.csv.gz,"Share of employed people reporting zero or negative earnings from work. Base EMP = Musicians, singers, music directors and composers (OCCP 2751 and 2752), Austin-Round Rock-San Marcos metro, ages 18-64, employed (ESR 1/2/4/5), ACS 2020-2024 5-year PUMS, PWGTP-weighted; 91 unweighted records.",pums,NPumsAustinMusicNonposearn
pums_austin_music_nonposearn_moe,0,+/- 0.0 points,"percentage points, 90 percent margin of error",01_evidence/02_pums_nes_microdata/pums_baseline_TX_workers18to64_2020_2024_5yr.csv + pums_person_repweights_TX_2020_2024_5yr.csv.gz,"90 percent MOE = 1.645 x SDR standard error from the 80 PUMS replicate weights. Share of employed people reporting zero or negative earnings from work. Base EMP = Musicians, singers, music directors and composers (OCCP 2751 and 2752), Austin-Round Rock-San Marcos metro, ages 18-64, employed (ESR 1/2/4/5), ACS 2020-2024 5-year PUMS, PWGTP-weighted; 91 unweighted records.",pums,NPumsAustinMusicNonposearnMoe
pums_austin_music_privcov,80.18018018018019,80.2%,percent,01_evidence/02_pums_nes_microdata/pums_baseline_TX_workers18to64_2020_2024_5yr.csv + pums_person_repweights_TX_2020_2024_5yr.csv.gz,"Share with private coverage (PRIVCOV = 1). Private and public overlap, so the two shares do not sum to the any-coverage share. Base EMP = Musicians, singers, music directors and composers (OCCP 2751 and 2752), Austin-Round Rock-San Marcos metro, ages 18-64, employed (ESR 1/2/4/5), ACS 2020-2024 5-year PUMS, PWGTP-weighted; 91 unweighted records.",pums,NPumsAustinMusicPrivcov
pums_austin_music_privcov_moe,10.46288201729447,+/- 10.5 points,"percentage points, 90 percent margin of error",01_evidence/02_pums_nes_microdata/pums_baseline_TX_workers18to64_2020_2024_5yr.csv + pums_person_repweights_TX_2020_2024_5yr.csv.gz,"90 percent MOE = 1.645 x SDR standard error from the 80 PUMS replicate weights. Share with private coverage (PRIVCOV = 1). Private and public overlap, so the two shares do not sum to the any-coverage share. Base EMP = Musicians, singers, music directors and composers (OCCP 2751 and 2752), Austin-Round Rock-San Marcos metro, ages 18-64, employed (ESR 1/2/4/5), ACS 2020-2024 5-year PUMS, PWGTP-weighted; 91 unweighted records.",pums,NPumsAustinMusicPrivcovMoe
pums_austin_music_pubcov,21.97414806110458,22.0%,percent,01_evidence/02_pums_nes_microdata/pums_baseline_TX_workers18to64_2020_2024_5yr.csv + pums_person_repweights_TX_2020_2024_5yr.csv.gz,"Share with public coverage (PUBCOV = 1). Private and public overlap. Base EMP = Musicians, singers, music directors and composers (OCCP 2751 and 2752), Austin-Round Rock-San Marcos metro, ages 18-64, employed (ESR 1/2/4/5), ACS 2020-2024 5-year PUMS, PWGTP-weighted; 91 unweighted records.",pums,NPumsAustinMusicPubcov
pums_austin_music_pubcov_moe,11.13783089078435,+/- 11.1 points,"percentage points, 90 percent margin of error",01_evidence/02_pums_nes_microdata/pums_baseline_TX_workers18to64_2020_2024_5yr.csv + pums_person_repweights_TX_2020_2024_5yr.csv.gz,"90 percent MOE = 1.645 x SDR standard error from the 80 PUMS replicate weights. Share with public coverage (PUBCOV = 1). Private and public overlap. Base EMP = Musicians, singers, music directors and composers (OCCP 2751 and 2752), Austin-Round Rock-San Marcos metro, ages 18-64, employed (ESR 1/2/4/5), ACS 2020-2024 5-year PUMS, PWGTP-weighted; 91 unweighted records.",pums,NPumsAustinMusicPubcovMoe
pums_austin_music_selfemp,68.03760282021152,68.0%,percent,01_evidence/02_pums_nes_microdata/pums_baseline_TX_workers18to64_2020_2024_5yr.csv + pums_person_repweights_TX_2020_2024_5yr.csv.gz,"Share self-employed, COW 6 (unincorporated) or 7 (incorporated). Base EMP = Musicians, singers, music directors and composers (OCCP 2751 and 2752), Austin-Round Rock-San Marcos metro, ages 18-64, employed (ESR 1/2/4/5), ACS 2020-2024 5-year PUMS, PWGTP-weighted; 91 unweighted records.",pums,NPumsAustinMusicSelfemp
pums_austin_music_selfemp_moe,9.678308709074141,+/- 9.7 points,"percentage points, 90 percent margin of error",01_evidence/02_pums_nes_microdata/pums_baseline_TX_workers18to64_2020_2024_5yr.csv + pums_person_repweights_TX_2020_2024_5yr.csv.gz,"90 percent MOE = 1.645 x SDR standard error from the 80 PUMS replicate weights. Share self-employed, COW 6 (unincorporated) or 7 (incorporated). Base EMP = Musicians, singers, music directors and composers (OCCP 2751 and 2752), Austin-Round Rock-San Marcos metro, ages 18-64, employed (ESR 1/2/4/5), ACS 2020-2024 5-year PUMS, PWGTP-weighted; 91 unweighted records.",pums,NPumsAustinMusicSelfempMoe
pums_austin_music_wtd_emp,2553,"2,553",people,01_evidence/02_pums_nes_microdata/pums_baseline_TX_workers18to64_2020_2024_5yr.csv + pums_person_repweights_TX_2020_2024_5yr.csv.gz,"Weighted denominator for every EMP-base figure in this cell. Base EMP = Musicians, singers, music directors and composers (OCCP 2751 and 2752), Austin-Round Rock-San Marcos metro, ages 18-64, employed (ESR 1/2/4/5), ACS 2020-2024 5-year PUMS, PWGTP-weighted; 91 unweighted records.",pums,NPumsAustinMusicWtdEmp
pums_austin_music_wtd_pos,2553,"2,553",people,01_evidence/02_pums_nes_microdata/pums_baseline_TX_workers18to64_2020_2024_5yr.csv + pums_person_repweights_TX_2020_2024_5yr.csv.gz,"Weighted denominator for every POS-base figure in this cell. Base POS = Musicians, singers, music directors and composers (OCCP 2751 and 2752), Austin-Round Rock-San Marcos metro, ages 18-64, employed (ESR 1/2/4/5) with positive earnings, ACS 2020-2024 5-year PUMS, PWGTP-weighted; 91 unweighted records.",pums,NPumsAustinMusicWtdPos
pums_austin_share_of_tx_musicians,17.59788097011837,17.6%,percent,01_evidence/02_pums_nes_microdata/pums_baseline_TX_workers18to64_2020_2024_5yr.csv + pums_person_repweights_TX_2020_2024_5yr.csv.gz,"Austin metro share of Texas musicians and singers (OCCP 2752), employed base, PWGTP-weighted. Ratio of two same-vintage weighted counts, so no deflation applies.",pums,NPumsAustinShareOfTxMusicians
pums_austin_share_of_tx_workers,9.42213978099084,9.4%,percent,01_evidence/02_pums_nes_microdata/pums_baseline_TX_workers18to64_2020_2024_5yr.csv + pums_person_repweights_TX_2020_2024_5yr.csv.gz,"Austin metro share of all employed Texans 18-64, PWGTP-weighted. Ratio of two same-vintage weighted counts, so no deflation applies.",pums,NPumsAustinShareOfTxWorkers
pums_base_records,555102,"555,102",unweighted person records,01_evidence/02_pums_nes_microdata/pums_baseline_TX_workers18to64_2020_2024_5yr.csv + pums_person_repweights_TX_2020_2024_5yr.csv.gz,"ACS 2020-2024 5-year PUMS, Texas. Employed base: ages 18-64, ESR in 1/2/4/5.",pums,NPumsBaseRecords
pums_base_weighted,13595139,"13,595,139",people,01_evidence/02_pums_nes_microdata/pums_baseline_TX_workers18to64_2020_2024_5yr.csv + pums_person_repweights_TX_2020_2024_5yr.csv.gz,"PWGTP-weighted count of the employed base, ACS 2020-2024 5-year PUMS, Texas.",pums,NPumsBaseWeighted
pums_defl_2013_to_2025,1.382884901904321,1.3829,multiplier,03_analysis/out/cpi_annual.dta,"CPI-U all items, U.S. city average, annual average 2025 divided by annual average 2013.",pums,NPumsDeflTwoZeroOneThreeToTwoZeroTwoFive
pums_defl_2024_to_2025,1.026982152695904,1.0270,multiplier,03_analysis/out/cpi_annual.dta,"Applied after ADJINC or ADJHSG, which already restate all five PUMS years in 2024 dollars.",pums,NPumsDeflTwoZeroTwoFourToTwoZeroTwoFive
pums_hh_mus_medrent,1735.846640353049,"$1,700",2025 dollars,01_evidence/02_pums_nes_microdata/pums_housing_costburden_TX_2020_2024_5yr.csv + pums_housing_repweights_TX_2020_2024_5yr.csv.gz,"Median monthly gross rent, ADJHSG to 2024 then CPI-U to 2025 dollars. Texas households with at least one employed resident aged 18-64 whose current job is musician or singer (OCCP 2752); 160 unweighted renter records.",pums,NPumsHhMusMedrent
pums_hh_mus_medrent_moe,133.9608469450205,+/- $100,"2025 dollars, 90 percent margin of error",01_evidence/02_pums_nes_microdata/pums_housing_costburden_TX_2020_2024_5yr.csv + pums_housing_repweights_TX_2020_2024_5yr.csv.gz,"90 percent MOE = 1.645 x SDR standard error from the 80 PUMS replicate weights. Median monthly gross rent, ADJHSG to 2024 then CPI-U to 2025 dollars. Texas households with at least one employed resident aged 18-64 whose current job is musician or singer (OCCP 2752); 160 unweighted renter records.",pums,NPumsHhMusMedrentMoe
pums_hh_mus_own30,26.6211085801063,26.6%,percent,01_evidence/02_pums_nes_microdata/pums_housing_costburden_TX_2020_2024_5yr.csv + pums_housing_repweights_TX_2020_2024_5yr.csv.gz,"Share of owner households whose selected monthly owner costs exceed 30 percent of household income (OCPIP > 30). Texas households with at least one employed resident aged 18-64 whose current job is musician or singer (OCCP 2752); 282 unweighted records. Ratio of same-year quantities, no deflation.",pums,NPumsHhMusOwnThreeZero
pums_hh_mus_own30_moe,5.78274796926882,+/- 5.8 points,"percentage points, 90 percent margin of error",01_evidence/02_pums_nes_microdata/pums_housing_costburden_TX_2020_2024_5yr.csv + pums_housing_repweights_TX_2020_2024_5yr.csv.gz,"90 percent MOE = 1.645 x SDR standard error from the 80 PUMS replicate weights. Share of owner households whose selected monthly owner costs exceed 30 percent of household income (OCPIP > 30). Texas households with at least one employed resident aged 18-64 whose current job is musician or singer (OCCP 2752); 282 unweighted records. Ratio of same-year quantities, no deflation.",pums,NPumsHhMusOwnThreeZeroMoe
pums_hh_mus_own50,10.88838268792711,10.9%,percent,01_evidence/02_pums_nes_microdata/pums_housing_costburden_TX_2020_2024_5yr.csv + pums_housing_repweights_TX_2020_2024_5yr.csv.gz,"Share of owner households whose selected monthly owner costs exceed 50 percent of household income (OCPIP > 50). Texas households with at least one employed resident aged 18-64 whose current job is musician or singer (OCCP 2752); 282 unweighted records. Ratio of same-year quantities, no deflation.",pums,NPumsHhMusOwnFiveZero
pums_hh_mus_own50_moe,4.45281364223041,+/- 4.5 points,"percentage points, 90 percent margin of error",01_evidence/02_pums_nes_microdata/pums_housing_costburden_TX_2020_2024_5yr.csv + pums_housing_repweights_TX_2020_2024_5yr.csv.gz,"90 percent MOE = 1.645 x SDR standard error from the 80 PUMS replicate weights. Share of owner households whose selected monthly owner costs exceed 50 percent of household income (OCPIP > 50). Texas households with at least one employed resident aged 18-64 whose current job is musician or singer (OCCP 2752); 282 unweighted records. Ratio of same-year quantities, no deflation.",pums,NPumsHhMusOwnFiveZeroMoe
pums_hh_mus_owners_n,282,282,unweighted household records,01_evidence/02_pums_nes_microdata/pums_housing_costburden_TX_2020_2024_5yr.csv + pums_housing_repweights_TX_2020_2024_5yr.csv.gz,"Denominator for the owner cost-burden shares. Texas households with at least one employed resident aged 18-64 whose current job is musician or singer (OCCP 2752), owning with or without a mortgage and with a valid OCPIP.",pums,NPumsHhMusOwnersN
pums_hh_mus_owners_wtd,6585,"6,585",households,01_evidence/02_pums_nes_microdata/pums_housing_costburden_TX_2020_2024_5yr.csv + pums_housing_repweights_TX_2020_2024_5yr.csv.gz,Weighted owner denominator. Texas households with at least one employed resident aged 18-64 whose current job is musician or singer (OCCP 2752). WGTP-weighted.,pums,NPumsHhMusOwnersWtd
pums_hh_mus_rent30,45.86994727592267,45.9%,percent,01_evidence/02_pums_nes_microdata/pums_housing_costburden_TX_2020_2024_5yr.csv + pums_housing_repweights_TX_2020_2024_5yr.csv.gz,"Share of renter households paying more than 30 percent of household income in gross rent (GRPIP > 30). Texas households with at least one employed resident aged 18-64 whose current job is musician or singer (OCCP 2752); 160 unweighted records. GRPIP is a ratio of two same-year quantities, so no inflation adjustment applies. GRPIP is top-coded at 101, which covers zero and negative household income.",pums,NPumsHhMusRentThreeZero
pums_hh_mus_rent30_moe,8.86228467016333,+/- 8.9 points,"percentage points, 90 percent margin of error",01_evidence/02_pums_nes_microdata/pums_housing_costburden_TX_2020_2024_5yr.csv + pums_housing_repweights_TX_2020_2024_5yr.csv.gz,"90 percent MOE = 1.645 x SDR standard error from the 80 PUMS replicate weights. Share of renter households paying more than 30 percent of household income in gross rent (GRPIP > 30). Texas households with at least one employed resident aged 18-64 whose current job is musician or singer (OCCP 2752); 160 unweighted records. GRPIP is a ratio of two same-year quantities, so no inflation adjustment applies. GRPIP is top-coded at 101, which covers zero and negative household income.",pums,NPumsHhMusRentThreeZeroMoe
pums_hh_mus_rent50,20.95782073813708,21.0%,percent,01_evidence/02_pums_nes_microdata/pums_housing_costburden_TX_2020_2024_5yr.csv + pums_housing_repweights_TX_2020_2024_5yr.csv.gz,"Share of renter households paying more than 50 percent of household income in gross rent (GRPIP > 50), the severe-burden line. Texas households with at least one employed resident aged 18-64 whose current job is musician or singer (OCCP 2752); 160 unweighted records. Ratio of same-year quantities, no deflation.",pums,NPumsHhMusRentFiveZero
pums_hh_mus_rent50_moe,6.38364879288785,+/- 6.4 points,"percentage points, 90 percent margin of error",01_evidence/02_pums_nes_microdata/pums_housing_costburden_TX_2020_2024_5yr.csv + pums_housing_repweights_TX_2020_2024_5yr.csv.gz,"90 percent MOE = 1.645 x SDR standard error from the 80 PUMS replicate weights. Share of renter households paying more than 50 percent of household income in gross rent (GRPIP > 50), the severe-burden line. Texas households with at least one employed resident aged 18-64 whose current job is musician or singer (OCCP 2752); 160 unweighted records. Ratio of same-year quantities, no deflation.",pums,NPumsHhMusRentFiveZeroMoe
pums_hh_mus_renters_n,160,160,unweighted household records,01_evidence/02_pums_nes_microdata/pums_housing_costburden_TX_2020_2024_5yr.csv + pums_housing_repweights_TX_2020_2024_5yr.csv.gz,"Denominator for the renter cost-burden shares. Texas households with at least one employed resident aged 18-64 whose current job is musician or singer (OCCP 2752), renting for cash rent with a valid GRPIP.",pums,NPumsHhMusRentersN
pums_hh_mus_renters_wtd,4552,"4,552",households,01_evidence/02_pums_nes_microdata/pums_housing_costburden_TX_2020_2024_5yr.csv + pums_housing_repweights_TX_2020_2024_5yr.csv.gz,Weighted renter denominator. Texas households with at least one employed resident aged 18-64 whose current job is musician or singer (OCCP 2752). WGTP-weighted.,pums,NPumsHhMusRentersWtd
pums_hh_music_medrent,1733.732332630329,"$1,700",2025 dollars,01_evidence/02_pums_nes_microdata/pums_housing_costburden_TX_2020_2024_5yr.csv + pums_housing_repweights_TX_2020_2024_5yr.csv.gz,"Median monthly gross rent, ADJHSG to 2024 then CPI-U to 2025 dollars. Texas households with at least one employed resident aged 18-64 whose current job is musician, singer, music director or composer (OCCP 2751 or 2752). Wider than the musician-only group and never to be quoted as a musician rate; 193 unweighted renter records.",pums,NPumsHhMusicMedrent
pums_hh_music_medrent_moe,131.4719107737249,+/- $100,"2025 dollars, 90 percent margin of error",01_evidence/02_pums_nes_microdata/pums_housing_costburden_TX_2020_2024_5yr.csv + pums_housing_repweights_TX_2020_2024_5yr.csv.gz,"90 percent MOE = 1.645 x SDR standard error from the 80 PUMS replicate weights. Median monthly gross rent, ADJHSG to 2024 then CPI-U to 2025 dollars. Texas households with at least one employed resident aged 18-64 whose current job is musician, singer, music director or composer (OCCP 2751 or 2752). Wider than the musician-only group and never to be quoted as a musician rate; 193 unweighted renter records.",pums,NPumsHhMusicMedrentMoe
pums_hh_music_own30,24.25198690977092,24.3%,percent,01_evidence/02_pums_nes_microdata/pums_housing_costburden_TX_2020_2024_5yr.csv + pums_housing_repweights_TX_2020_2024_5yr.csv.gz,"Share of owner households whose selected monthly owner costs exceed 30 percent of household income (OCPIP > 30). Texas households with at least one employed resident aged 18-64 whose current job is musician, singer, music director or composer (OCCP 2751 or 2752). Wider than the musician-only group and never to be quoted as a musician rate; 367 unweighted records. Ratio of same-year quantities, no deflation.",pums,NPumsHhMusicOwnThreeZero
pums_hh_music_own30_moe,4.97202052832946,+/- 5.0 points,"percentage points, 90 percent margin of error",01_evidence/02_pums_nes_microdata/pums_housing_costburden_TX_2020_2024_5yr.csv + pums_housing_repweights_TX_2020_2024_5yr.csv.gz,"90 percent MOE = 1.645 x SDR standard error from the 80 PUMS replicate weights. Share of owner households whose selected monthly owner costs exceed 30 percent of household income (OCPIP > 30). Texas households with at least one employed resident aged 18-64 whose current job is musician, singer, music director or composer (OCCP 2751 or 2752). Wider than the musician-only group and never to be quoted as a musician rate; 367 unweighted records. Ratio of same-year quantities, no deflation.",pums,NPumsHhMusicOwnThreeZeroMoe
pums_hh_music_own50,9.30341280972417,9.3%,percent,01_evidence/02_pums_nes_microdata/pums_housing_costburden_TX_2020_2024_5yr.csv + pums_housing_repweights_TX_2020_2024_5yr.csv.gz,"Share of owner households whose selected monthly owner costs exceed 50 percent of household income (OCPIP > 50). Texas households with at least one employed resident aged 18-64 whose current job is musician, singer, music director or composer (OCCP 2751 or 2752). Wider than the musician-only group and never to be quoted as a musician rate; 367 unweighted records. Ratio of same-year quantities, no deflation.",pums,NPumsHhMusicOwnFiveZero
pums_hh_music_own50_moe,3.59316599817725,+/- 3.6 points,"percentage points, 90 percent margin of error",01_evidence/02_pums_nes_microdata/pums_housing_costburden_TX_2020_2024_5yr.csv + pums_housing_repweights_TX_2020_2024_5yr.csv.gz,"90 percent MOE = 1.645 x SDR standard error from the 80 PUMS replicate weights. Share of owner households whose selected monthly owner costs exceed 50 percent of household income (OCPIP > 50). Texas households with at least one employed resident aged 18-64 whose current job is musician, singer, music director or composer (OCCP 2751 or 2752). Wider than the musician-only group and never to be quoted as a musician rate; 367 unweighted records. Ratio of same-year quantities, no deflation.",pums,NPumsHhMusicOwnFiveZeroMoe
pums_hh_music_owners_n,367,367,unweighted household records,01_evidence/02_pums_nes_microdata/pums_housing_costburden_TX_2020_2024_5yr.csv + pums_housing_repweights_TX_2020_2024_5yr.csv.gz,"Denominator for the owner cost-burden shares. Texas households with at least one employed resident aged 18-64 whose current job is musician, singer, music director or composer (OCCP 2751 or 2752). Wider than the musician-only group and never to be quoted as a musician rate, owning with or without a mortgage and with a valid OCPIP.",pums,NPumsHhMusicOwnersN
pums_hh_music_owners_wtd,8556,"8,556",households,01_evidence/02_pums_nes_microdata/pums_housing_costburden_TX_2020_2024_5yr.csv + pums_housing_repweights_TX_2020_2024_5yr.csv.gz,"Weighted owner denominator. Texas households with at least one employed resident aged 18-64 whose current job is musician, singer, music director or composer (OCCP 2751 or 2752). Wider than the musician-only group and never to be quoted as a musician rate. WGTP-weighted.",pums,NPumsHhMusicOwnersWtd
pums_hh_music_rent30,42.75552227630101,42.8%,percent,01_evidence/02_pums_nes_microdata/pums_housing_costburden_TX_2020_2024_5yr.csv + pums_housing_repweights_TX_2020_2024_5yr.csv.gz,"Share of renter households paying more than 30 percent of household income in gross rent (GRPIP > 30). Texas households with at least one employed resident aged 18-64 whose current job is musician, singer, music director or composer (OCCP 2751 or 2752). Wider than the musician-only group and never to be quoted as a musician rate; 193 unweighted records. GRPIP is a ratio of two same-year quantities, so no inflation adjustment applies. GRPIP is top-coded at 101, which covers zero and negative household income.",pums,NPumsHhMusicRentThreeZero
pums_hh_music_rent30_moe,8.175019192181681,+/- 8.2 points,"percentage points, 90 percent margin of error",01_evidence/02_pums_nes_microdata/pums_housing_costburden_TX_2020_2024_5yr.csv + pums_housing_repweights_TX_2020_2024_5yr.csv.gz,"90 percent MOE = 1.645 x SDR standard error from the 80 PUMS replicate weights. Share of renter households paying more than 30 percent of household income in gross rent (GRPIP > 30). Texas households with at least one employed resident aged 18-64 whose current job is musician, singer, music director or composer (OCCP 2751 or 2752). Wider than the musician-only group and never to be quoted as a musician rate; 193 unweighted records. GRPIP is a ratio of two same-year quantities, so no inflation adjustment applies. GRPIP is top-coded at 101, which covers zero and negative household income.",pums,NPumsHhMusicRentThreeZeroMoe
pums_hh_music_rent50,19.15013103706477,19.2%,percent,01_evidence/02_pums_nes_microdata/pums_housing_costburden_TX_2020_2024_5yr.csv + pums_housing_repweights_TX_2020_2024_5yr.csv.gz,"Share of renter households paying more than 50 percent of household income in gross rent (GRPIP > 50), the severe-burden line. Texas households with at least one employed resident aged 18-64 whose current job is musician, singer, music director or composer (OCCP 2751 or 2752). Wider than the musician-only group and never to be quoted as a musician rate; 193 unweighted records. Ratio of same-year quantities, no deflation.",pums,NPumsHhMusicRentFiveZero
pums_hh_music_rent50_moe,5.66710315846005,+/- 5.7 points,"percentage points, 90 percent margin of error",01_evidence/02_pums_nes_microdata/pums_housing_costburden_TX_2020_2024_5yr.csv + pums_housing_repweights_TX_2020_2024_5yr.csv.gz,"90 percent MOE = 1.645 x SDR standard error from the 80 PUMS replicate weights. Share of renter households paying more than 50 percent of household income in gross rent (GRPIP > 50), the severe-burden line. Texas households with at least one employed resident aged 18-64 whose current job is musician, singer, music director or composer (OCCP 2751 or 2752). Wider than the musician-only group and never to be quoted as a musician rate; 193 unweighted records. Ratio of same-year quantities, no deflation.",pums,NPumsHhMusicRentFiveZeroMoe
pums_hh_music_renters_n,193,193,unweighted household records,01_evidence/02_pums_nes_microdata/pums_housing_costburden_TX_2020_2024_5yr.csv + pums_housing_repweights_TX_2020_2024_5yr.csv.gz,"Denominator for the renter cost-burden shares. Texas households with at least one employed resident aged 18-64 whose current job is musician, singer, music director or composer (OCCP 2751 or 2752). Wider than the musician-only group and never to be quoted as a musician rate, renting for cash rent with a valid GRPIP.",pums,NPumsHhMusicRentersN
pums_hh_music_renters_wtd,5342,"5,342",households,01_evidence/02_pums_nes_microdata/pums_housing_costburden_TX_2020_2024_5yr.csv + pums_housing_repweights_TX_2020_2024_5yr.csv.gz,"Weighted renter denominator. Texas households with at least one employed resident aged 18-64 whose current job is musician, singer, music director or composer (OCCP 2751 or 2752). Wider than the musician-only group and never to be quoted as a musician rate. WGTP-weighted.",pums,NPumsHhMusicRentersWtd
pums_hh_records_all,606114,"606,114",unweighted household records,01_evidence/02_pums_nes_microdata/pums_housing_costburden_TX_2020_2024_5yr.csv + pums_housing_repweights_TX_2020_2024_5yr.csv.gz,"All Texas household records in the ACS 2020-2024 5-year PUMS housing extract, before restricting to households with replicate weights.",pums,NPumsHhRecordsAll
pums_hh_records_analysis,347335,"347,335",unweighted household records,01_evidence/02_pums_nes_microdata/pums_housing_costburden_TX_2020_2024_5yr.csv + pums_housing_repweights_TX_2020_2024_5yr.csv.gz,"Households carrying replicate weights, which are exactly the households holding at least one person in the person extract. Texas households with no employed 18-64 resident are outside this universe, so no figure here is a statewide all-household rate.",pums,NPumsHhRecordsAnalysis
pums_hh_worker_medrent,1502.752298840176,"$1,500",2025 dollars,01_evidence/02_pums_nes_microdata/pums_housing_costburden_TX_2020_2024_5yr.csv + pums_housing_repweights_TX_2020_2024_5yr.csv.gz,"Median monthly gross rent, ADJHSG to 2024 then CPI-U to 2025 dollars. Texas households with at least one employed resident aged 18-64; 101799 unweighted renter records.",pums,NPumsHhWorkerMedrent
pums_hh_worker_medrent_moe,5.121888796368118,+/- $0,"2025 dollars, 90 percent margin of error",01_evidence/02_pums_nes_microdata/pums_housing_costburden_TX_2020_2024_5yr.csv + pums_housing_repweights_TX_2020_2024_5yr.csv.gz,"90 percent MOE = 1.645 x SDR standard error from the 80 PUMS replicate weights. Median monthly gross rent, ADJHSG to 2024 then CPI-U to 2025 dollars. Texas households with at least one employed resident aged 18-64; 101799 unweighted renter records.",pums,NPumsHhWorkerMedrentMoe
pums_hh_worker_own30,18.08442200008648,18.1%,percent,01_evidence/02_pums_nes_microdata/pums_housing_costburden_TX_2020_2024_5yr.csv + pums_housing_repweights_TX_2020_2024_5yr.csv.gz,"Share of owner households whose selected monthly owner costs exceed 30 percent of household income (OCPIP > 30). Texas households with at least one employed resident aged 18-64; 230487 unweighted records. Ratio of same-year quantities, no deflation.",pums,NPumsHhWorkerOwnThreeZero
pums_hh_worker_own30_moe,.19646283772999,+/- 0.2 points,"percentage points, 90 percent margin of error",01_evidence/02_pums_nes_microdata/pums_housing_costburden_TX_2020_2024_5yr.csv + pums_housing_repweights_TX_2020_2024_5yr.csv.gz,"90 percent MOE = 1.645 x SDR standard error from the 80 PUMS replicate weights. Share of owner households whose selected monthly owner costs exceed 30 percent of household income (OCPIP > 30). Texas households with at least one employed resident aged 18-64; 230487 unweighted records. Ratio of same-year quantities, no deflation.",pums,NPumsHhWorkerOwnThreeZeroMoe
pums_hh_worker_own50,6.45241392464348,6.5%,percent,01_evidence/02_pums_nes_microdata/pums_housing_costburden_TX_2020_2024_5yr.csv + pums_housing_repweights_TX_2020_2024_5yr.csv.gz,"Share of owner households whose selected monthly owner costs exceed 50 percent of household income (OCPIP > 50). Texas households with at least one employed resident aged 18-64; 230487 unweighted records. Ratio of same-year quantities, no deflation.",pums,NPumsHhWorkerOwnFiveZero
pums_hh_worker_own50_moe,.1173192889936,+/- 0.1 points,"percentage points, 90 percent margin of error",01_evidence/02_pums_nes_microdata/pums_housing_costburden_TX_2020_2024_5yr.csv + pums_housing_repweights_TX_2020_2024_5yr.csv.gz,"90 percent MOE = 1.645 x SDR standard error from the 80 PUMS replicate weights. Share of owner households whose selected monthly owner costs exceed 50 percent of household income (OCPIP > 50). Texas households with at least one employed resident aged 18-64; 230487 unweighted records. Ratio of same-year quantities, no deflation.",pums,NPumsHhWorkerOwnFiveZeroMoe
pums_hh_worker_owners_n,230487,"230,487",unweighted household records,01_evidence/02_pums_nes_microdata/pums_housing_costburden_TX_2020_2024_5yr.csv + pums_housing_repweights_TX_2020_2024_5yr.csv.gz,"Denominator for the owner cost-burden shares. Texas households with at least one employed resident aged 18-64, owning with or without a mortgage and with a valid OCPIP.",pums,NPumsHhWorkerOwnersN
pums_hh_worker_owners_wtd,4949326,"4,949,326",households,01_evidence/02_pums_nes_microdata/pums_housing_costburden_TX_2020_2024_5yr.csv + pums_housing_repweights_TX_2020_2024_5yr.csv.gz,Weighted owner denominator. Texas households with at least one employed resident aged 18-64. WGTP-weighted.,pums,NPumsHhWorkerOwnersWtd
pums_hh_worker_rent30,44.43953929975753,44.4%,percent,01_evidence/02_pums_nes_microdata/pums_housing_costburden_TX_2020_2024_5yr.csv + pums_housing_repweights_TX_2020_2024_5yr.csv.gz,"Share of renter households paying more than 30 percent of household income in gross rent (GRPIP > 30). Texas households with at least one employed resident aged 18-64; 101799 unweighted records. GRPIP is a ratio of two same-year quantities, so no inflation adjustment applies. GRPIP is top-coded at 101, which covers zero and negative household income.",pums,NPumsHhWorkerRentThreeZero
pums_hh_worker_rent30_moe,.36063939503056,+/- 0.4 points,"percentage points, 90 percent margin of error",01_evidence/02_pums_nes_microdata/pums_housing_costburden_TX_2020_2024_5yr.csv + pums_housing_repweights_TX_2020_2024_5yr.csv.gz,"90 percent MOE = 1.645 x SDR standard error from the 80 PUMS replicate weights. Share of renter households paying more than 30 percent of household income in gross rent (GRPIP > 30). Texas households with at least one employed resident aged 18-64; 101799 unweighted records. GRPIP is a ratio of two same-year quantities, so no inflation adjustment applies. GRPIP is top-coded at 101, which covers zero and negative household income.",pums,NPumsHhWorkerRentThreeZeroMoe
pums_hh_worker_rent50,18.94306050048602,18.9%,percent,01_evidence/02_pums_nes_microdata/pums_housing_costburden_TX_2020_2024_5yr.csv + pums_housing_repweights_TX_2020_2024_5yr.csv.gz,"Share of renter households paying more than 50 percent of household income in gross rent (GRPIP > 50), the severe-burden line. Texas households with at least one employed resident aged 18-64; 101799 unweighted records. Ratio of same-year quantities, no deflation.",pums,NPumsHhWorkerRentFiveZero
pums_hh_worker_rent50_moe,.26537802609103,+/- 0.3 points,"percentage points, 90 percent margin of error",01_evidence/02_pums_nes_microdata/pums_housing_costburden_TX_2020_2024_5yr.csv + pums_housing_repweights_TX_2020_2024_5yr.csv.gz,"90 percent MOE = 1.645 x SDR standard error from the 80 PUMS replicate weights. Share of renter households paying more than 50 percent of household income in gross rent (GRPIP > 50), the severe-burden line. Texas households with at least one employed resident aged 18-64; 101799 unweighted records. Ratio of same-year quantities, no deflation.",pums,NPumsHhWorkerRentFiveZeroMoe
pums_hh_worker_renters_n,101799,"101,799",unweighted household records,01_evidence/02_pums_nes_microdata/pums_housing_costburden_TX_2020_2024_5yr.csv + pums_housing_repweights_TX_2020_2024_5yr.csv.gz,"Denominator for the renter cost-burden shares. Texas households with at least one employed resident aged 18-64, renting for cash rent with a valid GRPIP.",pums,NPumsHhWorkerRentersN
pums_hh_worker_renters_wtd,3141826,"3,141,826",households,01_evidence/02_pums_nes_microdata/pums_housing_costburden_TX_2020_2024_5yr.csv + pums_housing_repweights_TX_2020_2024_5yr.csv.gz,Weighted renter denominator. Texas households with at least one employed resident aged 18-64. WGTP-weighted.,pums,NPumsHhWorkerRentersWtd
pums_metro_austin_music_medpernp,31374.74123227476,"$31,400",2025 dollars,01_evidence/02_pums_nes_microdata/pums_baseline_TX_workers18to64_2020_2024_5yr.csv + pums_person_repweights_TX_2020_2024_5yr.csv.gz,"Austin metro, OCCP 2751 and 2752 pooled, ages 18-64, employed with positive earnings; 91 unweighted records. Median personal earnings, ADJINC then CPI-U to 2025 dollars.",pums,NPumsMetroAustinMusicMedpernp
pums_metro_austin_music_medpernp_moe,9409.122754557398,"+/- $9,400","2025 dollars, 90 percent margin of error",01_evidence/02_pums_nes_microdata/pums_baseline_TX_workers18to64_2020_2024_5yr.csv + pums_person_repweights_TX_2020_2024_5yr.csv.gz,"90 percent MOE = 1.645 x SDR standard error from the 80 PUMS replicate weights. Austin metro, OCCP 2751 and 2752 pooled, ages 18-64, employed with positive earnings; 91 unweighted records. Median personal earnings, ADJINC then CPI-U to 2025 dollars.",pums,NPumsMetroAustinMusicMedpernpMoe
pums_metro_austin_music_n,91,91,unweighted person records,01_evidence/02_pums_nes_microdata/pums_baseline_TX_workers18to64_2020_2024_5yr.csv + pums_person_repweights_TX_2020_2024_5yr.csv.gz,"Austin metro, OCCP 2751 and 2752 pooled, employed base.",pums,NPumsMetroAustinMusicN
pums_metro_austin_music_selfemp,68.03760282021152,68.0%,percent,01_evidence/02_pums_nes_microdata/pums_baseline_TX_workers18to64_2020_2024_5yr.csv + pums_person_repweights_TX_2020_2024_5yr.csv.gz,"Austin metro, OCCP 2751 and 2752 pooled, ages 18-64, employed; 91 unweighted records. Share with COW 6 or 7.",pums,NPumsMetroAustinMusicSelfemp
pums_metro_austin_music_selfemp_moe,9.678308709074141,+/- 9.7 points,"percentage points, 90 percent margin of error",01_evidence/02_pums_nes_microdata/pums_baseline_TX_workers18to64_2020_2024_5yr.csv + pums_person_repweights_TX_2020_2024_5yr.csv.gz,"90 percent MOE = 1.645 x SDR standard error from the 80 PUMS replicate weights. Austin metro, OCCP 2751 and 2752 pooled, ages 18-64, employed; 91 unweighted records. Share with COW 6 or 7.",pums,NPumsMetroAustinMusicSelfempMoe
pums_metro_austin_music_wtd,2553,"2,553",people,01_evidence/02_pums_nes_microdata/pums_baseline_TX_workers18to64_2020_2024_5yr.csv + pums_person_repweights_TX_2020_2024_5yr.csv.gz,"Austin metro, OCCP 2751 and 2752 pooled, employed base, PWGTP-weighted.",pums,NPumsMetroAustinMusicWtd
pums_metro_dfw_music_medpernp,36714.79270773745,"$36,700",2025 dollars,01_evidence/02_pums_nes_microdata/pums_baseline_TX_workers18to64_2020_2024_5yr.csv + pums_person_repweights_TX_2020_2024_5yr.csv.gz,"Dallas-Fort Worth metro, OCCP 2751 and 2752 pooled, ages 18-64, employed with positive earnings; 191 unweighted records. Median personal earnings, ADJINC then CPI-U to 2025 dollars.",pums,NPumsMetroDfwMusicMedpernp
pums_metro_dfw_music_medpernp_moe,14802.56909335162,"+/- $14,800","2025 dollars, 90 percent margin of error",01_evidence/02_pums_nes_microdata/pums_baseline_TX_workers18to64_2020_2024_5yr.csv + pums_person_repweights_TX_2020_2024_5yr.csv.gz,"90 percent MOE = 1.645 x SDR standard error from the 80 PUMS replicate weights. Dallas-Fort Worth metro, OCCP 2751 and 2752 pooled, ages 18-64, employed with positive earnings; 191 unweighted records. Median personal earnings, ADJINC then CPI-U to 2025 dollars.",pums,NPumsMetroDfwMusicMedpernpMoe
pums_metro_dfw_music_n,191,191,unweighted person records,01_evidence/02_pums_nes_microdata/pums_baseline_TX_workers18to64_2020_2024_5yr.csv + pums_person_repweights_TX_2020_2024_5yr.csv.gz,"Dallas-Fort Worth metro, OCCP 2751 and 2752 pooled, employed base.",pums,NPumsMetroDfwMusicN
pums_metro_dfw_music_selfemp,40.62153163152054,40.6%,percent,01_evidence/02_pums_nes_microdata/pums_baseline_TX_workers18to64_2020_2024_5yr.csv + pums_person_repweights_TX_2020_2024_5yr.csv.gz,"Dallas-Fort Worth metro, OCCP 2751 and 2752 pooled, ages 18-64, employed; 191 unweighted records. Share with COW 6 or 7.",pums,NPumsMetroDfwMusicSelfemp
pums_metro_dfw_music_selfemp_moe,7.55357689373287,+/- 7.6 points,"percentage points, 90 percent margin of error",01_evidence/02_pums_nes_microdata/pums_baseline_TX_workers18to64_2020_2024_5yr.csv + pums_person_repweights_TX_2020_2024_5yr.csv.gz,"90 percent MOE = 1.645 x SDR standard error from the 80 PUMS replicate weights. Dallas-Fort Worth metro, OCCP 2751 and 2752 pooled, ages 18-64, employed; 191 unweighted records. Share with COW 6 or 7.",pums,NPumsMetroDfwMusicSelfempMoe
pums_metro_dfw_music_wtd,4505,"4,505",people,01_evidence/02_pums_nes_microdata/pums_baseline_TX_workers18to64_2020_2024_5yr.csv + pums_person_repweights_TX_2020_2024_5yr.csv.gz,"Dallas-Fort Worth metro, OCCP 2751 and 2752 pooled, employed base, PWGTP-weighted.",pums,NPumsMetroDfwMusicWtd
pums_metro_houston_music_medpernp,43924.63772518466,"$43,900",2025 dollars,01_evidence/02_pums_nes_microdata/pums_baseline_TX_workers18to64_2020_2024_5yr.csv + pums_person_repweights_TX_2020_2024_5yr.csv.gz,"Houston metro, OCCP 2751 and 2752 pooled, ages 18-64, employed with positive earnings; 117 unweighted records. Median personal earnings, ADJINC then CPI-U to 2025 dollars.",pums,NPumsMetroHoustonMusicMedpernp
pums_metro_houston_music_medpernp_moe,15974.31140460174,"+/- $16,000","2025 dollars, 90 percent margin of error",01_evidence/02_pums_nes_microdata/pums_baseline_TX_workers18to64_2020_2024_5yr.csv + pums_person_repweights_TX_2020_2024_5yr.csv.gz,"90 percent MOE = 1.645 x SDR standard error from the 80 PUMS replicate weights. Houston metro, OCCP 2751 and 2752 pooled, ages 18-64, employed with positive earnings; 117 unweighted records. Median personal earnings, ADJINC then CPI-U to 2025 dollars.",pums,NPumsMetroHoustonMusicMedpernpMoe
pums_metro_houston_music_n,117,117,unweighted person records,01_evidence/02_pums_nes_microdata/pums_baseline_TX_workers18to64_2020_2024_5yr.csv + pums_person_repweights_TX_2020_2024_5yr.csv.gz,"Houston metro, OCCP 2751 and 2752 pooled, employed base.",pums,NPumsMetroHoustonMusicN
pums_metro_houston_music_selfemp,46.88676513176948,46.9%,percent,01_evidence/02_pums_nes_microdata/pums_baseline_TX_workers18to64_2020_2024_5yr.csv + pums_person_repweights_TX_2020_2024_5yr.csv.gz,"Houston metro, OCCP 2751 and 2752 pooled, ages 18-64, employed; 117 unweighted records. Share with COW 6 or 7.",pums,NPumsMetroHoustonMusicSelfemp
pums_metro_houston_music_selfemp_moe,11.15372885314253,+/- 11.2 points,"percentage points, 90 percent margin of error",01_evidence/02_pums_nes_microdata/pums_baseline_TX_workers18to64_2020_2024_5yr.csv + pums_person_repweights_TX_2020_2024_5yr.csv.gz,"90 percent MOE = 1.645 x SDR standard error from the 80 PUMS replicate weights. Houston metro, OCCP 2751 and 2752 pooled, ages 18-64, employed; 117 unweighted records. Share with COW 6 or 7.",pums,NPumsMetroHoustonMusicSelfempMoe
pums_metro_houston_music_wtd,3453,"3,453",people,01_evidence/02_pums_nes_microdata/pums_baseline_TX_workers18to64_2020_2024_5yr.csv + pums_person_repweights_TX_2020_2024_5yr.csv.gz,"Houston metro, OCCP 2751 and 2752 pooled, employed base, PWGTP-weighted.",pums,NPumsMetroHoustonMusicWtd
pums_metro_sanantonio_music_medpernp,17210.05908175193,"$17,200",2025 dollars,01_evidence/02_pums_nes_microdata/pums_baseline_TX_workers18to64_2020_2024_5yr.csv + pums_person_repweights_TX_2020_2024_5yr.csv.gz,"San Antonio metro, OCCP 2751 and 2752 pooled, ages 18-64, employed with positive earnings; 53 unweighted records. Median personal earnings, ADJINC then CPI-U to 2025 dollars.",pums,NPumsMetroSanantonioMusicMedpernp
pums_metro_sanantonio_music_medpernp_moe,8302.829796950024,"+/- $8,300","2025 dollars, 90 percent margin of error",01_evidence/02_pums_nes_microdata/pums_baseline_TX_workers18to64_2020_2024_5yr.csv + pums_person_repweights_TX_2020_2024_5yr.csv.gz,"90 percent MOE = 1.645 x SDR standard error from the 80 PUMS replicate weights. San Antonio metro, OCCP 2751 and 2752 pooled, ages 18-64, employed with positive earnings; 53 unweighted records. Median personal earnings, ADJINC then CPI-U to 2025 dollars.",pums,NPumsMetroSanantonioMusicMedpernpMoe
pums_metro_sanantonio_music_n,54,54,unweighted person records,01_evidence/02_pums_nes_microdata/pums_baseline_TX_workers18to64_2020_2024_5yr.csv + pums_person_repweights_TX_2020_2024_5yr.csv.gz,"San Antonio metro, OCCP 2751 and 2752 pooled, employed base.",pums,NPumsMetroSanantonioMusicN
pums_metro_sanantonio_music_selfemp,36.65620094191523,36.7%,percent,01_evidence/02_pums_nes_microdata/pums_baseline_TX_workers18to64_2020_2024_5yr.csv + pums_person_repweights_TX_2020_2024_5yr.csv.gz,"San Antonio metro, OCCP 2751 and 2752 pooled, ages 18-64, employed; 54 unweighted records. Share with COW 6 or 7.",pums,NPumsMetroSanantonioMusicSelfemp
pums_metro_sanantonio_music_selfemp_moe,15.52013010787312,+/- 15.5 points,"percentage points, 90 percent margin of error",01_evidence/02_pums_nes_microdata/pums_baseline_TX_workers18to64_2020_2024_5yr.csv + pums_person_repweights_TX_2020_2024_5yr.csv.gz,"90 percent MOE = 1.645 x SDR standard error from the 80 PUMS replicate weights. San Antonio metro, OCCP 2751 and 2752 pooled, ages 18-64, employed; 54 unweighted records. Share with COW 6 or 7.",pums,NPumsMetroSanantonioMusicSelfempMoe
pums_metro_sanantonio_music_wtd,1274,"1,274",people,01_evidence/02_pums_nes_microdata/pums_baseline_TX_workers18to64_2020_2024_5yr.csv + pums_person_repweights_TX_2020_2024_5yr.csv.gz,"San Antonio metro, OCCP 2751 and 2752 pooled, employed base, PWGTP-weighted.",pums,NPumsMetroSanantonioMusicWtd
pums_musiccensus_tenk_2025usd,13828.84901904321,"$13,800",2025 dollars,03_analysis/out/cpi_annual.dta,"The 2013 Austin Music Census used a 10,000 dollar annual-earnings threshold. Converted with the CPI-U all-items annual average, factor 1.3829. The 2025 annual average uses an imputed October 2025 value because the federal funding lapse suspended CPI collection that month.",pums,NPumsMusiccensusTenkTwoZeroTwoFiveusd
pums_nonpos_earn_records,430,430,unweighted person records,01_evidence/02_pums_nes_microdata/pums_baseline_TX_workers18to64_2020_2024_5yr.csv + pums_person_repweights_TX_2020_2024_5yr.csv.gz,"Employed Texans 18-64 reporting zero or negative earnings from work; PERNP nets business losses, so it can go below zero.",pums,NPumsNonposEarnRecords
pums_occ2634_medpernp_pos,52132.18152622582,"$52,100",2025 dollars,01_evidence/02_pums_nes_microdata/pums_baseline_TX_workers18to64_2020_2024_5yr.csv + pums_person_repweights_TX_2020_2024_5yr.csv.gz,"Graphic designers (OCCP 2634), Texas, ages 18-64, employed with positive earnings; 1028 unweighted records. Median personal earnings, ADJINC then CPI-U to 2025 dollars.",pums,NPumsOccTwoSixThreeFourMedpernpPos
pums_occ2634_medpernp_pos_moe,1897.677241975306,"+/- $1,900","2025 dollars, 90 percent margin of error",01_evidence/02_pums_nes_microdata/pums_baseline_TX_workers18to64_2020_2024_5yr.csv + pums_person_repweights_TX_2020_2024_5yr.csv.gz,"90 percent MOE = 1.645 x SDR standard error from the 80 PUMS replicate weights. Graphic designers (OCCP 2634), Texas, ages 18-64, employed with positive earnings; 1028 unweighted records. Median personal earnings, ADJINC then CPI-U to 2025 dollars.",pums,NPumsOccTwoSixThreeFourMedpernpPosMoe
pums_occ2634_selfemp,22.98081422554984,23.0%,percent,01_evidence/02_pums_nes_microdata/pums_baseline_TX_workers18to64_2020_2024_5yr.csv + pums_person_repweights_TX_2020_2024_5yr.csv.gz,"Graphic designers (OCCP 2634), Texas, ages 18-64, employed; 1030 unweighted records, 21,370 weighted. Share with COW 6 or 7.",pums,NPumsOccTwoSixThreeFourSelfemp
pums_occ2634_selfemp_moe,2.57412214070786,+/- 2.6 points,"percentage points, 90 percent margin of error",01_evidence/02_pums_nes_microdata/pums_baseline_TX_workers18to64_2020_2024_5yr.csv + pums_person_repweights_TX_2020_2024_5yr.csv.gz,"90 percent MOE = 1.645 x SDR standard error from the 80 PUMS replicate weights. Graphic designers (OCCP 2634), Texas, ages 18-64, employed; 1030 unweighted records, 21,370 weighted. Share with COW 6 or 7.",pums,NPumsOccTwoSixThreeFourSelfempMoe
pums_occ2700_medpernp_pos,12276.50881164971,"$12,300",2025 dollars,01_evidence/02_pums_nes_microdata/pums_baseline_TX_workers18to64_2020_2024_5yr.csv + pums_person_repweights_TX_2020_2024_5yr.csv.gz,"Actors (OCCP 2700), Texas, ages 18-64, employed with positive earnings; 76 unweighted records. Median personal earnings, ADJINC then CPI-U to 2025 dollars.",pums,NPumsOccTwoSevenZeroZeroMedpernpPos
pums_occ2700_medpernp_pos_moe,10500.07434773298,"+/- $10,500","2025 dollars, 90 percent margin of error",01_evidence/02_pums_nes_microdata/pums_baseline_TX_workers18to64_2020_2024_5yr.csv + pums_person_repweights_TX_2020_2024_5yr.csv.gz,"90 percent MOE = 1.645 x SDR standard error from the 80 PUMS replicate weights. Actors (OCCP 2700), Texas, ages 18-64, employed with positive earnings; 76 unweighted records. Median personal earnings, ADJINC then CPI-U to 2025 dollars.",pums,NPumsOccTwoSevenZeroZeroMedpernpPosMoe
pums_occ2700_selfemp,44.3609022556391,44.4%,percent,01_evidence/02_pums_nes_microdata/pums_baseline_TX_workers18to64_2020_2024_5yr.csv + pums_person_repweights_TX_2020_2024_5yr.csv.gz,"Actors (OCCP 2700), Texas, ages 18-64, employed; 76 unweighted records, 1,596 weighted. Share with COW 6 or 7.",pums,NPumsOccTwoSevenZeroZeroSelfemp
pums_occ2700_selfemp_moe,11.23798831558406,+/- 11.2 points,"percentage points, 90 percent margin of error",01_evidence/02_pums_nes_microdata/pums_baseline_TX_workers18to64_2020_2024_5yr.csv + pums_person_repweights_TX_2020_2024_5yr.csv.gz,"90 percent MOE = 1.645 x SDR standard error from the 80 PUMS replicate weights. Actors (OCCP 2700), Texas, ages 18-64, employed; 76 unweighted records, 1,596 weighted. Share with COW 6 or 7.",pums,NPumsOccTwoSevenZeroZeroSelfempMoe
pums_occ2710_medpernp_pos,61956.21269430694,"$62,000",2025 dollars,01_evidence/02_pums_nes_microdata/pums_baseline_TX_workers18to64_2020_2024_5yr.csv + pums_person_repweights_TX_2020_2024_5yr.csv.gz,"Producers and directors (OCCP 2710), Texas, ages 18-64, employed with positive earnings; 478 unweighted records. Median personal earnings, ADJINC then CPI-U to 2025 dollars.",pums,NPumsOccTwoSevenOneZeroMedpernpPos
pums_occ2710_medpernp_pos_moe,3139.10597440425,"+/- $3,100","2025 dollars, 90 percent margin of error",01_evidence/02_pums_nes_microdata/pums_baseline_TX_workers18to64_2020_2024_5yr.csv + pums_person_repweights_TX_2020_2024_5yr.csv.gz,"90 percent MOE = 1.645 x SDR standard error from the 80 PUMS replicate weights. Producers and directors (OCCP 2710), Texas, ages 18-64, employed with positive earnings; 478 unweighted records. Median personal earnings, ADJINC then CPI-U to 2025 dollars.",pums,NPumsOccTwoSevenOneZeroMedpernpPosMoe
pums_occ2710_selfemp,25.7131916523071,25.7%,percent,01_evidence/02_pums_nes_microdata/pums_baseline_TX_workers18to64_2020_2024_5yr.csv + pums_person_repweights_TX_2020_2024_5yr.csv.gz,"Producers and directors (OCCP 2710), Texas, ages 18-64, employed; 479 unweighted records, 10,446 weighted. Share with COW 6 or 7.",pums,NPumsOccTwoSevenOneZeroSelfemp
pums_occ2710_selfemp_moe,3.77845038691107,+/- 3.8 points,"percentage points, 90 percent margin of error",01_evidence/02_pums_nes_microdata/pums_baseline_TX_workers18to64_2020_2024_5yr.csv + pums_person_repweights_TX_2020_2024_5yr.csv.gz,"90 percent MOE = 1.645 x SDR standard error from the 80 PUMS replicate weights. Producers and directors (OCCP 2710), Texas, ages 18-64, employed; 479 unweighted records, 10,446 weighted. Share with COW 6 or 7.",pums,NPumsOccTwoSevenOneZeroSelfempMoe
pums_occ2740_medpernp_pos,24508.74421730026,"$24,500",2025 dollars,01_evidence/02_pums_nes_microdata/pums_baseline_TX_workers18to64_2020_2024_5yr.csv + pums_person_repweights_TX_2020_2024_5yr.csv.gz,"Dancers and choreographers (OCCP 2740), Texas, ages 18-64, employed with positive earnings; 66 unweighted records. Median personal earnings, ADJINC then CPI-U to 2025 dollars.",pums,NPumsOccTwoSevenFourZeroMedpernpPos
pums_occ2740_medpernp_pos_moe,6923.569576692796,"+/- $6,900","2025 dollars, 90 percent margin of error",01_evidence/02_pums_nes_microdata/pums_baseline_TX_workers18to64_2020_2024_5yr.csv + pums_person_repweights_TX_2020_2024_5yr.csv.gz,"90 percent MOE = 1.645 x SDR standard error from the 80 PUMS replicate weights. Dancers and choreographers (OCCP 2740), Texas, ages 18-64, employed with positive earnings; 66 unweighted records. Median personal earnings, ADJINC then CPI-U to 2025 dollars.",pums,NPumsOccTwoSevenFourZeroMedpernpPosMoe
pums_occ2740_selfemp,33.29792883696229,33.3%,percent,01_evidence/02_pums_nes_microdata/pums_baseline_TX_workers18to64_2020_2024_5yr.csv + pums_person_repweights_TX_2020_2024_5yr.csv.gz,"Dancers and choreographers (OCCP 2740), Texas, ages 18-64, employed; 66 unweighted records, 1,883 weighted. Share with COW 6 or 7.",pums,NPumsOccTwoSevenFourZeroSelfemp
pums_occ2740_selfemp_moe,12.39206210924707,+/- 12.4 points,"percentage points, 90 percent margin of error",01_evidence/02_pums_nes_microdata/pums_baseline_TX_workers18to64_2020_2024_5yr.csv + pums_person_repweights_TX_2020_2024_5yr.csv.gz,"90 percent MOE = 1.645 x SDR standard error from the 80 PUMS replicate weights. Dancers and choreographers (OCCP 2740), Texas, ages 18-64, employed; 66 unweighted records, 1,883 weighted. Share with COW 6 or 7.",pums,NPumsOccTwoSevenFourZeroSelfempMoe
pums_occ2751_medpernp_pos,64667.21758738622,"$64,700",2025 dollars,01_evidence/02_pums_nes_microdata/pums_baseline_TX_workers18to64_2020_2024_5yr.csv + pums_person_repweights_TX_2020_2024_5yr.csv.gz,"Music directors and composers (OCCP 2751), Texas, ages 18-64, employed with positive earnings; 122 unweighted records. Median personal earnings, ADJINC then CPI-U to 2025 dollars.",pums,NPumsOccTwoSevenFiveOneMedpernpPos
pums_occ2751_medpernp_pos_moe,7754.721544975116,"+/- $7,800","2025 dollars, 90 percent margin of error",01_evidence/02_pums_nes_microdata/pums_baseline_TX_workers18to64_2020_2024_5yr.csv + pums_person_repweights_TX_2020_2024_5yr.csv.gz,"90 percent MOE = 1.645 x SDR standard error from the 80 PUMS replicate weights. Music directors and composers (OCCP 2751), Texas, ages 18-64, employed with positive earnings; 122 unweighted records. Median personal earnings, ADJINC then CPI-U to 2025 dollars.",pums,NPumsOccTwoSevenFiveOneMedpernpPosMoe
pums_occ2751_selfemp,29.73780285429804,29.7%,percent,01_evidence/02_pums_nes_microdata/pums_baseline_TX_workers18to64_2020_2024_5yr.csv + pums_person_repweights_TX_2020_2024_5yr.csv.gz,"Music directors and composers (OCCP 2751), Texas, ages 18-64, employed; 122 unweighted records, 3,013 weighted. Share with COW 6 or 7.",pums,NPumsOccTwoSevenFiveOneSelfemp
pums_occ2751_selfemp_moe,10.76124703049365,+/- 10.8 points,"percentage points, 90 percent margin of error",01_evidence/02_pums_nes_microdata/pums_baseline_TX_workers18to64_2020_2024_5yr.csv + pums_person_repweights_TX_2020_2024_5yr.csv.gz,"90 percent MOE = 1.645 x SDR standard error from the 80 PUMS replicate weights. Music directors and composers (OCCP 2751), Texas, ages 18-64, employed; 122 unweighted records, 3,013 weighted. Share with COW 6 or 7.",pums,NPumsOccTwoSevenFiveOneSelfempMoe
pums_occ2752_medpernp_pos,25099.79298581981,"$25,100",2025 dollars,01_evidence/02_pums_nes_microdata/pums_baseline_TX_workers18to64_2020_2024_5yr.csv + pums_person_repweights_TX_2020_2024_5yr.csv.gz,"Musicians and singers (OCCP 2752), Texas, ages 18-64, employed with positive earnings; 498 unweighted records. Median personal earnings, ADJINC then CPI-U to 2025 dollars.",pums,NPumsOccTwoSevenFiveTwoMedpernpPos
pums_occ2752_medpernp_pos_moe,2690.317702177011,"+/- $2,700","2025 dollars, 90 percent margin of error",01_evidence/02_pums_nes_microdata/pums_baseline_TX_workers18to64_2020_2024_5yr.csv + pums_person_repweights_TX_2020_2024_5yr.csv.gz,"90 percent MOE = 1.645 x SDR standard error from the 80 PUMS replicate weights. Musicians and singers (OCCP 2752), Texas, ages 18-64, employed with positive earnings; 498 unweighted records. Median personal earnings, ADJINC then CPI-U to 2025 dollars.",pums,NPumsOccTwoSevenFiveTwoMedpernpPosMoe
pums_occ2752_selfemp,51.52719145766079,51.5%,percent,01_evidence/02_pums_nes_microdata/pums_baseline_TX_workers18to64_2020_2024_5yr.csv + pums_person_repweights_TX_2020_2024_5yr.csv.gz,"Musicians and singers (OCCP 2752), Texas, ages 18-64, employed; 500 unweighted records, 12,081 weighted. Share with COW 6 or 7.",pums,NPumsOccTwoSevenFiveTwoSelfemp
pums_occ2752_selfemp_moe,4.85664254111764,+/- 4.9 points,"percentage points, 90 percent margin of error",01_evidence/02_pums_nes_microdata/pums_baseline_TX_workers18to64_2020_2024_5yr.csv + pums_person_repweights_TX_2020_2024_5yr.csv.gz,"90 percent MOE = 1.645 x SDR standard error from the 80 PUMS replicate weights. Musicians and singers (OCCP 2752), Texas, ages 18-64, employed; 500 unweighted records, 12,081 weighted. Share with COW 6 or 7.",pums,NPumsOccTwoSevenFiveTwoSelfempMoe
pums_occ2850_medpernp_pos,53889.34798948851,"$53,900",2025 dollars,01_evidence/02_pums_nes_microdata/pums_baseline_TX_workers18to64_2020_2024_5yr.csv + pums_person_repweights_TX_2020_2024_5yr.csv.gz,"Writers and authors (OCCP 2850), Texas, ages 18-64, employed with positive earnings; 646 unweighted records. Median personal earnings, ADJINC then CPI-U to 2025 dollars.",pums,NPumsOccTwoEightFiveZeroMedpernpPos
pums_occ2850_medpernp_pos_moe,5655.186364501099,"+/- $5,700","2025 dollars, 90 percent margin of error",01_evidence/02_pums_nes_microdata/pums_baseline_TX_workers18to64_2020_2024_5yr.csv + pums_person_repweights_TX_2020_2024_5yr.csv.gz,"90 percent MOE = 1.645 x SDR standard error from the 80 PUMS replicate weights. Writers and authors (OCCP 2850), Texas, ages 18-64, employed with positive earnings; 646 unweighted records. Median personal earnings, ADJINC then CPI-U to 2025 dollars.",pums,NPumsOccTwoEightFiveZeroMedpernpPosMoe
pums_occ2850_selfemp,33.93865503080082,33.9%,percent,01_evidence/02_pums_nes_microdata/pums_baseline_TX_workers18to64_2020_2024_5yr.csv + pums_person_repweights_TX_2020_2024_5yr.csv.gz,"Writers and authors (OCCP 2850), Texas, ages 18-64, employed; 654 unweighted records, 15,584 weighted. Share with COW 6 or 7.",pums,NPumsOccTwoEightFiveZeroSelfemp
pums_occ2850_selfemp_moe,4.70805126286337,+/- 4.7 points,"percentage points, 90 percent margin of error",01_evidence/02_pums_nes_microdata/pums_baseline_TX_workers18to64_2020_2024_5yr.csv + pums_person_repweights_TX_2020_2024_5yr.csv.gz,"90 percent MOE = 1.645 x SDR standard error from the 80 PUMS replicate weights. Writers and authors (OCCP 2850), Texas, ages 18-64, employed; 654 unweighted records, 15,584 weighted. Share with COW 6 or 7.",pums,NPumsOccTwoEightFiveZeroSelfempMoe
pums_occ2905_medpernp_pos,53551.60611480107,"$53,600",2025 dollars,01_evidence/02_pums_nes_microdata/pums_baseline_TX_workers18to64_2020_2024_5yr.csv + pums_person_repweights_TX_2020_2024_5yr.csv.gz,"Media, AV and sound equipment workers (OCCP 2905), Texas, ages 18-64, employed with positive earnings; 389 unweighted records. Median personal earnings, ADJINC then CPI-U to 2025 dollars.",pums,NPumsOccTwoNineZeroFiveMedpernpPos
pums_occ2905_medpernp_pos_moe,7738.605032781799,"+/- $7,700","2025 dollars, 90 percent margin of error",01_evidence/02_pums_nes_microdata/pums_baseline_TX_workers18to64_2020_2024_5yr.csv + pums_person_repweights_TX_2020_2024_5yr.csv.gz,"90 percent MOE = 1.645 x SDR standard error from the 80 PUMS replicate weights. Media, AV and sound equipment workers (OCCP 2905), Texas, ages 18-64, employed with positive earnings; 389 unweighted records. Median personal earnings, ADJINC then CPI-U to 2025 dollars.",pums,NPumsOccTwoNineZeroFiveMedpernpPosMoe
pums_occ2905_selfemp,16.69634440138263,16.7%,percent,01_evidence/02_pums_nes_microdata/pums_baseline_TX_workers18to64_2020_2024_5yr.csv + pums_person_repweights_TX_2020_2024_5yr.csv.gz,"Media, AV and sound equipment workers (OCCP 2905), Texas, ages 18-64, employed; 390 unweighted records, 9,547 weighted. Share with COW 6 or 7.",pums,NPumsOccTwoNineZeroFiveSelfemp
pums_occ2905_selfemp_moe,3.73341895604451,+/- 3.7 points,"percentage points, 90 percent margin of error",01_evidence/02_pums_nes_microdata/pums_baseline_TX_workers18to64_2020_2024_5yr.csv + pums_person_repweights_TX_2020_2024_5yr.csv.gz,"90 percent MOE = 1.645 x SDR standard error from the 80 PUMS replicate weights. Media, AV and sound equipment workers (OCCP 2905), Texas, ages 18-64, employed; 390 unweighted records, 9,547 weighted. Share with COW 6 or 7.",pums,NPumsOccTwoNineZeroFiveSelfempMoe
pums_occ2910_medpernp_pos,36763.1163259504,"$36,800",2025 dollars,01_evidence/02_pums_nes_microdata/pums_baseline_TX_workers18to64_2020_2024_5yr.csv + pums_person_repweights_TX_2020_2024_5yr.csv.gz,"Photographers (OCCP 2910), Texas, ages 18-64, employed with positive earnings; 580 unweighted records. Median personal earnings, ADJINC then CPI-U to 2025 dollars.",pums,NPumsOccTwoNineOneZeroMedpernpPos
pums_occ2910_medpernp_pos_moe,1773.365651867171,"+/- $1,800","2025 dollars, 90 percent margin of error",01_evidence/02_pums_nes_microdata/pums_baseline_TX_workers18to64_2020_2024_5yr.csv + pums_person_repweights_TX_2020_2024_5yr.csv.gz,"90 percent MOE = 1.645 x SDR standard error from the 80 PUMS replicate weights. Photographers (OCCP 2910), Texas, ages 18-64, employed with positive earnings; 580 unweighted records. Median personal earnings, ADJINC then CPI-U to 2025 dollars.",pums,NPumsOccTwoNineOneZeroMedpernpPosMoe
pums_occ2910_selfemp,56.33779676332868,56.3%,percent,01_evidence/02_pums_nes_microdata/pums_baseline_TX_workers18to64_2020_2024_5yr.csv + pums_person_repweights_TX_2020_2024_5yr.csv.gz,"Photographers (OCCP 2910), Texas, ages 18-64, employed; 584 unweighted records, 12,173 weighted. Share with COW 6 or 7.",pums,NPumsOccTwoNineOneZeroSelfemp
pums_occ2910_selfemp_moe,4.29243062160278,+/- 4.3 points,"percentage points, 90 percent margin of error",01_evidence/02_pums_nes_microdata/pums_baseline_TX_workers18to64_2020_2024_5yr.csv + pums_person_repweights_TX_2020_2024_5yr.csv.gz,"90 percent MOE = 1.645 x SDR standard error from the 80 PUMS replicate weights. Photographers (OCCP 2910), Texas, ages 18-64, employed; 584 unweighted records, 12,173 weighted. Share with COW 6 or 7.",pums,NPumsOccTwoNineOneZeroSelfempMoe
pums_pos_records,554672,"554,672",unweighted person records,01_evidence/02_pums_nes_microdata/pums_baseline_TX_workers18to64_2020_2024_5yr.csv + pums_person_repweights_TX_2020_2024_5yr.csv.gz,Positive-earnings base: employed base with PERNP > 0. PERNP can be zero or negative because it nets self-employment losses.,pums,NPumsPosRecords
pums_reg_music_coef,-.289745931489394,-0.290,log points,01_evidence/02_pums_nes_microdata/pums_baseline_TX_workers18to64_2020_2024_5yr.csv + pums_person_repweights_TX_2020_2024_5yr.csv.gz,"Coefficient on a music-occupation indicator (OCCP 2751 or 2752) in a survey-weighted OLS of log personal earnings, Texas workers 18-64 with positive earnings, controlling for age, age squared, sex, five education bins, usual hours, weeks worked and metro fixed effects. SDR standard errors from PWGTP1-PWGTP80. Descriptive conditional gap, not a causal estimate.",pums,NPumsRegMusicCoef
pums_reg_music_pctgap,-25.1546298058725,-25.2%,percent,01_evidence/02_pums_nes_microdata/pums_baseline_TX_workers18to64_2020_2024_5yr.csv + pums_person_repweights_TX_2020_2024_5yr.csv.gz,"Music coefficient expressed as a percentage difference, 100*(exp(b)-1). 95 percent CI -32.7 to -16.8 percent. Conditional association, not the earnings penalty of choosing music.",pums,NPumsRegMusicPctgap
pums_reg_music_se,.0539685450234412,0.054,log points,01_evidence/02_pums_nes_microdata/pums_baseline_TX_workers18to64_2020_2024_5yr.csv + pums_person_repweights_TX_2020_2024_5yr.csv.gz,SDR standard error of the music coefficient.,pums,NPumsRegMusicSe
pums_reg_n,554672,"554,672",unweighted person records,01_evidence/02_pums_nes_microdata/pums_baseline_TX_workers18to64_2020_2024_5yr.csv + pums_person_repweights_TX_2020_2024_5yr.csv.gz,Regression sample: employed Texans 18-64 with positive personal earnings.,pums,NPumsRegN
pums_tx_allwork_hicov,80.29120555516204,80.3%,percent,01_evidence/02_pums_nes_microdata/pums_baseline_TX_workers18to64_2020_2024_5yr.csv + pums_person_repweights_TX_2020_2024_5yr.csv.gz,"Share with any health insurance (HICOV = 1). Base EMP = All workers, Texas, ages 18-64, employed (ESR 1/2/4/5), ACS 2020-2024 5-year PUMS, PWGTP-weighted; 555102 unweighted records.",pums,NPumsTxAllworkHicov
pums_tx_allwork_hicov_moe,.17496432607278,+/- 0.2 points,"percentage points, 90 percent margin of error",01_evidence/02_pums_nes_microdata/pums_baseline_TX_workers18to64_2020_2024_5yr.csv + pums_person_repweights_TX_2020_2024_5yr.csv.gz,"90 percent MOE = 1.645 x SDR standard error from the 80 PUMS replicate weights. Share with any health insurance (HICOV = 1). Base EMP = All workers, Texas, ages 18-64, employed (ESR 1/2/4/5), ACS 2020-2024 5-year PUMS, PWGTP-weighted; 555102 unweighted records.",pums,NPumsTxAllworkHicovMoe
pums_tx_allwork_lt10k,8.14733118947883,8.1%,percent,01_evidence/02_pums_nes_microdata/pums_baseline_TX_workers18to64_2020_2024_5yr.csv + pums_person_repweights_TX_2020_2024_5yr.csv.gz,"Share earning under 10,000 dollars from work in 2025 dollars. Base EMP = All workers, Texas, ages 18-64, employed (ESR 1/2/4/5), ACS 2020-2024 5-year PUMS, PWGTP-weighted; 555102 unweighted records. Dollars adjusted with ADJINC to 2024 then by the CPI-U 2024 factor to 2025 dollars.",pums,NPumsTxAllworkLtOneZerok
pums_tx_allwork_lt10k_moe,.08768806557229,+/- 0.1 points,"percentage points, 90 percent margin of error",01_evidence/02_pums_nes_microdata/pums_baseline_TX_workers18to64_2020_2024_5yr.csv + pums_person_repweights_TX_2020_2024_5yr.csv.gz,"90 percent MOE = 1.645 x SDR standard error from the 80 PUMS replicate weights. Share earning under 10,000 dollars from work in 2025 dollars. Base EMP = All workers, Texas, ages 18-64, employed (ESR 1/2/4/5), ACS 2020-2024 5-year PUMS, PWGTP-weighted; 555102 unweighted records. Dollars adjusted with ADJINC to 2024 then by the CPI-U 2024 factor to 2025 dollars.",pums,NPumsTxAllworkLtOneZerokMoe
pums_tx_allwork_lt25k,22.76048078655172,22.8%,percent,01_evidence/02_pums_nes_microdata/pums_baseline_TX_workers18to64_2020_2024_5yr.csv + pums_person_repweights_TX_2020_2024_5yr.csv.gz,"Share earning under 25,000 dollars from work in 2025 dollars. Base EMP = All workers, Texas, ages 18-64, employed (ESR 1/2/4/5), ACS 2020-2024 5-year PUMS, PWGTP-weighted; 555102 unweighted records. Dollars adjusted with ADJINC to 2024 then by the CPI-U 2024 factor to 2025 dollars.",pums,NPumsTxAllworkLtTwoFivek
pums_tx_allwork_lt25k_moe,.13574900933466,+/- 0.1 points,"percentage points, 90 percent margin of error",01_evidence/02_pums_nes_microdata/pums_baseline_TX_workers18to64_2020_2024_5yr.csv + pums_person_repweights_TX_2020_2024_5yr.csv.gz,"90 percent MOE = 1.645 x SDR standard error from the 80 PUMS replicate weights. Share earning under 25,000 dollars from work in 2025 dollars. Base EMP = All workers, Texas, ages 18-64, employed (ESR 1/2/4/5), ACS 2020-2024 5-year PUMS, PWGTP-weighted; 555102 unweighted records. Dollars adjusted with ADJINC to 2024 then by the CPI-U 2024 factor to 2025 dollars.",pums,NPumsTxAllworkLtTwoFivekMoe
pums_tx_allwork_lt50k,49.95610563452128,50.0%,percent,01_evidence/02_pums_nes_microdata/pums_baseline_TX_workers18to64_2020_2024_5yr.csv + pums_person_repweights_TX_2020_2024_5yr.csv.gz,"Share earning under 50,000 dollars from work in 2025 dollars. Base EMP = All workers, Texas, ages 18-64, employed (ESR 1/2/4/5), ACS 2020-2024 5-year PUMS, PWGTP-weighted; 555102 unweighted records. Dollars adjusted with ADJINC to 2024 then by the CPI-U 2024 factor to 2025 dollars.",pums,NPumsTxAllworkLtFiveZerok
pums_tx_allwork_lt50k_moe,.1567067128046,+/- 0.2 points,"percentage points, 90 percent margin of error",01_evidence/02_pums_nes_microdata/pums_baseline_TX_workers18to64_2020_2024_5yr.csv + pums_person_repweights_TX_2020_2024_5yr.csv.gz,"90 percent MOE = 1.645 x SDR standard error from the 80 PUMS replicate weights. Share earning under 50,000 dollars from work in 2025 dollars. Base EMP = All workers, Texas, ages 18-64, employed (ESR 1/2/4/5), ACS 2020-2024 5-year PUMS, PWGTP-weighted; 555102 unweighted records. Dollars adjusted with ADJINC to 2024 then by the CPI-U 2024 factor to 2025 dollars.",pums,NPumsTxAllworkLtFiveZerokMoe
pums_tx_allwork_ltmusiccensus,12.10262726993817,12.1%,percent,01_evidence/02_pums_nes_microdata/pums_baseline_TX_workers18to64_2020_2024_5yr.csv + pums_person_repweights_TX_2020_2024_5yr.csv.gz,"Share earning less than the 2013 Austin Music Census 10,000 dollar line restated in 2025 dollars. Base EMP = All workers, Texas, ages 18-64, employed (ESR 1/2/4/5), ACS 2020-2024 5-year PUMS, PWGTP-weighted; 555102 unweighted records. Dollars adjusted with ADJINC to 2024 then by the CPI-U 2024 factor to 2025 dollars.",pums,NPumsTxAllworkLtmusiccensus
pums_tx_allwork_ltmusiccensus_moe,.10602692434783,+/- 0.1 points,"percentage points, 90 percent margin of error",01_evidence/02_pums_nes_microdata/pums_baseline_TX_workers18to64_2020_2024_5yr.csv + pums_person_repweights_TX_2020_2024_5yr.csv.gz,"90 percent MOE = 1.645 x SDR standard error from the 80 PUMS replicate weights. Share earning less than the 2013 Austin Music Census 10,000 dollar line restated in 2025 dollars. Base EMP = All workers, Texas, ages 18-64, employed (ESR 1/2/4/5), ACS 2020-2024 5-year PUMS, PWGTP-weighted; 555102 unweighted records. Dollars adjusted with ADJINC to 2024 then by the CPI-U 2024 factor to 2025 dollars.",pums,NPumsTxAllworkLtmusiccensusMoe
pums_tx_allwork_meanpernp_emp,70321.78701312342,"$70,300",2025 dollars,01_evidence/02_pums_nes_microdata/pums_baseline_TX_workers18to64_2020_2024_5yr.csv + pums_person_repweights_TX_2020_2024_5yr.csv.gz,"Mean personal earnings from work, zero and negative earners included. Base EMP = All workers, Texas, ages 18-64, employed (ESR 1/2/4/5), ACS 2020-2024 5-year PUMS, PWGTP-weighted; 555102 unweighted records. Dollars adjusted with ADJINC to 2024 then by the CPI-U 2024 factor to 2025 dollars.",pums,NPumsTxAllworkMeanpernpEmp
pums_tx_allwork_meanpernp_emp_moe,216.1739583627681,+/- $200,"2025 dollars, 90 percent margin of error",01_evidence/02_pums_nes_microdata/pums_baseline_TX_workers18to64_2020_2024_5yr.csv + pums_person_repweights_TX_2020_2024_5yr.csv.gz,"90 percent MOE = 1.645 x SDR standard error from the 80 PUMS replicate weights. Mean personal earnings from work, zero and negative earners included. Base EMP = All workers, Texas, ages 18-64, employed (ESR 1/2/4/5), ACS 2020-2024 5-year PUMS, PWGTP-weighted; 555102 unweighted records. Dollars adjusted with ADJINC to 2024 then by the CPI-U 2024 factor to 2025 dollars.",pums,NPumsTxAllworkMeanpernpEmpMoe
pums_tx_allwork_meanpernp_pos,70372.49001684644,"$70,400",2025 dollars,01_evidence/02_pums_nes_microdata/pums_baseline_TX_workers18to64_2020_2024_5yr.csv + pums_person_repweights_TX_2020_2024_5yr.csv.gz,"Mean personal earnings from work. Base POS = All workers, Texas, ages 18-64, employed (ESR 1/2/4/5) with positive earnings, ACS 2020-2024 5-year PUMS, PWGTP-weighted; 554672 unweighted records. Dollars adjusted with ADJINC to 2024 then by the CPI-U 2024 factor to 2025 dollars.",pums,NPumsTxAllworkMeanpernpPos
pums_tx_allwork_meanpernp_pos_moe,216.0062665242561,+/- $200,"2025 dollars, 90 percent margin of error",01_evidence/02_pums_nes_microdata/pums_baseline_TX_workers18to64_2020_2024_5yr.csv + pums_person_repweights_TX_2020_2024_5yr.csv.gz,"90 percent MOE = 1.645 x SDR standard error from the 80 PUMS replicate weights. Mean personal earnings from work. Base POS = All workers, Texas, ages 18-64, employed (ESR 1/2/4/5) with positive earnings, ACS 2020-2024 5-year PUMS, PWGTP-weighted; 554672 unweighted records. Dollars adjusted with ADJINC to 2024 then by the CPI-U 2024 factor to 2025 dollars.",pums,NPumsTxAllworkMeanpernpPosMoe
pums_tx_allwork_meanpincp_emp,73018.89556267795,"$73,000",2025 dollars,01_evidence/02_pums_nes_microdata/pums_baseline_TX_workers18to64_2020_2024_5yr.csv + pums_person_repweights_TX_2020_2024_5yr.csv.gz,"Mean total personal income. Base EMP = All workers, Texas, ages 18-64, employed (ESR 1/2/4/5), ACS 2020-2024 5-year PUMS, PWGTP-weighted; 555102 unweighted records. Dollars adjusted with ADJINC to 2024 then by the CPI-U 2024 factor to 2025 dollars.",pums,NPumsTxAllworkMeanpincpEmp
pums_tx_allwork_meanpincp_emp_moe,232.1340096022805,+/- $200,"2025 dollars, 90 percent margin of error",01_evidence/02_pums_nes_microdata/pums_baseline_TX_workers18to64_2020_2024_5yr.csv + pums_person_repweights_TX_2020_2024_5yr.csv.gz,"90 percent MOE = 1.645 x SDR standard error from the 80 PUMS replicate weights. Mean total personal income. Base EMP = All workers, Texas, ages 18-64, employed (ESR 1/2/4/5), ACS 2020-2024 5-year PUMS, PWGTP-weighted; 555102 unweighted records. Dollars adjusted with ADJINC to 2024 then by the CPI-U 2024 factor to 2025 dollars.",pums,NPumsTxAllworkMeanpincpEmpMoe
pums_tx_allwork_meanpincp_pos,73064.86500203855,"$73,100",2025 dollars,01_evidence/02_pums_nes_microdata/pums_baseline_TX_workers18to64_2020_2024_5yr.csv + pums_person_repweights_TX_2020_2024_5yr.csv.gz,"Mean total personal income. Base POS = All workers, Texas, ages 18-64, employed (ESR 1/2/4/5) with positive earnings, ACS 2020-2024 5-year PUMS, PWGTP-weighted; 554672 unweighted records. Dollars adjusted with ADJINC to 2024 then by the CPI-U 2024 factor to 2025 dollars.",pums,NPumsTxAllworkMeanpincpPos
pums_tx_allwork_meanpincp_pos_moe,231.8609527872472,+/- $200,"2025 dollars, 90 percent margin of error",01_evidence/02_pums_nes_microdata/pums_baseline_TX_workers18to64_2020_2024_5yr.csv + pums_person_repweights_TX_2020_2024_5yr.csv.gz,"90 percent MOE = 1.645 x SDR standard error from the 80 PUMS replicate weights. Mean total personal income. Base POS = All workers, Texas, ages 18-64, employed (ESR 1/2/4/5) with positive earnings, ACS 2020-2024 5-year PUMS, PWGTP-weighted; 554672 unweighted records. Dollars adjusted with ADJINC to 2024 then by the CPI-U 2024 factor to 2025 dollars.",pums,NPumsTxAllworkMeanpincpPosMoe
pums_tx_allwork_medpernp_emp,50046.89426517679,"$50,000",2025 dollars,01_evidence/02_pums_nes_microdata/pums_baseline_TX_workers18to64_2020_2024_5yr.csv + pums_person_repweights_TX_2020_2024_5yr.csv.gz,"Median personal earnings from work, zero and negative earners included. Base EMP = All workers, Texas, ages 18-64, employed (ESR 1/2/4/5), ACS 2020-2024 5-year PUMS, PWGTP-weighted; 555102 unweighted records. Dollars adjusted with ADJINC to 2024 then by the CPI-U 2024 factor to 2025 dollars.",pums,NPumsTxAllworkMedpernpEmp
pums_tx_allwork_medpernp_emp_moe,206.4429331032564,+/- $200,"2025 dollars, 90 percent margin of error",01_evidence/02_pums_nes_microdata/pums_baseline_TX_workers18to64_2020_2024_5yr.csv + pums_person_repweights_TX_2020_2024_5yr.csv.gz,"90 percent MOE = 1.645 x SDR standard error from the 80 PUMS replicate weights. Median personal earnings from work, zero and negative earners included. Base EMP = All workers, Texas, ages 18-64, employed (ESR 1/2/4/5), ACS 2020-2024 5-year PUMS, PWGTP-weighted; 555102 unweighted records. Dollars adjusted with ADJINC to 2024 then by the CPI-U 2024 factor to 2025 dollars.",pums,NPumsTxAllworkMedpernpEmpMoe
pums_tx_allwork_medpernp_nominal,43700,"$43,700",nominal dollars of the survey year,01_evidence/02_pums_nes_microdata/pums_baseline_TX_workers18to64_2020_2024_5yr.csv + pums_person_repweights_TX_2020_2024_5yr.csv.gz,"Median personal earnings for all employed Texans 18-64, unadjusted. Reconciliation only; the report quotes the 2025-dollar version.",pums,NPumsTxAllworkMedpernpNominal
pums_tx_allwork_medpernp_pos,50046.89426517679,"$50,000",2025 dollars,01_evidence/02_pums_nes_microdata/pums_baseline_TX_workers18to64_2020_2024_5yr.csv + pums_person_repweights_TX_2020_2024_5yr.csv.gz,"HEADLINE earnings figure. Median personal earnings from work. Base POS = All workers, Texas, ages 18-64, employed (ESR 1/2/4/5) with positive earnings, ACS 2020-2024 5-year PUMS, PWGTP-weighted; 554672 unweighted records. Dollars adjusted with ADJINC to 2024 then by the CPI-U 2024 factor to 2025 dollars.",pums,NPumsTxAllworkMedpernpPos
pums_tx_allwork_medpernp_pos_moe,40.41248229053919,+/- $0,"2025 dollars, 90 percent margin of error",01_evidence/02_pums_nes_microdata/pums_baseline_TX_workers18to64_2020_2024_5yr.csv + pums_person_repweights_TX_2020_2024_5yr.csv.gz,"90 percent MOE = 1.645 x SDR standard error from the 80 PUMS replicate weights. HEADLINE earnings figure. Median personal earnings from work. Base POS = All workers, Texas, ages 18-64, employed (ESR 1/2/4/5) with positive earnings, ACS 2020-2024 5-year PUMS, PWGTP-weighted; 554672 unweighted records. Dollars adjusted with ADJINC to 2024 then by the CPI-U 2024 factor to 2025 dollars.",pums,NPumsTxAllworkMedpernpPosMoe
pums_tx_allwork_medpincp_emp,51454.57562093061,"$51,500",2025 dollars,01_evidence/02_pums_nes_microdata/pums_baseline_TX_workers18to64_2020_2024_5yr.csv + pums_person_repweights_TX_2020_2024_5yr.csv.gz,"Median total personal income. Base EMP = All workers, Texas, ages 18-64, employed (ESR 1/2/4/5), ACS 2020-2024 5-year PUMS, PWGTP-weighted; 555102 unweighted records. Dollars adjusted with ADJINC to 2024 then by the CPI-U 2024 factor to 2025 dollars.",pums,NPumsTxAllworkMedpincpEmp
pums_tx_allwork_medpincp_emp_moe,223.5052431836954,+/- $200,"2025 dollars, 90 percent margin of error",01_evidence/02_pums_nes_microdata/pums_baseline_TX_workers18to64_2020_2024_5yr.csv + pums_person_repweights_TX_2020_2024_5yr.csv.gz,"90 percent MOE = 1.645 x SDR standard error from the 80 PUMS replicate weights. Median total personal income. Base EMP = All workers, Texas, ages 18-64, employed (ESR 1/2/4/5), ACS 2020-2024 5-year PUMS, PWGTP-weighted; 555102 unweighted records. Dollars adjusted with ADJINC to 2024 then by the CPI-U 2024 factor to 2025 dollars.",pums,NPumsTxAllworkMedpincpEmpMoe
pums_tx_allwork_medpincp_nominal,45000,"$45,000",nominal dollars of the survey year,01_evidence/02_pums_nes_microdata/pums_baseline_TX_workers18to64_2020_2024_5yr.csv + pums_person_repweights_TX_2020_2024_5yr.csv.gz,"Median total personal income for all employed Texans 18-64, unadjusted. Reconciliation only.",pums,NPumsTxAllworkMedpincpNominal
pums_tx_allwork_medpincp_pos,51468.36285633055,"$51,500",2025 dollars,01_evidence/02_pums_nes_microdata/pums_baseline_TX_workers18to64_2020_2024_5yr.csv + pums_person_repweights_TX_2020_2024_5yr.csv.gz,"Median total personal income on the same base as the headline earnings figure, so the earnings-to-income gap is not a base artefact. Base POS = All workers, Texas, ages 18-64, employed (ESR 1/2/4/5) with positive earnings, ACS 2020-2024 5-year PUMS, PWGTP-weighted; 554672 unweighted records. Dollars adjusted with ADJINC to 2024 then by the CPI-U 2024 factor to 2025 dollars.",pums,NPumsTxAllworkMedpincpPos
pums_tx_allwork_medpincp_pos_moe,125.2078726212178,+/- $100,"2025 dollars, 90 percent margin of error",01_evidence/02_pums_nes_microdata/pums_baseline_TX_workers18to64_2020_2024_5yr.csv + pums_person_repweights_TX_2020_2024_5yr.csv.gz,"90 percent MOE = 1.645 x SDR standard error from the 80 PUMS replicate weights. Median total personal income on the same base as the headline earnings figure, so the earnings-to-income gap is not a base artefact. Base POS = All workers, Texas, ages 18-64, employed (ESR 1/2/4/5) with positive earnings, ACS 2020-2024 5-year PUMS, PWGTP-weighted; 554672 unweighted records. Dollars adjusted with ADJINC to 2024 then by the CPI-U 2024 factor to 2025 dollars.",pums,NPumsTxAllworkMedpincpPosMoe
pums_tx_allwork_medwkhp,40,40,usual hours per week,01_evidence/02_pums_nes_microdata/pums_baseline_TX_workers18to64_2020_2024_5yr.csv + pums_person_repweights_TX_2020_2024_5yr.csv.gz,"Median usual hours worked per week (WKHP). Base EMP = All workers, Texas, ages 18-64, employed (ESR 1/2/4/5), ACS 2020-2024 5-year PUMS, PWGTP-weighted; 555102 unweighted records.",pums,NPumsTxAllworkMedwkhp
pums_tx_allwork_medwkwn,52,52,weeks worked in past 12 months,01_evidence/02_pums_nes_microdata/pums_baseline_TX_workers18to64_2020_2024_5yr.csv + pums_person_repweights_TX_2020_2024_5yr.csv.gz,"Median weeks worked in the past 12 months (WKWN). Base EMP = All workers, Texas, ages 18-64, employed (ESR 1/2/4/5), ACS 2020-2024 5-year PUMS, PWGTP-weighted; 555102 unweighted records.",pums,NPumsTxAllworkMedwkwn
pums_tx_allwork_n_emp,555102,"555,102",unweighted person records,01_evidence/02_pums_nes_microdata/pums_baseline_TX_workers18to64_2020_2024_5yr.csv + pums_person_repweights_TX_2020_2024_5yr.csv.gz,"Base EMP = All workers, Texas, ages 18-64, employed (ESR 1/2/4/5), ACS 2020-2024 5-year PUMS, PWGTP-weighted; 555102 unweighted records.",pums,NPumsTxAllworkNEmp
pums_tx_allwork_n_pos,554672,"554,672",unweighted person records,01_evidence/02_pums_nes_microdata/pums_baseline_TX_workers18to64_2020_2024_5yr.csv + pums_person_repweights_TX_2020_2024_5yr.csv.gz,"Base POS = All workers, Texas, ages 18-64, employed (ESR 1/2/4/5) with positive earnings, ACS 2020-2024 5-year PUMS, PWGTP-weighted; 554672 unweighted records.",pums,NPumsTxAllworkNPos
pums_tx_allwork_nonposearn,.06642815494568,0.1%,percent,01_evidence/02_pums_nes_microdata/pums_baseline_TX_workers18to64_2020_2024_5yr.csv + pums_person_repweights_TX_2020_2024_5yr.csv.gz,"Share of employed people reporting zero or negative earnings from work. Base EMP = All workers, Texas, ages 18-64, employed (ESR 1/2/4/5), ACS 2020-2024 5-year PUMS, PWGTP-weighted; 555102 unweighted records.",pums,NPumsTxAllworkNonposearn
pums_tx_allwork_nonposearn_moe,.00739756316501,+/- 0.0 points,"percentage points, 90 percent margin of error",01_evidence/02_pums_nes_microdata/pums_baseline_TX_workers18to64_2020_2024_5yr.csv + pums_person_repweights_TX_2020_2024_5yr.csv.gz,"90 percent MOE = 1.645 x SDR standard error from the 80 PUMS replicate weights. Share of employed people reporting zero or negative earnings from work. Base EMP = All workers, Texas, ages 18-64, employed (ESR 1/2/4/5), ACS 2020-2024 5-year PUMS, PWGTP-weighted; 555102 unweighted records.",pums,NPumsTxAllworkNonposearnMoe
pums_tx_allwork_privcov,76.48220441144441,76.5%,percent,01_evidence/02_pums_nes_microdata/pums_baseline_TX_workers18to64_2020_2024_5yr.csv + pums_person_repweights_TX_2020_2024_5yr.csv.gz,"Share with private coverage (PRIVCOV = 1). Private and public overlap, so the two shares do not sum to the any-coverage share. Base EMP = All workers, Texas, ages 18-64, employed (ESR 1/2/4/5), ACS 2020-2024 5-year PUMS, PWGTP-weighted; 555102 unweighted records.",pums,NPumsTxAllworkPrivcov
pums_tx_allwork_privcov_moe,.18770960804934,+/- 0.2 points,"percentage points, 90 percent margin of error",01_evidence/02_pums_nes_microdata/pums_baseline_TX_workers18to64_2020_2024_5yr.csv + pums_person_repweights_TX_2020_2024_5yr.csv.gz,"90 percent MOE = 1.645 x SDR standard error from the 80 PUMS replicate weights. Share with private coverage (PRIVCOV = 1). Private and public overlap, so the two shares do not sum to the any-coverage share. Base EMP = All workers, Texas, ages 18-64, employed (ESR 1/2/4/5), ACS 2020-2024 5-year PUMS, PWGTP-weighted; 555102 unweighted records.",pums,NPumsTxAllworkPrivcovMoe
pums_tx_allwork_pubcov,6.5919223039941,6.6%,percent,01_evidence/02_pums_nes_microdata/pums_baseline_TX_workers18to64_2020_2024_5yr.csv + pums_person_repweights_TX_2020_2024_5yr.csv.gz,"Share with public coverage (PUBCOV = 1). Private and public overlap. Base EMP = All workers, Texas, ages 18-64, employed (ESR 1/2/4/5), ACS 2020-2024 5-year PUMS, PWGTP-weighted; 555102 unweighted records.",pums,NPumsTxAllworkPubcov
pums_tx_allwork_pubcov_moe,.08387753670981,+/- 0.1 points,"percentage points, 90 percent margin of error",01_evidence/02_pums_nes_microdata/pums_baseline_TX_workers18to64_2020_2024_5yr.csv + pums_person_repweights_TX_2020_2024_5yr.csv.gz,"90 percent MOE = 1.645 x SDR standard error from the 80 PUMS replicate weights. Share with public coverage (PUBCOV = 1). Private and public overlap. Base EMP = All workers, Texas, ages 18-64, employed (ESR 1/2/4/5), ACS 2020-2024 5-year PUMS, PWGTP-weighted; 555102 unweighted records.",pums,NPumsTxAllworkPubcovMoe
pums_tx_allwork_selfemp,9.84220904251144,9.8%,percent,01_evidence/02_pums_nes_microdata/pums_baseline_TX_workers18to64_2020_2024_5yr.csv + pums_person_repweights_TX_2020_2024_5yr.csv.gz,"Share self-employed, COW 6 (unincorporated) or 7 (incorporated). Base EMP = All workers, Texas, ages 18-64, employed (ESR 1/2/4/5), ACS 2020-2024 5-year PUMS, PWGTP-weighted; 555102 unweighted records.",pums,NPumsTxAllworkSelfemp
pums_tx_allwork_selfemp_moe,.10418759932175,+/- 0.1 points,"percentage points, 90 percent margin of error",01_evidence/02_pums_nes_microdata/pums_baseline_TX_workers18to64_2020_2024_5yr.csv + pums_person_repweights_TX_2020_2024_5yr.csv.gz,"90 percent MOE = 1.645 x SDR standard error from the 80 PUMS replicate weights. Share self-employed, COW 6 (unincorporated) or 7 (incorporated). Base EMP = All workers, Texas, ages 18-64, employed (ESR 1/2/4/5), ACS 2020-2024 5-year PUMS, PWGTP-weighted; 555102 unweighted records.",pums,NPumsTxAllworkSelfempMoe
pums_tx_allwork_wtd_emp,13595139,"13,595,139",people,01_evidence/02_pums_nes_microdata/pums_baseline_TX_workers18to64_2020_2024_5yr.csv + pums_person_repweights_TX_2020_2024_5yr.csv.gz,"Weighted denominator for every EMP-base figure in this cell. Base EMP = All workers, Texas, ages 18-64, employed (ESR 1/2/4/5), ACS 2020-2024 5-year PUMS, PWGTP-weighted; 555102 unweighted records.",pums,NPumsTxAllworkWtdEmp
pums_tx_allwork_wtd_pos,13586108,"13,586,108",people,01_evidence/02_pums_nes_microdata/pums_baseline_TX_workers18to64_2020_2024_5yr.csv + pums_person_repweights_TX_2020_2024_5yr.csv.gz,"Weighted denominator for every POS-base figure in this cell. Base POS = All workers, Texas, ages 18-64, employed (ESR 1/2/4/5) with positive earnings, ACS 2020-2024 5-year PUMS, PWGTP-weighted; 554672 unweighted records.",pums,NPumsTxAllworkWtdPos
pums_tx_creative_hicov,80.95401001220166,81.0%,percent,01_evidence/02_pums_nes_microdata/pums_baseline_TX_workers18to64_2020_2024_5yr.csv + pums_person_repweights_TX_2020_2024_5yr.csv.gz,"Share with any health insurance (HICOV = 1). Base EMP = Nine creative occupations pooled (OCCP 2634, 2700, 2710, 2740, 2751, 2752, 2850, 2905, 2910), Texas, ages 18-64, employed (ESR 1/2/4/5), ACS 2020-2024 5-year PUMS, PWGTP-weighted; 3901 unweighted records.",pums,NPumsTxCreativeHicov
pums_tx_creative_hicov_moe,1.26096713347368,+/- 1.3 points,"percentage points, 90 percent margin of error",01_evidence/02_pums_nes_microdata/pums_baseline_TX_workers18to64_2020_2024_5yr.csv + pums_person_repweights_TX_2020_2024_5yr.csv.gz,"90 percent MOE = 1.645 x SDR standard error from the 80 PUMS replicate weights. Share with any health insurance (HICOV = 1). Base EMP = Nine creative occupations pooled (OCCP 2634, 2700, 2710, 2740, 2751, 2752, 2850, 2905, 2910), Texas, ages 18-64, employed (ESR 1/2/4/5), ACS 2020-2024 5-year PUMS, PWGTP-weighted; 3901 unweighted records.",pums,NPumsTxCreativeHicovMoe
pums_tx_creative_lt10k,13.03410762546612,13.0%,percent,01_evidence/02_pums_nes_microdata/pums_baseline_TX_workers18to64_2020_2024_5yr.csv + pums_person_repweights_TX_2020_2024_5yr.csv.gz,"Share earning under 10,000 dollars from work in 2025 dollars. Base EMP = Nine creative occupations pooled (OCCP 2634, 2700, 2710, 2740, 2751, 2752, 2850, 2905, 2910), Texas, ages 18-64, employed (ESR 1/2/4/5), ACS 2020-2024 5-year PUMS, PWGTP-weighted; 3901 unweighted records. Dollars adjusted with ADJINC to 2024 then by the CPI-U 2024 factor to 2025 dollars.",pums,NPumsTxCreativeLtOneZerok
pums_tx_creative_lt10k_moe,1.01001025837809,+/- 1.0 points,"percentage points, 90 percent margin of error",01_evidence/02_pums_nes_microdata/pums_baseline_TX_workers18to64_2020_2024_5yr.csv + pums_person_repweights_TX_2020_2024_5yr.csv.gz,"90 percent MOE = 1.645 x SDR standard error from the 80 PUMS replicate weights. Share earning under 10,000 dollars from work in 2025 dollars. Base EMP = Nine creative occupations pooled (OCCP 2634, 2700, 2710, 2740, 2751, 2752, 2850, 2905, 2910), Texas, ages 18-64, employed (ESR 1/2/4/5), ACS 2020-2024 5-year PUMS, PWGTP-weighted; 3901 unweighted records. Dollars adjusted with ADJINC to 2024 then by the CPI-U 2024 factor to 2025 dollars.",pums,NPumsTxCreativeLtOneZerokMoe
pums_tx_creative_lt25k,27.93609524135336,27.9%,percent,01_evidence/02_pums_nes_microdata/pums_baseline_TX_workers18to64_2020_2024_5yr.csv + pums_person_repweights_TX_2020_2024_5yr.csv.gz,"Share earning under 25,000 dollars from work in 2025 dollars. Base EMP = Nine creative occupations pooled (OCCP 2634, 2700, 2710, 2740, 2751, 2752, 2850, 2905, 2910), Texas, ages 18-64, employed (ESR 1/2/4/5), ACS 2020-2024 5-year PUMS, PWGTP-weighted; 3901 unweighted records. Dollars adjusted with ADJINC to 2024 then by the CPI-U 2024 factor to 2025 dollars.",pums,NPumsTxCreativeLtTwoFivek
pums_tx_creative_lt25k_moe,1.59088105117039,+/- 1.6 points,"percentage points, 90 percent margin of error",01_evidence/02_pums_nes_microdata/pums_baseline_TX_workers18to64_2020_2024_5yr.csv + pums_person_repweights_TX_2020_2024_5yr.csv.gz,"90 percent MOE = 1.645 x SDR standard error from the 80 PUMS replicate weights. Share earning under 25,000 dollars from work in 2025 dollars. Base EMP = Nine creative occupations pooled (OCCP 2634, 2700, 2710, 2740, 2751, 2752, 2850, 2905, 2910), Texas, ages 18-64, employed (ESR 1/2/4/5), ACS 2020-2024 5-year PUMS, PWGTP-weighted; 3901 unweighted records. Dollars adjusted with ADJINC to 2024 then by the CPI-U 2024 factor to 2025 dollars.",pums,NPumsTxCreativeLtTwoFivekMoe
pums_tx_creative_lt50k,52.13529015998996,52.1%,percent,01_evidence/02_pums_nes_microdata/pums_baseline_TX_workers18to64_2020_2024_5yr.csv + pums_person_repweights_TX_2020_2024_5yr.csv.gz,"Share earning under 50,000 dollars from work in 2025 dollars. Base EMP = Nine creative occupations pooled (OCCP 2634, 2700, 2710, 2740, 2751, 2752, 2850, 2905, 2910), Texas, ages 18-64, employed (ESR 1/2/4/5), ACS 2020-2024 5-year PUMS, PWGTP-weighted; 3901 unweighted records. Dollars adjusted with ADJINC to 2024 then by the CPI-U 2024 factor to 2025 dollars.",pums,NPumsTxCreativeLtFiveZerok
pums_tx_creative_lt50k_moe,1.93525037882823,+/- 1.9 points,"percentage points, 90 percent margin of error",01_evidence/02_pums_nes_microdata/pums_baseline_TX_workers18to64_2020_2024_5yr.csv + pums_person_repweights_TX_2020_2024_5yr.csv.gz,"90 percent MOE = 1.645 x SDR standard error from the 80 PUMS replicate weights. Share earning under 50,000 dollars from work in 2025 dollars. Base EMP = Nine creative occupations pooled (OCCP 2634, 2700, 2710, 2740, 2751, 2752, 2850, 2905, 2910), Texas, ages 18-64, employed (ESR 1/2/4/5), ACS 2020-2024 5-year PUMS, PWGTP-weighted; 3901 unweighted records. Dollars adjusted with ADJINC to 2024 then by the CPI-U 2024 factor to 2025 dollars.",pums,NPumsTxCreativeLtFiveZerokMoe
pums_tx_creative_ltmusiccensus,17.79275426772947,17.8%,percent,01_evidence/02_pums_nes_microdata/pums_baseline_TX_workers18to64_2020_2024_5yr.csv + pums_person_repweights_TX_2020_2024_5yr.csv.gz,"Share earning less than the 2013 Austin Music Census 10,000 dollar line restated in 2025 dollars. Base EMP = Nine creative occupations pooled (OCCP 2634, 2700, 2710, 2740, 2751, 2752, 2850, 2905, 2910), Texas, ages 18-64, employed (ESR 1/2/4/5), ACS 2020-2024 5-year PUMS, PWGTP-weighted; 3901 unweighted records. Dollars adjusted with ADJINC to 2024 then by the CPI-U 2024 factor to 2025 dollars.",pums,NPumsTxCreativeLtmusiccensus
pums_tx_creative_ltmusiccensus_moe,1.18425010556062,+/- 1.2 points,"percentage points, 90 percent margin of error",01_evidence/02_pums_nes_microdata/pums_baseline_TX_workers18to64_2020_2024_5yr.csv + pums_person_repweights_TX_2020_2024_5yr.csv.gz,"90 percent MOE = 1.645 x SDR standard error from the 80 PUMS replicate weights. Share earning less than the 2013 Austin Music Census 10,000 dollar line restated in 2025 dollars. Base EMP = Nine creative occupations pooled (OCCP 2634, 2700, 2710, 2740, 2751, 2752, 2850, 2905, 2910), Texas, ages 18-64, employed (ESR 1/2/4/5), ACS 2020-2024 5-year PUMS, PWGTP-weighted; 3901 unweighted records. Dollars adjusted with ADJINC to 2024 then by the CPI-U 2024 factor to 2025 dollars.",pums,NPumsTxCreativeLtmusiccensusMoe
pums_tx_creative_meanpernp_emp,58325.12861283295,"$58,300",2025 dollars,01_evidence/02_pums_nes_microdata/pums_baseline_TX_workers18to64_2020_2024_5yr.csv + pums_person_repweights_TX_2020_2024_5yr.csv.gz,"Mean personal earnings from work, zero and negative earners included. Base EMP = Nine creative occupations pooled (OCCP 2634, 2700, 2710, 2740, 2751, 2752, 2850, 2905, 2910), Texas, ages 18-64, employed (ESR 1/2/4/5), ACS 2020-2024 5-year PUMS, PWGTP-weighted; 3901 unweighted records. Dollars adjusted with ADJINC to 2024 then by the CPI-U 2024 factor to 2025 dollars.",pums,NPumsTxCreativeMeanpernpEmp
pums_tx_creative_meanpernp_emp_moe,1882.707866700755,"+/- $1,900","2025 dollars, 90 percent margin of error",01_evidence/02_pums_nes_microdata/pums_baseline_TX_workers18to64_2020_2024_5yr.csv + pums_person_repweights_TX_2020_2024_5yr.csv.gz,"90 percent MOE = 1.645 x SDR standard error from the 80 PUMS replicate weights. Mean personal earnings from work, zero and negative earners included. Base EMP = Nine creative occupations pooled (OCCP 2634, 2700, 2710, 2740, 2751, 2752, 2850, 2905, 2910), Texas, ages 18-64, employed (ESR 1/2/4/5), ACS 2020-2024 5-year PUMS, PWGTP-weighted; 3901 unweighted records. Dollars adjusted with ADJINC to 2024 then by the CPI-U 2024 factor to 2025 dollars.",pums,NPumsTxCreativeMeanpernpEmpMoe
pums_tx_creative_meanpernp_pos,58645.31646996536,"$58,600",2025 dollars,01_evidence/02_pums_nes_microdata/pums_baseline_TX_workers18to64_2020_2024_5yr.csv + pums_person_repweights_TX_2020_2024_5yr.csv.gz,"Mean personal earnings from work. Base POS = Nine creative occupations pooled (OCCP 2634, 2700, 2710, 2740, 2751, 2752, 2850, 2905, 2910), Texas, ages 18-64, employed (ESR 1/2/4/5) with positive earnings, ACS 2020-2024 5-year PUMS, PWGTP-weighted; 3883 unweighted records. Dollars adjusted with ADJINC to 2024 then by the CPI-U 2024 factor to 2025 dollars.",pums,NPumsTxCreativeMeanpernpPos
pums_tx_creative_meanpernp_pos_moe,1901.657270684073,"+/- $1,900","2025 dollars, 90 percent margin of error",01_evidence/02_pums_nes_microdata/pums_baseline_TX_workers18to64_2020_2024_5yr.csv + pums_person_repweights_TX_2020_2024_5yr.csv.gz,"90 percent MOE = 1.645 x SDR standard error from the 80 PUMS replicate weights. Mean personal earnings from work. Base POS = Nine creative occupations pooled (OCCP 2634, 2700, 2710, 2740, 2751, 2752, 2850, 2905, 2910), Texas, ages 18-64, employed (ESR 1/2/4/5) with positive earnings, ACS 2020-2024 5-year PUMS, PWGTP-weighted; 3883 unweighted records. Dollars adjusted with ADJINC to 2024 then by the CPI-U 2024 factor to 2025 dollars.",pums,NPumsTxCreativeMeanpernpPosMoe
pums_tx_creative_meanpincp_emp,61648.88445751381,"$61,600",2025 dollars,01_evidence/02_pums_nes_microdata/pums_baseline_TX_workers18to64_2020_2024_5yr.csv + pums_person_repweights_TX_2020_2024_5yr.csv.gz,"Mean total personal income. Base EMP = Nine creative occupations pooled (OCCP 2634, 2700, 2710, 2740, 2751, 2752, 2850, 2905, 2910), Texas, ages 18-64, employed (ESR 1/2/4/5), ACS 2020-2024 5-year PUMS, PWGTP-weighted; 3901 unweighted records. Dollars adjusted with ADJINC to 2024 then by the CPI-U 2024 factor to 2025 dollars.",pums,NPumsTxCreativeMeanpincpEmp
pums_tx_creative_meanpincp_emp_moe,1916.075607520967,"+/- $1,900","2025 dollars, 90 percent margin of error",01_evidence/02_pums_nes_microdata/pums_baseline_TX_workers18to64_2020_2024_5yr.csv + pums_person_repweights_TX_2020_2024_5yr.csv.gz,"90 percent MOE = 1.645 x SDR standard error from the 80 PUMS replicate weights. Mean total personal income. Base EMP = Nine creative occupations pooled (OCCP 2634, 2700, 2710, 2740, 2751, 2752, 2850, 2905, 2910), Texas, ages 18-64, employed (ESR 1/2/4/5), ACS 2020-2024 5-year PUMS, PWGTP-weighted; 3901 unweighted records. Dollars adjusted with ADJINC to 2024 then by the CPI-U 2024 factor to 2025 dollars.",pums,NPumsTxCreativeMeanpincpEmpMoe
pums_tx_creative_meanpincp_pos,61903.68173831505,"$61,900",2025 dollars,01_evidence/02_pums_nes_microdata/pums_baseline_TX_workers18to64_2020_2024_5yr.csv + pums_person_repweights_TX_2020_2024_5yr.csv.gz,"Mean total personal income. Base POS = Nine creative occupations pooled (OCCP 2634, 2700, 2710, 2740, 2751, 2752, 2850, 2905, 2910), Texas, ages 18-64, employed (ESR 1/2/4/5) with positive earnings, ACS 2020-2024 5-year PUMS, PWGTP-weighted; 3883 unweighted records. Dollars adjusted with ADJINC to 2024 then by the CPI-U 2024 factor to 2025 dollars.",pums,NPumsTxCreativeMeanpincpPos
pums_tx_creative_meanpincp_pos_moe,1948.731544802254,"+/- $1,900","2025 dollars, 90 percent margin of error",01_evidence/02_pums_nes_microdata/pums_baseline_TX_workers18to64_2020_2024_5yr.csv + pums_person_repweights_TX_2020_2024_5yr.csv.gz,"90 percent MOE = 1.645 x SDR standard error from the 80 PUMS replicate weights. Mean total personal income. Base POS = Nine creative occupations pooled (OCCP 2634, 2700, 2710, 2740, 2751, 2752, 2850, 2905, 2910), Texas, ages 18-64, employed (ESR 1/2/4/5) with positive earnings, ACS 2020-2024 5-year PUMS, PWGTP-weighted; 3883 unweighted records. Dollars adjusted with ADJINC to 2024 then by the CPI-U 2024 factor to 2025 dollars.",pums,NPumsTxCreativeMeanpincpPosMoe
pums_tx_creative_medpernp_emp,46918.96337360324,"$46,900",2025 dollars,01_evidence/02_pums_nes_microdata/pums_baseline_TX_workers18to64_2020_2024_5yr.csv + pums_person_repweights_TX_2020_2024_5yr.csv.gz,"Median personal earnings from work, zero and negative earners included. Base EMP = Nine creative occupations pooled (OCCP 2634, 2700, 2710, 2740, 2751, 2752, 2850, 2905, 2910), Texas, ages 18-64, employed (ESR 1/2/4/5), ACS 2020-2024 5-year PUMS, PWGTP-weighted; 3901 unweighted records. Dollars adjusted with ADJINC to 2024 then by the CPI-U 2024 factor to 2025 dollars.",pums,NPumsTxCreativeMedpernpEmp
pums_tx_creative_medpernp_emp_moe,2563.032411417113,"+/- $2,600","2025 dollars, 90 percent margin of error",01_evidence/02_pums_nes_microdata/pums_baseline_TX_workers18to64_2020_2024_5yr.csv + pums_person_repweights_TX_2020_2024_5yr.csv.gz,"90 percent MOE = 1.645 x SDR standard error from the 80 PUMS replicate weights. Median personal earnings from work, zero and negative earners included. Base EMP = Nine creative occupations pooled (OCCP 2634, 2700, 2710, 2740, 2751, 2752, 2850, 2905, 2910), Texas, ages 18-64, employed (ESR 1/2/4/5), ACS 2020-2024 5-year PUMS, PWGTP-weighted; 3901 unweighted records. Dollars adjusted with ADJINC to 2024 then by the CPI-U 2024 factor to 2025 dollars.",pums,NPumsTxCreativeMedpernpEmpMoe
pums_tx_creative_medpernp_pos,47422.62623074989,"$47,400",2025 dollars,01_evidence/02_pums_nes_microdata/pums_baseline_TX_workers18to64_2020_2024_5yr.csv + pums_person_repweights_TX_2020_2024_5yr.csv.gz,"HEADLINE earnings figure. Median personal earnings from work. Base POS = Nine creative occupations pooled (OCCP 2634, 2700, 2710, 2740, 2751, 2752, 2850, 2905, 2910), Texas, ages 18-64, employed (ESR 1/2/4/5) with positive earnings, ACS 2020-2024 5-year PUMS, PWGTP-weighted; 3883 unweighted records. Dollars adjusted with ADJINC to 2024 then by the CPI-U 2024 factor to 2025 dollars.",pums,NPumsTxCreativeMedpernpPos
pums_tx_creative_medpernp_pos_moe,2632.193281895898,"+/- $2,600","2025 dollars, 90 percent margin of error",01_evidence/02_pums_nes_microdata/pums_baseline_TX_workers18to64_2020_2024_5yr.csv + pums_person_repweights_TX_2020_2024_5yr.csv.gz,"90 percent MOE = 1.645 x SDR standard error from the 80 PUMS replicate weights. HEADLINE earnings figure. Median personal earnings from work. Base POS = Nine creative occupations pooled (OCCP 2634, 2700, 2710, 2740, 2751, 2752, 2850, 2905, 2910), Texas, ages 18-64, employed (ESR 1/2/4/5) with positive earnings, ACS 2020-2024 5-year PUMS, PWGTP-weighted; 3883 unweighted records. Dollars adjusted with ADJINC to 2024 then by the CPI-U 2024 factor to 2025 dollars.",pums,NPumsTxCreativeMedpernpPosMoe
pums_tx_creative_medpincp_emp,50046.89426517679,"$50,000",2025 dollars,01_evidence/02_pums_nes_microdata/pums_baseline_TX_workers18to64_2020_2024_5yr.csv + pums_person_repweights_TX_2020_2024_5yr.csv.gz,"Median total personal income. Base EMP = Nine creative occupations pooled (OCCP 2634, 2700, 2710, 2740, 2751, 2752, 2850, 2905, 2910), Texas, ages 18-64, employed (ESR 1/2/4/5), ACS 2020-2024 5-year PUMS, PWGTP-weighted; 3901 unweighted records. Dollars adjusted with ADJINC to 2024 then by the CPI-U 2024 factor to 2025 dollars.",pums,NPumsTxCreativeMedpincpEmp
pums_tx_creative_medpincp_emp_moe,1835.940352506807,"+/- $1,800","2025 dollars, 90 percent margin of error",01_evidence/02_pums_nes_microdata/pums_baseline_TX_workers18to64_2020_2024_5yr.csv + pums_person_repweights_TX_2020_2024_5yr.csv.gz,"90 percent MOE = 1.645 x SDR standard error from the 80 PUMS replicate weights. Median total personal income. Base EMP = Nine creative occupations pooled (OCCP 2634, 2700, 2710, 2740, 2751, 2752, 2850, 2905, 2910), Texas, ages 18-64, employed (ESR 1/2/4/5), ACS 2020-2024 5-year PUMS, PWGTP-weighted; 3901 unweighted records. Dollars adjusted with ADJINC to 2024 then by the CPI-U 2024 factor to 2025 dollars.",pums,NPumsTxCreativeMedpincpEmpMoe
pums_tx_creative_medpincp_pos,50199.58597163962,"$50,200",2025 dollars,01_evidence/02_pums_nes_microdata/pums_baseline_TX_workers18to64_2020_2024_5yr.csv + pums_person_repweights_TX_2020_2024_5yr.csv.gz,"Median total personal income on the same base as the headline earnings figure, so the earnings-to-income gap is not a base artefact. Base POS = Nine creative occupations pooled (OCCP 2634, 2700, 2710, 2740, 2751, 2752, 2850, 2905, 2910), Texas, ages 18-64, employed (ESR 1/2/4/5) with positive earnings, ACS 2020-2024 5-year PUMS, PWGTP-weighted; 3883 unweighted records. Dollars adjusted with ADJINC to 2024 then by the CPI-U 2024 factor to 2025 dollars.",pums,NPumsTxCreativeMedpincpPos
pums_tx_creative_medpincp_pos_moe,1912.091352114468,"+/- $1,900","2025 dollars, 90 percent margin of error",01_evidence/02_pums_nes_microdata/pums_baseline_TX_workers18to64_2020_2024_5yr.csv + pums_person_repweights_TX_2020_2024_5yr.csv.gz,"90 percent MOE = 1.645 x SDR standard error from the 80 PUMS replicate weights. Median total personal income on the same base as the headline earnings figure, so the earnings-to-income gap is not a base artefact. Base POS = Nine creative occupations pooled (OCCP 2634, 2700, 2710, 2740, 2751, 2752, 2850, 2905, 2910), Texas, ages 18-64, employed (ESR 1/2/4/5) with positive earnings, ACS 2020-2024 5-year PUMS, PWGTP-weighted; 3883 unweighted records. Dollars adjusted with ADJINC to 2024 then by the CPI-U 2024 factor to 2025 dollars.",pums,NPumsTxCreativeMedpincpPosMoe
pums_tx_creative_medwkhp,40,40,usual hours per week,01_evidence/02_pums_nes_microdata/pums_baseline_TX_workers18to64_2020_2024_5yr.csv + pums_person_repweights_TX_2020_2024_5yr.csv.gz,"Median usual hours worked per week (WKHP). Base EMP = Nine creative occupations pooled (OCCP 2634, 2700, 2710, 2740, 2751, 2752, 2850, 2905, 2910), Texas, ages 18-64, employed (ESR 1/2/4/5), ACS 2020-2024 5-year PUMS, PWGTP-weighted; 3901 unweighted records.",pums,NPumsTxCreativeMedwkhp
pums_tx_creative_medwkwn,52,52,weeks worked in past 12 months,01_evidence/02_pums_nes_microdata/pums_baseline_TX_workers18to64_2020_2024_5yr.csv + pums_person_repweights_TX_2020_2024_5yr.csv.gz,"Median weeks worked in the past 12 months (WKWN). Base EMP = Nine creative occupations pooled (OCCP 2634, 2700, 2710, 2740, 2751, 2752, 2850, 2905, 2910), Texas, ages 18-64, employed (ESR 1/2/4/5), ACS 2020-2024 5-year PUMS, PWGTP-weighted; 3901 unweighted records.",pums,NPumsTxCreativeMedwkwn
pums_tx_creative_n_emp,3901,"3,901",unweighted person records,01_evidence/02_pums_nes_microdata/pums_baseline_TX_workers18to64_2020_2024_5yr.csv + pums_person_repweights_TX_2020_2024_5yr.csv.gz,"Base EMP = Nine creative occupations pooled (OCCP 2634, 2700, 2710, 2740, 2751, 2752, 2850, 2905, 2910), Texas, ages 18-64, employed (ESR 1/2/4/5), ACS 2020-2024 5-year PUMS, PWGTP-weighted; 3901 unweighted records.",pums,NPumsTxCreativeNEmp
pums_tx_creative_n_pos,3883,"3,883",unweighted person records,01_evidence/02_pums_nes_microdata/pums_baseline_TX_workers18to64_2020_2024_5yr.csv + pums_person_repweights_TX_2020_2024_5yr.csv.gz,"Base POS = Nine creative occupations pooled (OCCP 2634, 2700, 2710, 2740, 2751, 2752, 2850, 2905, 2910), Texas, ages 18-64, employed (ESR 1/2/4/5) with positive earnings, ACS 2020-2024 5-year PUMS, PWGTP-weighted; 3883 unweighted records.",pums,NPumsTxCreativeNPos
pums_tx_creative_nonposearn,.48920666415791,0.5%,percent,01_evidence/02_pums_nes_microdata/pums_baseline_TX_workers18to64_2020_2024_5yr.csv + pums_person_repweights_TX_2020_2024_5yr.csv.gz,"Share of employed people reporting zero or negative earnings from work. Base EMP = Nine creative occupations pooled (OCCP 2634, 2700, 2710, 2740, 2751, 2752, 2850, 2905, 2910), Texas, ages 18-64, employed (ESR 1/2/4/5), ACS 2020-2024 5-year PUMS, PWGTP-weighted; 3901 unweighted records.",pums,NPumsTxCreativeNonposearn
pums_tx_creative_nonposearn_moe,.2544650314035,+/- 0.3 points,"percentage points, 90 percent margin of error",01_evidence/02_pums_nes_microdata/pums_baseline_TX_workers18to64_2020_2024_5yr.csv + pums_person_repweights_TX_2020_2024_5yr.csv.gz,"90 percent MOE = 1.645 x SDR standard error from the 80 PUMS replicate weights. Share of employed people reporting zero or negative earnings from work. Base EMP = Nine creative occupations pooled (OCCP 2634, 2700, 2710, 2740, 2751, 2752, 2850, 2905, 2910), Texas, ages 18-64, employed (ESR 1/2/4/5), ACS 2020-2024 5-year PUMS, PWGTP-weighted; 3901 unweighted records.",pums,NPumsTxCreativeNonposearnMoe
pums_tx_creative_privcov,77.66868507178451,77.7%,percent,01_evidence/02_pums_nes_microdata/pums_baseline_TX_workers18to64_2020_2024_5yr.csv + pums_person_repweights_TX_2020_2024_5yr.csv.gz,"Share with private coverage (PRIVCOV = 1). Private and public overlap, so the two shares do not sum to the any-coverage share. Base EMP = Nine creative occupations pooled (OCCP 2634, 2700, 2710, 2740, 2751, 2752, 2850, 2905, 2910), Texas, ages 18-64, employed (ESR 1/2/4/5), ACS 2020-2024 5-year PUMS, PWGTP-weighted; 3901 unweighted records.",pums,NPumsTxCreativePrivcov
pums_tx_creative_privcov_moe,1.3299663544142,+/- 1.3 points,"percentage points, 90 percent margin of error",01_evidence/02_pums_nes_microdata/pums_baseline_TX_workers18to64_2020_2024_5yr.csv + pums_person_repweights_TX_2020_2024_5yr.csv.gz,"90 percent MOE = 1.645 x SDR standard error from the 80 PUMS replicate weights. Share with private coverage (PRIVCOV = 1). Private and public overlap, so the two shares do not sum to the any-coverage share. Base EMP = Nine creative occupations pooled (OCCP 2634, 2700, 2710, 2740, 2751, 2752, 2850, 2905, 2910), Texas, ages 18-64, employed (ESR 1/2/4/5), ACS 2020-2024 5-year PUMS, PWGTP-weighted; 3901 unweighted records.",pums,NPumsTxCreativePrivcovMoe
pums_tx_creative_pubcov,5.8853044142634,5.9%,percent,01_evidence/02_pums_nes_microdata/pums_baseline_TX_workers18to64_2020_2024_5yr.csv + pums_person_repweights_TX_2020_2024_5yr.csv.gz,"Share with public coverage (PUBCOV = 1). Private and public overlap. Base EMP = Nine creative occupations pooled (OCCP 2634, 2700, 2710, 2740, 2751, 2752, 2850, 2905, 2910), Texas, ages 18-64, employed (ESR 1/2/4/5), ACS 2020-2024 5-year PUMS, PWGTP-weighted; 3901 unweighted records.",pums,NPumsTxCreativePubcov
pums_tx_creative_pubcov_moe,.82251487585252,+/- 0.8 points,"percentage points, 90 percent margin of error",01_evidence/02_pums_nes_microdata/pums_baseline_TX_workers18to64_2020_2024_5yr.csv + pums_person_repweights_TX_2020_2024_5yr.csv.gz,"90 percent MOE = 1.645 x SDR standard error from the 80 PUMS replicate weights. Share with public coverage (PUBCOV = 1). Private and public overlap. Base EMP = Nine creative occupations pooled (OCCP 2634, 2700, 2710, 2740, 2751, 2752, 2850, 2905, 2910), Texas, ages 18-64, employed (ESR 1/2/4/5), ACS 2020-2024 5-year PUMS, PWGTP-weighted; 3901 unweighted records.",pums,NPumsTxCreativePubcovMoe
pums_tx_creative_selfemp,33.97534580867344,34.0%,percent,01_evidence/02_pums_nes_microdata/pums_baseline_TX_workers18to64_2020_2024_5yr.csv + pums_person_repweights_TX_2020_2024_5yr.csv.gz,"Share self-employed, COW 6 (unincorporated) or 7 (incorporated). Base EMP = Nine creative occupations pooled (OCCP 2634, 2700, 2710, 2740, 2751, 2752, 2850, 2905, 2910), Texas, ages 18-64, employed (ESR 1/2/4/5), ACS 2020-2024 5-year PUMS, PWGTP-weighted; 3901 unweighted records.",pums,NPumsTxCreativeSelfemp
pums_tx_creative_selfemp_moe,1.8540022135908,+/- 1.9 points,"percentage points, 90 percent margin of error",01_evidence/02_pums_nes_microdata/pums_baseline_TX_workers18to64_2020_2024_5yr.csv + pums_person_repweights_TX_2020_2024_5yr.csv.gz,"90 percent MOE = 1.645 x SDR standard error from the 80 PUMS replicate weights. Share self-employed, COW 6 (unincorporated) or 7 (incorporated). Base EMP = Nine creative occupations pooled (OCCP 2634, 2700, 2710, 2740, 2751, 2752, 2850, 2905, 2910), Texas, ages 18-64, employed (ESR 1/2/4/5), ACS 2020-2024 5-year PUMS, PWGTP-weighted; 3901 unweighted records.",pums,NPumsTxCreativeSelfempMoe
pums_tx_creative_wtd_emp,87693,"87,693",people,01_evidence/02_pums_nes_microdata/pums_baseline_TX_workers18to64_2020_2024_5yr.csv + pums_person_repweights_TX_2020_2024_5yr.csv.gz,"Weighted denominator for every EMP-base figure in this cell. Base EMP = Nine creative occupations pooled (OCCP 2634, 2700, 2710, 2740, 2751, 2752, 2850, 2905, 2910), Texas, ages 18-64, employed (ESR 1/2/4/5), ACS 2020-2024 5-year PUMS, PWGTP-weighted; 3901 unweighted records.",pums,NPumsTxCreativeWtdEmp
pums_tx_creative_wtd_pos,87264,"87,264",people,01_evidence/02_pums_nes_microdata/pums_baseline_TX_workers18to64_2020_2024_5yr.csv + pums_person_repweights_TX_2020_2024_5yr.csv.gz,"Weighted denominator for every POS-base figure in this cell. Base POS = Nine creative occupations pooled (OCCP 2634, 2700, 2710, 2740, 2751, 2752, 2850, 2905, 2910), Texas, ages 18-64, employed (ESR 1/2/4/5) with positive earnings, ACS 2020-2024 5-year PUMS, PWGTP-weighted; 3883 unweighted records.",pums,NPumsTxCreativeWtdPos
pums_tx_mus_allages_medpernp_nominal,12800,"$12,800",nominal dollars of the survey year,01_evidence/02_pums_nes_microdata/pums_musicians_creatives_TX_2020_2024_5yr.csv,"SUPERSEDED. The unrestricted all-ages, any-employment-status median that the 2026-08-01 evidence memo compared against an employed-only baseline. Registered only so the correction can be described; do not quote it as a musician earnings figure.",pums,NPumsTxMusAllagesMedpernpNominal
pums_tx_mus_allages_medpincp_nominal,22800,"$22,800",nominal dollars of the survey year,01_evidence/02_pums_nes_microdata/pums_musicians_creatives_TX_2020_2024_5yr.csv,"SUPERSEDED companion to the earnings figure above, same unrestricted population. Do not quote.",pums,NPumsTxMusAllagesMedpincpNominal
pums_tx_mus_allages_n,885,885,unweighted person records,01_evidence/02_pums_nes_microdata/pums_musicians_creatives_TX_2020_2024_5yr.csv,"All Texas records with OCCP 2752, any age, any employment status. 238 of them were unemployed or out of the labour force, which is why this population cannot be compared with an employed-only baseline.",pums,NPumsTxMusAllagesN
pums_tx_mus_hicov,70.97922357420742,71.0%,percent,01_evidence/02_pums_nes_microdata/pums_baseline_TX_workers18to64_2020_2024_5yr.csv + pums_person_repweights_TX_2020_2024_5yr.csv.gz,"Share with any health insurance (HICOV = 1). Base EMP = Musicians and singers (OCCP 2752), Texas, ages 18-64, employed (ESR 1/2/4/5), ACS 2020-2024 5-year PUMS, PWGTP-weighted; 500 unweighted records.",pums,NPumsTxMusHicov
pums_tx_mus_hicov_moe,4.38530912674037,+/- 4.4 points,"percentage points, 90 percent margin of error",01_evidence/02_pums_nes_microdata/pums_baseline_TX_workers18to64_2020_2024_5yr.csv + pums_person_repweights_TX_2020_2024_5yr.csv.gz,"90 percent MOE = 1.645 x SDR standard error from the 80 PUMS replicate weights. Share with any health insurance (HICOV = 1). Base EMP = Musicians and singers (OCCP 2752), Texas, ages 18-64, employed (ESR 1/2/4/5), ACS 2020-2024 5-year PUMS, PWGTP-weighted; 500 unweighted records.",pums,NPumsTxMusHicovMoe
pums_tx_mus_lt10k,23.81425378693817,23.8%,percent,01_evidence/02_pums_nes_microdata/pums_baseline_TX_workers18to64_2020_2024_5yr.csv + pums_person_repweights_TX_2020_2024_5yr.csv.gz,"Share earning under 10,000 dollars from work in 2025 dollars. Base EMP = Musicians and singers (OCCP 2752), Texas, ages 18-64, employed (ESR 1/2/4/5), ACS 2020-2024 5-year PUMS, PWGTP-weighted; 500 unweighted records. Dollars adjusted with ADJINC to 2024 then by the CPI-U 2024 factor to 2025 dollars.",pums,NPumsTxMusLtOneZerok
pums_tx_mus_lt10k_moe,4.62038158070807,+/- 4.6 points,"percentage points, 90 percent margin of error",01_evidence/02_pums_nes_microdata/pums_baseline_TX_workers18to64_2020_2024_5yr.csv + pums_person_repweights_TX_2020_2024_5yr.csv.gz,"90 percent MOE = 1.645 x SDR standard error from the 80 PUMS replicate weights. Share earning under 10,000 dollars from work in 2025 dollars. Base EMP = Musicians and singers (OCCP 2752), Texas, ages 18-64, employed (ESR 1/2/4/5), ACS 2020-2024 5-year PUMS, PWGTP-weighted; 500 unweighted records. Dollars adjusted with ADJINC to 2024 then by the CPI-U 2024 factor to 2025 dollars.",pums,NPumsTxMusLtOneZerokMoe
pums_tx_mus_lt25k,49.82203459978479,49.8%,percent,01_evidence/02_pums_nes_microdata/pums_baseline_TX_workers18to64_2020_2024_5yr.csv + pums_person_repweights_TX_2020_2024_5yr.csv.gz,"Share earning under 25,000 dollars from work in 2025 dollars. Base EMP = Musicians and singers (OCCP 2752), Texas, ages 18-64, employed (ESR 1/2/4/5), ACS 2020-2024 5-year PUMS, PWGTP-weighted; 500 unweighted records. Dollars adjusted with ADJINC to 2024 then by the CPI-U 2024 factor to 2025 dollars.",pums,NPumsTxMusLtTwoFivek
pums_tx_mus_lt25k_moe,4.75671041479094,+/- 4.8 points,"percentage points, 90 percent margin of error",01_evidence/02_pums_nes_microdata/pums_baseline_TX_workers18to64_2020_2024_5yr.csv + pums_person_repweights_TX_2020_2024_5yr.csv.gz,"90 percent MOE = 1.645 x SDR standard error from the 80 PUMS replicate weights. Share earning under 25,000 dollars from work in 2025 dollars. Base EMP = Musicians and singers (OCCP 2752), Texas, ages 18-64, employed (ESR 1/2/4/5), ACS 2020-2024 5-year PUMS, PWGTP-weighted; 500 unweighted records. Dollars adjusted with ADJINC to 2024 then by the CPI-U 2024 factor to 2025 dollars.",pums,NPumsTxMusLtTwoFivekMoe
pums_tx_mus_lt50k,71.93113152884695,71.9%,percent,01_evidence/02_pums_nes_microdata/pums_baseline_TX_workers18to64_2020_2024_5yr.csv + pums_person_repweights_TX_2020_2024_5yr.csv.gz,"Share earning under 50,000 dollars from work in 2025 dollars. Base EMP = Musicians and singers (OCCP 2752), Texas, ages 18-64, employed (ESR 1/2/4/5), ACS 2020-2024 5-year PUMS, PWGTP-weighted; 500 unweighted records. Dollars adjusted with ADJINC to 2024 then by the CPI-U 2024 factor to 2025 dollars.",pums,NPumsTxMusLtFiveZerok
pums_tx_mus_lt50k_moe,4.80329441785812,+/- 4.8 points,"percentage points, 90 percent margin of error",01_evidence/02_pums_nes_microdata/pums_baseline_TX_workers18to64_2020_2024_5yr.csv + pums_person_repweights_TX_2020_2024_5yr.csv.gz,"90 percent MOE = 1.645 x SDR standard error from the 80 PUMS replicate weights. Share earning under 50,000 dollars from work in 2025 dollars. Base EMP = Musicians and singers (OCCP 2752), Texas, ages 18-64, employed (ESR 1/2/4/5), ACS 2020-2024 5-year PUMS, PWGTP-weighted; 500 unweighted records. Dollars adjusted with ADJINC to 2024 then by the CPI-U 2024 factor to 2025 dollars.",pums,NPumsTxMusLtFiveZerokMoe
pums_tx_mus_ltmusiccensus,31.934442513037,31.9%,percent,01_evidence/02_pums_nes_microdata/pums_baseline_TX_workers18to64_2020_2024_5yr.csv + pums_person_repweights_TX_2020_2024_5yr.csv.gz,"Share earning less than the 2013 Austin Music Census 10,000 dollar line restated in 2025 dollars. Base EMP = Musicians and singers (OCCP 2752), Texas, ages 18-64, employed (ESR 1/2/4/5), ACS 2020-2024 5-year PUMS, PWGTP-weighted; 500 unweighted records. Dollars adjusted with ADJINC to 2024 then by the CPI-U 2024 factor to 2025 dollars.",pums,NPumsTxMusLtmusiccensus
pums_tx_mus_ltmusiccensus_moe,4.57917796447415,+/- 4.6 points,"percentage points, 90 percent margin of error",01_evidence/02_pums_nes_microdata/pums_baseline_TX_workers18to64_2020_2024_5yr.csv + pums_person_repweights_TX_2020_2024_5yr.csv.gz,"90 percent MOE = 1.645 x SDR standard error from the 80 PUMS replicate weights. Share earning less than the 2013 Austin Music Census 10,000 dollar line restated in 2025 dollars. Base EMP = Musicians and singers (OCCP 2752), Texas, ages 18-64, employed (ESR 1/2/4/5), ACS 2020-2024 5-year PUMS, PWGTP-weighted; 500 unweighted records. Dollars adjusted with ADJINC to 2024 then by the CPI-U 2024 factor to 2025 dollars.",pums,NPumsTxMusLtmusiccensusMoe
pums_tx_mus_meanpernp_emp,45856.10184348549,"$45,900",2025 dollars,01_evidence/02_pums_nes_microdata/pums_baseline_TX_workers18to64_2020_2024_5yr.csv + pums_person_repweights_TX_2020_2024_5yr.csv.gz,"Mean personal earnings from work, zero and negative earners included. Base EMP = Musicians and singers (OCCP 2752), Texas, ages 18-64, employed (ESR 1/2/4/5), ACS 2020-2024 5-year PUMS, PWGTP-weighted; 500 unweighted records. Dollars adjusted with ADJINC to 2024 then by the CPI-U 2024 factor to 2025 dollars.",pums,NPumsTxMusMeanpernpEmp
pums_tx_mus_meanpernp_emp_moe,7064.498151051705,"+/- $7,100","2025 dollars, 90 percent margin of error",01_evidence/02_pums_nes_microdata/pums_baseline_TX_workers18to64_2020_2024_5yr.csv + pums_person_repweights_TX_2020_2024_5yr.csv.gz,"90 percent MOE = 1.645 x SDR standard error from the 80 PUMS replicate weights. Mean personal earnings from work, zero and negative earners included. Base EMP = Musicians and singers (OCCP 2752), Texas, ages 18-64, employed (ESR 1/2/4/5), ACS 2020-2024 5-year PUMS, PWGTP-weighted; 500 unweighted records. Dollars adjusted with ADJINC to 2024 then by the CPI-U 2024 factor to 2025 dollars.",pums,NPumsTxMusMeanpernpEmpMoe
pums_tx_mus_meanpernp_pos,46000.37787439979,"$46,000",2025 dollars,01_evidence/02_pums_nes_microdata/pums_baseline_TX_workers18to64_2020_2024_5yr.csv + pums_person_repweights_TX_2020_2024_5yr.csv.gz,"Mean personal earnings from work. Base POS = Musicians and singers (OCCP 2752), Texas, ages 18-64, employed (ESR 1/2/4/5) with positive earnings, ACS 2020-2024 5-year PUMS, PWGTP-weighted; 498 unweighted records. Dollars adjusted with ADJINC to 2024 then by the CPI-U 2024 factor to 2025 dollars.",pums,NPumsTxMusMeanpernpPos
pums_tx_mus_meanpernp_pos_moe,7111.545440380007,"+/- $7,100","2025 dollars, 90 percent margin of error",01_evidence/02_pums_nes_microdata/pums_baseline_TX_workers18to64_2020_2024_5yr.csv + pums_person_repweights_TX_2020_2024_5yr.csv.gz,"90 percent MOE = 1.645 x SDR standard error from the 80 PUMS replicate weights. Mean personal earnings from work. Base POS = Musicians and singers (OCCP 2752), Texas, ages 18-64, employed (ESR 1/2/4/5) with positive earnings, ACS 2020-2024 5-year PUMS, PWGTP-weighted; 498 unweighted records. Dollars adjusted with ADJINC to 2024 then by the CPI-U 2024 factor to 2025 dollars.",pums,NPumsTxMusMeanpernpPosMoe
pums_tx_mus_meanpincp_emp,54237.00766882258,"$54,200",2025 dollars,01_evidence/02_pums_nes_microdata/pums_baseline_TX_workers18to64_2020_2024_5yr.csv + pums_person_repweights_TX_2020_2024_5yr.csv.gz,"Mean total personal income. Base EMP = Musicians and singers (OCCP 2752), Texas, ages 18-64, employed (ESR 1/2/4/5), ACS 2020-2024 5-year PUMS, PWGTP-weighted; 500 unweighted records. Dollars adjusted with ADJINC to 2024 then by the CPI-U 2024 factor to 2025 dollars.",pums,NPumsTxMusMeanpincpEmp
pums_tx_mus_meanpincp_emp_moe,7708.682082022093,"+/- $7,700","2025 dollars, 90 percent margin of error",01_evidence/02_pums_nes_microdata/pums_baseline_TX_workers18to64_2020_2024_5yr.csv + pums_person_repweights_TX_2020_2024_5yr.csv.gz,"90 percent MOE = 1.645 x SDR standard error from the 80 PUMS replicate weights. Mean total personal income. Base EMP = Musicians and singers (OCCP 2752), Texas, ages 18-64, employed (ESR 1/2/4/5), ACS 2020-2024 5-year PUMS, PWGTP-weighted; 500 unweighted records. Dollars adjusted with ADJINC to 2024 then by the CPI-U 2024 factor to 2025 dollars.",pums,NPumsTxMusMeanpincpEmpMoe
pums_tx_mus_meanpincp_pos,54404.93695764853,"$54,400",2025 dollars,01_evidence/02_pums_nes_microdata/pums_baseline_TX_workers18to64_2020_2024_5yr.csv + pums_person_repweights_TX_2020_2024_5yr.csv.gz,"Mean total personal income. Base POS = Musicians and singers (OCCP 2752), Texas, ages 18-64, employed (ESR 1/2/4/5) with positive earnings, ACS 2020-2024 5-year PUMS, PWGTP-weighted; 498 unweighted records. Dollars adjusted with ADJINC to 2024 then by the CPI-U 2024 factor to 2025 dollars.",pums,NPumsTxMusMeanpincpPos
pums_tx_mus_meanpincp_pos_moe,7748.44504321626,"+/- $7,700","2025 dollars, 90 percent margin of error",01_evidence/02_pums_nes_microdata/pums_baseline_TX_workers18to64_2020_2024_5yr.csv + pums_person_repweights_TX_2020_2024_5yr.csv.gz,"90 percent MOE = 1.645 x SDR standard error from the 80 PUMS replicate weights. Mean total personal income. Base POS = Musicians and singers (OCCP 2752), Texas, ages 18-64, employed (ESR 1/2/4/5) with positive earnings, ACS 2020-2024 5-year PUMS, PWGTP-weighted; 498 unweighted records. Dollars adjusted with ADJINC to 2024 then by the CPI-U 2024 factor to 2025 dollars.",pums,NPumsTxMusMeanpincpPosMoe
pums_tx_mus_medpernp_emp,25099.79298581981,"$25,100",2025 dollars,01_evidence/02_pums_nes_microdata/pums_baseline_TX_workers18to64_2020_2024_5yr.csv + pums_person_repweights_TX_2020_2024_5yr.csv.gz,"Median personal earnings from work, zero and negative earners included. Base EMP = Musicians and singers (OCCP 2752), Texas, ages 18-64, employed (ESR 1/2/4/5), ACS 2020-2024 5-year PUMS, PWGTP-weighted; 500 unweighted records. Dollars adjusted with ADJINC to 2024 then by the CPI-U 2024 factor to 2025 dollars.",pums,NPumsTxMusMedpernpEmp
pums_tx_mus_medpernp_emp_moe,2696.831787872975,"+/- $2,700","2025 dollars, 90 percent margin of error",01_evidence/02_pums_nes_microdata/pums_baseline_TX_workers18to64_2020_2024_5yr.csv + pums_person_repweights_TX_2020_2024_5yr.csv.gz,"90 percent MOE = 1.645 x SDR standard error from the 80 PUMS replicate weights. Median personal earnings from work, zero and negative earners included. Base EMP = Musicians and singers (OCCP 2752), Texas, ages 18-64, employed (ESR 1/2/4/5), ACS 2020-2024 5-year PUMS, PWGTP-weighted; 500 unweighted records. Dollars adjusted with ADJINC to 2024 then by the CPI-U 2024 factor to 2025 dollars.",pums,NPumsTxMusMedpernpEmpMoe
pums_tx_mus_medpernp_nominal,21000,"$21,000",nominal dollars of the survey year,01_evidence/02_pums_nes_microdata/pums_baseline_TX_workers18to64_2020_2024_5yr.csv + pums_person_repweights_TX_2020_2024_5yr.csv.gz,"Median personal earnings for musicians and singers on the matched employed base, WITHOUT ADJINC or the CPI factor. Reported only to reconcile with the earlier evidence pass; never quote a nominal PUMS figure in the report.",pums,NPumsTxMusMedpernpNominal
pums_tx_mus_medpernp_pos,25099.79298581981,"$25,100",2025 dollars,01_evidence/02_pums_nes_microdata/pums_baseline_TX_workers18to64_2020_2024_5yr.csv + pums_person_repweights_TX_2020_2024_5yr.csv.gz,"HEADLINE earnings figure. Median personal earnings from work. Base POS = Musicians and singers (OCCP 2752), Texas, ages 18-64, employed (ESR 1/2/4/5) with positive earnings, ACS 2020-2024 5-year PUMS, PWGTP-weighted; 498 unweighted records. Dollars adjusted with ADJINC to 2024 then by the CPI-U 2024 factor to 2025 dollars.",pums,NPumsTxMusMedpernpPos
pums_tx_mus_medpernp_pos_moe,2690.317702177011,"+/- $2,700","2025 dollars, 90 percent margin of error",01_evidence/02_pums_nes_microdata/pums_baseline_TX_workers18to64_2020_2024_5yr.csv + pums_person_repweights_TX_2020_2024_5yr.csv.gz,"90 percent MOE = 1.645 x SDR standard error from the 80 PUMS replicate weights. HEADLINE earnings figure. Median personal earnings from work. Base POS = Musicians and singers (OCCP 2752), Texas, ages 18-64, employed (ESR 1/2/4/5) with positive earnings, ACS 2020-2024 5-year PUMS, PWGTP-weighted; 498 unweighted records. Dollars adjusted with ADJINC to 2024 then by the CPI-U 2024 factor to 2025 dollars.",pums,NPumsTxMusMedpernpPosMoe
pums_tx_mus_medpincp_emp,28022.46095453403,"$28,000",2025 dollars,01_evidence/02_pums_nes_microdata/pums_baseline_TX_workers18to64_2020_2024_5yr.csv + pums_person_repweights_TX_2020_2024_5yr.csv.gz,"Median total personal income. Base EMP = Musicians and singers (OCCP 2752), Texas, ages 18-64, employed (ESR 1/2/4/5), ACS 2020-2024 5-year PUMS, PWGTP-weighted; 500 unweighted records. Dollars adjusted with ADJINC to 2024 then by the CPI-U 2024 factor to 2025 dollars.",pums,NPumsTxMusMedpincpEmp
pums_tx_mus_medpincp_emp_moe,5149.191004339915,"+/- $5,100","2025 dollars, 90 percent margin of error",01_evidence/02_pums_nes_microdata/pums_baseline_TX_workers18to64_2020_2024_5yr.csv + pums_person_repweights_TX_2020_2024_5yr.csv.gz,"90 percent MOE = 1.645 x SDR standard error from the 80 PUMS replicate weights. Median total personal income. Base EMP = Musicians and singers (OCCP 2752), Texas, ages 18-64, employed (ESR 1/2/4/5), ACS 2020-2024 5-year PUMS, PWGTP-weighted; 500 unweighted records. Dollars adjusted with ADJINC to 2024 then by the CPI-U 2024 factor to 2025 dollars.",pums,NPumsTxMusMedpincpEmpMoe
pums_tx_mus_medpincp_nominal,25000,"$25,000",nominal dollars of the survey year,01_evidence/02_pums_nes_microdata/pums_baseline_TX_workers18to64_2020_2024_5yr.csv + pums_person_repweights_TX_2020_2024_5yr.csv.gz,"Median total personal income for musicians and singers on the matched employed base, unadjusted. Reconciliation only.",pums,NPumsTxMusMedpincpNominal
pums_tx_mus_medpincp_pos,28022.46095453403,"$28,000",2025 dollars,01_evidence/02_pums_nes_microdata/pums_baseline_TX_workers18to64_2020_2024_5yr.csv + pums_person_repweights_TX_2020_2024_5yr.csv.gz,"Median total personal income on the same base as the headline earnings figure, so the earnings-to-income gap is not a base artefact. Base POS = Musicians and singers (OCCP 2752), Texas, ages 18-64, employed (ESR 1/2/4/5) with positive earnings, ACS 2020-2024 5-year PUMS, PWGTP-weighted; 498 unweighted records. Dollars adjusted with ADJINC to 2024 then by the CPI-U 2024 factor to 2025 dollars.",pums,NPumsTxMusMedpincpPos
pums_tx_mus_medpincp_pos_moe,5463.290426687696,"+/- $5,500","2025 dollars, 90 percent margin of error",01_evidence/02_pums_nes_microdata/pums_baseline_TX_workers18to64_2020_2024_5yr.csv + pums_person_repweights_TX_2020_2024_5yr.csv.gz,"90 percent MOE = 1.645 x SDR standard error from the 80 PUMS replicate weights. Median total personal income on the same base as the headline earnings figure, so the earnings-to-income gap is not a base artefact. Base POS = Musicians and singers (OCCP 2752), Texas, ages 18-64, employed (ESR 1/2/4/5) with positive earnings, ACS 2020-2024 5-year PUMS, PWGTP-weighted; 498 unweighted records. Dollars adjusted with ADJINC to 2024 then by the CPI-U 2024 factor to 2025 dollars.",pums,NPumsTxMusMedpincpPosMoe
pums_tx_mus_medwkhp,30,30,usual hours per week,01_evidence/02_pums_nes_microdata/pums_baseline_TX_workers18to64_2020_2024_5yr.csv + pums_person_repweights_TX_2020_2024_5yr.csv.gz,"Median usual hours worked per week (WKHP). Base EMP = Musicians and singers (OCCP 2752), Texas, ages 18-64, employed (ESR 1/2/4/5), ACS 2020-2024 5-year PUMS, PWGTP-weighted; 500 unweighted records.",pums,NPumsTxMusMedwkhp
pums_tx_mus_medwkwn,52,52,weeks worked in past 12 months,01_evidence/02_pums_nes_microdata/pums_baseline_TX_workers18to64_2020_2024_5yr.csv + pums_person_repweights_TX_2020_2024_5yr.csv.gz,"Median weeks worked in the past 12 months (WKWN). Base EMP = Musicians and singers (OCCP 2752), Texas, ages 18-64, employed (ESR 1/2/4/5), ACS 2020-2024 5-year PUMS, PWGTP-weighted; 500 unweighted records.",pums,NPumsTxMusMedwkwn
pums_tx_mus_n_emp,500,500,unweighted person records,01_evidence/02_pums_nes_microdata/pums_baseline_TX_workers18to64_2020_2024_5yr.csv + pums_person_repweights_TX_2020_2024_5yr.csv.gz,"Base EMP = Musicians and singers (OCCP 2752), Texas, ages 18-64, employed (ESR 1/2/4/5), ACS 2020-2024 5-year PUMS, PWGTP-weighted; 500 unweighted records.",pums,NPumsTxMusNEmp
pums_tx_mus_n_pos,498,498,unweighted person records,01_evidence/02_pums_nes_microdata/pums_baseline_TX_workers18to64_2020_2024_5yr.csv + pums_person_repweights_TX_2020_2024_5yr.csv.gz,"Base POS = Musicians and singers (OCCP 2752), Texas, ages 18-64, employed (ESR 1/2/4/5) with positive earnings, ACS 2020-2024 5-year PUMS, PWGTP-weighted; 498 unweighted records.",pums,NPumsTxMusNPos
pums_tx_mus_nonposearn,.28143365615429,0.3%,percent,01_evidence/02_pums_nes_microdata/pums_baseline_TX_workers18to64_2020_2024_5yr.csv + pums_person_repweights_TX_2020_2024_5yr.csv.gz,"Share of employed people reporting zero or negative earnings from work. Base EMP = Musicians and singers (OCCP 2752), Texas, ages 18-64, employed (ESR 1/2/4/5), ACS 2020-2024 5-year PUMS, PWGTP-weighted; 500 unweighted records.",pums,NPumsTxMusNonposearn
pums_tx_mus_nonposearn_moe,.34104410667271,+/- 0.3 points,"percentage points, 90 percent margin of error",01_evidence/02_pums_nes_microdata/pums_baseline_TX_workers18to64_2020_2024_5yr.csv + pums_person_repweights_TX_2020_2024_5yr.csv.gz,"90 percent MOE = 1.645 x SDR standard error from the 80 PUMS replicate weights. Share of employed people reporting zero or negative earnings from work. Base EMP = Musicians and singers (OCCP 2752), Texas, ages 18-64, employed (ESR 1/2/4/5), ACS 2020-2024 5-year PUMS, PWGTP-weighted; 500 unweighted records.",pums,NPumsTxMusNonposearnMoe
pums_tx_mus_privcov,65.78097839582816,65.8%,percent,01_evidence/02_pums_nes_microdata/pums_baseline_TX_workers18to64_2020_2024_5yr.csv + pums_person_repweights_TX_2020_2024_5yr.csv.gz,"Share with private coverage (PRIVCOV = 1). Private and public overlap, so the two shares do not sum to the any-coverage share. Base EMP = Musicians and singers (OCCP 2752), Texas, ages 18-64, employed (ESR 1/2/4/5), ACS 2020-2024 5-year PUMS, PWGTP-weighted; 500 unweighted records.",pums,NPumsTxMusPrivcov
pums_tx_mus_privcov_moe,4.74217015791084,+/- 4.7 points,"percentage points, 90 percent margin of error",01_evidence/02_pums_nes_microdata/pums_baseline_TX_workers18to64_2020_2024_5yr.csv + pums_person_repweights_TX_2020_2024_5yr.csv.gz,"90 percent MOE = 1.645 x SDR standard error from the 80 PUMS replicate weights. Share with private coverage (PRIVCOV = 1). Private and public overlap, so the two shares do not sum to the any-coverage share. Base EMP = Musicians and singers (OCCP 2752), Texas, ages 18-64, employed (ESR 1/2/4/5), ACS 2020-2024 5-year PUMS, PWGTP-weighted; 500 unweighted records.",pums,NPumsTxMusPrivcovMoe
pums_tx_mus_pubcov,10.15644400297989,10.2%,percent,01_evidence/02_pums_nes_microdata/pums_baseline_TX_workers18to64_2020_2024_5yr.csv + pums_person_repweights_TX_2020_2024_5yr.csv.gz,"Share with public coverage (PUBCOV = 1). Private and public overlap. Base EMP = Musicians and singers (OCCP 2752), Texas, ages 18-64, employed (ESR 1/2/4/5), ACS 2020-2024 5-year PUMS, PWGTP-weighted; 500 unweighted records.",pums,NPumsTxMusPubcov
pums_tx_mus_pubcov_moe,3.16610724705355,+/- 3.2 points,"percentage points, 90 percent margin of error",01_evidence/02_pums_nes_microdata/pums_baseline_TX_workers18to64_2020_2024_5yr.csv + pums_person_repweights_TX_2020_2024_5yr.csv.gz,"90 percent MOE = 1.645 x SDR standard error from the 80 PUMS replicate weights. Share with public coverage (PUBCOV = 1). Private and public overlap. Base EMP = Musicians and singers (OCCP 2752), Texas, ages 18-64, employed (ESR 1/2/4/5), ACS 2020-2024 5-year PUMS, PWGTP-weighted; 500 unweighted records.",pums,NPumsTxMusPubcovMoe
pums_tx_mus_selfemp,51.52719145766079,51.5%,percent,01_evidence/02_pums_nes_microdata/pums_baseline_TX_workers18to64_2020_2024_5yr.csv + pums_person_repweights_TX_2020_2024_5yr.csv.gz,"Share self-employed, COW 6 (unincorporated) or 7 (incorporated). Base EMP = Musicians and singers (OCCP 2752), Texas, ages 18-64, employed (ESR 1/2/4/5), ACS 2020-2024 5-year PUMS, PWGTP-weighted; 500 unweighted records.",pums,NPumsTxMusSelfemp
pums_tx_mus_selfemp_moe,4.85664254111764,+/- 4.9 points,"percentage points, 90 percent margin of error",01_evidence/02_pums_nes_microdata/pums_baseline_TX_workers18to64_2020_2024_5yr.csv + pums_person_repweights_TX_2020_2024_5yr.csv.gz,"90 percent MOE = 1.645 x SDR standard error from the 80 PUMS replicate weights. Share self-employed, COW 6 (unincorporated) or 7 (incorporated). Base EMP = Musicians and singers (OCCP 2752), Texas, ages 18-64, employed (ESR 1/2/4/5), ACS 2020-2024 5-year PUMS, PWGTP-weighted; 500 unweighted records.",pums,NPumsTxMusSelfempMoe
pums_tx_mus_wtd_emp,12081,"12,081",people,01_evidence/02_pums_nes_microdata/pums_baseline_TX_workers18to64_2020_2024_5yr.csv + pums_person_repweights_TX_2020_2024_5yr.csv.gz,"Weighted denominator for every EMP-base figure in this cell. Base EMP = Musicians and singers (OCCP 2752), Texas, ages 18-64, employed (ESR 1/2/4/5), ACS 2020-2024 5-year PUMS, PWGTP-weighted; 500 unweighted records.",pums,NPumsTxMusWtdEmp
pums_tx_mus_wtd_pos,12047,"12,047",people,01_evidence/02_pums_nes_microdata/pums_baseline_TX_workers18to64_2020_2024_5yr.csv + pums_person_repweights_TX_2020_2024_5yr.csv.gz,"Weighted denominator for every POS-base figure in this cell. Base POS = Musicians and singers (OCCP 2752), Texas, ages 18-64, employed (ESR 1/2/4/5) with positive earnings, ACS 2020-2024 5-year PUMS, PWGTP-weighted; 498 unweighted records.",pums,NPumsTxMusWtdPos
pums_tx_musdir_hicov,84.06903418519748,84.1%,percent,01_evidence/02_pums_nes_microdata/pums_baseline_TX_workers18to64_2020_2024_5yr.csv + pums_person_repweights_TX_2020_2024_5yr.csv.gz,"Share with any health insurance (HICOV = 1). Base EMP = Music directors and composers (OCCP 2751), Texas, ages 18-64, employed (ESR 1/2/4/5), ACS 2020-2024 5-year PUMS, PWGTP-weighted; 122 unweighted records.",pums,NPumsTxMusdirHicov
pums_tx_musdir_hicov_moe,7.01419046619389,+/- 7.0 points,"percentage points, 90 percent margin of error",01_evidence/02_pums_nes_microdata/pums_baseline_TX_workers18to64_2020_2024_5yr.csv + pums_person_repweights_TX_2020_2024_5yr.csv.gz,"90 percent MOE = 1.645 x SDR standard error from the 80 PUMS replicate weights. Share with any health insurance (HICOV = 1). Base EMP = Music directors and composers (OCCP 2751), Texas, ages 18-64, employed (ESR 1/2/4/5), ACS 2020-2024 5-year PUMS, PWGTP-weighted; 122 unweighted records.",pums,NPumsTxMusdirHicovMoe
pums_tx_musdir_lt10k,6.770660471291071,6.8%,percent,01_evidence/02_pums_nes_microdata/pums_baseline_TX_workers18to64_2020_2024_5yr.csv + pums_person_repweights_TX_2020_2024_5yr.csv.gz,"Share earning under 10,000 dollars from work in 2025 dollars. Base EMP = Music directors and composers (OCCP 2751), Texas, ages 18-64, employed (ESR 1/2/4/5), ACS 2020-2024 5-year PUMS, PWGTP-weighted; 122 unweighted records. Dollars adjusted with ADJINC to 2024 then by the CPI-U 2024 factor to 2025 dollars.",pums,NPumsTxMusdirLtOneZerok
pums_tx_musdir_lt10k_moe,4.67011020461729,+/- 4.7 points,"percentage points, 90 percent margin of error",01_evidence/02_pums_nes_microdata/pums_baseline_TX_workers18to64_2020_2024_5yr.csv + pums_person_repweights_TX_2020_2024_5yr.csv.gz,"90 percent MOE = 1.645 x SDR standard error from the 80 PUMS replicate weights. Share earning under 10,000 dollars from work in 2025 dollars. Base EMP = Music directors and composers (OCCP 2751), Texas, ages 18-64, employed (ESR 1/2/4/5), ACS 2020-2024 5-year PUMS, PWGTP-weighted; 122 unweighted records. Dollars adjusted with ADJINC to 2024 then by the CPI-U 2024 factor to 2025 dollars.",pums,NPumsTxMusdirLtOneZerokMoe
pums_tx_musdir_lt25k,20.37836043810156,20.4%,percent,01_evidence/02_pums_nes_microdata/pums_baseline_TX_workers18to64_2020_2024_5yr.csv + pums_person_repweights_TX_2020_2024_5yr.csv.gz,"Share earning under 25,000 dollars from work in 2025 dollars. Base EMP = Music directors and composers (OCCP 2751), Texas, ages 18-64, employed (ESR 1/2/4/5), ACS 2020-2024 5-year PUMS, PWGTP-weighted; 122 unweighted records. Dollars adjusted with ADJINC to 2024 then by the CPI-U 2024 factor to 2025 dollars.",pums,NPumsTxMusdirLtTwoFivek
pums_tx_musdir_lt25k_moe,6.54513171661039,+/- 6.5 points,"percentage points, 90 percent margin of error",01_evidence/02_pums_nes_microdata/pums_baseline_TX_workers18to64_2020_2024_5yr.csv + pums_person_repweights_TX_2020_2024_5yr.csv.gz,"90 percent MOE = 1.645 x SDR standard error from the 80 PUMS replicate weights. Share earning under 25,000 dollars from work in 2025 dollars. Base EMP = Music directors and composers (OCCP 2751), Texas, ages 18-64, employed (ESR 1/2/4/5), ACS 2020-2024 5-year PUMS, PWGTP-weighted; 122 unweighted records. Dollars adjusted with ADJINC to 2024 then by the CPI-U 2024 factor to 2025 dollars.",pums,NPumsTxMusdirLtTwoFivekMoe
pums_tx_musdir_lt50k,33.15632260205775,33.2%,percent,01_evidence/02_pums_nes_microdata/pums_baseline_TX_workers18to64_2020_2024_5yr.csv + pums_person_repweights_TX_2020_2024_5yr.csv.gz,"Share earning under 50,000 dollars from work in 2025 dollars. Base EMP = Music directors and composers (OCCP 2751), Texas, ages 18-64, employed (ESR 1/2/4/5), ACS 2020-2024 5-year PUMS, PWGTP-weighted; 122 unweighted records. Dollars adjusted with ADJINC to 2024 then by the CPI-U 2024 factor to 2025 dollars.",pums,NPumsTxMusdirLtFiveZerok
pums_tx_musdir_lt50k_moe,8.38581275913681,+/- 8.4 points,"percentage points, 90 percent margin of error",01_evidence/02_pums_nes_microdata/pums_baseline_TX_workers18to64_2020_2024_5yr.csv + pums_person_repweights_TX_2020_2024_5yr.csv.gz,"90 percent MOE = 1.645 x SDR standard error from the 80 PUMS replicate weights. Share earning under 50,000 dollars from work in 2025 dollars. Base EMP = Music directors and composers (OCCP 2751), Texas, ages 18-64, employed (ESR 1/2/4/5), ACS 2020-2024 5-year PUMS, PWGTP-weighted; 122 unweighted records. Dollars adjusted with ADJINC to 2024 then by the CPI-U 2024 factor to 2025 dollars.",pums,NPumsTxMusdirLtFiveZerokMoe
pums_tx_musdir_ltmusiccensus,10.88615997344839,10.9%,percent,01_evidence/02_pums_nes_microdata/pums_baseline_TX_workers18to64_2020_2024_5yr.csv + pums_person_repweights_TX_2020_2024_5yr.csv.gz,"Share earning less than the 2013 Austin Music Census 10,000 dollar line restated in 2025 dollars. Base EMP = Music directors and composers (OCCP 2751), Texas, ages 18-64, employed (ESR 1/2/4/5), ACS 2020-2024 5-year PUMS, PWGTP-weighted; 122 unweighted records. Dollars adjusted with ADJINC to 2024 then by the CPI-U 2024 factor to 2025 dollars.",pums,NPumsTxMusdirLtmusiccensus
pums_tx_musdir_ltmusiccensus_moe,5.11868998431085,+/- 5.1 points,"percentage points, 90 percent margin of error",01_evidence/02_pums_nes_microdata/pums_baseline_TX_workers18to64_2020_2024_5yr.csv + pums_person_repweights_TX_2020_2024_5yr.csv.gz,"90 percent MOE = 1.645 x SDR standard error from the 80 PUMS replicate weights. Share earning less than the 2013 Austin Music Census 10,000 dollar line restated in 2025 dollars. Base EMP = Music directors and composers (OCCP 2751), Texas, ages 18-64, employed (ESR 1/2/4/5), ACS 2020-2024 5-year PUMS, PWGTP-weighted; 122 unweighted records. Dollars adjusted with ADJINC to 2024 then by the CPI-U 2024 factor to 2025 dollars.",pums,NPumsTxMusdirLtmusiccensusMoe
pums_tx_musdir_meanpernp_emp,67814.68079288409,"$67,800",2025 dollars,01_evidence/02_pums_nes_microdata/pums_baseline_TX_workers18to64_2020_2024_5yr.csv + pums_person_repweights_TX_2020_2024_5yr.csv.gz,"Mean personal earnings from work, zero and negative earners included. Base EMP = Music directors and composers (OCCP 2751), Texas, ages 18-64, employed (ESR 1/2/4/5), ACS 2020-2024 5-year PUMS, PWGTP-weighted; 122 unweighted records. Dollars adjusted with ADJINC to 2024 then by the CPI-U 2024 factor to 2025 dollars.",pums,NPumsTxMusdirMeanpernpEmp
pums_tx_musdir_meanpernp_emp_moe,7899.200332284294,"+/- $7,900","2025 dollars, 90 percent margin of error",01_evidence/02_pums_nes_microdata/pums_baseline_TX_workers18to64_2020_2024_5yr.csv + pums_person_repweights_TX_2020_2024_5yr.csv.gz,"90 percent MOE = 1.645 x SDR standard error from the 80 PUMS replicate weights. Mean personal earnings from work, zero and negative earners included. Base EMP = Music directors and composers (OCCP 2751), Texas, ages 18-64, employed (ESR 1/2/4/5), ACS 2020-2024 5-year PUMS, PWGTP-weighted; 122 unweighted records. Dollars adjusted with ADJINC to 2024 then by the CPI-U 2024 factor to 2025 dollars.",pums,NPumsTxMusdirMeanpernpEmpMoe
pums_tx_musdir_meanpernp_pos,67814.68079288409,"$67,800",2025 dollars,01_evidence/02_pums_nes_microdata/pums_baseline_TX_workers18to64_2020_2024_5yr.csv + pums_person_repweights_TX_2020_2024_5yr.csv.gz,"Mean personal earnings from work. Base POS = Music directors and composers (OCCP 2751), Texas, ages 18-64, employed (ESR 1/2/4/5) with positive earnings, ACS 2020-2024 5-year PUMS, PWGTP-weighted; 122 unweighted records. Dollars adjusted with ADJINC to 2024 then by the CPI-U 2024 factor to 2025 dollars.",pums,NPumsTxMusdirMeanpernpPos
pums_tx_musdir_meanpernp_pos_moe,7899.200332284294,"+/- $7,900","2025 dollars, 90 percent margin of error",01_evidence/02_pums_nes_microdata/pums_baseline_TX_workers18to64_2020_2024_5yr.csv + pums_person_repweights_TX_2020_2024_5yr.csv.gz,"90 percent MOE = 1.645 x SDR standard error from the 80 PUMS replicate weights. Mean personal earnings from work. Base POS = Music directors and composers (OCCP 2751), Texas, ages 18-64, employed (ESR 1/2/4/5) with positive earnings, ACS 2020-2024 5-year PUMS, PWGTP-weighted; 122 unweighted records. Dollars adjusted with ADJINC to 2024 then by the CPI-U 2024 factor to 2025 dollars.",pums,NPumsTxMusdirMeanpernpPosMoe
pums_tx_musdir_meanpincp_emp,70670.72464972796,"$70,700",2025 dollars,01_evidence/02_pums_nes_microdata/pums_baseline_TX_workers18to64_2020_2024_5yr.csv + pums_person_repweights_TX_2020_2024_5yr.csv.gz,"Mean total personal income. Base EMP = Music directors and composers (OCCP 2751), Texas, ages 18-64, employed (ESR 1/2/4/5), ACS 2020-2024 5-year PUMS, PWGTP-weighted; 122 unweighted records. Dollars adjusted with ADJINC to 2024 then by the CPI-U 2024 factor to 2025 dollars.",pums,NPumsTxMusdirMeanpincpEmp
pums_tx_musdir_meanpincp_emp_moe,8894.056935286293,"+/- $8,900","2025 dollars, 90 percent margin of error",01_evidence/02_pums_nes_microdata/pums_baseline_TX_workers18to64_2020_2024_5yr.csv + pums_person_repweights_TX_2020_2024_5yr.csv.gz,"90 percent MOE = 1.645 x SDR standard error from the 80 PUMS replicate weights. Mean total personal income. Base EMP = Music directors and composers (OCCP 2751), Texas, ages 18-64, employed (ESR 1/2/4/5), ACS 2020-2024 5-year PUMS, PWGTP-weighted; 122 unweighted records. Dollars adjusted with ADJINC to 2024 then by the CPI-U 2024 factor to 2025 dollars.",pums,NPumsTxMusdirMeanpincpEmpMoe
pums_tx_musdir_meanpincp_pos,70670.72464972796,"$70,700",2025 dollars,01_evidence/02_pums_nes_microdata/pums_baseline_TX_workers18to64_2020_2024_5yr.csv + pums_person_repweights_TX_2020_2024_5yr.csv.gz,"Mean total personal income. Base POS = Music directors and composers (OCCP 2751), Texas, ages 18-64, employed (ESR 1/2/4/5) with positive earnings, ACS 2020-2024 5-year PUMS, PWGTP-weighted; 122 unweighted records. Dollars adjusted with ADJINC to 2024 then by the CPI-U 2024 factor to 2025 dollars.",pums,NPumsTxMusdirMeanpincpPos
pums_tx_musdir_meanpincp_pos_moe,8894.056935286293,"+/- $8,900","2025 dollars, 90 percent margin of error",01_evidence/02_pums_nes_microdata/pums_baseline_TX_workers18to64_2020_2024_5yr.csv + pums_person_repweights_TX_2020_2024_5yr.csv.gz,"90 percent MOE = 1.645 x SDR standard error from the 80 PUMS replicate weights. Mean total personal income. Base POS = Music directors and composers (OCCP 2751), Texas, ages 18-64, employed (ESR 1/2/4/5) with positive earnings, ACS 2020-2024 5-year PUMS, PWGTP-weighted; 122 unweighted records. Dollars adjusted with ADJINC to 2024 then by the CPI-U 2024 factor to 2025 dollars.",pums,NPumsTxMusdirMeanpincpPosMoe
pums_tx_musdir_medpernp_emp,64667.21758738622,"$64,700",2025 dollars,01_evidence/02_pums_nes_microdata/pums_baseline_TX_workers18to64_2020_2024_5yr.csv + pums_person_repweights_TX_2020_2024_5yr.csv.gz,"Median personal earnings from work, zero and negative earners included. Base EMP = Music directors and composers (OCCP 2751), Texas, ages 18-64, employed (ESR 1/2/4/5), ACS 2020-2024 5-year PUMS, PWGTP-weighted; 122 unweighted records. Dollars adjusted with ADJINC to 2024 then by the CPI-U 2024 factor to 2025 dollars.",pums,NPumsTxMusdirMedpernpEmp
pums_tx_musdir_medpernp_emp_moe,7754.721544975116,"+/- $7,800","2025 dollars, 90 percent margin of error",01_evidence/02_pums_nes_microdata/pums_baseline_TX_workers18to64_2020_2024_5yr.csv + pums_person_repweights_TX_2020_2024_5yr.csv.gz,"90 percent MOE = 1.645 x SDR standard error from the 80 PUMS replicate weights. Median personal earnings from work, zero and negative earners included. Base EMP = Music directors and composers (OCCP 2751), Texas, ages 18-64, employed (ESR 1/2/4/5), ACS 2020-2024 5-year PUMS, PWGTP-weighted; 122 unweighted records. Dollars adjusted with ADJINC to 2024 then by the CPI-U 2024 factor to 2025 dollars.",pums,NPumsTxMusdirMedpernpEmpMoe
pums_tx_musdir_medpernp_pos,64667.21758738622,"$64,700",2025 dollars,01_evidence/02_pums_nes_microdata/pums_baseline_TX_workers18to64_2020_2024_5yr.csv + pums_person_repweights_TX_2020_2024_5yr.csv.gz,"HEADLINE earnings figure. Median personal earnings from work. Base POS = Music directors and composers (OCCP 2751), Texas, ages 18-64, employed (ESR 1/2/4/5) with positive earnings, ACS 2020-2024 5-year PUMS, PWGTP-weighted; 122 unweighted records. Dollars adjusted with ADJINC to 2024 then by the CPI-U 2024 factor to 2025 dollars.",pums,NPumsTxMusdirMedpernpPos
pums_tx_musdir_medpernp_pos_moe,7754.721544975116,"+/- $7,800","2025 dollars, 90 percent margin of error",01_evidence/02_pums_nes_microdata/pums_baseline_TX_workers18to64_2020_2024_5yr.csv + pums_person_repweights_TX_2020_2024_5yr.csv.gz,"90 percent MOE = 1.645 x SDR standard error from the 80 PUMS replicate weights. HEADLINE earnings figure. Median personal earnings from work. Base POS = Music directors and composers (OCCP 2751), Texas, ages 18-64, employed (ESR 1/2/4/5) with positive earnings, ACS 2020-2024 5-year PUMS, PWGTP-weighted; 122 unweighted records. Dollars adjusted with ADJINC to 2024 then by the CPI-U 2024 factor to 2025 dollars.",pums,NPumsTxMusdirMedpernpPosMoe
pums_tx_musdir_medpincp_emp,67769.44106171347,"$67,800",2025 dollars,01_evidence/02_pums_nes_microdata/pums_baseline_TX_workers18to64_2020_2024_5yr.csv + pums_person_repweights_TX_2020_2024_5yr.csv.gz,"Median total personal income. Base EMP = Music directors and composers (OCCP 2751), Texas, ages 18-64, employed (ESR 1/2/4/5), ACS 2020-2024 5-year PUMS, PWGTP-weighted; 122 unweighted records. Dollars adjusted with ADJINC to 2024 then by the CPI-U 2024 factor to 2025 dollars.",pums,NPumsTxMusdirMedpincpEmp
pums_tx_musdir_medpincp_emp_moe,7432.995192105341,"+/- $7,400","2025 dollars, 90 percent margin of error",01_evidence/02_pums_nes_microdata/pums_baseline_TX_workers18to64_2020_2024_5yr.csv + pums_person_repweights_TX_2020_2024_5yr.csv.gz,"90 percent MOE = 1.645 x SDR standard error from the 80 PUMS replicate weights. Median total personal income. Base EMP = Music directors and composers (OCCP 2751), Texas, ages 18-64, employed (ESR 1/2/4/5), ACS 2020-2024 5-year PUMS, PWGTP-weighted; 122 unweighted records. Dollars adjusted with ADJINC to 2024 then by the CPI-U 2024 factor to 2025 dollars.",pums,NPumsTxMusdirMedpincpEmpMoe
pums_tx_musdir_medpincp_pos,67769.44106171347,"$67,800",2025 dollars,01_evidence/02_pums_nes_microdata/pums_baseline_TX_workers18to64_2020_2024_5yr.csv + pums_person_repweights_TX_2020_2024_5yr.csv.gz,"Median total personal income on the same base as the headline earnings figure, so the earnings-to-income gap is not a base artefact. Base POS = Music directors and composers (OCCP 2751), Texas, ages 18-64, employed (ESR 1/2/4/5) with positive earnings, ACS 2020-2024 5-year PUMS, PWGTP-weighted; 122 unweighted records. Dollars adjusted with ADJINC to 2024 then by the CPI-U 2024 factor to 2025 dollars.",pums,NPumsTxMusdirMedpincpPos
pums_tx_musdir_medpincp_pos_moe,7432.995192105341,"+/- $7,400","2025 dollars, 90 percent margin of error",01_evidence/02_pums_nes_microdata/pums_baseline_TX_workers18to64_2020_2024_5yr.csv + pums_person_repweights_TX_2020_2024_5yr.csv.gz,"90 percent MOE = 1.645 x SDR standard error from the 80 PUMS replicate weights. Median total personal income on the same base as the headline earnings figure, so the earnings-to-income gap is not a base artefact. Base POS = Music directors and composers (OCCP 2751), Texas, ages 18-64, employed (ESR 1/2/4/5) with positive earnings, ACS 2020-2024 5-year PUMS, PWGTP-weighted; 122 unweighted records. Dollars adjusted with ADJINC to 2024 then by the CPI-U 2024 factor to 2025 dollars.",pums,NPumsTxMusdirMedpincpPosMoe
pums_tx_musdir_medwkhp,40,40,usual hours per week,01_evidence/02_pums_nes_microdata/pums_baseline_TX_workers18to64_2020_2024_5yr.csv + pums_person_repweights_TX_2020_2024_5yr.csv.gz,"Median usual hours worked per week (WKHP). Base EMP = Music directors and composers (OCCP 2751), Texas, ages 18-64, employed (ESR 1/2/4/5), ACS 2020-2024 5-year PUMS, PWGTP-weighted; 122 unweighted records.",pums,NPumsTxMusdirMedwkhp
pums_tx_musdir_medwkwn,52,52,weeks worked in past 12 months,01_evidence/02_pums_nes_microdata/pums_baseline_TX_workers18to64_2020_2024_5yr.csv + pums_person_repweights_TX_2020_2024_5yr.csv.gz,"Median weeks worked in the past 12 months (WKWN). Base EMP = Music directors and composers (OCCP 2751), Texas, ages 18-64, employed (ESR 1/2/4/5), ACS 2020-2024 5-year PUMS, PWGTP-weighted; 122 unweighted records.",pums,NPumsTxMusdirMedwkwn
pums_tx_musdir_n_emp,122,122,unweighted person records,01_evidence/02_pums_nes_microdata/pums_baseline_TX_workers18to64_2020_2024_5yr.csv + pums_person_repweights_TX_2020_2024_5yr.csv.gz,"Base EMP = Music directors and composers (OCCP 2751), Texas, ages 18-64, employed (ESR 1/2/4/5), ACS 2020-2024 5-year PUMS, PWGTP-weighted; 122 unweighted records.",pums,NPumsTxMusdirNEmp
pums_tx_musdir_n_pos,122,122,unweighted person records,01_evidence/02_pums_nes_microdata/pums_baseline_TX_workers18to64_2020_2024_5yr.csv + pums_person_repweights_TX_2020_2024_5yr.csv.gz,"Base POS = Music directors and composers (OCCP 2751), Texas, ages 18-64, employed (ESR 1/2/4/5) with positive earnings, ACS 2020-2024 5-year PUMS, PWGTP-weighted; 122 unweighted records.",pums,NPumsTxMusdirNPos
pums_tx_musdir_nonposearn,0,0.0%,percent,01_evidence/02_pums_nes_microdata/pums_baseline_TX_workers18to64_2020_2024_5yr.csv + pums_person_repweights_TX_2020_2024_5yr.csv.gz,"Share of employed people reporting zero or negative earnings from work. Base EMP = Music directors and composers (OCCP 2751), Texas, ages 18-64, employed (ESR 1/2/4/5), ACS 2020-2024 5-year PUMS, PWGTP-weighted; 122 unweighted records.",pums,NPumsTxMusdirNonposearn
pums_tx_musdir_nonposearn_moe,0,+/- 0.0 points,"percentage points, 90 percent margin of error",01_evidence/02_pums_nes_microdata/pums_baseline_TX_workers18to64_2020_2024_5yr.csv + pums_person_repweights_TX_2020_2024_5yr.csv.gz,"90 percent MOE = 1.645 x SDR standard error from the 80 PUMS replicate weights. Share of employed people reporting zero or negative earnings from work. Base EMP = Music directors and composers (OCCP 2751), Texas, ages 18-64, employed (ESR 1/2/4/5), ACS 2020-2024 5-year PUMS, PWGTP-weighted; 122 unweighted records.",pums,NPumsTxMusdirNonposearnMoe
pums_tx_musdir_privcov,82.27680053103219,82.3%,percent,01_evidence/02_pums_nes_microdata/pums_baseline_TX_workers18to64_2020_2024_5yr.csv + pums_person_repweights_TX_2020_2024_5yr.csv.gz,"Share with private coverage (PRIVCOV = 1). Private and public overlap, so the two shares do not sum to the any-coverage share. Base EMP = Music directors and composers (OCCP 2751), Texas, ages 18-64, employed (ESR 1/2/4/5), ACS 2020-2024 5-year PUMS, PWGTP-weighted; 122 unweighted records.",pums,NPumsTxMusdirPrivcov
pums_tx_musdir_privcov_moe,7.516011445201221,+/- 7.5 points,"percentage points, 90 percent margin of error",01_evidence/02_pums_nes_microdata/pums_baseline_TX_workers18to64_2020_2024_5yr.csv + pums_person_repweights_TX_2020_2024_5yr.csv.gz,"90 percent MOE = 1.645 x SDR standard error from the 80 PUMS replicate weights. Share with private coverage (PRIVCOV = 1). Private and public overlap, so the two shares do not sum to the any-coverage share. Base EMP = Music directors and composers (OCCP 2751), Texas, ages 18-64, employed (ESR 1/2/4/5), ACS 2020-2024 5-year PUMS, PWGTP-weighted; 122 unweighted records.",pums,NPumsTxMusdirPrivcovMoe
pums_tx_musdir_pubcov,2.42283438433455,2.4%,percent,01_evidence/02_pums_nes_microdata/pums_baseline_TX_workers18to64_2020_2024_5yr.csv + pums_person_repweights_TX_2020_2024_5yr.csv.gz,"Share with public coverage (PUBCOV = 1). Private and public overlap. Base EMP = Music directors and composers (OCCP 2751), Texas, ages 18-64, employed (ESR 1/2/4/5), ACS 2020-2024 5-year PUMS, PWGTP-weighted; 122 unweighted records.",pums,NPumsTxMusdirPubcov
pums_tx_musdir_pubcov_moe,2.1464658822184,+/- 2.1 points,"percentage points, 90 percent margin of error",01_evidence/02_pums_nes_microdata/pums_baseline_TX_workers18to64_2020_2024_5yr.csv + pums_person_repweights_TX_2020_2024_5yr.csv.gz,"90 percent MOE = 1.645 x SDR standard error from the 80 PUMS replicate weights. Share with public coverage (PUBCOV = 1). Private and public overlap. Base EMP = Music directors and composers (OCCP 2751), Texas, ages 18-64, employed (ESR 1/2/4/5), ACS 2020-2024 5-year PUMS, PWGTP-weighted; 122 unweighted records.",pums,NPumsTxMusdirPubcovMoe
pums_tx_musdir_selfemp,29.73780285429804,29.7%,percent,01_evidence/02_pums_nes_microdata/pums_baseline_TX_workers18to64_2020_2024_5yr.csv + pums_person_repweights_TX_2020_2024_5yr.csv.gz,"Share self-employed, COW 6 (unincorporated) or 7 (incorporated). Base EMP = Music directors and composers (OCCP 2751), Texas, ages 18-64, employed (ESR 1/2/4/5), ACS 2020-2024 5-year PUMS, PWGTP-weighted; 122 unweighted records.",pums,NPumsTxMusdirSelfemp
pums_tx_musdir_selfemp_moe,10.76124703049365,+/- 10.8 points,"percentage points, 90 percent margin of error",01_evidence/02_pums_nes_microdata/pums_baseline_TX_workers18to64_2020_2024_5yr.csv + pums_person_repweights_TX_2020_2024_5yr.csv.gz,"90 percent MOE = 1.645 x SDR standard error from the 80 PUMS replicate weights. Share self-employed, COW 6 (unincorporated) or 7 (incorporated). Base EMP = Music directors and composers (OCCP 2751), Texas, ages 18-64, employed (ESR 1/2/4/5), ACS 2020-2024 5-year PUMS, PWGTP-weighted; 122 unweighted records.",pums,NPumsTxMusdirSelfempMoe
pums_tx_musdir_wtd_emp,3013,"3,013",people,01_evidence/02_pums_nes_microdata/pums_baseline_TX_workers18to64_2020_2024_5yr.csv + pums_person_repweights_TX_2020_2024_5yr.csv.gz,"Weighted denominator for every EMP-base figure in this cell. Base EMP = Music directors and composers (OCCP 2751), Texas, ages 18-64, employed (ESR 1/2/4/5), ACS 2020-2024 5-year PUMS, PWGTP-weighted; 122 unweighted records.",pums,NPumsTxMusdirWtdEmp
pums_tx_musdir_wtd_pos,3013,"3,013",people,01_evidence/02_pums_nes_microdata/pums_baseline_TX_workers18to64_2020_2024_5yr.csv + pums_person_repweights_TX_2020_2024_5yr.csv.gz,"Weighted denominator for every POS-base figure in this cell. Base POS = Music directors and composers (OCCP 2751), Texas, ages 18-64, employed (ESR 1/2/4/5) with positive earnings, ACS 2020-2024 5-year PUMS, PWGTP-weighted; 122 unweighted records.",pums,NPumsTxMusdirWtdPos
pums_tx_music_hicov,73.59215582350603,73.6%,percent,01_evidence/02_pums_nes_microdata/pums_baseline_TX_workers18to64_2020_2024_5yr.csv + pums_person_repweights_TX_2020_2024_5yr.csv.gz,"Share with any health insurance (HICOV = 1). Base EMP = Musicians, singers, music directors and composers (OCCP 2751 and 2752), Texas, ages 18-64, employed (ESR 1/2/4/5), ACS 2020-2024 5-year PUMS, PWGTP-weighted; 622 unweighted records.",pums,NPumsTxMusicHicov
pums_tx_music_hicov_moe,3.50867909210997,+/- 3.5 points,"percentage points, 90 percent margin of error",01_evidence/02_pums_nes_microdata/pums_baseline_TX_workers18to64_2020_2024_5yr.csv + pums_person_repweights_TX_2020_2024_5yr.csv.gz,"90 percent MOE = 1.645 x SDR standard error from the 80 PUMS replicate weights. Share with any health insurance (HICOV = 1). Base EMP = Musicians, singers, music directors and composers (OCCP 2751 and 2752), Texas, ages 18-64, employed (ESR 1/2/4/5), ACS 2020-2024 5-year PUMS, PWGTP-weighted; 622 unweighted records.",pums,NPumsTxMusicHicovMoe
pums_tx_music_lt10k,20.41208427189612,20.4%,percent,01_evidence/02_pums_nes_microdata/pums_baseline_TX_workers18to64_2020_2024_5yr.csv + pums_person_repweights_TX_2020_2024_5yr.csv.gz,"Share earning under 10,000 dollars from work in 2025 dollars. Base EMP = Musicians, singers, music directors and composers (OCCP 2751 and 2752), Texas, ages 18-64, employed (ESR 1/2/4/5), ACS 2020-2024 5-year PUMS, PWGTP-weighted; 622 unweighted records. Dollars adjusted with ADJINC to 2024 then by the CPI-U 2024 factor to 2025 dollars.",pums,NPumsTxMusicLtOneZerok
pums_tx_music_lt10k_moe,4.02349643890368,+/- 4.0 points,"percentage points, 90 percent margin of error",01_evidence/02_pums_nes_microdata/pums_baseline_TX_workers18to64_2020_2024_5yr.csv + pums_person_repweights_TX_2020_2024_5yr.csv.gz,"90 percent MOE = 1.645 x SDR standard error from the 80 PUMS replicate weights. Share earning under 10,000 dollars from work in 2025 dollars. Base EMP = Musicians, singers, music directors and composers (OCCP 2751 and 2752), Texas, ages 18-64, employed (ESR 1/2/4/5), ACS 2020-2024 5-year PUMS, PWGTP-weighted; 622 unweighted records. Dollars adjusted with ADJINC to 2024 then by the CPI-U 2024 factor to 2025 dollars.",pums,NPumsTxMusicLtOneZerokMoe
pums_tx_music_lt25k,43.94461375380946,43.9%,percent,01_evidence/02_pums_nes_microdata/pums_baseline_TX_workers18to64_2020_2024_5yr.csv + pums_person_repweights_TX_2020_2024_5yr.csv.gz,"Share earning under 25,000 dollars from work in 2025 dollars. Base EMP = Musicians, singers, music directors and composers (OCCP 2751 and 2752), Texas, ages 18-64, employed (ESR 1/2/4/5), ACS 2020-2024 5-year PUMS, PWGTP-weighted; 622 unweighted records. Dollars adjusted with ADJINC to 2024 then by the CPI-U 2024 factor to 2025 dollars.",pums,NPumsTxMusicLtTwoFivek
pums_tx_music_lt25k_moe,4.09426741988435,+/- 4.1 points,"percentage points, 90 percent margin of error",01_evidence/02_pums_nes_microdata/pums_baseline_TX_workers18to64_2020_2024_5yr.csv + pums_person_repweights_TX_2020_2024_5yr.csv.gz,"90 percent MOE = 1.645 x SDR standard error from the 80 PUMS replicate weights. Share earning under 25,000 dollars from work in 2025 dollars. Base EMP = Musicians, singers, music directors and composers (OCCP 2751 and 2752), Texas, ages 18-64, employed (ESR 1/2/4/5), ACS 2020-2024 5-year PUMS, PWGTP-weighted; 622 unweighted records. Dollars adjusted with ADJINC to 2024 then by the CPI-U 2024 factor to 2025 dollars.",pums,NPumsTxMusicLtTwoFivekMoe
pums_tx_music_lt50k,64.19106929905924,64.2%,percent,01_evidence/02_pums_nes_microdata/pums_baseline_TX_workers18to64_2020_2024_5yr.csv + pums_person_repweights_TX_2020_2024_5yr.csv.gz,"Share earning under 50,000 dollars from work in 2025 dollars. Base EMP = Musicians, singers, music directors and composers (OCCP 2751 and 2752), Texas, ages 18-64, employed (ESR 1/2/4/5), ACS 2020-2024 5-year PUMS, PWGTP-weighted; 622 unweighted records. Dollars adjusted with ADJINC to 2024 then by the CPI-U 2024 factor to 2025 dollars.",pums,NPumsTxMusicLtFiveZerok
pums_tx_music_lt50k_moe,4.31475242586286,+/- 4.3 points,"percentage points, 90 percent margin of error",01_evidence/02_pums_nes_microdata/pums_baseline_TX_workers18to64_2020_2024_5yr.csv + pums_person_repweights_TX_2020_2024_5yr.csv.gz,"90 percent MOE = 1.645 x SDR standard error from the 80 PUMS replicate weights. Share earning under 50,000 dollars from work in 2025 dollars. Base EMP = Musicians, singers, music directors and composers (OCCP 2751 and 2752), Texas, ages 18-64, employed (ESR 1/2/4/5), ACS 2020-2024 5-year PUMS, PWGTP-weighted; 622 unweighted records. Dollars adjusted with ADJINC to 2024 then by the CPI-U 2024 factor to 2025 dollars.",pums,NPumsTxMusicLtFiveZerokMoe
pums_tx_music_ltmusiccensus,27.73287398966477,27.7%,percent,01_evidence/02_pums_nes_microdata/pums_baseline_TX_workers18to64_2020_2024_5yr.csv + pums_person_repweights_TX_2020_2024_5yr.csv.gz,"Share earning less than the 2013 Austin Music Census 10,000 dollar line restated in 2025 dollars. Base EMP = Musicians, singers, music directors and composers (OCCP 2751 and 2752), Texas, ages 18-64, employed (ESR 1/2/4/5), ACS 2020-2024 5-year PUMS, PWGTP-weighted; 622 unweighted records. Dollars adjusted with ADJINC to 2024 then by the CPI-U 2024 factor to 2025 dollars.",pums,NPumsTxMusicLtmusiccensus
pums_tx_music_ltmusiccensus_moe,3.99123544259062,+/- 4.0 points,"percentage points, 90 percent margin of error",01_evidence/02_pums_nes_microdata/pums_baseline_TX_workers18to64_2020_2024_5yr.csv + pums_person_repweights_TX_2020_2024_5yr.csv.gz,"90 percent MOE = 1.645 x SDR standard error from the 80 PUMS replicate weights. Share earning less than the 2013 Austin Music Census 10,000 dollar line restated in 2025 dollars. Base EMP = Musicians, singers, music directors and composers (OCCP 2751 and 2752), Texas, ages 18-64, employed (ESR 1/2/4/5), ACS 2020-2024 5-year PUMS, PWGTP-weighted; 622 unweighted records. Dollars adjusted with ADJINC to 2024 then by the CPI-U 2024 factor to 2025 dollars.",pums,NPumsTxMusicLtmusiccensusMoe
pums_tx_music_meanpernp_emp,50239.37985955401,"$50,200",2025 dollars,01_evidence/02_pums_nes_microdata/pums_baseline_TX_workers18to64_2020_2024_5yr.csv + pums_person_repweights_TX_2020_2024_5yr.csv.gz,"Mean personal earnings from work, zero and negative earners included. Base EMP = Musicians, singers, music directors and composers (OCCP 2751 and 2752), Texas, ages 18-64, employed (ESR 1/2/4/5), ACS 2020-2024 5-year PUMS, PWGTP-weighted; 622 unweighted records. Dollars adjusted with ADJINC to 2024 then by the CPI-U 2024 factor to 2025 dollars.",pums,NPumsTxMusicMeanpernpEmp
pums_tx_music_meanpernp_emp_moe,5507.394019228343,"+/- $5,500","2025 dollars, 90 percent margin of error",01_evidence/02_pums_nes_microdata/pums_baseline_TX_workers18to64_2020_2024_5yr.csv + pums_person_repweights_TX_2020_2024_5yr.csv.gz,"90 percent MOE = 1.645 x SDR standard error from the 80 PUMS replicate weights. Mean personal earnings from work, zero and negative earners included. Base EMP = Musicians, singers, music directors and composers (OCCP 2751 and 2752), Texas, ages 18-64, employed (ESR 1/2/4/5), ACS 2020-2024 5-year PUMS, PWGTP-weighted; 622 unweighted records. Dollars adjusted with ADJINC to 2024 then by the CPI-U 2024 factor to 2025 dollars.",pums,NPumsTxMusicMeanpernpEmpMoe
pums_tx_music_meanpernp_pos,50364.68695098635,"$50,400",2025 dollars,01_evidence/02_pums_nes_microdata/pums_baseline_TX_workers18to64_2020_2024_5yr.csv + pums_person_repweights_TX_2020_2024_5yr.csv.gz,"Mean personal earnings from work. Base POS = Musicians, singers, music directors and composers (OCCP 2751 and 2752), Texas, ages 18-64, employed (ESR 1/2/4/5) with positive earnings, ACS 2020-2024 5-year PUMS, PWGTP-weighted; 620 unweighted records. Dollars adjusted with ADJINC to 2024 then by the CPI-U 2024 factor to 2025 dollars.",pums,NPumsTxMusicMeanpernpPos
pums_tx_music_meanpernp_pos_moe,5531.720490578246,"+/- $5,500","2025 dollars, 90 percent margin of error",01_evidence/02_pums_nes_microdata/pums_baseline_TX_workers18to64_2020_2024_5yr.csv + pums_person_repweights_TX_2020_2024_5yr.csv.gz,"90 percent MOE = 1.645 x SDR standard error from the 80 PUMS replicate weights. Mean personal earnings from work. Base POS = Musicians, singers, music directors and composers (OCCP 2751 and 2752), Texas, ages 18-64, employed (ESR 1/2/4/5) with positive earnings, ACS 2020-2024 5-year PUMS, PWGTP-weighted; 620 unweighted records. Dollars adjusted with ADJINC to 2024 then by the CPI-U 2024 factor to 2025 dollars.",pums,NPumsTxMusicMeanpernpPosMoe
pums_tx_music_meanpincp_emp,57517.4362671708,"$57,500",2025 dollars,01_evidence/02_pums_nes_microdata/pums_baseline_TX_workers18to64_2020_2024_5yr.csv + pums_person_repweights_TX_2020_2024_5yr.csv.gz,"Mean total personal income. Base EMP = Musicians, singers, music directors and composers (OCCP 2751 and 2752), Texas, ages 18-64, employed (ESR 1/2/4/5), ACS 2020-2024 5-year PUMS, PWGTP-weighted; 622 unweighted records. Dollars adjusted with ADJINC to 2024 then by the CPI-U 2024 factor to 2025 dollars.",pums,NPumsTxMusicMeanpincpEmp
pums_tx_music_meanpincp_emp_moe,6213.557972623044,"+/- $6,200","2025 dollars, 90 percent margin of error",01_evidence/02_pums_nes_microdata/pums_baseline_TX_workers18to64_2020_2024_5yr.csv + pums_person_repweights_TX_2020_2024_5yr.csv.gz,"90 percent MOE = 1.645 x SDR standard error from the 80 PUMS replicate weights. Mean total personal income. Base EMP = Musicians, singers, music directors and composers (OCCP 2751 and 2752), Texas, ages 18-64, employed (ESR 1/2/4/5), ACS 2020-2024 5-year PUMS, PWGTP-weighted; 622 unweighted records. Dollars adjusted with ADJINC to 2024 then by the CPI-U 2024 factor to 2025 dollars.",pums,NPumsTxMusicMeanpincpEmpMoe
pums_tx_music_meanpincp_pos,57659.17456164822,"$57,700",2025 dollars,01_evidence/02_pums_nes_microdata/pums_baseline_TX_workers18to64_2020_2024_5yr.csv + pums_person_repweights_TX_2020_2024_5yr.csv.gz,"Mean total personal income. Base POS = Musicians, singers, music directors and composers (OCCP 2751 and 2752), Texas, ages 18-64, employed (ESR 1/2/4/5) with positive earnings, ACS 2020-2024 5-year PUMS, PWGTP-weighted; 620 unweighted records. Dollars adjusted with ADJINC to 2024 then by the CPI-U 2024 factor to 2025 dollars.",pums,NPumsTxMusicMeanpincpPos
pums_tx_music_meanpincp_pos_moe,6230.618413776309,"+/- $6,200","2025 dollars, 90 percent margin of error",01_evidence/02_pums_nes_microdata/pums_baseline_TX_workers18to64_2020_2024_5yr.csv + pums_person_repweights_TX_2020_2024_5yr.csv.gz,"90 percent MOE = 1.645 x SDR standard error from the 80 PUMS replicate weights. Mean total personal income. Base POS = Musicians, singers, music directors and composers (OCCP 2751 and 2752), Texas, ages 18-64, employed (ESR 1/2/4/5) with positive earnings, ACS 2020-2024 5-year PUMS, PWGTP-weighted; 620 unweighted records. Dollars adjusted with ADJINC to 2024 then by the CPI-U 2024 factor to 2025 dollars.",pums,NPumsTxMusicMeanpincpPosMoe
pums_tx_music_medpernp_emp,29194.02165468646,"$29,200",2025 dollars,01_evidence/02_pums_nes_microdata/pums_baseline_TX_workers18to64_2020_2024_5yr.csv + pums_person_repweights_TX_2020_2024_5yr.csv.gz,"Median personal earnings from work, zero and negative earners included. Base EMP = Musicians, singers, music directors and composers (OCCP 2751 and 2752), Texas, ages 18-64, employed (ESR 1/2/4/5), ACS 2020-2024 5-year PUMS, PWGTP-weighted; 622 unweighted records. Dollars adjusted with ADJINC to 2024 then by the CPI-U 2024 factor to 2025 dollars.",pums,NPumsTxMusicMedpernpEmp
pums_tx_music_medpernp_emp_moe,5506.028081993594,"+/- $5,500","2025 dollars, 90 percent margin of error",01_evidence/02_pums_nes_microdata/pums_baseline_TX_workers18to64_2020_2024_5yr.csv + pums_person_repweights_TX_2020_2024_5yr.csv.gz,"90 percent MOE = 1.645 x SDR standard error from the 80 PUMS replicate weights. Median personal earnings from work, zero and negative earners included. Base EMP = Musicians, singers, music directors and composers (OCCP 2751 and 2752), Texas, ages 18-64, employed (ESR 1/2/4/5), ACS 2020-2024 5-year PUMS, PWGTP-weighted; 622 unweighted records. Dollars adjusted with ADJINC to 2024 then by the CPI-U 2024 factor to 2025 dollars.",pums,NPumsTxMusicMedpernpEmpMoe
pums_tx_music_medpernp_pos,30178.03487411357,"$30,200",2025 dollars,01_evidence/02_pums_nes_microdata/pums_baseline_TX_workers18to64_2020_2024_5yr.csv + pums_person_repweights_TX_2020_2024_5yr.csv.gz,"HEADLINE earnings figure. Median personal earnings from work. Base POS = Musicians, singers, music directors and composers (OCCP 2751 and 2752), Texas, ages 18-64, employed (ESR 1/2/4/5) with positive earnings, ACS 2020-2024 5-year PUMS, PWGTP-weighted; 620 unweighted records. Dollars adjusted with ADJINC to 2024 then by the CPI-U 2024 factor to 2025 dollars.",pums,NPumsTxMusicMedpernpPos
pums_tx_music_medpernp_pos_moe,5368.902038209498,"+/- $5,400","2025 dollars, 90 percent margin of error",01_evidence/02_pums_nes_microdata/pums_baseline_TX_workers18to64_2020_2024_5yr.csv + pums_person_repweights_TX_2020_2024_5yr.csv.gz,"90 percent MOE = 1.645 x SDR standard error from the 80 PUMS replicate weights. HEADLINE earnings figure. Median personal earnings from work. Base POS = Musicians, singers, music directors and composers (OCCP 2751 and 2752), Texas, ages 18-64, employed (ESR 1/2/4/5) with positive earnings, ACS 2020-2024 5-year PUMS, PWGTP-weighted; 620 unweighted records. Dollars adjusted with ADJINC to 2024 then by the CPI-U 2024 factor to 2025 dollars.",pums,NPumsTxMusicMedpernpPosMoe
pums_tx_music_medpincp_emp,36763.1163259504,"$36,800",2025 dollars,01_evidence/02_pums_nes_microdata/pums_baseline_TX_workers18to64_2020_2024_5yr.csv + pums_person_repweights_TX_2020_2024_5yr.csv.gz,"Median total personal income. Base EMP = Musicians, singers, music directors and composers (OCCP 2751 and 2752), Texas, ages 18-64, employed (ESR 1/2/4/5), ACS 2020-2024 5-year PUMS, PWGTP-weighted; 622 unweighted records. Dollars adjusted with ADJINC to 2024 then by the CPI-U 2024 factor to 2025 dollars.",pums,NPumsTxMusicMedpincpEmp
pums_tx_music_medpincp_emp_moe,6637.754740299503,"+/- $6,600","2025 dollars, 90 percent margin of error",01_evidence/02_pums_nes_microdata/pums_baseline_TX_workers18to64_2020_2024_5yr.csv + pums_person_repweights_TX_2020_2024_5yr.csv.gz,"90 percent MOE = 1.645 x SDR standard error from the 80 PUMS replicate weights. Median total personal income. Base EMP = Musicians, singers, music directors and composers (OCCP 2751 and 2752), Texas, ages 18-64, employed (ESR 1/2/4/5), ACS 2020-2024 5-year PUMS, PWGTP-weighted; 622 unweighted records. Dollars adjusted with ADJINC to 2024 then by the CPI-U 2024 factor to 2025 dollars.",pums,NPumsTxMusicMedpincpEmpMoe
pums_tx_music_medpincp_pos,36763.1163259504,"$36,800",2025 dollars,01_evidence/02_pums_nes_microdata/pums_baseline_TX_workers18to64_2020_2024_5yr.csv + pums_person_repweights_TX_2020_2024_5yr.csv.gz,"Median total personal income on the same base as the headline earnings figure, so the earnings-to-income gap is not a base artefact. Base POS = Musicians, singers, music directors and composers (OCCP 2751 and 2752), Texas, ages 18-64, employed (ESR 1/2/4/5) with positive earnings, ACS 2020-2024 5-year PUMS, PWGTP-weighted; 620 unweighted records. Dollars adjusted with ADJINC to 2024 then by the CPI-U 2024 factor to 2025 dollars.",pums,NPumsTxMusicMedpincpPos
pums_tx_music_medpincp_pos_moe,6330.233452308472,"+/- $6,300","2025 dollars, 90 percent margin of error",01_evidence/02_pums_nes_microdata/pums_baseline_TX_workers18to64_2020_2024_5yr.csv + pums_person_repweights_TX_2020_2024_5yr.csv.gz,"90 percent MOE = 1.645 x SDR standard error from the 80 PUMS replicate weights. Median total personal income on the same base as the headline earnings figure, so the earnings-to-income gap is not a base artefact. Base POS = Musicians, singers, music directors and composers (OCCP 2751 and 2752), Texas, ages 18-64, employed (ESR 1/2/4/5) with positive earnings, ACS 2020-2024 5-year PUMS, PWGTP-weighted; 620 unweighted records. Dollars adjusted with ADJINC to 2024 then by the CPI-U 2024 factor to 2025 dollars.",pums,NPumsTxMusicMedpincpPosMoe
pums_tx_music_medwkhp,35,35,usual hours per week,01_evidence/02_pums_nes_microdata/pums_baseline_TX_workers18to64_2020_2024_5yr.csv + pums_person_repweights_TX_2020_2024_5yr.csv.gz,"Median usual hours worked per week (WKHP). Base EMP = Musicians, singers, music directors and composers (OCCP 2751 and 2752), Texas, ages 18-64, employed (ESR 1/2/4/5), ACS 2020-2024 5-year PUMS, PWGTP-weighted; 622 unweighted records.",pums,NPumsTxMusicMedwkhp
pums_tx_music_medwkwn,52,52,weeks worked in past 12 months,01_evidence/02_pums_nes_microdata/pums_baseline_TX_workers18to64_2020_2024_5yr.csv + pums_person_repweights_TX_2020_2024_5yr.csv.gz,"Median weeks worked in the past 12 months (WKWN). Base EMP = Musicians, singers, music directors and composers (OCCP 2751 and 2752), Texas, ages 18-64, employed (ESR 1/2/4/5), ACS 2020-2024 5-year PUMS, PWGTP-weighted; 622 unweighted records.",pums,NPumsTxMusicMedwkwn
pums_tx_music_n_emp,622,622,unweighted person records,01_evidence/02_pums_nes_microdata/pums_baseline_TX_workers18to64_2020_2024_5yr.csv + pums_person_repweights_TX_2020_2024_5yr.csv.gz,"Base EMP = Musicians, singers, music directors and composers (OCCP 2751 and 2752), Texas, ages 18-64, employed (ESR 1/2/4/5), ACS 2020-2024 5-year PUMS, PWGTP-weighted; 622 unweighted records.",pums,NPumsTxMusicNEmp
pums_tx_music_n_pos,620,620,unweighted person records,01_evidence/02_pums_nes_microdata/pums_baseline_TX_workers18to64_2020_2024_5yr.csv + pums_person_repweights_TX_2020_2024_5yr.csv.gz,"Base POS = Musicians, singers, music directors and composers (OCCP 2751 and 2752), Texas, ages 18-64, employed (ESR 1/2/4/5) with positive earnings, ACS 2020-2024 5-year PUMS, PWGTP-weighted; 620 unweighted records.",pums,NPumsTxMusicNPos
pums_tx_music_nonposearn,.22525506823904,0.2%,percent,01_evidence/02_pums_nes_microdata/pums_baseline_TX_workers18to64_2020_2024_5yr.csv + pums_person_repweights_TX_2020_2024_5yr.csv.gz,"Share of employed people reporting zero or negative earnings from work. Base EMP = Musicians, singers, music directors and composers (OCCP 2751 and 2752), Texas, ages 18-64, employed (ESR 1/2/4/5), ACS 2020-2024 5-year PUMS, PWGTP-weighted; 622 unweighted records.",pums,NPumsTxMusicNonposearn
pums_tx_music_nonposearn_moe,.27360082857098,+/- 0.3 points,"percentage points, 90 percent margin of error",01_evidence/02_pums_nes_microdata/pums_baseline_TX_workers18to64_2020_2024_5yr.csv + pums_person_repweights_TX_2020_2024_5yr.csv.gz,"90 percent MOE = 1.645 x SDR standard error from the 80 PUMS replicate weights. Share of employed people reporting zero or negative earnings from work. Base EMP = Musicians, singers, music directors and composers (OCCP 2751 and 2752), Texas, ages 18-64, employed (ESR 1/2/4/5), ACS 2020-2024 5-year PUMS, PWGTP-weighted; 622 unweighted records.",pums,NPumsTxMusicNonposearnMoe
pums_tx_music_privcov,69.07380416059361,69.1%,percent,01_evidence/02_pums_nes_microdata/pums_baseline_TX_workers18to64_2020_2024_5yr.csv + pums_person_repweights_TX_2020_2024_5yr.csv.gz,"Share with private coverage (PRIVCOV = 1). Private and public overlap, so the two shares do not sum to the any-coverage share. Base EMP = Musicians, singers, music directors and composers (OCCP 2751 and 2752), Texas, ages 18-64, employed (ESR 1/2/4/5), ACS 2020-2024 5-year PUMS, PWGTP-weighted; 622 unweighted records.",pums,NPumsTxMusicPrivcov
pums_tx_music_privcov_moe,3.88807187217435,+/- 3.9 points,"percentage points, 90 percent margin of error",01_evidence/02_pums_nes_microdata/pums_baseline_TX_workers18to64_2020_2024_5yr.csv + pums_person_repweights_TX_2020_2024_5yr.csv.gz,"90 percent MOE = 1.645 x SDR standard error from the 80 PUMS replicate weights. Share with private coverage (PRIVCOV = 1). Private and public overlap, so the two shares do not sum to the any-coverage share. Base EMP = Musicians, singers, music directors and composers (OCCP 2751 and 2752), Texas, ages 18-64, employed (ESR 1/2/4/5), ACS 2020-2024 5-year PUMS, PWGTP-weighted; 622 unweighted records.",pums,NPumsTxMusicPrivcovMoe
pums_tx_music_pubcov,8.61269378561018,8.6%,percent,01_evidence/02_pums_nes_microdata/pums_baseline_TX_workers18to64_2020_2024_5yr.csv + pums_person_repweights_TX_2020_2024_5yr.csv.gz,"Share with public coverage (PUBCOV = 1). Private and public overlap. Base EMP = Musicians, singers, music directors and composers (OCCP 2751 and 2752), Texas, ages 18-64, employed (ESR 1/2/4/5), ACS 2020-2024 5-year PUMS, PWGTP-weighted; 622 unweighted records.",pums,NPumsTxMusicPubcov
pums_tx_music_pubcov_moe,2.4173938031858,+/- 2.4 points,"percentage points, 90 percent margin of error",01_evidence/02_pums_nes_microdata/pums_baseline_TX_workers18to64_2020_2024_5yr.csv + pums_person_repweights_TX_2020_2024_5yr.csv.gz,"90 percent MOE = 1.645 x SDR standard error from the 80 PUMS replicate weights. Share with public coverage (PUBCOV = 1). Private and public overlap. Base EMP = Musicians, singers, music directors and composers (OCCP 2751 and 2752), Texas, ages 18-64, employed (ESR 1/2/4/5), ACS 2020-2024 5-year PUMS, PWGTP-weighted; 622 unweighted records.",pums,NPumsTxMusicPubcovMoe
pums_tx_music_selfemp,47.1776864979462,47.2%,percent,01_evidence/02_pums_nes_microdata/pums_baseline_TX_workers18to64_2020_2024_5yr.csv + pums_person_repweights_TX_2020_2024_5yr.csv.gz,"Share self-employed, COW 6 (unincorporated) or 7 (incorporated). Base EMP = Musicians, singers, music directors and composers (OCCP 2751 and 2752), Texas, ages 18-64, employed (ESR 1/2/4/5), ACS 2020-2024 5-year PUMS, PWGTP-weighted; 622 unweighted records.",pums,NPumsTxMusicSelfemp
pums_tx_music_selfemp_moe,4.65682756825493,+/- 4.7 points,"percentage points, 90 percent margin of error",01_evidence/02_pums_nes_microdata/pums_baseline_TX_workers18to64_2020_2024_5yr.csv + pums_person_repweights_TX_2020_2024_5yr.csv.gz,"90 percent MOE = 1.645 x SDR standard error from the 80 PUMS replicate weights. Share self-employed, COW 6 (unincorporated) or 7 (incorporated). Base EMP = Musicians, singers, music directors and composers (OCCP 2751 and 2752), Texas, ages 18-64, employed (ESR 1/2/4/5), ACS 2020-2024 5-year PUMS, PWGTP-weighted; 622 unweighted records.",pums,NPumsTxMusicSelfempMoe
pums_tx_music_wtd_emp,15094,"15,094",people,01_evidence/02_pums_nes_microdata/pums_baseline_TX_workers18to64_2020_2024_5yr.csv + pums_person_repweights_TX_2020_2024_5yr.csv.gz,"Weighted denominator for every EMP-base figure in this cell. Base EMP = Musicians, singers, music directors and composers (OCCP 2751 and 2752), Texas, ages 18-64, employed (ESR 1/2/4/5), ACS 2020-2024 5-year PUMS, PWGTP-weighted; 622 unweighted records.",pums,NPumsTxMusicWtdEmp
pums_tx_music_wtd_pos,15060,"15,060",people,01_evidence/02_pums_nes_microdata/pums_baseline_TX_workers18to64_2020_2024_5yr.csv + pums_person_repweights_TX_2020_2024_5yr.csv.gz,"Weighted denominator for every POS-base figure in this cell. Base POS = Musicians, singers, music directors and composers (OCCP 2751 and 2752), Texas, ages 18-64, employed (ESR 1/2/4/5) with positive earnings, ACS 2020-2024 5-year PUMS, PWGTP-weighted; 620 unweighted records.",pums,NPumsTxMusicWtdPos
quasi_festival_rows_excluded,39,39 permit-months,count,01_evidence/08_venues_ecosystem/venue_monthly_receipts_long.csv,"Rows carrying festival_spike_flag, dropped before every estimate in this module. Festival concession LLCs permitted at a venue address, almost certainly Austin City Limits bar receipts. This is a wider exclusion than 30_venues.do, which drops the 10 rows carrying extreme_outlier_flag; the wider rule is used because a regression is more sensitive to a mislabelled outlier than an annual sum is.",quasi,NQuasiFestivalRowsExcluded
quasi_i35_lostwell_post,137027,"\textdollar{}137,027",2025 dollars,01_evidence/08_venues_ecosystem/venue_monthly_receipts_long.csv,"Real receipts at The Lost Well over the fourteen months after the closure, 12 months of filings, spanning both the closed period and the relocated operation.",quasi,NQuasiIThreeFiveLostwellPost
quasi_i35_lostwell_pre,711375.4095079129,"\textdollar{}711,375",2025 dollars,01_evidence/08_venues_ecosystem/venue_monthly_receipts_long.csv,"Real receipts at The Lost Well over the twelve months ending with its 2024-10-27 closure to the I-35 expansion, 12 months of filings. The permit resumed filing in 2025-10 from a new address on Airport Boulevard, so this venue relocated rather than disappeared.",quasi,NQuasiIThreeFiveLostwellPre
quasi_i35_venues,2,2 venues,count,01_evidence/08_venues_ecosystem/_findings.md finding 23,"Venues removed by the I-35 expansion within fifteen days: The Lost Well on 2024-10-27 and Stars Cafe on 2024-11-10. Stars Cafe has 0 rows in the mixed-beverage panel, so only one of the two can be observed in receipts at all. Two units cannot support a design; this is reported as a documented non-market exit, where the closure was decided by a highway project rather than by demand, rent or licensing.",quasi,NQuasiIThreeFiveVenues
quasi_lmf24_post_coef,.0876581189882968,0.088,log points,01_evidence/04_city_programs_lmf/_txt/LMF_FY24_awardee_list.txt,"reghdfe lnreal d_lmf, absorb(venue month) vce(cluster venue), where d_lmf is FY2024 venue grantee times 2024 onward. Sample: 15 grantee venues against the rest of the panel, 2018-01 to 2025-12, large ticketed rooms excluded, 6007 venue-months in 89 clusters. Point estimate 9.2 percent. Clustered SE 0.092 with nominal p 0.3435; randomization-inference exact p = 0.4513 over 2000 permutations of the grantee set across 64 eligible venues. Grants are competitively scored, so this is a conditional association, not a program effect.",quasi,NQuasiLmfTwoFourPostCoef
quasi_lmf24_pretrend_p,.2587223809770891,0.2587,p-value,01_evidence/04_city_programs_lmf/_txt/LMF_FY24_awardee_list.txt,"Joint test that the 2018 to 2022 annual event-study coefficients are zero against a 2023 base, F = 1.33. This covers the pandemic years, so a rejection can reflect a different pandemic path rather than a different trend.",quasi,NQuasiLmfTwoFourPretrendP
quasi_lmf24_pretrend_p_prepandemic,.3557470269699864,0.3557,p-value,01_evidence/04_city_programs_lmf/_txt/LMF_FY24_awardee_list.txt,"Joint test restricted to 2018 and 2019 against the 2023 base, F = 1.05. This is the pre-pandemic parallel-paths check, and it rests on the 12 of 15 grantee venues that were already filing in 2019.",quasi,NQuasiLmfTwoFourPretrendPPrepandemic
quasi_lmf24_ri_p,.4512743628185907,0.4513,exact p-value,01_evidence/04_city_programs_lmf/_txt/LMF_FY24_awardee_list.txt,Randomization-inference p-value for quasi_lmf24_post_coef. 2000 draws of 15 venues without replacement from the 64 panel venues meeting the same filing-coverage requirement as the treated group.,quasi,NQuasiLmfTwoFourRiP
quasi_lmf24_venue_awards,17,17 venues,count,01_evidence/04_city_programs_lmf/_txt/LMF_FY24_awardee_list.txt,"FY2024 Live Music Fund venue awards, all at \textdollar{}60,000, extracted from the published awardee list. All 17 matched to the receipts panel. 1 of them is a large ticketed room and is held out on the same rule applied to every design here; 1 has no pre-period, having first filed in 2024-09; the remaining 15 enter the event study, of which 12 were already filing in 2019, so the 2018 and 2019 coefficients rest on a smaller treated group than the later ones. The crosswalk is at out/tables/lmf_venue_crosswalk.csv.",quasi,NQuasiLmfTwoFourVenueAwards
quasi_lmf_fy26_not_evaluable,21,21 venue awards,count,01_evidence/04_city_programs_lmf/_txt/LMF_FY26_awardee_list.txt,"FY2026 Live Music Fund venue awards extracted from the published list. They cannot be evaluated here: the awards were announced in March 2026, the receipts panel ends 2026-06, and no 2026 CPI annual average exists, so there are at most three post-award months and no way to state them in real dollars. Note also that the published list totals 20 venues and \textdollar{}1,400,000 while the itemised lines number 21; that discrepancy is in the source document and is not resolved here.",quasi,NQuasiLmfFyTwoSixNotEvaluable
quasi_moody_band1_coef,-.2947740622825906,-0.295,log points,01_evidence/08_venues_ecosystem/austin_sound_ordinance_permits_geo_g3rj-dfgm.csv with venue_monthly_receipts_long.csv,"reghdfe lnreal d_b1 d_b2 d_b3, absorb(venue month) vce(cluster venue). Coefficient on the innermost band, venues within one mile of the Moody Center, after 2022-04, relative to venues more than four miles away. 10 venues in the band; 2589 venue-months in 53 clusters; clustered SE 0.246, p 0.2356. The joint test that the three band coefficients are equal has p = 0.9111. Sample is 2018-01 to 2019-12 and 2022-07 to 2025-12, so the pandemic window is excluded. Distance is not random; these are central-city rooms compared with suburban ones.",quasi,NQuasiMoodyBandOneCoef
quasi_moody_band2_coef,-.3846795355755954,-0.385,log points,01_evidence/08_venues_ecosystem/austin_sound_ordinance_permits_geo_g3rj-dfgm.csv with venue_monthly_receipts_long.csv,"Same specification, venues one to two miles from the arena, 28 venues, clustered SE 0.273.",quasi,NQuasiMoodyBandTwoCoef
quasi_moody_band3_coef,-.287989206444586,-0.288,log points,01_evidence/08_venues_ecosystem/austin_sound_ordinance_permits_geo_g3rj-dfgm.csv with venue_monthly_receipts_long.csv,"Same specification, venues two to four miles from the arena, 9 venues, clustered SE 0.264. The reference group is the 6 venues more than four miles away.",quasi,NQuasiMoodyBandThreeCoef
quasi_moody_geocoded,67,67 of 114,count,01_evidence/08_venues_ecosystem/austin_sound_ordinance_permits_geo_g3rj-dfgm.csv,"Panel venues carrying a coordinate, from the City of Austin geocoded sound-ordinance permit file matched on a normalised street address then on a normalised venue name. Venues never permitted for amplified sound have no coordinate and are absent from the distance design only.",quasi,NQuasiMoodyGeocoded
quasi_moody_joint_p,.9111274796851595,0.9111,p-value,01_evidence/08_venues_ecosystem/austin_sound_ordinance_permits_geo_g3rj-dfgm.csv with venue_monthly_receipts_long.csv,"Joint test that the three distance-band coefficients equal one another, which is the test of whether the post-opening pattern varies with distance at all. It does not reject anywhere near conventional levels, and none of the three band coefficients is individually distinguishable from zero either, so what the design finds is a flat profile rather than a proximity effect. The reference group is only 6 venues, which is thin, and that is part of why every band standard error is large.",quasi,NQuasiMoodyJointP
quasi_moody_logdist_coef,.1265364929130433,0.127,log points per log mile,01_evidence/08_venues_ecosystem/austin_sound_ordinance_permits_geo_g3rj-dfgm.csv with venue_monthly_receipts_long.csv,"Continuous version of the same comparison: post-opening interacted with log distance in miles, so nothing rests on where the band cuts fall. Clustered SE 0.171.",quasi,NQuasiMoodyLogdistCoef
quasi_panel_venue_months,16192,16192 venue-months,count,01_evidence/08_venues_ecosystem/venue_monthly_receipts_long.csv,Venue-months available to this module after collapsing 16346 permit-months onto 114 venues and dropping festival-flagged rows. Real-dollar series end 2025-12 because out/cpi_annual.dta carries no 2026 deflator.,quasi,NQuasiPanelVenueMonths
quasi_redriver_claim_unverified,22,22%,"percent, claimed",01_evidence/04_city_programs_lmf/_findings.md finding 21,"The reported city evaluation of the 2017 pilot claimed a 22 percent rise in payments to local musicians, alongside 10 percent more local and regional acts booked and 13 percent fewer total tickets sold. The evaluation memo was never located and nobody has independently checked it. Mixed-beverage receipts cannot test that claim directly, because they measure alcohol sales and not the door split, so the estimate here bounds whether anything visible happened to venue revenue, not whether musician pay moved.",quasi,NQuasiRedriverClaimUnverified
quasi_redriver_did_coef,-.0385401231277563,-0.039,log points,01_evidence/04_city_programs_lmf/_txt/red_river_pilot_law_dept_2018_296553.txt with 01_evidence/08_venues_ecosystem/venue_monthly_receipts_long.csv,"reghdfe lnreal d_a, absorb(venue month) vce(cluster venue), where d_a is pilot venue times the 2017-05 to 2017-11 window. Sample: the 5 named pilot venues against the other panel venues, 2015-01 to 2019-12, large ticketed rooms excluded, 4335 venue-months in 87 clusters. Point estimate -3.8 percent. Randomization-inference exact p = 0.6679 over 5000 permutations; clustered SE 0.106 with nominal p 0.7171, reported only as a secondary reference because five treated units make cluster-robust inference unreliable.",quasi,NQuasiRedriverDidCoef
quasi_redriver_did_ordwindow,.0833032280152921,0.083,log points,01_evidence/04_city_programs_lmf/_txt/red_river_pilot_law_dept_2018_296553.txt with 01_evidence/08_venues_ecosystem/venue_monthly_receipts_long.csv,"Same specification using the window the ordinance record implies, 2017-02 to 2018-04, rather than the May-to-November window the city evaluation is reported to have used. Clustered SE 0.070. The two windows disagree because the evaluation memo itself was never located; only the Law Department draft ordinance is in hand.",quasi,NQuasiRedriverDidOrdwindow
quasi_redriver_did_rronly,.0320604376711174,0.032,log points,01_evidence/04_city_programs_lmf/_txt/red_river_pilot_law_dept_2018_296553.txt with 01_evidence/08_venues_ecosystem/venue_monthly_receipts_long.csv,"Same specification restricted to Red River Cultural District venues, so the comparison group is the neighbouring rooms that did not run extended hours. 513 venue-months in 9 clusters, clustered SE 0.151. With this few clusters the clustered SE is not trustworthy.",quasi,NQuasiRedriverDidRronly
quasi_redriver_did_seasonadj,.0063636311337472,0.006,log points,01_evidence/04_city_programs_lmf/_txt/red_river_pilot_law_dept_2018_296553.txt with 01_evidence/08_venues_ecosystem/venue_monthly_receipts_long.csv,"Same difference-in-differences with venue-by-month-of-year fixed effects added, which absorb the part of seasonality the two groups do not share. Clustered SE 0.098, nominal p 0.9484. This is the preferred point estimate, because the reported pilot window runs May to November and six of its seven months fall in the second half of the year, where the pilot venues are seasonally weaker than the comparison group.",quasi,NQuasiRedriverDidSeasonadj
quasi_redriver_pretrend_p,.0003215053322606,0.0003,p-value,01_evidence/04_city_programs_lmf/_txt/red_river_pilot_law_dept_2018_296553.txt with 01_evidence/08_venues_ecosystem/venue_monthly_receipts_long.csv,"Joint test that the three pre-pilot half-year coefficients are zero against a 2016H2 base, F = 6.90. It rejects. Reading the coefficients shows why: every first-half block sits above every second-half block for the pilot venues relative to the comparison group, before the pilot as much as after, so the rejection is differential seasonality rather than a diverging trend.",quasi,NQuasiRedriverPretrendP
quasi_redriver_pretrend_p_seasonadj,.3550870208177077,0.3551,p-value,01_evidence/04_city_programs_lmf/_txt/red_river_pilot_law_dept_2018_296553.txt with 01_evidence/08_venues_ecosystem/venue_monthly_receipts_long.csv,"The same pre-pilot joint test once venue-by-month-of-year effects absorb differential seasonality, F = 1.10. This is the diagnostic that decides whether the design is reportable: the raw test rejects on seasonality, and this one asks whether anything is left.",quasi,NQuasiRedriverPretrendPSeasonadj
quasi_redriver_ri_p,.667866426714657,0.6679,exact p-value,01_evidence/04_city_programs_lmf/_txt/red_river_pilot_law_dept_2018_296553.txt with 01_evidence/08_venues_ecosystem/venue_monthly_receipts_long.csv,"Randomization-inference p-value for quasi_redriver_did_coef. 5000 draws of five venues without replacement from the 59 panel venues filing in at least 54 of the 60 months in the window; the treatment dates are held fixed and only the assignment is permuted. Two-sided, counting placebo coefficients at least as large in absolute value, with the observed assignment included in the count.",quasi,NQuasiRedriverRiP
quasi_redriver_ri_p_corepool,.6230753849230154,0.6231,exact p-value,01_evidence/04_city_programs_lmf/_txt/red_river_pilot_law_dept_2018_296553.txt with 01_evidence/08_venues_ecosystem/venue_monthly_receipts_long.csv,"Randomization inference restricted to a pool of 41 core live-music rooms, so the placebo venues are the same kind of business as the pilot venues.",quasi,NQuasiRedriverRiPCorepool
quasi_rent_environment_context,-23.5,-23.5%,percent change in real market rent,"09_cost_of_living cost-of-living module, Zillow observed rent index deflated to 2025 dollars","Austin real market rent peaked in December 2021 and has fallen 23.5 percent since, the steepest decline among five comparison metros. Every post-shock window in this module sits inside that decline: the SVOG awards land mid-2021, the Moody Center opens April 2022, and the Live Music Fund venue grants land in 2024. A reader should not assume the later part of the panel is a tightening rent environment for venues. It is not, at least not in the residential market that the Zillow series measures. Commercial rent for venue space is not measured anywhere in this evidence base, which is a real gap, and the 2022 Austin Music Census puts property tax rather than rent at the top of the venue cost list.",quasi,NQuasiRentEnvironmentContext
quasi_svog_award_window,2021-06 to 2021-08,2021-06 to 2021-08,award months,01_evidence/07_svog_federal_relief/svog_awards_AUSTIN_AREA.csv,"Range of award months among the venues used. The awards are barely staggered: they all land inside a three-month window in 2021, so this is close to a single-cohort design and the relative-time axis is nearly a relabelling of calendar time.",quasi,NQuasiSvogAwardWindow
quasi_svog_awards_total,152,152 awards,count,01_evidence/07_svog_federal_relief/svog_awards_AUSTIN_AREA.csv,"Shuttered Venue Operators Grant awards in the Austin area. Recipients include cinemas, talent agencies, festivals, symphonies and theatres as well as bars holding a music permit, so most of them can never appear in a mixed-beverage receipts panel.",quasi,NQuasiSvogAwardsTotal
quasi_svog_dollars_matched,24155577,"\textdollar{}24,155,577",nominal dollars,01_evidence/07_svog_federal_relief/svog_awards_AUSTIN_AREA.csv,"Federal relief flowing to the 26 panel venues used in the event study, as awarded. Award dollars are nominal and are not deflated; they are used only to scale treatment intensity against pre-pandemic revenue at the same venue.",quasi,NQuasiSvogDollarsMatched
quasi_svog_intensity_coef,-.0029113261748335,-0.0029,log points per month of 2019 revenue,01_evidence/07_svog_federal_relief/svog_awards_AUSTIN_AREA.csv,"reghdfe lnreal post_x_intens, absorb(venue month) vce(cluster venue). Intensity is the award divided by mean monthly real receipts at the same venue in 2019, so one unit is one month of pre-pandemic revenue. Median award among treated venues is 7.5 months of 2019 revenue. Clustered SE 0.0091, p 0.7504, 6758 venue-months. 1 treated venue has no 2019 base and leaves this specification.",quasi,NQuasiSvogIntensityCoef
quasi_svog_latepost_coef,-.0433982530605224,-0.043,log points,01_evidence/07_svog_federal_relief/svog_awards_AUSTIN_AREA.csv,"The gap that remains once the recovery has run. Same fixed effects, but the sample keeps only the pre-pandemic blocks and the blocks two or more years after the award, so the pandemic collapse is out of both sides of the comparison. 5862 venue-months, clustered SE 0.150, p 0.7723, approximately -4.2 percent. This is the cleaner headline number, because the pooled coefficient quasi_svog_post_coef carries the 2020 collapse inside its own pre-period and is hard to read for that reason.",quasi,NQuasiSvogLatepostCoef
quasi_svog_matched_venues,29,29 of 152,count,01_evidence/07_svog_federal_relief/svog_awards_AUSTIN_AREA.csv,"SVOG awards matched to one of the 114 venues in the curated receipts panel. Matched on normalised street address first, then the normalised legal name against the Comptroller taxpayer name, then against the Comptroller trading name, then five hand-verified overrides. Every match was read against the venue roster by hand. The full crosswalk, including the 123 unmatched awards, is at out/tables/svog_venue_crosswalk.csv.",quasi,NQuasiSvogMatchedVenues
quasi_svog_median_award,651820.9375,"\textdollar{}651,821",nominal dollars,01_evidence/07_svog_federal_relief/svog_awards_AUSTIN_AREA.csv,Median award among the 26 panel venues used in the event study.,quasi,NQuasiSvogMedianAward
quasi_svog_post_coef,.0129140868024152,0.013,log points,01_evidence/07_svog_federal_relief/svog_awards_AUSTIN_AREA.csv,"reghdfe lnreal post_x_svog, absorb(venue month) vce(cluster venue). Sample: 26 matched SVOG venues against 65 other panel venues, 2017-01 to 2025-12, large ticketed rooms excluded, 6822 venue-months in 91 clusters. Reads as the average gap in log real receipts from the award month onward, after venue and calendar-month effects. Clustered SE 0.113, p 0.9089. Conditional association only: SVOG eligibility required a documented revenue drop, so recipients are selected on the severity of their own shock.",quasi,NQuasiSvogPostCoef
quasi_svog_post_p,.9089238267990072,0.9089,p-value,01_evidence/07_svog_federal_relief/svog_awards_AUSTIN_AREA.csv,Two-sided p-value for quasi_svog_post_coef.,quasi,NQuasiSvogPostP
quasi_svog_post_se,.1125719983048816,0.113,"log points, clustered SE",01_evidence/07_svog_federal_relief/svog_awards_AUSTIN_AREA.csv,"Standard error on quasi_svog_post_coef, clustered by venue, 91 clusters.",quasi,NQuasiSvogPostSe
quasi_svog_pretrend_p_all,.279424636968697,0.2794,p-value,01_evidence/07_svog_federal_relief/svog_awards_AUSTIN_AREA.csv,"Joint test that every pre-award block coefficient is zero, F = 1.25. This test spans the 2020 collapse that made these venues eligible, so a rejection is the selection rule showing up rather than a specification failure that could be argued away.",quasi,NQuasiSvogPretrendPAll
quasi_svog_pretrend_p_prepandemic,.9052195842797389,0.9052,p-value,01_evidence/07_svog_federal_relief/svog_awards_AUSTIN_AREA.csv,"Joint test that the pre-pandemic block coefficients are zero, F = 0.26. These are the blocks that close before 2020-01 for every award month in the data. This is the test of whether recipients and non-recipients were on parallel paths before the shock, and it is the diagnostic that decides whether the design is reported as anything more than descriptive.",quasi,NQuasiSvogPretrendPPrepandemic
quasi_svog_used_venues,26,26 venues,count,01_evidence/07_svog_federal_relief/svog_awards_AUSTIN_AREA.csv,"Matched venues carried into the event study. Three matches are flagged uncertain and held out of the sample entirely: the Paramount, where one award covers two separately permitted rooms; the Long Center, where the grantee is the nonprofit and the permit holder is the concessionaire; and The Parish, where the award address is the former room and the legal name is the current one.",quasi,NQuasiSvogUsedVenues
bea_crossover_year_tx,2011,2011,"first year of the UNBROKEN run through 2023, calendar",01_evidence/03_creative_economy_bea/tidy/acpsa_state_industry_detail_2001_2023.csv,"Texas independent-artists-writers-and-performers value added has exceeded performing-arts-companies value added in every year from 2011 through 2023, BEA ACPSA state industry detail. There was an earlier, temporary crossover starting in 2007 that reversed after 2 years (performing arts companies pulled back ahead in 2009-2010) before the change took hold for good in 2011 -- the earlier blip is registered separately (bea_first_crossover_year_tx) so the paper does not overstate the 2007 date as the durable change.",state,NBeaCrossoverYearTx
bea_first_crossover_year_tx,2007,"2007 (temporary, reversed)","first year, calendar -- NOT the lasting crossover, see bea_crossover_year_tx",01_evidence/03_creative_economy_bea/tidy/acpsa_state_industry_detail_2001_2023.csv,"First year independent-artists VA exceeded performing-arts-companies VA in Texas was 2007, but performing arts companies pulled back ahead for 2009 and 2010 before independent artists retook and held the lead from 2011 onward. Registered so the earlier date is not mistaken for the durable change.",state,NBeaFirstCrossoverYearTx
bea_gdp_share_correction_tx_not_lowest,2,"rank 2 of 8 (1=lowest), not lowest",correction to 01_evidence/03_creative_economy_bea/_findings.md bullet 2,01_evidence/03_creative_economy_bea/tidy/acpsa_state_totals_long_2001_2023.csv,"The evidence memo’s bullet 2 headline sentence says Texas has the lowest arts/culture value-added share of state GDP among the 8 benchmark states; its own supporting numbers, quoted in the same bullet, list Louisiana (2.1%) below Texas (2.5%). Direct inspection of the tidy CSV here confirms the supporting numbers: Louisiana is lowest of the 8 at 2.1%, Texas is 2nd-lowest at 2.5% (rank 2 of 8, 1=lowest). Fixed in this module’s figure and registry; the source memo’s headline sentence should be corrected.",state,NBeaGdpShareCorrectionTxNotLowest
bea_gdp_share_la_2023,2.1,2.1%,"percent of state GDP, arts/culture value added, 2023",01_evidence/03_creative_economy_bea/tidy/acpsa_state_totals_long_2001_2023.csv,"Louisiana arts and cultural production value added as a share of state GDP, 2023 -- the lowest of the 8 benchmark states, below Texas.",state,NBeaGdpShareLaTwoZeroTwoThree
bea_gdp_share_tx_2023,2.5,2.5%,"percent of state GDP, arts/culture value added, 2023",01_evidence/03_creative_economy_bea/tidy/acpsa_state_totals_long_2001_2023.csv,"Texas arts and cultural production value added as a share of Texas state GDP, 2023, BEA ACPSA. Among the 8 benchmark states (CA, FL, GA, LA, NY, TN, TX, WA) Texas ranks 2 of 8, 1=lowest -- 2nd-lowest, not lowest.",state,NBeaGdpShareTxTwoZeroTwoThree
bea_gdp_share_tx_national_rank,36,36th of 51 (50 states + DC),"national rank, arts/culture value-added share of state GDP, 2023 -- NOT independently re-derived here",01_evidence/03_creative_economy_bea/_findings.md,"Texas ranks 36th of 51 (50 states + DC) nationally on arts/culture value-added share of state GDP, 2023, per the evidence memo’s reading of the full BEA ACPSA release. This project’s own tidy CSV extract (acpsa_state_totals_long_2001_2023.csv) contains only the 8 benchmark states plus the US average, so this 36th-of-51 figure is cited from the evidence memo, not independently recomputed from a file in this project. It is a different and weaker claim than the rank 2 of 8 benchmark states figure above -- keep the two separate and always name which comparison set a given rank refers to.",state,NBeaGdpShareTxNationalRank
bea_gdp_share_us_avg_2023,4.2,4.2%,"percent of GDP, US total, 2023",01_evidence/03_creative_economy_bea/tidy/acpsa_state_totals_long_2001_2023.csv,"US arts/culture value added as a share of US GDP, 2023. Reference line on fig17 panel A; the United States row is the national average, not a 9th benchmark state, and is excluded from the 8-state bar count and from the rank8 calculation above.",state,NBeaGdpShareUsAvgTwoZeroTwoThree
bea_indep_artists_va_tx_2023,1642.8,$1642.8M,"2023 nominal dollars, millions",01_evidence/03_creative_economy_bea/tidy/acpsa_state_industry_detail_2001_2023.csv,"Texas independent-artists-writers-and-performers value added, 2023, BEA ACPSA, nominal dollars (this is a same-year level comparison against performing arts companies below, so no deflation is applied here).",state,NBeaIndepArtistsVaTxTwoZeroTwoThree
bea_indep_vs_performing_gap_tx_2023,767.1,$767.1M,"2023 nominal dollars, millions, gap",01_evidence/03_creative_economy_bea/tidy/acpsa_state_industry_detail_2001_2023.csv,"2023 gap between Texas independent-artist value added and performing-arts-company value added (independent minus performing), nominal dollars, same-year comparison so no deflation applies.",state,NBeaIndepVsPerformingGapTxTwoZeroTwoThree
bea_performing_arts_va_tx_2023,875.7,$875.7M,"2023 nominal dollars, millions",01_evidence/03_creative_economy_bea/tidy/acpsa_state_industry_detail_2001_2023.csv,"Texas performing-arts-companies value added, 2023, BEA ACPSA, nominal dollars.",state,NBeaPerformingArtsVaTxTwoZeroTwoThree
citycensus_austin_no_data,1,no data since 2013,"data gap, methodological finding",01_evidence/05_music_census_pay_surveys/austin_music_census_2014_vs_2022_extracted_numbers.md,"Austin’s own 2022 Greater Austin Music Census removed the income-quantification questions the 2014 census had used, on the stated advice of its community engagement partners (the census Summary Report says these questions turned off many respondents). No Austin figure comparable to the other 15 cities’ 2023-2026 self-reported averages exists; the last Austin dollar figure is the 2014 census, measuring calendar-2013 income, reported as a distribution (68.4% earned under $10,000 from music) rather than an average or median. Shown in fig21 as an explicit gap, not a bar.",state,NCitycensusAustinNoData
citycensus_income_anchorage,15000,"$15,000","self-selected survey AVERAGE (not median), music-related annual income",01_evidence/05_music_census_pay_surveys/national_and_benchmark_surveys.md,"Anchorage Sound Music Cities-style music census, 2024. Self-selected online survey average music-related income, NOT a median and not comparable to this report's ACS PUMS median-earnings figures for Austin/Texas musicians used elsewhere. Verified against national_and_benchmark_surveys.md SS6c before use.",state,NCitycensusIncomeAnchorage
citycensus_income_baltimore,35000,"$35,000","self-selected survey AVERAGE (not median), music-related annual income",01_evidence/05_music_census_pay_surveys/national_and_benchmark_surveys.md,"Baltimore Sound Music Cities-style music census, 2024. Self-selected online survey average music-related income, NOT a median and not comparable to this report's ACS PUMS median-earnings figures for Austin/Texas musicians used elsewhere. Verified against national_and_benchmark_surveys.md SS6c before use.",state,NCitycensusIncomeBaltimore
citycensus_income_baton_rouge,25000,"$25,000","self-selected survey AVERAGE (not median), music-related annual income",01_evidence/05_music_census_pay_surveys/national_and_benchmark_surveys.md,"Baton Rouge Sound Music Cities-style music census, 2025. Self-selected online survey average music-related income, NOT a median and not comparable to this report's ACS PUMS median-earnings figures for Austin/Texas musicians used elsewhere. Verified against national_and_benchmark_surveys.md SS6c before use.",state,NCitycensusIncomeBatonRouge
citycensus_income_charlotte,29000,"$29,000","self-selected survey AVERAGE (not median), music-related annual income",01_evidence/05_music_census_pay_surveys/national_and_benchmark_surveys.md,"Charlotte Sound Music Cities-style music census, 2025. Self-selected online survey average music-related income, NOT a median and not comparable to this report's ACS PUMS median-earnings figures for Austin/Texas musicians used elsewhere. Verified against national_and_benchmark_surveys.md SS6c before use.",state,NCitycensusIncomeCharlotte
citycensus_income_cleveland,21000,"$21,000","self-selected survey AVERAGE (not median), music-related annual income",01_evidence/05_music_census_pay_surveys/national_and_benchmark_surveys.md,"Cleveland Sound Music Cities-style music census, 2023. Self-selected online survey average music-related income, NOT a median and not comparable to this report's ACS PUMS median-earnings figures for Austin/Texas musicians used elsewhere. Verified against national_and_benchmark_surveys.md SS6c before use.",state,NCitycensusIncomeCleveland
citycensus_income_columbus,19390,"$19,390","self-selected survey AVERAGE (not median), music-related annual income",01_evidence/05_music_census_pay_surveys/national_and_benchmark_surveys.md,"Columbus Sound Music Cities-style music census, 2023. Self-selected online survey average music-related income, NOT a median and not comparable to this report's ACS PUMS median-earnings figures for Austin/Texas musicians used elsewhere. Verified against national_and_benchmark_surveys.md SS6c before use.",state,NCitycensusIncomeColumbus
citycensus_income_detroit,20000,"$20,000","self-selected survey AVERAGE (not median), music-related annual income",01_evidence/05_music_census_pay_surveys/national_and_benchmark_surveys.md,"Detroit Sound Music Cities-style music census, 2026. Self-selected online survey average music-related income, NOT a median and not comparable to this report's ACS PUMS median-earnings figures for Austin/Texas musicians used elsewhere. Verified against national_and_benchmark_surveys.md SS6c before use.",state,NCitycensusIncomeDetroit
citycensus_income_greensboro,18000,"$18,000","self-selected survey AVERAGE (not median), music-related annual income",01_evidence/05_music_census_pay_surveys/national_and_benchmark_surveys.md,"Greensboro Sound Music Cities-style music census, 2024. Self-selected online survey average music-related income, NOT a median and not comparable to this report's ACS PUMS median-earnings figures for Austin/Texas musicians used elsewhere. Verified against national_and_benchmark_surveys.md SS6c before use.",state,NCitycensusIncomeGreensboro
citycensus_income_lawrence,16000,"$16,000","self-selected survey AVERAGE (not median), music-related annual income",01_evidence/05_music_census_pay_surveys/national_and_benchmark_surveys.md,"Lawrence Sound Music Cities-style music census, 2024. Self-selected online survey average music-related income, NOT a median and not comparable to this report's ACS PUMS median-earnings figures for Austin/Texas musicians used elsewhere. Verified against national_and_benchmark_surveys.md SS6c before use.",state,NCitycensusIncomeLawrence
citycensus_income_minneapolis,28000,"$28,000","self-selected survey AVERAGE (not median), music-related annual income",01_evidence/05_music_census_pay_surveys/national_and_benchmark_surveys.md,"Minneapolis Sound Music Cities-style music census, 2024. Self-selected online survey average music-related income, NOT a median and not comparable to this report's ACS PUMS median-earnings figures for Austin/Texas musicians used elsewhere. Verified against national_and_benchmark_surveys.md SS6c before use.",state,NCitycensusIncomeMinneapolis
citycensus_income_nashville,52000,"$52,000","self-selected survey AVERAGE (not median), music-related annual income",01_evidence/05_music_census_pay_surveys/national_and_benchmark_surveys.md,"Nashville Sound Music Cities-style music census, 2024. Self-selected online survey average music-related income, NOT a median and not comparable to this report's ACS PUMS median-earnings figures for Austin/Texas musicians used elsewhere. Verified against national_and_benchmark_surveys.md SS6c before use.",state,NCitycensusIncomeNashville
citycensus_income_new_orleans,23000,"$23,000","self-selected survey AVERAGE (not median), music-related annual income",01_evidence/05_music_census_pay_surveys/national_and_benchmark_surveys.md,"New Orleans Sound Music Cities-style music census, 2024. Self-selected online survey average music-related income, NOT a median and not comparable to this report's ACS PUMS median-earnings figures for Austin/Texas musicians used elsewhere. Verified against national_and_benchmark_surveys.md SS6c before use.",state,NCitycensusIncomeNewOrleans
citycensus_income_nwarkansas,26000,"$26,000","self-selected survey AVERAGE (not median), music-related annual income",01_evidence/05_music_census_pay_surveys/national_and_benchmark_surveys.md,"NW Arkansas Sound Music Cities-style music census, 2024. Self-selected online survey average music-related income, NOT a median and not comparable to this report's ACS PUMS median-earnings figures for Austin/Texas musicians used elsewhere. Verified against national_and_benchmark_surveys.md SS6c before use.",state,NCitycensusIncomeNwarkansas
citycensus_income_tulsa,18000,"$18,000","self-selected survey AVERAGE (not median), music-related annual income",01_evidence/05_music_census_pay_surveys/national_and_benchmark_surveys.md,"Tulsa Sound Music Cities-style music census, 2024. Self-selected online survey average music-related income, NOT a median and not comparable to this report's ACS PUMS median-earnings figures for Austin/Texas musicians used elsewhere. Verified against national_and_benchmark_surveys.md SS6c before use.",state,NCitycensusIncomeTulsa
citycensus_income_washington_dc,23000,"$23,000","self-selected survey AVERAGE (not median), music-related annual income",01_evidence/05_music_census_pay_surveys/national_and_benchmark_surveys.md,"Washington DC Sound Music Cities-style music census, 2024. Self-selected online survey average music-related income, NOT a median and not comparable to this report's ACS PUMS median-earnings figures for Austin/Texas musicians used elsewhere. Verified against national_and_benchmark_surveys.md SS6c before use.",state,NCitycensusIncomeWashingtonDc
fig16_nominal_year_methodology,1,see note,methodological note,01_evidence/06_state_policy_benchmark/_findings.md,"fig16 nominal-year assignments, all deflated to 2025 real dollars via this project’s shared CPI-U lookup: Texas TMIR authorized+disbursed, nominal 2025 (FY2026 award year treated as coincident with the 2025 base year). Georgia cap, nominal 2022 (last year the flat $15M/yr cap was in effect before the credit expired); disbursed is a real $0 in any year. Louisiana’s 2 combined credits (Sound Recording Investor + Musical & Theatrical Production), both authorized and disbursed, nominal 2025 (FYE 6/2025, current law before both credits closed to new applications 6/30/2025). New York NYC Musical & Theatrical (sec 24-c): this credit uses an escalating multi-year LIFETIME aggregate cap ($100M to $550M since Aug 2022), not a flat annual cap like the other 4 states, so the authorized figure here is this module’s own proxy -- the most recent one-year increase to that cap ($400M to $550M, enacted in the FY2027 budget, May 2026, versus the FY2026 budget, May 2025 -- one year apart), nominal 2025. New York disbursed is the evidence memo’s own annualized actual ($308M awarded Aug 2022-Feb 2026, 3.5 years, ~$88M/yr), nominal year approximated as 2024, the rough midpoint of that window. Tennessee budget line 330.17 (film+TV+music-scoring combined, no music-only breakout exists): authorized = FY2025-26 estimated appropriation, nominal 2025; disbursed = FY2024-25 actual, nominal 2024. NASAA baseline figures are FY2026 nominal, treated as approximately 2025-real given proximity to the base year, consistent with the Texas TMIR treatment. New York’s authorized figure and the Tennessee bars (not music-specific) should be read with more caution than Texas, Georgia, and Louisiana’s cleaner flat-annual-cap figures.",state,NFigOneSixNominalYearMethodology
ga_credit_zero_disbursed_note,1,statutory cap is not a measure of support,methodological/analytical point,01_evidence/06_state_policy_benchmark/peer_GA/GA_DOAA_Musical_Tax_Credit_eval.txt,"Georgia Musical Tax Credit (O.C.G.A. sec 48-7-40.33): $15,000,000/year statutory cap, in effect 2018-2022 (expired Jan 1 2023). Georgia Department of Audits and Accounts evaluation states, verbatim, that throughout the credit’s active period no tax credits were awarded; six applications were received, none approved (all lacked GDEcD pre-certification). Disbursed = $0 in every year of the program’s life. Verified directly against the source PDF text in this session, not taken on the evidence memo’s word alone.",state,NGaCreditZeroDisbursedNote
music_authorized_percapita_georgia,1.46,$1.46,"2025 real dollars per capita, primary music-specific program",01_evidence/06_state_policy_benchmark/_findings.md,"Georgia: statutory cap or ongoing dedication for its primary music-specific incentive, deflated to 2025 dollars and divided by Vintage-2025 population. See fig16 caption/registry for the specific program and nominal-year assumption used for Georgia.",state,NMusicAuthorizedPercapitaGeorgia
music_authorized_percapita_louisiana,2.63,$2.63,"2025 real dollars per capita, primary music-specific program",01_evidence/06_state_policy_benchmark/_findings.md,"Louisiana: statutory cap or ongoing dedication for its primary music-specific incentive, deflated to 2025 dollars and divided by Vintage-2025 population. See fig16 caption/registry for the specific program and nominal-year assumption used for Louisiana.",state,NMusicAuthorizedPercapitaLouisiana
music_authorized_percapita_newyork,7.5,$7.50,"2025 real dollars per capita, primary music-specific program",01_evidence/06_state_policy_benchmark/_findings.md,"New York: statutory cap or ongoing dedication for its primary music-specific incentive, deflated to 2025 dollars and divided by Vintage-2025 population. See fig16 caption/registry for the specific program and nominal-year assumption used for New York.",state,NMusicAuthorizedPercapitaNewyork
music_authorized_percapita_tennessee,1.46,$1.46,"2025 real dollars per capita, primary music-specific program",01_evidence/06_state_policy_benchmark/_findings.md,"Tennessee: statutory cap or ongoing dedication for its primary music-specific incentive, deflated to 2025 dollars and divided by Vintage-2025 population. See fig16 caption/registry for the specific program and nominal-year assumption used for Tennessee.",state,NMusicAuthorizedPercapitaTennessee
music_authorized_percapita_texas,.32,$0.32,"2025 real dollars per capita, primary music-specific program",01_evidence/06_state_policy_benchmark/_findings.md,"Texas: statutory cap or ongoing dedication for its primary music-specific incentive, deflated to 2025 dollars and divided by Vintage-2025 population. See fig16 caption/registry for the specific program and nominal-year assumption used for Texas.",state,NMusicAuthorizedPercapitaTexas
music_disbursed_percapita_georgia,0,$0.00,"2025 real dollars per capita, primary music-specific program",01_evidence/06_state_policy_benchmark/_findings.md,"Georgia: actual disbursed/claimed/awarded amount for its primary music-specific incentive, deflated to 2025 dollars and divided by Vintage-2025 population.",state,NMusicDisbursedPercapitaGeorgia
music_disbursed_percapita_louisiana,.48,$0.48,"2025 real dollars per capita, primary music-specific program",01_evidence/06_state_policy_benchmark/_findings.md,"Louisiana: actual disbursed/claimed/awarded amount for its primary music-specific incentive, deflated to 2025 dollars and divided by Vintage-2025 population.",state,NMusicDisbursedPercapitaLouisiana
music_disbursed_percapita_newyork,4.52,$4.52,"2025 real dollars per capita, primary music-specific program",01_evidence/06_state_policy_benchmark/_findings.md,"New York: actual disbursed/claimed/awarded amount for its primary music-specific incentive, deflated to 2025 dollars and divided by Vintage-2025 population.",state,NMusicDisbursedPercapitaNewyork
music_disbursed_percapita_tennessee,1.07,$1.07,"2025 real dollars per capita, primary music-specific program",01_evidence/06_state_policy_benchmark/_findings.md,"Tennessee: actual disbursed/claimed/awarded amount for its primary music-specific incentive, deflated to 2025 dollars and divided by Vintage-2025 population.",state,NMusicDisbursedPercapitaTennessee
music_disbursed_percapita_texas,.32,$0.32,"2025 real dollars per capita, primary music-specific program",01_evidence/06_state_policy_benchmark/_findings.md,"Texas: actual disbursed/claimed/awarded amount for its primary music-specific incentive, deflated to 2025 dollars and divided by Vintage-2025 population.",state,NMusicDisbursedPercapitaTexas
nasaa_baseline_percapita_georgia,.1400000005960464,$0.14,"FY2026 nominal dollars per capita, state arts agency (general arts, NOT music-specific)",01_evidence/03_creative_economy_bea/tidy/nasaa_fy2026_table6_per_capita_spending.csv,"Georgia state arts agency legislative appropriation including line items, FY2026, per capita (NASAA Table 6). This is a GENERAL arts baseline, not a music-specific figure -- it excludes Texas’s TMIR, Louisiana’s and Tennessee’s music-adjacent economic-development incentives entirely, because those sit outside the state arts agency in all three states.",state,NNasaaBaselinePercapitaGeorgia
nasaa_baseline_percapita_louisiana,.449999988079071,$0.45,"FY2026 nominal dollars per capita, state arts agency (general arts, NOT music-specific)",01_evidence/03_creative_economy_bea/tidy/nasaa_fy2026_table6_per_capita_spending.csv,"Louisiana state arts agency legislative appropriation including line items, FY2026, per capita (NASAA Table 6). This is a GENERAL arts baseline, not a music-specific figure -- it excludes Texas’s TMIR, Louisiana’s and Tennessee’s music-adjacent economic-development incentives entirely, because those sit outside the state arts agency in all three states.",state,NNasaaBaselinePercapitaLouisiana
nasaa_baseline_percapita_newyork,4.139999866485596,$4.14,"FY2026 nominal dollars per capita, state arts agency (general arts, NOT music-specific)",01_evidence/03_creative_economy_bea/tidy/nasaa_fy2026_table6_per_capita_spending.csv,"New York state arts agency legislative appropriation including line items, FY2026, per capita (NASAA Table 6). This is a GENERAL arts baseline, not a music-specific figure -- it excludes Texas’s TMIR, Louisiana’s and Tennessee’s music-adjacent economic-development incentives entirely, because those sit outside the state arts agency in all three states.",state,NNasaaBaselinePercapitaNewyork
nasaa_baseline_percapita_tennessee,2.269999980926514,$2.27,"FY2026 nominal dollars per capita, state arts agency (general arts, NOT music-specific)",01_evidence/03_creative_economy_bea/tidy/nasaa_fy2026_table6_per_capita_spending.csv,"Tennessee state arts agency legislative appropriation including line items, FY2026, per capita (NASAA Table 6). This is a GENERAL arts baseline, not a music-specific figure -- it excludes Texas’s TMIR, Louisiana’s and Tennessee’s music-adjacent economic-development incentives entirely, because those sit outside the state arts agency in all three states.",state,NNasaaBaselinePercapitaTennessee
nasaa_baseline_percapita_texas,.5799999833106995,$0.58,"FY2026 nominal dollars per capita, state arts agency (general arts, NOT music-specific)",01_evidence/03_creative_economy_bea/tidy/nasaa_fy2026_table6_per_capita_spending.csv,"Texas state arts agency legislative appropriation including line items, FY2026, per capita (NASAA Table 6). This is a GENERAL arts baseline, not a music-specific figure -- it excludes Texas’s TMIR, Louisiana’s and Tennessee’s music-adjacent economic-development incentives entirely, because those sit outside the state arts agency in all three states.",state,NNasaaBaselinePercapitaTexas
percapita_pop_2025_georgia,11302748,"11,302,748","residents, Census Vintage 2025, July 1 2025",01_evidence/06_state_policy_benchmark/trackers/Census_NST-EST2025-ALLDATA.csv,"Georgia resident population, Census Bureau Vintage 2025 state estimate, July 1, 2025 (SUMLEV 040). Used as the single population denominator for both the authorized and disbursed bars for Georgia in fig16.",state,NPercapitaPopTwoZeroTwoFiveGeorgia
percapita_pop_2025_louisiana,4618189,"4,618,189","residents, Census Vintage 2025, July 1 2025",01_evidence/06_state_policy_benchmark/trackers/Census_NST-EST2025-ALLDATA.csv,"Louisiana resident population, Census Bureau Vintage 2025 state estimate, July 1, 2025 (SUMLEV 040). Used as the single population denominator for both the authorized and disbursed bars for Louisiana in fig16.",state,NPercapitaPopTwoZeroTwoFiveLouisiana
percapita_pop_2025_newyork,20002427,"20,002,427","residents, Census Vintage 2025, July 1 2025",01_evidence/06_state_policy_benchmark/trackers/Census_NST-EST2025-ALLDATA.csv,"New York resident population, Census Bureau Vintage 2025 state estimate, July 1, 2025 (SUMLEV 040). Used as the single population denominator for both the authorized and disbursed bars for New York in fig16.",state,NPercapitaPopTwoZeroTwoFiveNewyork
percapita_pop_2025_tennessee,7315076,"7,315,076","residents, Census Vintage 2025, July 1 2025",01_evidence/06_state_policy_benchmark/trackers/Census_NST-EST2025-ALLDATA.csv,"Tennessee resident population, Census Bureau Vintage 2025 state estimate, July 1, 2025 (SUMLEV 040). Used as the single population denominator for both the authorized and disbursed bars for Tennessee in fig16.",state,NPercapitaPopTwoZeroTwoFiveTennessee
percapita_pop_2025_texas,31709821,"31,709,821","residents, Census Vintage 2025, July 1 2025",01_evidence/06_state_policy_benchmark/trackers/Census_NST-EST2025-ALLDATA.csv,"Texas resident population, Census Bureau Vintage 2025 state estimate, July 1, 2025 (SUMLEV 040). Used as the single population denominator for both the authorized and disbursed bars for Texas in fig16.",state,NPercapitaPopTwoZeroTwoFiveTexas
svog_austin_cap_hits,5,5 of 152 recipients,"count at/above the $10,000,000 per-entity cap",01_evidence/07_svog_federal_relief/svog_awards_AUSTIN_AREA.csv,"Number of Austin-area SVOG recipients whose total award is at or above the program’s $10,000,000 per-entity cap: Alamo South Lamar LP, Circuit of the Americas LLC dba Germania Insurance Amphitheater, Flix Entertainment LLC (Round Rock), The University of Texas at Austin, and Messina Touring Group LLC.",state,NSvogAustinCapHits
svog_austin_top10_share,38.8,38.8%,"percent of Austin-area SVOG dollars, top 10 of 152 recipients",01_evidence/07_svog_federal_relief/svog_awards_AUSTIN_AREA.csv,Share of all Austin-area SVOG dollars captured by the 10 largest of 152 Austin-area recipients.,state,NSvogAustinTopOneZeroShare
svog_austin_total,238413446.109375,$238.4 million,"nominal dollars, 152 recipients",01_evidence/07_svog_federal_relief/svog_awards_AUSTIN_AREA.csv,"Total SVOG awards to Austin-area recipients (Austin, Round Rock, San Marcos, Pflugerville, and other nearby places -- see _sources.md's city list), 152 recipients, about 20.4% of the Texas total.",state,NSvogAustinTotal
svog_dfw_area_total,415035545.7288818,$415.0 million,"nominal dollars, 206 recipients, hand-built city list",01_evidence/07_svog_federal_relief/svog_awards_TEXAS.csv,"Dallas-Fort Worth-area SVOG total, this module’s own hand-built 49-place city list matched against svog_awards_TEXAS.csv, case/whitespace-normalized. Not an official MSA total.",state,NSvogDfwAreaTotal
svog_houston_area_total,224804999.027832,$224.8 million,"nominal dollars, 141 recipients, hand-built city list",01_evidence/07_svog_federal_relief/svog_awards_TEXAS.csv,"Houston-area SVOG total, this module’s own hand-built 29-place city list matched against svog_awards_TEXAS.csv, case/whitespace-normalized. Not an official MSA total.",state,NSvogHoustonAreaTotal
svog_metro_method_note,1,"hand-built city-name list, not official MSA boundaries",methodological note,01_evidence/07_svog_federal_relief/_sources.md,"Austin-area figure uses the evidence folder's own pre-built 26-place city list (svog_awards_AUSTIN_AREA.csv). Houston-area (141 recipients) and Dallas-Fort Worth-area (206 recipients) figures were built in this module from svog_awards_TEXAS.csv using this module's own hand-built city-name lists (29 and 49 place names respectively; full lists are in this do-file's SECTION 4 source), matched on a case/whitespace-normalized city field. Nashville (114 recipients) and San Antonio (48 recipients) use a single-city, case-normalized match against the full national SVOG file, following the same convention the evidence folder used for those two cities. None of the four metro figures corresponds to an official Census CBSA/MSA boundary; treat all four as approximate, directional comparisons, not authoritative metro totals, and expect them to differ somewhat from any other hand-built city list covering the same metro.",state,NSvogMetroMethodNote
svog_nashville_total,159856094.1191406,$159.9 million,"nominal dollars, 114 recipients, city of Nashville only",03_analysis/data/external/SVOG_awards_full_national.dta,"Nashville, TN city only (Nashville-Davidson is a consolidated city-county government, so this captures nearly all of Davidson County but excludes MSA suburbs like Franklin and Murfreesboro -- the true Nashville-MSA total would be higher). Not an official MSA total.",state,NSvogNashvilleTotal
svog_san_antonio_total_bonus,70428349.45141602,$70.4 million,"nominal dollars, 48 recipients, city of San Antonio only, bonus context (not one of the 3 required comparators)",01_evidence/07_svog_federal_relief/svog_awards_TEXAS.csv,"San Antonio city-only SVOG total, provided as bonus context alongside the Houston/Dallas-Fort Worth/Nashville comparators the tasking required; not plotted on fig18.",state,NSvogSanAntonioTotalBonus
svog_tx_cap_hits,30,30 of 758 recipients,"count at/above the $10,000,000 per-entity cap",01_evidence/07_svog_federal_relief/svog_awards_TEXAS.csv,"Number of Texas SVOG recipients whose total award is at or above the program’s $10,000,000 per-entity cap.",state,NSvogTxCapHits
svog_tx_top10_share,8.6,8.6%,"percent of Texas SVOG dollars, top 10 of 758 recipients",01_evidence/07_svog_federal_relief/svog_awards_TEXAS.csv,Share of all Texas SVOG dollars captured by the 10 largest of 758 Texas recipients.,state,NSvogTxTopOneZeroShare
svog_tx_total,1167322216.348267,$1.17 billion,"nominal dollars, 758 recipients",01_evidence/07_svog_federal_relief/svog_awards_TEXAS.csv,"Total SVOG awards to Texas recipients, SBA awards-as-of-7-5-22 file, 758 recipients. Shown for context; not plotted on fig18's metro-comparison bars because it is a whole-state total, not a metro figure, and dwarfs all four metro bars on the same axis.",state,NSvogTxTotal
tx_film_incentive_biennium,300000000,$300.0 million,"2026-27 biennium, nominal",01_evidence/06_state_policy_benchmark/_findings.md,"Texas moving image industry incentive fund, SB 22, 89th Legislature (2025), Tax Code sec 151.801(g): comptroller deposits $300,000,000 per biennium, sunsets September 1, 2035. Same Gov’t Code ch. 485 office as the music rebate (Music, Film, Television, and Multimedia Office); ratio to TMIR is 14.9 to 1.",state,NTxFilmIncentiveBiennium
tx_film_music_ratio,14.9,14.9 to 1,"ratio, both same 2026-27 biennium, nominal",01_evidence/06_state_policy_benchmark/_findings.md,"Texas moving-image incentive ($300.0M/biennium) against the music rebate ($20.2M/biennium), both dedicated by the 89th/88th Legislatures for the 2026-27 biennium and administered by the same office (Gov’t Code ch. 485). Same nominal year on both sides of this ratio, so no CPI deflation applies -- recorded here so the omission reads as deliberate, not forgotten (CONVENTIONS.md section 3).",state,NTxFilmMusicRatio
tx_film_workforce_pilot_onetime,30000000,"$30.0 million, one-time","FY2026 only, nominal -- NOT a per-biennium recurring dedication like the other two lines",01_evidence/06_state_policy_benchmark/_findings.md,"Higher Education Film Workforce Pilot Program, Rider 45 of the 2026-27 GAA, verbatim: $30,000,000 General Revenue in fiscal year 2026 to eligible general academic teaching institutions, film/media workforce only, no music counterpart, funds may not be spent for any other purpose. Funded once for FY2026, not a recurring per-biennium amount like TMIR or the moving-image fund -- shown for context, never summed with the other two bars as if all three were on the same time basis.",state,NTxFilmWorkforcePilotOnetime
tx_music_tmir_biennium,20200000,$20.2 million,"2026-27 biennium, nominal",01_evidence/06_state_policy_benchmark/_findings.md,"Texas Music Incubator Rebate: $10,100,000/year statutory dedication (Tax Code sec 183.023(c) $10,000,000 + sec 151.801(f) $100,000), SB 609, 87th Legislature (2021), funded starting the 2024-25 biennium. $20,200,000 for the 2026-27 biennium (Rider 39/40 of the 2024-25 and 2026-27 GAAs). Ongoing statutory dedication, not a one-time appropriation.",state,NTxMusicTmirBiennium
venue_balanced_n,63,63 venues,count,01_evidence/08_venues_ecosystem/venue_monthly_receipts_long.csv,"Venues with positive receipts in both 2019 and 2025; denominator for the balanced-panel change. Of these, 37 are core live-music rooms.",venues,NVenueBalancedN
venue_balanced_pct_2019_2025,-16.18912495827175,-16.2%,"percent change, real",01_evidence/08_venues_ecosystem/venue_monthly_receipts_long.csv,"Balanced panel of 63 venues filing in both 2019 and 2025, real receipts. Nominal mixed-beverage receipts deflated with CPI-U annual averages to 2025 dollars via out/cpi_annual.dta; the 2025 average uses an interpolated October 2025 (cpi_imputed = 1) because BLS did not publish that month. Ten festival concession venue-months are excluded from every venue-level series; they stay in the citywide market total, where the money is real Austin licensed-beverage activity and only its venue label is wrong.",venues,NVenueBalancedPctTwoZeroOneNineTwoZeroTwoFive
venue_citywide_pct_2019_2025,2.795321807457452,+2.8%,"percent change, real","03_analysis/data/external/TX_MB_receipts_travis_austin.dta (Comptroller naix-2893, retrieved 2026-08-02)","All Travis/Austin mixed-beverage permittees, real receipts 2019 to 2025. This is the market comparison for the panel decline. Nominal mixed-beverage receipts deflated with CPI-U annual averages to 2025 dollars via out/cpi_annual.dta; the 2025 average uses an interpolated October 2025 (cpi_imputed = 1) because BLS did not publish that month. Ten festival concession venue-months are excluded from every venue-level series; they stay in the citywide market total, where the money is real Austin licensed-beverage activity and only its venue label is wrong.",venues,NVenueCitywidePctTwoZeroOneNineTwoZeroTwoFive
venue_citywide_permits_2019,1250,"1,250",count of permit locations,"03_analysis/data/external/TX_MB_receipts_travis_austin.dta (Comptroller naix-2893, retrieved 2026-08-02)","Distinct mixed-beverage permit locations reporting any receipts during calendar 2019, Travis County or City of Austin. A distinct-locations-per-year count, so it runs above the average monthly count of active permits.",venues,NVenueCitywidePermitsTwoZeroOneNine
venue_citywide_permits_2025,1631,"1,631",count of permit locations,"03_analysis/data/external/TX_MB_receipts_travis_austin.dta (Comptroller naix-2893, retrieved 2026-08-02)","Distinct mixed-beverage permit locations reporting any receipts during calendar 2025, Travis County or City of Austin.",venues,NVenueCitywidePermitsTwoZeroTwoFive
venue_citywide_permits_pct_2019_2025,30.48,+30.5%,percent change,"03_analysis/data/external/TX_MB_receipts_travis_austin.dta (Comptroller naix-2893, retrieved 2026-08-02)","Growth in the count of active mixed-beverage permit locations, 2019 to 2025. Austin kept adding licensed rooms while the tracked music rooms contracted.",venues,NVenueCitywidePermitsPctTwoZeroOneNineTwoZeroTwoFive
venue_citywide_real_2019,1182797658.124354,"$1,183M",millions of 2025 dollars,"03_analysis/data/external/TX_MB_receipts_travis_austin.dta (Comptroller naix-2893, retrieved 2026-08-02)","All mixed-beverage permit locations in Travis County or the City of Austin, calendar 2019. Nominal mixed-beverage receipts deflated with CPI-U annual averages to 2025 dollars via out/cpi_annual.dta; the 2025 average uses an interpolated October 2025 (cpi_imputed = 1) because BLS did not publish that month. Ten festival concession venue-months are excluded from every venue-level series; they stay in the citywide market total, where the money is real Austin licensed-beverage activity and only its venue label is wrong.",venues,NVenueCitywideRealTwoZeroOneNine
venue_citywide_real_2025,1215860659,"$1,216M",millions of 2025 dollars,"03_analysis/data/external/TX_MB_receipts_travis_austin.dta (Comptroller naix-2893, retrieved 2026-08-02)","All mixed-beverage permit locations in Travis County or the City of Austin, calendar 2025. Nominal mixed-beverage receipts deflated with CPI-U annual averages to 2025 dollars via out/cpi_annual.dta; the 2025 average uses an interpolated October 2025 (cpi_imputed = 1) because BLS did not publish that month. Ten festival concession venue-months are excluded from every venue-level series; they stay in the citywide market total, where the money is real Austin licensed-beverage activity and only its venue label is wrong.",venues,NVenueCitywideRealTwoZeroTwoFive
venue_closure_crossval_continue,11,11 of 36,count,01_evidence/08_venues_ecosystem/closure_crossvalidation.csv,"Reported closures where the permit kept filing receipts past the reported closure year (10 agree with the receipts record, 15 never appear in the mixed-beverage file). A venue-level closure date marks the death of a programming operation, which can precede the death of the business by years.",venues,NVenueClosureCrossvalContinue
venue_closures_covid,13,13 of 36,count,01_evidence/08_venues_ecosystem/venue_timeline.csv,"Dated closures citing COVID. Journalist-cited, not audited; a venue can have more than one cause and only the primary one is coded.",venues,NVenueClosuresCovid
venue_closures_dated_n,36,36 closures,count,01_evidence/08_venues_ecosystem/venue_timeline.csv,"Rows in the 71-row news timeline coded closed or closed_relocated with a closure year. This is the denominator for every closure-reason share. The timeline is a news-derived record, not a register: roughly 37 venues on the target list have no row, and absence means the research did not find coverage, not that nothing happened.",venues,NVenueClosuresDatedN
venue_closures_no_reason,3,3 of 36,count,01_evidence/08_venues_ecosystem/venue_timeline.csv,Dated closures with no reason category coded.,venues,NVenueClosuresNoReason
venue_closures_property,13,13 of 36,count,01_evidence/08_venues_ecosystem/venue_timeline.csv,"Dated closures citing a property cause: rent increase (4), sale of property (5), redevelopment (2) or lease expiration (2). Property causes together outnumber COVID (13).",venues,NVenueClosuresProperty
venue_core_pct_2019_2025,-18.61636465803408,-18.6%,"percent change, real",01_evidence/08_venues_ecosystem/venue_monthly_receipts_long.csv,"Core live-music tier, real receipts 2019 to 2025. Nominal mixed-beverage receipts deflated with CPI-U annual averages to 2025 dollars via out/cpi_annual.dta; the 2025 average uses an interpolated October 2025 (cpi_imputed = 1) because BLS did not publish that month. Ten festival concession venue-months are excluded from every venue-level series; they stay in the citywide market total, where the money is real Austin licensed-beverage activity and only its venue label is wrong.",venues,NVenueCorePctTwoZeroOneNineTwoZeroTwoFive
venue_core_real_2019,52779702.9703962,$52.8M,millions of 2025 dollars,01_evidence/08_venues_ecosystem/venue_monthly_receipts_long.csv,"Core live-music tier (78 venues classified as primarily live music), calendar 2019. Nominal mixed-beverage receipts deflated with CPI-U annual averages to 2025 dollars via out/cpi_annual.dta; the 2025 average uses an interpolated October 2025 (cpi_imputed = 1) because BLS did not publish that month. Ten festival concession venue-months are excluded from every venue-level series; they stay in the citywide market total, where the money is real Austin licensed-beverage activity and only its venue label is wrong.",venues,NVenueCoreRealTwoZeroOneNine
venue_core_real_2025,42954041,$43.0M,millions of 2025 dollars,01_evidence/08_venues_ecosystem/venue_monthly_receipts_long.csv,"Core live-music tier, calendar 2025. Nominal mixed-beverage receipts deflated with CPI-U annual averages to 2025 dollars via out/cpi_annual.dta; the 2025 average uses an interpolated October 2025 (cpi_imputed = 1) because BLS did not publish that month. Ten festival concession venue-months are excluded from every venue-level series; they stay in the citywide market total, where the money is real Austin licensed-beverage activity and only its venue label is wrong.",venues,NVenueCoreRealTwoZeroTwoFive
venue_cover_charge_unusable,5488,"$5,488 in 2019 vs $2,085,610 in 2024",nominal dollars,01_evidence/08_venues_ecosystem/venue_monthly_receipts_long.csv,"Cover charge reported across the whole panel. The jump is a reporting-compliance change around 2022, not growth in ticketed shows, so cover_charge_receipts is not plotted as a trend anywhere in this report and no ticketing conclusion rests on it.",venues,NVenueCoverChargeUnusable
venue_did_coef,.0025944757383832,0.003,log points,"03_analysis/data/external/TX_MB_receipts_travis_austin.dta (Comptroller naix-2893, retrieved 2026-08-02)","reghdfe lnreal did_core (did_core = post x core tier), absorb(unit_id ym) vce(cluster unit_id). Sample: Travis/Austin mixed-beverage universe, 2013-01 to 2025-12, monthly. post = March 2020 onward. Core live-music rooms' log real receipts relative to the comparison group, after venue and month fixed effects. Approximately 0.3 percent. Descriptive divergence, not a causal policy estimate.",venues,NVenueDidCoef
venue_did_n,171724,171724 unit-months,count,"03_analysis/data/external/TX_MB_receipts_travis_austin.dta (Comptroller naix-2893, retrieved 2026-08-02)",Estimation sample for venue_did_coef; 2595 clusters.,venues,NVenueDidN
venue_did_p,.9729703245568165,0.9730,p-value,"03_analysis/data/external/TX_MB_receipts_travis_austin.dta (Comptroller naix-2893, retrieved 2026-08-02)",Two-sided p-value for venue_did_coef.,venues,NVenueDidP
venue_did_pct,.2597844303151575,0.3%,percent,"03_analysis/data/external/TX_MB_receipts_travis_austin.dta (Comptroller naix-2893, retrieved 2026-08-02)","exp(coefficient) - 1, the proportional gap implied by venue_did_coef. Conditional on a venue trading in the month, because zero-receipt months leave a log specification.",venues,NVenueDidPct
venue_did_se,.0765638646840502,0.077,"log points, clustered SE","03_analysis/data/external/TX_MB_receipts_travis_austin.dta (Comptroller naix-2893, retrieved 2026-08-02)","Standard error on venue_did_coef, clustered by venue or permit location; 2595 clusters, 171724 unit-months.",venues,NVenueDidSe
venue_es_2025_coef,.0945412344124924,0.095,"log points, 2019 base","03_analysis/data/external/TX_MB_receipts_travis_austin.dta (Comptroller naix-2893, retrieved 2026-08-02)","Event-study coefficient on 2025 x core live-music, 2019 omitted. Clustered SE 0.081. Reads as the 2025 gap between core live-music rooms and the rest of the market relative to their 2019 gap.",venues,NVenueEsTwoZeroTwoFiveCoef
venue_exits_2010_2019,20,20 exits,count,01_evidence/08_venues_ecosystem/venue_summary.csv,Venues whose last filing month falls in 2010-2019; 17 of them core live-music rooms.,venues,NVenueExitsTwoZeroOneZeroTwoZeroOneNine
venue_exits_2020_2026,20,20 exits,count,01_evidence/08_venues_ecosystem/venue_summary.csv,Venues whose last filing month falls in 2020-2026 (through 2026-06); 16 of them core live-music rooms.,venues,NVenueExitsTwoZeroTwoZeroTwoZeroTwoSix
venue_exits_2020_2026_core,16,16 of 20,count,01_evidence/08_venues_ecosystem/venue_summary.csv,"Post-2020 exits that are core live-music rooms. Exits split roughly evenly across eras, but the composition shifted: the post-2020 cohort is overwhelmingly live-music rooms rather than adjacent bars.",venues,NVenueExitsTwoZeroTwoZeroTwoZeroTwoSixCore
venue_exits_total,41,41 of 114,count,01_evidence/08_venues_ecosystem/venue_summary.csv,"Panel venues whose permit had stopped filing by 2026-06. Ceasing to file usually means closure but can also mean a permit transfer, an entity restructuring, or a switch to a beer-and-wine permit, so this is 'stopped reporting', not a verified closure count.",venues,NVenueExitsTotal
venue_festival_dollars_excluded,43290954,"$43,290,954",nominal dollars,01_evidence/08_venues_ecosystem/venue_monthly_receipts_long.csv,"Sum of the 10 excluded festival-aggregation venue-months, nominal. Largest single month $12,540,139 at Historic Scoot Inn, Oct 2025, against a Scoot Inn median month of $38,434.",venues,NVenueFestivalDollarsExcluded
venue_festival_rows_excluded,10,10 venue-months,count,01_evidence/08_venues_ecosystem/venue_monthly_receipts_long.csv,"Rows with extreme_outlier_flag = 1 (month exceeds 20x the venue's own median and $500k). Festival concession LLCs permitted at a venue address, almost certainly Austin City Limits bar receipts. Excluded from every receipts figure in this module.",venues,NVenueFestivalRowsExcluded
venue_gain_share_large_rooms,43.39421709375924,43.4%,percent of aggregate dollar gain,01_evidence/08_venues_ecosystem/venue_monthly_receipts_long.csv,"Share of the total real dollar gain among growing balanced-panel venues that accrues to the 3 venues classified large_venue - large ticketed rooms that opened or expanded after 2021 (ACL Live at Moody Theater/3TEN, Moody Amphitheater, The Concourse). Gains are concentrated in these rooms, not in small clubs.",venues,NVenueGainShareLargeRooms
venue_map_geocoded,67,67 of 114,count,01_evidence/08_venues_ecosystem/austin_sound_ordinance_permits_geo_g3rj-dfgm.csv,"Panel venues carrying a coordinate. From the City of Austin geocoded sound-ordinance permit file, matched on a normalised street address (65) then on a normalised venue name (2). Venues never permitted for amplified sound have no coordinate. This coverage is one reason figure 10 is drawn as bars rather than as a point map: fewer than half the panel could be placed and coloured. The coordinates are still used by the Moody Center distance design in 70_quasi_experiments.do. The address field in venue_timeline.csv was not used; the evidence memo flags it as unreliable.",venues,NVenueMapGeocoded
venue_map_offframe,1,1,venues,01_evidence/08_venues_ecosystem/venue_monthly_receipts_long.csv,"Geocoded panel venues falling outside the 2nd-98th percentile box of venue coordinates. Kept as a concentration diagnostic: the middle half of the geocoded venues sit inside about one square kilometre of downtown and Red River, which is why a point map of this panel cannot be read at print size and figure 10 is drawn as bars instead.",venues,NVenueMapOffframe
venue_median_pct_change,-22.41908541045392,-22.4%,"percent change, real, median venue",01_evidence/08_venues_ecosystem/venue_monthly_receipts_long.csv,"Median venue-level real change 2019 to 2025 among the 63 venues filing in both years. Unweighted across venues, so it is not the aggregate change.",venues,NVenueMedianPctChange
venue_median_pct_change_incl_exits,-32.16750589292613,-32.2%,"percent change, real, median venue",01_evidence/08_venues_ecosystem/venue_monthly_receipts_long.csv,"Median venue-level real change 2019 to 2025 across all 79 venues filing in 2019, counting non-filers in 2025 as zero.",venues,NVenueMedianPctChangeInclExits
venue_net_adds_2007_2015,80,+80,net venues,01_evidence/08_venues_ecosystem/venue_summary.csv,"Entries minus exits, 2007-2015. Left-censored: the receipts file begins 2007-01, so the 44 venues already trading then all register as 2007 entries. Excluding 2007 entirely, the 2008-2015 net is +36.",venues,NVenueNetAddsTwoZeroZeroSevenTwoZeroOneFive
venue_net_adds_2016_2026,-7,-7,net venues,01_evidence/08_venues_ecosystem/venue_summary.csv,"Entries minus exits, 2016 through 2026-06. The panel stopped net-adding rooms around 2016. Not left-censored, but right-truncated at 2026-06.",venues,NVenueNetAddsTwoZeroOneSixTwoZeroTwoSix
venue_omv_2025,94,94 permits,count,01_evidence/08_venues_ecosystem/austin_outdoor_music_venue_permits_by_year.csv,Outdoor Music Venue permits issued in calendar 2025. 2026 is partial (Jan-Jul) and is not compared to a full year.,venues,NVenueOmvTwoZeroTwoFive
venue_omv_pct_from_peak,-31.88405797101449,-31.9%,percent change,01_evidence/08_venues_ecosystem/austin_outdoor_music_venue_permits_by_year.csv,"Change in Outdoor Music Venue permits from the 2014/2017 peak to 2025. Permits are issued per venue per year, so this counts permitted outdoor operations, not stages.",venues,NVenueOmvPctFromPeak
venue_omv_peak,138,138 permits,count,01_evidence/08_venues_ecosystem/austin_outdoor_music_venue_permits_by_year.csv,"Peak annual count of City of Austin Outdoor Music Venue permits, reached in both 2014 and 2017. A City administrative series, independent of the Comptroller receipts data, and it moves the same direction.",venues,NVenueOmvPeak
venue_omv_permits_district9_share,74.24684159378036,74.2%,percent of permits,01_evidence/08_venues_ecosystem/austin_sound_ordinance_permits_geo_g3rj-dfgm.csv,"District 9, which covers downtown, Red River and the University area, holds 764 of the 1029 Outdoor Music Venue permits issued 2009-2018. All ten council districts appear in the file, so this share is bounded by the full city. Permits are issued per venue per year, so a long-running room contributes one permit a year; this is not a count of distinct rooms.",venues,NVenueOmvPermitsDistrictNineShare
venue_omv_permits_geo_2009_2018,1029,"1,029 permits",count,01_evidence/08_venues_ecosystem/austin_sound_ordinance_permits_geo_g3rj-dfgm.csv,"Outdoor Music Venue sound permits in the City of Austin geocoded sound-ordinance permit file, calendar 2009 through 2018. Restricted to complete years: the geocoded file holds only 13 rows for 2019 against the 99 the City by-year count reports, so 2019 is a partial extract. For 2009-2018 the two sources agree exactly year by year, which confirms the geocoded extract is the same series as venue_omv_peak.",venues,NVenueOmvPermitsGeoTwoZeroZeroNineTwoZeroOneEight
venue_panel_is_curated,114,114 venues,count,01_evidence/08_venues_ecosystem/venue_match_list.csv,"Curated tracking panel of named Austin live-music rooms, 145 permit entities, not a census. The mixed-beverage file structurally omits beer-and-wine-only rooms (Carousel Lounge, Meanwhile Brewing, Whip In), venues without a separable alcohol permit (Cactus Cafe, Bass Concert Hall, Central Presbyterian) and venues folded into a hotel permit (Geraldine's). The panel over-represents Red River, East Austin and South Congress.",venues,NVenuePanelIsCurated
venue_panel_pct_2019_2025,-7.006432069235357,-7.0%,"percent change, real",01_evidence/08_venues_ecosystem/venue_monthly_receipts_long.csv,"Full 114-venue curated panel, real receipts 2019 to 2025. Nominal mixed-beverage receipts deflated with CPI-U annual averages to 2025 dollars via out/cpi_annual.dta; the 2025 average uses an interpolated October 2025 (cpi_imputed = 1) because BLS did not publish that month. Ten festival concession venue-months are excluded from every venue-level series; they stay in the citywide market total, where the money is real Austin licensed-beverage activity and only its venue label is wrong.",venues,NVenuePanelPctTwoZeroOneNineTwoZeroTwoFive
venue_panel_real_2019,105217700.726192,$105.2M,millions of 2025 dollars,01_evidence/08_venues_ecosystem/venue_monthly_receipts_long.csv,"Full 114-venue curated panel, calendar 2019. Nominal mixed-beverage receipts deflated with CPI-U annual averages to 2025 dollars via out/cpi_annual.dta; the 2025 average uses an interpolated October 2025 (cpi_imputed = 1) because BLS did not publish that month. Ten festival concession venue-months are excluded from every venue-level series; they stay in the citywide market total, where the money is real Austin licensed-beverage activity and only its venue label is wrong.",venues,NVenuePanelRealTwoZeroOneNine
venue_panel_real_2025,97845694,$97.8M,millions of 2025 dollars,01_evidence/08_venues_ecosystem/venue_monthly_receipts_long.csv,"Full 114-venue curated panel, calendar 2025. Nominal mixed-beverage receipts deflated with CPI-U annual averages to 2025 dollars via out/cpi_annual.dta; the 2025 average uses an interpolated October 2025 (cpi_imputed = 1) because BLS did not publish that month. Ten festival concession venue-months are excluded from every venue-level series; they stay in the citywide market total, where the money is real Austin licensed-beverage activity and only its venue label is wrong.",venues,NVenuePanelRealTwoZeroTwoFive
venue_panel_share_2013,9.329983199395272,9.3%,percent of citywide receipts,"03_analysis/data/external/TX_MB_receipts_travis_austin.dta (Comptroller naix-2893, retrieved 2026-08-02)","Curated panel receipts as a share of all Travis/Austin mixed-beverage receipts in 2013. The share is stable across the period, which is why the panel-versus-citywide divergence is not a coverage artifact. Deflation cancels in a same-year ratio, so this share is identical nominal or real.",venues,NVenuePanelShareTwoZeroOneThree
venue_panel_share_2019,8.895663599219761,8.9%,percent of citywide receipts,"03_analysis/data/external/TX_MB_receipts_travis_austin.dta (Comptroller naix-2893, retrieved 2026-08-02)","Curated panel receipts as a share of all Travis/Austin mixed-beverage receipts in 2019. The share is stable across the period, which is why the panel-versus-citywide divergence is not a coverage artifact. Deflation cancels in a same-year ratio, so this share is identical nominal or real.",venues,NVenuePanelShareTwoZeroOneNine
venue_panel_share_2025,8.047443041744144,8.0%,percent of citywide receipts,"03_analysis/data/external/TX_MB_receipts_travis_austin.dta (Comptroller naix-2893, retrieved 2026-08-02)","Curated panel receipts as a share of all Travis/Austin mixed-beverage receipts in 2025. The share is stable across the period, which is why the panel-versus-citywide divergence is not a coverage artifact. Deflation cancels in a same-year ratio, so this share is identical nominal or real.",venues,NVenuePanelShareTwoZeroTwoFive
venue_shrank_balanced_n,48,48 of 63,count,01_evidence/08_venues_ecosystem/venue_monthly_receipts_long.csv,"Among the 63 venues filing in both years, the number smaller in real terms in 2025.",venues,NVenueShrankBalancedN
venue_shrank_denom,79,79 venues,count,01_evidence/08_venues_ecosystem/venue_monthly_receipts_long.csv,Denominator: panel venues with positive receipts in calendar 2019.,venues,NVenueShrankDenom
venue_shrank_n,64,64 of 79,count,01_evidence/08_venues_ecosystem/venue_monthly_receipts_long.csv,"Venues with lower real receipts in 2025 than 2019, among the 79 panel venues that filed any receipts in 2019. Venues that stopped filing count as zero in 2025, which is the intended treatment.",venues,NVenueShrankN
venue_shrank_over250k,58,58 of 72,count,01_evidence/08_venues_ecosystem/venue_monthly_receipts_long.csv,"Venues with more than $250,000 of real 2019 receipts that were smaller in real terms by 2025.",venues,NVenueShrankOverTwoFiveZerok
venue_timeline_rows,71,71 rows,count,01_evidence/08_venues_ecosystem/venue_timeline.csv,"Total timeline rows, including still-open, at-risk, reopened and opening events as well as closures.",venues,NVenueTimelineRows
venue_worst_decline_name,-100,"Threadgill's North (N Lamar), -100.0%","percent change, real",01_evidence/08_venues_ecosystem/venue_monthly_receipts_long.csv,Steepest real decline 2019 to 2025 among venues filing in both years.,venues,NVenueWorstDeclineName
crosscheck_emp_exact_share,98.5,98.5%,percent of comparable cells,03_analysis/data/external/BLS_OEWS_TX.dta,"Cross-check of evidence CSV Texas OEWS employment against the author's independent BLS_OEWS_TX.dta panel, 7 target occ codes, 2005-2024 overlap (n=133 cells). 131 cells match exactly; max abs diff 0 jobs. See module return notes for any discrepancy detail.",wages,NCrosscheckEmpExactShare
emp_payroll_actors_austin_first,230,230,wage-and-salary jobs,01_evidence/01_wages_oews_qcew/oews_musicians_creatives_2005_2025.csv,"Actors, Austin MSA, OEWS payroll employment, 2017. Excludes the self-employed.",wages,NEmpPayrollActorsAustinFirst
emp_payroll_actors_austin_last,160,160,wage-and-salary jobs,01_evidence/01_wages_oews_qcew/oews_musicians_creatives_2005_2025.csv,"Actors, Austin MSA, OEWS payroll employment, 2025. Excludes the self-employed.",wages,NEmpPayrollActorsAustinLast
emp_payroll_actors_tx_first,3720,"3,720",wage-and-salary jobs,01_evidence/01_wages_oews_qcew/oews_musicians_creatives_2005_2025.csv,"Actors, Texas, OEWS payroll employment, 2009. Excludes the self-employed.",wages,NEmpPayrollActorsTxFirst
emp_payroll_actors_tx_last,2160,"2,160",wage-and-salary jobs,01_evidence/01_wages_oews_qcew/oews_musicians_creatives_2005_2025.csv,"Actors, Texas, OEWS payroll employment, 2025. Excludes the self-employed.",wages,NEmpPayrollActorsTxLast
emp_payroll_actors_us_first,59590,"59,590",wage-and-salary jobs,01_evidence/01_wages_oews_qcew/oews_musicians_creatives_2005_2025.csv,"Actors, United States, OEWS payroll employment, 2005. Excludes the self-employed.",wages,NEmpPayrollActorsUsFirst
emp_payroll_actors_us_last,55000,"55,000",wage-and-salary jobs,01_evidence/01_wages_oews_qcew/oews_musicians_creatives_2005_2025.csv,"Actors, United States, OEWS payroll employment, 2025. Excludes the self-employed.",wages,NEmpPayrollActorsUsLast
emp_payroll_allocc_austin_first,686150,"686,150",wage-and-salary jobs,01_evidence/01_wages_oews_qcew/oews_musicians_creatives_2005_2025.csv,"All Occupations, Austin MSA, OEWS payroll employment, 2005. Excludes the self-employed.",wages,NEmpPayrollAlloccAustinFirst
emp_payroll_allocc_austin_last,1293690,"1,293,690",wage-and-salary jobs,01_evidence/01_wages_oews_qcew/oews_musicians_creatives_2005_2025.csv,"All Occupations, Austin MSA, OEWS payroll employment, 2025. Excludes the self-employed.",wages,NEmpPayrollAlloccAustinLast
emp_payroll_allocc_tx_first,9424510,"9,424,510",wage-and-salary jobs,01_evidence/01_wages_oews_qcew/oews_musicians_creatives_2005_2025.csv,"All Occupations, Texas, OEWS payroll employment, 2005. Excludes the self-employed.",wages,NEmpPayrollAlloccTxFirst
emp_payroll_allocc_tx_last,14071160,14071160,wage-and-salary jobs,01_evidence/01_wages_oews_qcew/oews_musicians_creatives_2005_2025.csv,"All Occupations, Texas, OEWS payroll employment, 2025. Excludes the self-employed.",wages,NEmpPayrollAlloccTxLast
emp_payroll_allocc_us_first,130307840,130307840,wage-and-salary jobs,01_evidence/01_wages_oews_qcew/oews_musicians_creatives_2005_2025.csv,"All Occupations, United States, OEWS payroll employment, 2005. Excludes the self-employed.",wages,NEmpPayrollAlloccUsFirst
emp_payroll_allocc_us_last,155495730,155495730,wage-and-salary jobs,01_evidence/01_wages_oews_qcew/oews_musicians_creatives_2005_2025.csv,"All Occupations, United States, OEWS payroll employment, 2025. Excludes the self-employed.",wages,NEmpPayrollAlloccUsLast
emp_payroll_graphicdesign_austin_first,1230,"1,230",wage-and-salary jobs,01_evidence/01_wages_oews_qcew/oews_musicians_creatives_2005_2025.csv,"Graphic Designers, Austin MSA, OEWS payroll employment, 2005. Excludes the self-employed.",wages,NEmpPayrollGraphicdesignAustinFirst
emp_payroll_graphicdesign_austin_last,1880,"1,880",wage-and-salary jobs,01_evidence/01_wages_oews_qcew/oews_musicians_creatives_2005_2025.csv,"Graphic Designers, Austin MSA, OEWS payroll employment, 2025. Excludes the self-employed.",wages,NEmpPayrollGraphicdesignAustinLast
emp_payroll_graphicdesign_tx_first,10770,"10,770",wage-and-salary jobs,01_evidence/01_wages_oews_qcew/oews_musicians_creatives_2005_2025.csv,"Graphic Designers, Texas, OEWS payroll employment, 2005. Excludes the self-employed.",wages,NEmpPayrollGraphicdesignTxFirst
emp_payroll_graphicdesign_tx_last,13670,"13,670",wage-and-salary jobs,01_evidence/01_wages_oews_qcew/oews_musicians_creatives_2005_2025.csv,"Graphic Designers, Texas, OEWS payroll employment, 2025. Excludes the self-employed.",wages,NEmpPayrollGraphicdesignTxLast
emp_payroll_graphicdesign_us_first,178530,"178,530",wage-and-salary jobs,01_evidence/01_wages_oews_qcew/oews_musicians_creatives_2005_2025.csv,"Graphic Designers, United States, OEWS payroll employment, 2005. Excludes the self-employed.",wages,NEmpPayrollGraphicdesignUsFirst
emp_payroll_graphicdesign_us_last,197830,"197,830",wage-and-salary jobs,01_evidence/01_wages_oews_qcew/oews_musicians_creatives_2005_2025.csv,"Graphic Designers, United States, OEWS payroll employment, 2025. Excludes the self-employed.",wages,NEmpPayrollGraphicdesignUsLast
emp_payroll_musicdirectors_austin_first,90,90,wage-and-salary jobs,01_evidence/01_wages_oews_qcew/oews_musicians_creatives_2005_2025.csv,"Music Directors and Composers, Austin MSA, OEWS payroll employment, 2009. Excludes the self-employed.",wages,NEmpPayrollMusicdirectorsAustinFirst
emp_payroll_musicdirectors_austin_last,30,30,wage-and-salary jobs,01_evidence/01_wages_oews_qcew/oews_musicians_creatives_2005_2025.csv,"Music Directors and Composers, Austin MSA, OEWS payroll employment, 2021. Excludes the self-employed.",wages,NEmpPayrollMusicdirectorsAustinLast
emp_payroll_musicdirectors_tx_first,140,140,wage-and-salary jobs,01_evidence/01_wages_oews_qcew/oews_musicians_creatives_2005_2025.csv,"Music Directors and Composers, Texas, OEWS payroll employment, 2005. Excludes the self-employed.",wages,NEmpPayrollMusicdirectorsTxFirst
emp_payroll_musicdirectors_tx_last,480,480,wage-and-salary jobs,01_evidence/01_wages_oews_qcew/oews_musicians_creatives_2005_2025.csv,"Music Directors and Composers, Texas, OEWS payroll employment, 2025. Excludes the self-employed.",wages,NEmpPayrollMusicdirectorsTxLast
emp_payroll_musicdirectors_us_first,8610,"8,610",wage-and-salary jobs,01_evidence/01_wages_oews_qcew/oews_musicians_creatives_2005_2025.csv,"Music Directors and Composers, United States, OEWS payroll employment, 2005. Excludes the self-employed.",wages,NEmpPayrollMusicdirectorsUsFirst
emp_payroll_musicdirectors_us_last,12540,"12,540",wage-and-salary jobs,01_evidence/01_wages_oews_qcew/oews_musicians_creatives_2005_2025.csv,"Music Directors and Composers, United States, OEWS payroll employment, 2025. Excludes the self-employed.",wages,NEmpPayrollMusicdirectorsUsLast
emp_payroll_musicians_austin_first,150,150,wage-and-salary jobs,01_evidence/01_wages_oews_qcew/oews_musicians_creatives_2005_2025.csv,"Musicians and Singers, Austin MSA, OEWS payroll employment, 2005. Excludes the self-employed.",wages,NEmpPayrollMusiciansAustinFirst
emp_payroll_musicians_austin_last,120,120,wage-and-salary jobs,01_evidence/01_wages_oews_qcew/oews_musicians_creatives_2005_2025.csv,"Musicians and Singers, Austin MSA, OEWS payroll employment, 2025. Excludes the self-employed.",wages,NEmpPayrollMusiciansAustinLast
emp_payroll_musicians_tx_first,2870,"2,870",wage-and-salary jobs,01_evidence/01_wages_oews_qcew/oews_musicians_creatives_2005_2025.csv,"Musicians and Singers, Texas, OEWS payroll employment, 2005. Excludes the self-employed.",wages,NEmpPayrollMusiciansTxFirst
emp_payroll_musicians_tx_last,1430,"1,430",wage-and-salary jobs,01_evidence/01_wages_oews_qcew/oews_musicians_creatives_2005_2025.csv,"Musicians and Singers, Texas, OEWS payroll employment, 2025. Excludes the self-employed.",wages,NEmpPayrollMusiciansTxLast
emp_payroll_musicians_us_first,50410,"50,410",wage-and-salary jobs,01_evidence/01_wages_oews_qcew/oews_musicians_creatives_2005_2025.csv,"Musicians and Singers, United States, OEWS payroll employment, 2005. Excludes the self-employed.",wages,NEmpPayrollMusiciansUsFirst
emp_payroll_musicians_us_last,36180,"36,180",wage-and-salary jobs,01_evidence/01_wages_oews_qcew/oews_musicians_creatives_2005_2025.csv,"Musicians and Singers, United States, OEWS payroll employment, 2025. Excludes the self-employed.",wages,NEmpPayrollMusiciansUsLast
emp_payroll_pctchg_actors_austin,-30.4,-30.4%,"percent change, payroll employment",01_evidence/01_wages_oews_qcew/oews_musicians_creatives_2005_2025.csv,"Actors, Austin MSA, payroll employment change 2017 to 2025: 230 to 160 jobs. Actual window 2017-2025, not 2005-2025: BLS did not publish Austin MSA payroll employment for Actors in every year (occupation too small/volatile at the metro level to clear OEWS publication thresholds in every year).",wages,NEmpPayrollPctchgActorsAustin
emp_payroll_pctchg_actors_tx,-41.90000000000001,-41.9%,"percent change, payroll employment",01_evidence/01_wages_oews_qcew/oews_musicians_creatives_2005_2025.csv,"Actors, Texas, payroll employment change 2009 to 2025: 3,720 to 2,160 jobs. Actual window 2009-2025, not 2005-2025: BLS did not publish Austin MSA payroll employment for Actors in every year (occupation too small/volatile at the metro level to clear OEWS publication thresholds in every year).",wages,NEmpPayrollPctchgActorsTx
emp_payroll_pctchg_actors_us,-7.7,-7.7%,"percent change, payroll employment",01_evidence/01_wages_oews_qcew/oews_musicians_creatives_2005_2025.csv,"Actors, United States, payroll employment change 2005 to 2025: 59,590 to 55,000 jobs.",wages,NEmpPayrollPctchgActorsUs
emp_payroll_pctchg_allocc_austin,88.5,+88.5%,"percent change, payroll employment",01_evidence/01_wages_oews_qcew/oews_musicians_creatives_2005_2025.csv,"All Occupations, Austin MSA, payroll employment change 2005 to 2025: 686,150 to 1,293,690 jobs.",wages,NEmpPayrollPctchgAlloccAustin
emp_payroll_pctchg_allocc_tx,49.3,+49.3%,"percent change, payroll employment",01_evidence/01_wages_oews_qcew/oews_musicians_creatives_2005_2025.csv,"All Occupations, Texas, payroll employment change 2005 to 2025: 9,424,510 to 14071160 jobs.",wages,NEmpPayrollPctchgAlloccTx
emp_payroll_pctchg_allocc_us,19.3,+19.3%,"percent change, payroll employment",01_evidence/01_wages_oews_qcew/oews_musicians_creatives_2005_2025.csv,"All Occupations, United States, payroll employment change 2005 to 2025: 130307840 to 155495730 jobs.",wages,NEmpPayrollPctchgAlloccUs
emp_payroll_pctchg_graphicdesign_austin,52.8,+52.8%,"percent change, payroll employment",01_evidence/01_wages_oews_qcew/oews_musicians_creatives_2005_2025.csv,"Graphic Designers, Austin MSA, payroll employment change 2005 to 2025: 1,230 to 1,880 jobs.",wages,NEmpPayrollPctchgGraphicdesignAustin
emp_payroll_pctchg_graphicdesign_tx,26.9,+26.9%,"percent change, payroll employment",01_evidence/01_wages_oews_qcew/oews_musicians_creatives_2005_2025.csv,"Graphic Designers, Texas, payroll employment change 2005 to 2025: 10,770 to 13,670 jobs.",wages,NEmpPayrollPctchgGraphicdesignTx
emp_payroll_pctchg_graphicdesign_us,10.8,+10.8%,"percent change, payroll employment",01_evidence/01_wages_oews_qcew/oews_musicians_creatives_2005_2025.csv,"Graphic Designers, United States, payroll employment change 2005 to 2025: 178,530 to 197,830 jobs.",wages,NEmpPayrollPctchgGraphicdesignUs
emp_payroll_pctchg_musicdirectors_austin,-66.7,-66.7%,"percent change, payroll employment",01_evidence/01_wages_oews_qcew/oews_musicians_creatives_2005_2025.csv,"Music Directors and Composers, Austin MSA, payroll employment change 2009 to 2021: 90 to 30 jobs. Actual window 2009-2021, not 2005-2025: BLS did not publish Austin MSA payroll employment for Music Directors and Composers in every year (occupation too small/volatile at the metro level to clear OEWS publication thresholds in every year).",wages,NEmpPayrollPctchgMusicdirectorsAustin
emp_payroll_pctchg_musicdirectors_tx,242.9,+242.9%,"percent change, payroll employment",01_evidence/01_wages_oews_qcew/oews_musicians_creatives_2005_2025.csv,"Music Directors and Composers, Texas, payroll employment change 2005 to 2025: 140 to 480 jobs.",wages,NEmpPayrollPctchgMusicdirectorsTx
emp_payroll_pctchg_musicdirectors_us,45.6,+45.6%,"percent change, payroll employment",01_evidence/01_wages_oews_qcew/oews_musicians_creatives_2005_2025.csv,"Music Directors and Composers, United States, payroll employment change 2005 to 2025: 8,610 to 12,540 jobs.",wages,NEmpPayrollPctchgMusicdirectorsUs
emp_payroll_pctchg_musicians_austin,-20,-20.0%,"percent change, payroll employment",01_evidence/01_wages_oews_qcew/oews_musicians_creatives_2005_2025.csv,"Musicians and Singers, Austin MSA, payroll employment change 2005 to 2025: 150 to 120 jobs.",wages,NEmpPayrollPctchgMusiciansAustin
emp_payroll_pctchg_musicians_tx,-50.2,-50.2%,"percent change, payroll employment",01_evidence/01_wages_oews_qcew/oews_musicians_creatives_2005_2025.csv,"Musicians and Singers, Texas, payroll employment change 2005 to 2025: 2,870 to 1,430 jobs.",wages,NEmpPayrollPctchgMusiciansTx
emp_payroll_pctchg_musicians_us,-28.2,-28.2%,"percent change, payroll employment",01_evidence/01_wages_oews_qcew/oews_musicians_creatives_2005_2025.csv,"Musicians and Singers, United States, payroll employment change 2005 to 2025: 50,410 to 36,180 jobs.",wages,NEmpPayrollPctchgMusiciansUs
emp_payroll_pctchg_soundeng_austin,150,+150.0%,"percent change, payroll employment",01_evidence/01_wages_oews_qcew/oews_musicians_creatives_2005_2025.csv,"Sound Engineering Technicians, Austin MSA, payroll employment change 2005 to 2025: 60 to 150 jobs.",wages,NEmpPayrollPctchgSoundengAustin
emp_payroll_pctchg_soundeng_tx,50.90000000000001,+50.9%,"percent change, payroll employment",01_evidence/01_wages_oews_qcew/oews_musicians_creatives_2005_2025.csv,"Sound Engineering Technicians, Texas, payroll employment change 2005 to 2025: 550 to 830 jobs.",wages,NEmpPayrollPctchgSoundengTx
emp_payroll_pctchg_soundeng_us,3.2,+3.2%,"percent change, payroll employment",01_evidence/01_wages_oews_qcew/oews_musicians_creatives_2005_2025.csv,"Sound Engineering Technicians, United States, payroll employment change 2005 to 2025: 12,680 to 13,080 jobs.",wages,NEmpPayrollPctchgSoundengUs
emp_payroll_pctchg_writers_austin,5,+5.0%,"percent change, payroll employment",01_evidence/01_wages_oews_qcew/oews_musicians_creatives_2005_2025.csv,"Writers and Authors, Austin MSA, payroll employment change 2005 to 2025: 400 to 420 jobs.",wages,NEmpPayrollPctchgWritersAustin
emp_payroll_pctchg_writers_tx,39.8,+39.8%,"percent change, payroll employment",01_evidence/01_wages_oews_qcew/oews_musicians_creatives_2005_2025.csv,"Writers and Authors, Texas, payroll employment change 2005 to 2025: 1,660 to 2,320 jobs.",wages,NEmpPayrollPctchgWritersTx
emp_payroll_pctchg_writers_us,11.4,+11.4%,"percent change, payroll employment",01_evidence/01_wages_oews_qcew/oews_musicians_creatives_2005_2025.csv,"Writers and Authors, United States, payroll employment change 2005 to 2025: 43,020 to 47,940 jobs.",wages,NEmpPayrollPctchgWritersUs
emp_payroll_soundeng_austin_first,60,60,wage-and-salary jobs,01_evidence/01_wages_oews_qcew/oews_musicians_creatives_2005_2025.csv,"Sound Engineering Technicians, Austin MSA, OEWS payroll employment, 2005. Excludes the self-employed.",wages,NEmpPayrollSoundengAustinFirst
emp_payroll_soundeng_austin_last,150,150,wage-and-salary jobs,01_evidence/01_wages_oews_qcew/oews_musicians_creatives_2005_2025.csv,"Sound Engineering Technicians, Austin MSA, OEWS payroll employment, 2025. Excludes the self-employed.",wages,NEmpPayrollSoundengAustinLast
emp_payroll_soundeng_tx_first,550,550,wage-and-salary jobs,01_evidence/01_wages_oews_qcew/oews_musicians_creatives_2005_2025.csv,"Sound Engineering Technicians, Texas, OEWS payroll employment, 2005. Excludes the self-employed.",wages,NEmpPayrollSoundengTxFirst
emp_payroll_soundeng_tx_last,830,830,wage-and-salary jobs,01_evidence/01_wages_oews_qcew/oews_musicians_creatives_2005_2025.csv,"Sound Engineering Technicians, Texas, OEWS payroll employment, 2025. Excludes the self-employed.",wages,NEmpPayrollSoundengTxLast
emp_payroll_soundeng_us_first,12680,"12,680",wage-and-salary jobs,01_evidence/01_wages_oews_qcew/oews_musicians_creatives_2005_2025.csv,"Sound Engineering Technicians, United States, OEWS payroll employment, 2005. Excludes the self-employed.",wages,NEmpPayrollSoundengUsFirst
emp_payroll_soundeng_us_last,13080,"13,080",wage-and-salary jobs,01_evidence/01_wages_oews_qcew/oews_musicians_creatives_2005_2025.csv,"Sound Engineering Technicians, United States, OEWS payroll employment, 2025. Excludes the self-employed.",wages,NEmpPayrollSoundengUsLast
emp_payroll_writers_austin_first,400,400,wage-and-salary jobs,01_evidence/01_wages_oews_qcew/oews_musicians_creatives_2005_2025.csv,"Writers and Authors, Austin MSA, OEWS payroll employment, 2005. Excludes the self-employed.",wages,NEmpPayrollWritersAustinFirst
emp_payroll_writers_austin_last,420,420,wage-and-salary jobs,01_evidence/01_wages_oews_qcew/oews_musicians_creatives_2005_2025.csv,"Writers and Authors, Austin MSA, OEWS payroll employment, 2025. Excludes the self-employed.",wages,NEmpPayrollWritersAustinLast
emp_payroll_writers_tx_first,1660,"1,660",wage-and-salary jobs,01_evidence/01_wages_oews_qcew/oews_musicians_creatives_2005_2025.csv,"Writers and Authors, Texas, OEWS payroll employment, 2005. Excludes the self-employed.",wages,NEmpPayrollWritersTxFirst
emp_payroll_writers_tx_last,2320,"2,320",wage-and-salary jobs,01_evidence/01_wages_oews_qcew/oews_musicians_creatives_2005_2025.csv,"Writers and Authors, Texas, OEWS payroll employment, 2025. Excludes the self-employed.",wages,NEmpPayrollWritersTxLast
emp_payroll_writers_us_first,43020,"43,020",wage-and-salary jobs,01_evidence/01_wages_oews_qcew/oews_musicians_creatives_2005_2025.csv,"Writers and Authors, United States, OEWS payroll employment, 2005. Excludes the self-employed.",wages,NEmpPayrollWritersUsFirst
emp_payroll_writers_us_last,47940,"47,940",wage-and-salary jobs,01_evidence/01_wages_oews_qcew/oews_musicians_creatives_2005_2025.csv,"Writers and Authors, United States, OEWS payroll employment, 2025. Excludes the self-employed.",wages,NEmpPayrollWritersUsLast
fig08_year_range_caveat,1,"2020-2023, not 2012-2023",methodological limitation,03_analysis/data/external/Census_PEP_TX_County_Components.dta,"fig08 plots 2020-2023 (the years with a real Census PEP Vintage 2025 population match), not the full 2012-2023 NES window, because this project's population extract does not reach back to 2012. Raw establishment growth for the full 2012-2023 window is registered separately (nes_estab_pctchg_* keys) and is not population-denominated.",wages,NFigZeroEightYearRangeCaveat
naics71_msa_suppression_correction,2,2 area-year(s) suppressed,"correction to evidence-folder documentation, not used in this module",01_evidence/01_wages_oews_qcew/_findings.md,"_findings.md and _sources.md in 01_evidence/01_wages_oews_qcew state NAICS 71 is not disclosure-suppressed at the Austin MSA level. Direct inspection of disclosure_code on the underlying CSV found 2 suppressed area-year(s) (2012 2013, own_code=5). This module does not use NAICS 71 for any figure or number, so the error does not affect anything registered here, but the evidence folder's own documentation should be corrected.",wages,NNaicsSevenOneMsaSuppressionCorrection
nes_estab_pctchg_bexar,61.90000000000001,+61.9%,"percent change, nonemployer establishments, 2012-2023",01_evidence/02_pums_nes_microdata/nes_independent_artists_long.csv,"NES NAICS 7115, Bexar County, establishments 2012 (3,261) to 2023 (5,278).",wages,NNesEstabPctchgBexar
nes_estab_pctchg_dallas,40.5,+40.5%,"percent change, nonemployer establishments, 2012-2023",01_evidence/02_pums_nes_microdata/nes_independent_artists_long.csv,"NES NAICS 7115, Dallas County, establishments 2012 (5,373) to 2023 (7,551).",wages,NNesEstabPctchgDallas
nes_estab_pctchg_harris,48.2,+48.2%,"percent change, nonemployer establishments, 2012-2023",01_evidence/02_pums_nes_microdata/nes_independent_artists_long.csv,"NES NAICS 7115, Harris County, establishments 2012 (7,470) to 2023 (11,067).",wages,NNesEstabPctchgHarris
nes_estab_pctchg_travis,61.6,+61.6%,"percent change, nonemployer establishments, 2012-2023",01_evidence/02_pums_nes_microdata/nes_independent_artists_long.csv,"NES NAICS 7115, Travis County, establishments 2012 (5,382) to 2023 (8,696).",wages,NNesEstabPctchgTravis
nes_estab_per10k_bexar_2020,20.08,20.08,"nonemployer establishments per 10,000 residents",multiple,"NES NAICS 7115 establishments in Bexar County per 10,000 residents, 2020. Population: Census PEP Vintage 2025.",wages,NNesEstabPerOneZerokBexarTwoZeroTwoZero
nes_estab_per10k_bexar_2023,25.1,25.10,"nonemployer establishments per 10,000 residents",multiple,"NES NAICS 7115 establishments in Bexar County per 10,000 residents, 2023. Population: Census PEP Vintage 2025.",wages,NNesEstabPerOneZerokBexarTwoZeroTwoThree
nes_estab_per10k_dallas_2020,24.72,24.72,"nonemployer establishments per 10,000 residents",multiple,"NES NAICS 7115 establishments in Dallas County per 10,000 residents, 2020. Population: Census PEP Vintage 2025.",wages,NNesEstabPerOneZerokDallasTwoZeroTwoZero
nes_estab_per10k_dallas_2023,28.63,28.63,"nonemployer establishments per 10,000 residents",multiple,"NES NAICS 7115 establishments in Dallas County per 10,000 residents, 2023. Population: Census PEP Vintage 2025.",wages,NNesEstabPerOneZerokDallasTwoZeroTwoThree
nes_estab_per10k_harris_2020,19.47,19.47,"nonemployer establishments per 10,000 residents",multiple,"NES NAICS 7115 establishments in Harris County per 10,000 residents, 2020. Population: Census PEP Vintage 2025.",wages,NNesEstabPerOneZerokHarrisTwoZeroTwoZero
nes_estab_per10k_harris_2023,22.6,22.60,"nonemployer establishments per 10,000 residents",multiple,"NES NAICS 7115 establishments in Harris County per 10,000 residents, 2023. Population: Census PEP Vintage 2025.",wages,NNesEstabPerOneZerokHarrisTwoZeroTwoThree
nes_estab_per10k_travis_2020,56.7,56.70,"nonemployer establishments per 10,000 residents",multiple,"NES NAICS 7115 establishments in Travis County per 10,000 residents, 2020. Population: Census PEP Vintage 2025.",wages,NNesEstabPerOneZerokTravisTwoZeroTwoZero
nes_estab_per10k_travis_2023,64.26000000000001,64.26,"nonemployer establishments per 10,000 residents",multiple,"NES NAICS 7115 establishments in Travis County per 10,000 residents, 2023. Population: Census PEP Vintage 2025.",wages,NNesEstabPerOneZerokTravisTwoZeroTwoThree
nes_noise_infusion_note,1,"noise-infused, not suppressed",methodological note,01_evidence/02_pums_nes_microdata/nes_independent_artists_long.csv,"Nearly every NES row in this module carries a non-blank rcptot_not_avail_flag (G, H, or J), which is Census's standard disclosure-avoidance/noise-infusion annotation on receipts, not a suppression marker; true suppression is flagged D on estab_flag/rcptot_flag and none of that occurs in the county-industry cells this module uses. Small year-to-year swings in receipts may partly reflect injected statistical noise rather than only real change.",wages,NNesNoiseInfusionNote
nes_receipts_per_estab_bexar_first,22341,"$22,341",2025 dollars per establishment,01_evidence/02_pums_nes_microdata/nes_independent_artists_long.csv,"NES NAICS 7115, Bexar County, real receipts per establishment, 2012.",wages,NNesReceiptsPerEstabBexarFirst
nes_receipts_per_estab_bexar_last,21354,"$21,354",2025 dollars per establishment,01_evidence/02_pums_nes_microdata/nes_independent_artists_long.csv,"NES NAICS 7115, Bexar County, real receipts per establishment, 2023.",wages,NNesReceiptsPerEstabBexarLast
nes_receipts_per_estab_dallas_first,27441,"$27,441",2025 dollars per establishment,01_evidence/02_pums_nes_microdata/nes_independent_artists_long.csv,"NES NAICS 7115, Dallas County, real receipts per establishment, 2012.",wages,NNesReceiptsPerEstabDallasFirst
nes_receipts_per_estab_dallas_last,30027,"$30,027",2025 dollars per establishment,01_evidence/02_pums_nes_microdata/nes_independent_artists_long.csv,"NES NAICS 7115, Dallas County, real receipts per establishment, 2023.",wages,NNesReceiptsPerEstabDallasLast
nes_receipts_per_estab_harris_first,24838,"$24,838",2025 dollars per establishment,01_evidence/02_pums_nes_microdata/nes_independent_artists_long.csv,"NES NAICS 7115, Harris County, real receipts per establishment, 2012.",wages,NNesReceiptsPerEstabHarrisFirst
nes_receipts_per_estab_harris_last,24807,"$24,807",2025 dollars per establishment,01_evidence/02_pums_nes_microdata/nes_independent_artists_long.csv,"NES NAICS 7115, Harris County, real receipts per establishment, 2023.",wages,NNesReceiptsPerEstabHarrisLast
nes_receipts_per_estab_pctchg_bexar,-4.4,-4.4%,"percent change, real receipts per establishment",01_evidence/02_pums_nes_microdata/nes_independent_artists_long.csv,"NES NAICS 7115, Bexar County, real receipts per establishment change 2012 to 2023: $22,341 to $21,354, 2025 dollars.",wages,NNesReceiptsPerEstabPctchgBexar
nes_receipts_per_estab_pctchg_dallas,9.4,+9.4%,"percent change, real receipts per establishment",01_evidence/02_pums_nes_microdata/nes_independent_artists_long.csv,"NES NAICS 7115, Dallas County, real receipts per establishment change 2012 to 2023: $27,441 to $30,027, 2025 dollars.",wages,NNesReceiptsPerEstabPctchgDallas
nes_receipts_per_estab_pctchg_harris,-.1,-0.1%,"percent change, real receipts per establishment",01_evidence/02_pums_nes_microdata/nes_independent_artists_long.csv,"NES NAICS 7115, Harris County, real receipts per establishment change 2012 to 2023: $24,838 to $24,807, 2025 dollars.",wages,NNesReceiptsPerEstabPctchgHarris
nes_receipts_per_estab_pctchg_travis,19.9,+19.9%,"percent change, real receipts per establishment",01_evidence/02_pums_nes_microdata/nes_independent_artists_long.csv,"NES NAICS 7115, Travis County, real receipts per establishment change 2012 to 2023: $30,277 to $36,311, 2025 dollars.",wages,NNesReceiptsPerEstabPctchgTravis
nes_receipts_per_estab_travis_first,30277,"$30,277",2025 dollars per establishment,01_evidence/02_pums_nes_microdata/nes_independent_artists_long.csv,"NES NAICS 7115, Travis County, real receipts per establishment, 2012.",wages,NNesReceiptsPerEstabTravisFirst
nes_receipts_per_estab_travis_last,36311,"$36,311",2025 dollars per establishment,01_evidence/02_pums_nes_microdata/nes_independent_artists_long.csv,"NES NAICS 7115, Travis County, real receipts per establishment, 2023.",wages,NNesReceiptsPerEstabTravisLast
pep_population_coverage_gap,1,PEP covers 2020-2025 only,methodological limitation,03_analysis/data/external/Census_PEP_TX_County_Components.dta,"This project's Census PEP extract is Vintage 2025, which covers county population only for 2020-2025 (the post-2020-Census series; splicing in an older vintage's 2012-2019 estimates would introduce a vintage-methodology discontinuity at the seam rather than a clean series). The NES nonemployer panel runs 2012-2023. Establishments-per-10,000-residents in fig08 and its registry entries therefore cover 2020-2023, the true overlap, not the full 2012-2023 NES window; raw establishment counts and real receipts per establishment (which need no population denominator) are reported for the full 2012-2023 span instead.",wages,NPepPopulationCoverageGap
qcew_71113_2025_provisional_caveat,1,"TX $103,178 to $71,744; US $98,618 to $81,260","2025 dollars, average annual pay, methodological caveat",01_evidence/01_wages_oews_qcew/qcew_arts_industries_2001_2025.csv,"NAICS 71113 (Musical Groups and Artists) average annual pay fell 2024-to-2025 in both Texas and the U.S. even as establishment counts kept growing. One year of data cannot confirm a reversal of the two-decade upward trend; it may be ordinary year-to-year noise in a small industry code, or the concurrent transition to the NAICS 2022 six-digit code (711130), which BLS published in parallel with the legacy five-digit code for 2025 only. This project's evidence extract captured only the legacy 71113 series, not the parallel 711130 file, so no direct cross-check between the two was possible here; if the 2025 figure looks anomalous, the code transition is a plausible but unconfirmed explanation. Treat the 2025 figure as provisional until a second year confirms the direction.",wages,NQcewSevenOneOneOneThreeTwoZeroTwoFiveProvisionalCaveat
qcew_7115_travis_pay_volatility,202201,"$54,433 to $256,635","2025 dollars, range across 2001-2025",01_evidence/01_wages_oews_qcew/qcew_arts_industries_2001_2025.csv,"NAICS 7115 (Independent Artists, Writers, and Performers) average annual pay in Travis County, private sector, real 2025 dollars, 2001-2025 range. This code covers independent contractors and loan-out corporations; a handful of high-earning individuals who incorporate can swing the county average sharply. Read this as sensitive to a small number of outliers, not as a typical independent artist's income.",wages,NQcewSevenOneOneFiveTravisPayVolatility
qcew_emplvl_indepartists_travis_first,167,167,private-sector jobs,01_evidence/01_wages_oews_qcew/qcew_arts_industries_2001_2025.csv,"NAICS 7115, Travis County, private sector, 2001.",wages,NQcewEmplvlIndepartistsTravisFirst
qcew_emplvl_indepartists_travis_last,383,383,private-sector jobs,01_evidence/01_wages_oews_qcew/qcew_arts_industries_2001_2025.csv,"NAICS 7115, Travis County, private sector, 2025.",wages,NQcewEmplvlIndepartistsTravisLast
qcew_emplvl_indepartists_tx_first,1349,"1,349",private-sector jobs,01_evidence/01_wages_oews_qcew/qcew_arts_industries_2001_2025.csv,"NAICS 7115, Texas, private sector, 2001.",wages,NQcewEmplvlIndepartistsTxFirst
qcew_emplvl_indepartists_tx_last,3469,"3,469",private-sector jobs,01_evidence/01_wages_oews_qcew/qcew_arts_industries_2001_2025.csv,"NAICS 7115, Texas, private sector, 2025.",wages,NQcewEmplvlIndepartistsTxLast
qcew_emplvl_indepartists_us_first,37046,"37,046",private-sector jobs,01_evidence/01_wages_oews_qcew/qcew_arts_industries_2001_2025.csv,"NAICS 7115, United States, private sector, 2001.",wages,NQcewEmplvlIndepartistsUsFirst
qcew_emplvl_indepartists_us_last,59406,"59,406",private-sector jobs,01_evidence/01_wages_oews_qcew/qcew_arts_industries_2001_2025.csv,"NAICS 7115, United States, private sector, 2025.",wages,NQcewEmplvlIndepartistsUsLast
qcew_emplvl_musicalgroups_travis_first,320,320,private-sector jobs,01_evidence/01_wages_oews_qcew/qcew_arts_industries_2001_2025.csv,"NAICS 71113, Travis County, private sector, 2001.",wages,NQcewEmplvlMusicalgroupsTravisFirst
qcew_emplvl_musicalgroups_travis_last,314,314,private-sector jobs,01_evidence/01_wages_oews_qcew/qcew_arts_industries_2001_2025.csv,"NAICS 71113, Travis County, private sector, 2025.",wages,NQcewEmplvlMusicalgroupsTravisLast
qcew_emplvl_musicalgroups_tx_first,2163,"2,163",private-sector jobs,01_evidence/01_wages_oews_qcew/qcew_arts_industries_2001_2025.csv,"NAICS 71113, Texas, private sector, 2001.",wages,NQcewEmplvlMusicalgroupsTxFirst
qcew_emplvl_musicalgroups_tx_last,2029,"2,029",private-sector jobs,01_evidence/01_wages_oews_qcew/qcew_arts_industries_2001_2025.csv,"NAICS 71113, Texas, private sector, 2025.",wages,NQcewEmplvlMusicalgroupsTxLast
qcew_emplvl_musicalgroups_us_first,45459,"45,459",private-sector jobs,01_evidence/01_wages_oews_qcew/qcew_arts_industries_2001_2025.csv,"NAICS 71113, United States, private sector, 2001.",wages,NQcewEmplvlMusicalgroupsUsFirst
qcew_emplvl_musicalgroups_us_last,34795,"34,795",private-sector jobs,01_evidence/01_wages_oews_qcew/qcew_arts_industries_2001_2025.csv,"NAICS 71113, United States, private sector, 2025.",wages,NQcewEmplvlMusicalgroupsUsLast
qcew_emplvl_pctchg_indepartists_travis,129.3,+129.3%,percent change,01_evidence/01_wages_oews_qcew/qcew_arts_industries_2001_2025.csv,"NAICS 7115 (indepartists), Travis County, private-sector jobs change 2001 to 2025: 167 to 383.",wages,NQcewEmplvlPctchgIndepartistsTravis
qcew_emplvl_pctchg_indepartists_tx,157.2,+157.2%,percent change,01_evidence/01_wages_oews_qcew/qcew_arts_industries_2001_2025.csv,"NAICS 7115 (indepartists), Texas, private-sector jobs change 2001 to 2025: 1,349 to 3,469.",wages,NQcewEmplvlPctchgIndepartistsTx
qcew_emplvl_pctchg_indepartists_us,60.40000000000001,+60.4%,percent change,01_evidence/01_wages_oews_qcew/qcew_arts_industries_2001_2025.csv,"NAICS 7115 (indepartists), United States, private-sector jobs change 2001 to 2025: 37,046 to 59,406.",wages,NQcewEmplvlPctchgIndepartistsUs
qcew_emplvl_pctchg_musicalgroups_travis,-1.9,-1.9%,percent change,01_evidence/01_wages_oews_qcew/qcew_arts_industries_2001_2025.csv,"NAICS 71113 (musicalgroups), Travis County, private-sector jobs change 2001 to 2025: 320 to 314.",wages,NQcewEmplvlPctchgMusicalgroupsTravis
qcew_emplvl_pctchg_musicalgroups_tx,-6.2,-6.2%,percent change,01_evidence/01_wages_oews_qcew/qcew_arts_industries_2001_2025.csv,"NAICS 71113 (musicalgroups), Texas, private-sector jobs change 2001 to 2025: 2,163 to 2,029.",wages,NQcewEmplvlPctchgMusicalgroupsTx
qcew_emplvl_pctchg_musicalgroups_us,-23.5,-23.5%,percent change,01_evidence/01_wages_oews_qcew/qcew_arts_industries_2001_2025.csv,"NAICS 71113 (musicalgroups), United States, private-sector jobs change 2001 to 2025: 45,459 to 34,795.",wages,NQcewEmplvlPctchgMusicalgroupsUs
qcew_estabs_indepartists_travis_first,44,44,establishments,01_evidence/01_wages_oews_qcew/qcew_arts_industries_2001_2025.csv,"NAICS 7115, Travis County, private sector, 2001.",wages,NQcewEstabsIndepartistsTravisFirst
qcew_estabs_indepartists_travis_last,233,233,establishments,01_evidence/01_wages_oews_qcew/qcew_arts_industries_2001_2025.csv,"NAICS 7115, Travis County, private sector, 2025.",wages,NQcewEstabsIndepartistsTravisLast
qcew_estabs_indepartists_tx_first,370,370,establishments,01_evidence/01_wages_oews_qcew/qcew_arts_industries_2001_2025.csv,"NAICS 7115, Texas, private sector, 2001.",wages,NQcewEstabsIndepartistsTxFirst
qcew_estabs_indepartists_tx_last,1458,"1,458",establishments,01_evidence/01_wages_oews_qcew/qcew_arts_industries_2001_2025.csv,"NAICS 7115, Texas, private sector, 2025.",wages,NQcewEstabsIndepartistsTxLast
qcew_estabs_indepartists_us_first,14332,"14,332",establishments,01_evidence/01_wages_oews_qcew/qcew_arts_industries_2001_2025.csv,"NAICS 7115, United States, private sector, 2001.",wages,NQcewEstabsIndepartistsUsFirst
qcew_estabs_indepartists_us_last,42223,"42,223",establishments,01_evidence/01_wages_oews_qcew/qcew_arts_industries_2001_2025.csv,"NAICS 7115, United States, private sector, 2025.",wages,NQcewEstabsIndepartistsUsLast
qcew_estabs_musicalgroups_travis_first,39,39,establishments,01_evidence/01_wages_oews_qcew/qcew_arts_industries_2001_2025.csv,"NAICS 71113, Travis County, private sector, 2001.",wages,NQcewEstabsMusicalgroupsTravisFirst
qcew_estabs_musicalgroups_travis_last,56,56,establishments,01_evidence/01_wages_oews_qcew/qcew_arts_industries_2001_2025.csv,"NAICS 71113, Travis County, private sector, 2025.",wages,NQcewEstabsMusicalgroupsTravisLast
qcew_estabs_musicalgroups_tx_first,230,230,establishments,01_evidence/01_wages_oews_qcew/qcew_arts_industries_2001_2025.csv,"NAICS 71113, Texas, private sector, 2001.",wages,NQcewEstabsMusicalgroupsTxFirst
qcew_estabs_musicalgroups_tx_last,334,334,establishments,01_evidence/01_wages_oews_qcew/qcew_arts_industries_2001_2025.csv,"NAICS 71113, Texas, private sector, 2025.",wages,NQcewEstabsMusicalgroupsTxLast
qcew_estabs_musicalgroups_us_first,5961,"5,961",establishments,01_evidence/01_wages_oews_qcew/qcew_arts_industries_2001_2025.csv,"NAICS 71113, United States, private sector, 2001.",wages,NQcewEstabsMusicalgroupsUsFirst
qcew_estabs_musicalgroups_us_last,6041,"6,041",establishments,01_evidence/01_wages_oews_qcew/qcew_arts_industries_2001_2025.csv,"NAICS 71113, United States, private sector, 2025.",wages,NQcewEstabsMusicalgroupsUsLast
qcew_estabs_pctchg_indepartists_travis,429.5,+429.5%,percent change,01_evidence/01_wages_oews_qcew/qcew_arts_industries_2001_2025.csv,"NAICS 7115 (indepartists), Travis County, establishments change 2001 to 2025: 44 to 233.",wages,NQcewEstabsPctchgIndepartistsTravis
qcew_estabs_pctchg_indepartists_tx,294.1,+294.1%,percent change,01_evidence/01_wages_oews_qcew/qcew_arts_industries_2001_2025.csv,"NAICS 7115 (indepartists), Texas, establishments change 2001 to 2025: 370 to 1,458.",wages,NQcewEstabsPctchgIndepartistsTx
qcew_estabs_pctchg_indepartists_us,194.6,+194.6%,percent change,01_evidence/01_wages_oews_qcew/qcew_arts_industries_2001_2025.csv,"NAICS 7115 (indepartists), United States, establishments change 2001 to 2025: 14,332 to 42,223.",wages,NQcewEstabsPctchgIndepartistsUs
qcew_estabs_pctchg_musicalgroups_travis,43.6,+43.6%,percent change,01_evidence/01_wages_oews_qcew/qcew_arts_industries_2001_2025.csv,"NAICS 71113 (musicalgroups), Travis County, establishments change 2001 to 2025: 39 to 56.",wages,NQcewEstabsPctchgMusicalgroupsTravis
qcew_estabs_pctchg_musicalgroups_tx,45.2,+45.2%,percent change,01_evidence/01_wages_oews_qcew/qcew_arts_industries_2001_2025.csv,"NAICS 71113 (musicalgroups), Texas, establishments change 2001 to 2025: 230 to 334.",wages,NQcewEstabsPctchgMusicalgroupsTx
qcew_estabs_pctchg_musicalgroups_us,1.3,+1.3%,percent change,01_evidence/01_wages_oews_qcew/qcew_arts_industries_2001_2025.csv,"NAICS 71113 (musicalgroups), United States, establishments change 2001 to 2025: 5,961 to 6,041.",wages,NQcewEstabsPctchgMusicalgroupsUs
qcew_msa_suppression_71113,8,8 of 24 years,count of suppressed area-years,01_evidence/01_wages_oews_qcew/qcew_arts_industries_2001_2025.csv,"NAICS 71113 (Musical Groups and Artists), private sector, Austin-Round Rock(-San Marcos) MSA: 8 of 24 area-years (2001-2024; no 2025 MSA rows exist yet) have annual_avg_emplvl/avg_annual_pay withheld (disclosure_code=N; establishment counts still shown). Travis County has no suppressed years for this code and is used as the primary sub-state geography throughout this module for that reason.",wages,NQcewMsaSuppressionSevenOneOneOneThree
qcew_msa_suppression_7115,10,10 of 24 years,count of suppressed area-years,01_evidence/01_wages_oews_qcew/qcew_arts_industries_2001_2025.csv,"NAICS 7115 (Independent Artists, Writers, and Performers), private sector, Austin-Round Rock(-San Marcos) MSA: 10 of 24 area-years (2001-2024) have annual_avg_emplvl/avg_annual_pay withheld (disclosure_code=N). Travis County has no suppressed years for this code.",wages,NQcewMsaSuppressionSevenOneOneFive
qcew_paynreal_indepartists_travis_first,112516,"$112,516","2025 dollars, average annual pay",01_evidence/01_wages_oews_qcew/qcew_arts_industries_2001_2025.csv,"NAICS 7115, Travis County, private sector, 2001.",wages,NQcewPaynrealIndepartistsTravisFirst
qcew_paynreal_indepartists_travis_last,238889,"$238,889","2025 dollars, average annual pay",01_evidence/01_wages_oews_qcew/qcew_arts_industries_2001_2025.csv,"NAICS 7115, Travis County, private sector, 2025.",wages,NQcewPaynrealIndepartistsTravisLast
qcew_paynreal_indepartists_tx_first,73665,"$73,665","2025 dollars, average annual pay",01_evidence/01_wages_oews_qcew/qcew_arts_industries_2001_2025.csv,"NAICS 7115, Texas, private sector, 2001.",wages,NQcewPaynrealIndepartistsTxFirst
qcew_paynreal_indepartists_tx_last,98927,"$98,927","2025 dollars, average annual pay",01_evidence/01_wages_oews_qcew/qcew_arts_industries_2001_2025.csv,"NAICS 7115, Texas, private sector, 2025.",wages,NQcewPaynrealIndepartistsTxLast
qcew_paynreal_indepartists_us_first,178673,"$178,673","2025 dollars, average annual pay",01_evidence/01_wages_oews_qcew/qcew_arts_industries_2001_2025.csv,"NAICS 7115, United States, private sector, 2001.",wages,NQcewPaynrealIndepartistsUsFirst
qcew_paynreal_indepartists_us_last,159205,"$159,205","2025 dollars, average annual pay",01_evidence/01_wages_oews_qcew/qcew_arts_industries_2001_2025.csv,"NAICS 7115, United States, private sector, 2025.",wages,NQcewPaynrealIndepartistsUsLast
qcew_paynreal_musicalgroups_travis_first,49382,"$49,382","2025 dollars, average annual pay",01_evidence/01_wages_oews_qcew/qcew_arts_industries_2001_2025.csv,"NAICS 71113, Travis County, private sector, 2001.",wages,NQcewPaynrealMusicalgroupsTravisFirst
qcew_paynreal_musicalgroups_travis_last,56461,"$56,461","2025 dollars, average annual pay",01_evidence/01_wages_oews_qcew/qcew_arts_industries_2001_2025.csv,"NAICS 71113, Travis County, private sector, 2025.",wages,NQcewPaynrealMusicalgroupsTravisLast
qcew_paynreal_musicalgroups_tx_first,70701,"$70,701","2025 dollars, average annual pay",01_evidence/01_wages_oews_qcew/qcew_arts_industries_2001_2025.csv,"NAICS 71113, Texas, private sector, 2001.",wages,NQcewPaynrealMusicalgroupsTxFirst
qcew_paynreal_musicalgroups_tx_last,71744,"$71,744","2025 dollars, average annual pay",01_evidence/01_wages_oews_qcew/qcew_arts_industries_2001_2025.csv,"NAICS 71113, Texas, private sector, 2025.",wages,NQcewPaynrealMusicalgroupsTxLast
qcew_paynreal_musicalgroups_us_first,68702,"$68,702","2025 dollars, average annual pay",01_evidence/01_wages_oews_qcew/qcew_arts_industries_2001_2025.csv,"NAICS 71113, United States, private sector, 2001.",wages,NQcewPaynrealMusicalgroupsUsFirst
qcew_paynreal_musicalgroups_us_last,81260,"$81,260","2025 dollars, average annual pay",01_evidence/01_wages_oews_qcew/qcew_arts_industries_2001_2025.csv,"NAICS 71113, United States, private sector, 2025.",wages,NQcewPaynrealMusicalgroupsUsLast
qcew_paynreal_pctchg_indepartists_travis,112.3,+112.3%,percent change,01_evidence/01_wages_oews_qcew/qcew_arts_industries_2001_2025.csv,"NAICS 7115 (indepartists), Travis County, 2025 dollars, average annual pay change 2001 to 2025: $112,516 to $238,889.",wages,NQcewPaynrealPctchgIndepartistsTravis
qcew_paynreal_pctchg_indepartists_tx,34.3,+34.3%,percent change,01_evidence/01_wages_oews_qcew/qcew_arts_industries_2001_2025.csv,"NAICS 7115 (indepartists), Texas, 2025 dollars, average annual pay change 2001 to 2025: $73,665 to $98,927.",wages,NQcewPaynrealPctchgIndepartistsTx
qcew_paynreal_pctchg_indepartists_us,-10.9,-10.9%,percent change,01_evidence/01_wages_oews_qcew/qcew_arts_industries_2001_2025.csv,"NAICS 7115 (indepartists), United States, 2025 dollars, average annual pay change 2001 to 2025: $178,673 to $159,205.",wages,NQcewPaynrealPctchgIndepartistsUs
qcew_paynreal_pctchg_musicalgroups_travis,14.3,+14.3%,percent change,01_evidence/01_wages_oews_qcew/qcew_arts_industries_2001_2025.csv,"NAICS 71113 (musicalgroups), Travis County, 2025 dollars, average annual pay change 2001 to 2025: $49,382 to $56,461.",wages,NQcewPaynrealPctchgMusicalgroupsTravis
qcew_paynreal_pctchg_musicalgroups_tx,1.5,+1.5%,percent change,01_evidence/01_wages_oews_qcew/qcew_arts_industries_2001_2025.csv,"NAICS 71113 (musicalgroups), Texas, 2025 dollars, average annual pay change 2001 to 2025: $70,701 to $71,744.",wages,NQcewPaynrealPctchgMusicalgroupsTx
qcew_paynreal_pctchg_musicalgroups_us,18.3,+18.3%,percent change,01_evidence/01_wages_oews_qcew/qcew_arts_industries_2001_2025.csv,"NAICS 71113 (musicalgroups), United States, 2025 dollars, average annual pay change 2001 to 2025: $68,702 to $81,260.",wages,NQcewPaynrealPctchgMusicalgroupsUs
qcew_suppression_handling_note,1,zeros nulled where disclosure_code equals N,methodological note,01_evidence/01_wages_oews_qcew/qcew_arts_industries_2001_2025.csv,"QCEW disclosure-suppressed rows do not arrive as missing: BLS records annual_avg_emplvl and avg_annual_pay as 0 in those rows (establishment counts still shown) and flags disclosure_code=N. This module explicitly replaces annual_avg_emplvl and avg_annual_pay with missing wherever disclosure_code=N before any average, trend, or registered figure, so a suppressed zero is never averaged into a real series. Travis County, Texas, and U.S. rows (own_code=5), this module's 3 headline geographies, carry no suppressed years for NAICS 71113 or 7115 across 2001-2025; suppression is confined to the Austin MSA level.",wages,NQcewSuppressionHandlingNote
substitution_honesty_note,1,"directions only, not levels",methodological note,multiple,"OEWS payroll employment counts wage-and-salary JOBS in one occupation (Musicians and Singers). NES nonemployer establishments counts BUSINESSES across a broader occupational universe (all independent artists, writers, and performers, NAICS 7115). The two series are never summed or presented as one workforce total; fig06 plots each as its own index (own first available year = 100) in its own panel so only the direction of each trend is compared.",wages,NSubstitutionHonestyNote
substitution_nonemployer_travis_pctchg,61.6,+61.6%,"percent change, nonemployer establishments, 2012-2023",01_evidence/02_pums_nes_microdata/nes_independent_artists_long.csv,"NES NAICS 7115 (Independent Artists, Writers, and Performers), Travis County, establishments 2012 (5,382) to 2023 (8,696). Indexed 2012=100 for fig06. Counts businesses, not people; excludes anyone with no reported receipts.",wages,NSubstitutionNonemployerTravisPctchg
substitution_nonemployer_tx_pctchg,66.2,+66.2%,"percent change, nonemployer establishments, 2012-2023",01_evidence/02_pums_nes_microdata/nes_independent_artists_long.csv,"NES NAICS 7115, Texas statewide, establishments 2012 (45,021) to 2023 (74,834). Indexed 2012=100, registered for context; not charted (fig06 uses Travis County as the sub-state nonemployer geography, pairing with Texas on the payroll side).",wages,NSubstitutionNonemployerTxPctchg
substitution_payroll_austin_note,19,19 of 21 years published,count of non-missing years,01_evidence/01_wages_oews_qcew/oews_musicians_creatives_2005_2025.csv,"Austin MSA OEWS payroll employment for Musicians and Singers is small (roughly 100-700 jobs) and volatile, with 2 years (2014, 2015) entirely unpublished. Because an index built on such a thin, volatile base could itself mislead, fig06 uses Texas (not Austin MSA) as the payroll-jobs geography; the Austin MSA series is registered here for the record instead of charted.",wages,NSubstitutionPayrollAustinNote
substitution_payroll_tx_pctchg,-50.2,-50.2%,"percent change, payroll jobs, 2005-2025",01_evidence/01_wages_oews_qcew/oews_musicians_creatives_2005_2025.csv,"OEWS Musicians and Singers (27-2042), Texas, payroll employment 2005 (2,870) to 2025 (1,430). Indexed 2005=100 for fig06.",wages,NSubstitutionPayrollTxPctchg
wage_austin_musicians_vs_allocc_2025,4.11,$31.49 vs $27.38,"2025 dollars per hour, real median",01_evidence/01_wages_oews_qcew/oews_musicians_creatives_2005_2025.csv,"Austin MSA, May 2025: median hourly wage for Musicians and Singers ($31.49) against the MSA all-occupation median ($27.38). MSA musician employment is only ~120 wage-and-salary jobs in 2025, so this is a small and volatile estimate, not a claim about the far larger self-employed/gig musician population.",wages,NWageAustinMusiciansVsAlloccTwoZeroTwoFive
wage_hourly_pctchg_actors_austin,-2.3,-2.3%,"percent change, real hourly median wage",01_evidence/01_wages_oews_qcew/oews_musicians_creatives_2005_2025.csv,"Actors, Austin MSA, real median hourly wage change 2013 to 2024: $25.60 to $25.01, 2025 dollars. Actual window 2013-2024, not 2005-2025: BLS did not publish an Austin MSA hourly wage for Actors in every year of the full series.",wages,NWageHourlyPctchgActorsAustin
wage_hourly_pctchg_actors_tx,-20,-20.0%,"percent change, real hourly median wage",01_evidence/01_wages_oews_qcew/oews_musicians_creatives_2005_2025.csv,"Actors, Texas, real median hourly wage change 2005 to 2025: $32.32 to $25.86, 2025 dollars.",wages,NWageHourlyPctchgActorsTx
wage_hourly_pctchg_actors_us,29.5,+29.5%,"percent change, real hourly median wage",01_evidence/01_wages_oews_qcew/oews_musicians_creatives_2005_2025.csv,"Actors, United States, real median hourly wage change 2005 to 2025: $22.43 to $29.05, 2025 dollars.",wages,NWageHourlyPctchgActorsUs
wage_hourly_pctchg_allocc_austin,15.4,+15.4%,"percent change, real hourly median wage",01_evidence/01_wages_oews_qcew/oews_musicians_creatives_2005_2025.csv,"All Occupations, Austin MSA, real median hourly wage change 2005 to 2025: $23.72 to $27.38, 2025 dollars.",wages,NWageHourlyPctchgAlloccAustin
wage_hourly_pctchg_allocc_tx,10,+10.0%,"percent change, real hourly median wage",01_evidence/01_wages_oews_qcew/oews_musicians_creatives_2005_2025.csv,"All Occupations, Texas, real median hourly wage change 2005 to 2025: $21.25 to $23.38, 2025 dollars.",wages,NWageHourlyPctchgAlloccTx
wage_hourly_pctchg_allocc_us,5,+5.0%,"percent change, real hourly median wage",01_evidence/01_wages_oews_qcew/oews_musicians_creatives_2005_2025.csv,"All Occupations, United States, real median hourly wage change 2005 to 2025: $23.34 to $24.51, 2025 dollars.",wages,NWageHourlyPctchgAlloccUs
wage_hourly_pctchg_graphicdesign_austin,2.6,+2.6%,"percent change, real hourly median wage",01_evidence/01_wages_oews_qcew/oews_musicians_creatives_2005_2025.csv,"Graphic Designers, Austin MSA, real median hourly wage change 2005 to 2025: $30.50 to $31.28, 2025 dollars.",wages,NWageHourlyPctchgGraphicdesignAustin
wage_hourly_pctchg_graphicdesign_tx,-.8,-0.8%,"percent change, real hourly median wage",01_evidence/01_wages_oews_qcew/oews_musicians_creatives_2005_2025.csv,"Graphic Designers, Texas, real median hourly wage change 2005 to 2025: $29.15 to $28.92, 2025 dollars.",wages,NWageHourlyPctchgGraphicdesignTx
wage_hourly_pctchg_graphicdesign_us,-.6000000000000001,-0.6%,"percent change, real hourly median wage",01_evidence/01_wages_oews_qcew/oews_musicians_creatives_2005_2025.csv,"Graphic Designers, United States, real median hourly wage change 2005 to 2025: $30.45 to $30.27, 2025 dollars.",wages,NWageHourlyPctchgGraphicdesignUs
wage_hourly_pctchg_musicdirectors_austin,6.9,+6.9%,"percent change, real hourly median wage",01_evidence/01_wages_oews_qcew/oews_musicians_creatives_2005_2025.csv,"Music Directors and Composers, Austin MSA, real median hourly wage change 2008 to 2021: $33.19 to $35.48, 2025 dollars. Actual window 2008-2021, not 2005-2025: BLS did not publish an Austin MSA hourly wage for Music Directors and Composers in every year of the full series.",wages,NWageHourlyPctchgMusicdirectorsAustin
wage_hourly_pctchg_musicdirectors_tx,82.2,+82.2%,"percent change, real hourly median wage",01_evidence/01_wages_oews_qcew/oews_musicians_creatives_2005_2025.csv,"Music Directors and Composers, Texas, real median hourly wage change 2005 to 2025: $17.30 to $31.53, 2025 dollars.",wages,NWageHourlyPctchgMusicdirectorsTx
wage_hourly_pctchg_musicdirectors_us,28.3,+28.3%,"percent change, real hourly median wage",01_evidence/01_wages_oews_qcew/oews_musicians_creatives_2005_2025.csv,"Music Directors and Composers, United States, real median hourly wage change 2005 to 2025: $27.61 to $35.44, 2025 dollars.",wages,NWageHourlyPctchgMusicdirectorsUs
wage_hourly_pctchg_musicians_austin,39.5,+39.5%,"percent change, real hourly median wage",01_evidence/01_wages_oews_qcew/oews_musicians_creatives_2005_2025.csv,"Musicians and Singers, Austin MSA, real median hourly wage change 2005 to 2025: $22.57 to $31.49, 2025 dollars.",wages,NWageHourlyPctchgMusiciansAustin
wage_hourly_pctchg_musicians_tx,55.7,+55.7%,"percent change, real hourly median wage",01_evidence/01_wages_oews_qcew/oews_musicians_creatives_2005_2025.csv,"Musicians and Singers, Texas, real median hourly wage change 2005 to 2025: $21.58 to $33.59, 2025 dollars.",wages,NWageHourlyPctchgMusiciansTx
wage_hourly_pctchg_musicians_us,61.90000000000001,+61.9%,"percent change, real hourly median wage",01_evidence/01_wages_oews_qcew/oews_musicians_creatives_2005_2025.csv,"Musicians and Singers, United States, real median hourly wage change 2005 to 2025: $29.53 to $47.80, 2025 dollars.",wages,NWageHourlyPctchgMusiciansUs
wage_hourly_pctchg_soundeng_austin,2.4,+2.4%,"percent change, real hourly median wage",01_evidence/01_wages_oews_qcew/oews_musicians_creatives_2005_2025.csv,"Sound Engineering Technicians, Austin MSA, real median hourly wage change 2005 to 2025: $29.79 to $30.50, 2025 dollars.",wages,NWageHourlyPctchgSoundengAustin
wage_hourly_pctchg_soundeng_tx,9.1,+9.1%,"percent change, real hourly median wage",01_evidence/01_wages_oews_qcew/oews_musicians_creatives_2005_2025.csv,"Sound Engineering Technicians, Texas, real median hourly wage change 2005 to 2025: $23.97 to $26.14, 2025 dollars.",wages,NWageHourlyPctchgSoundengTx
wage_hourly_pctchg_soundeng_us,15.5,+15.5%,"percent change, real hourly median wage",01_evidence/01_wages_oews_qcew/oews_musicians_creatives_2005_2025.csv,"Sound Engineering Technicians, United States, real median hourly wage change 2005 to 2025: $30.45 to $35.16, 2025 dollars.",wages,NWageHourlyPctchgSoundengUs
wage_hourly_pctchg_writers_austin,-37.2,-37.2%,"percent change, real hourly median wage",01_evidence/01_wages_oews_qcew/oews_musicians_creatives_2005_2025.csv,"Writers and Authors, Austin MSA, real median hourly wage change 2005 to 2025: $57.72 to $36.24, 2025 dollars.",wages,NWageHourlyPctchgWritersAustin
wage_hourly_pctchg_writers_tx,-6.800000000000001,-6.8%,"percent change, real hourly median wage",01_evidence/01_wages_oews_qcew/oews_musicians_creatives_2005_2025.csv,"Writers and Authors, Texas, real median hourly wage change 2005 to 2025: $36.09 to $33.65, 2025 dollars.",wages,NWageHourlyPctchgWritersTx
wage_hourly_pctchg_writers_us,.4,+0.4%,"percent change, real hourly median wage",01_evidence/01_wages_oews_qcew/oews_musicians_creatives_2005_2025.csv,"Writers and Authors, United States, real median hourly wage change 2005 to 2025: $36.82 to $36.98, 2025 dollars.",wages,NWageHourlyPctchgWritersUs
wage_hourly_real_actors_austin_first,25.6,$25.60,2025 dollars per hour,01_evidence/01_wages_oews_qcew/oews_musicians_creatives_2005_2025.csv,"Actors, Austin MSA, median hourly wage, 2013, OEWS. Deflated from nominal 2013 dollars using /Users/ericbooth/Library/CloudStorage/GoogleDrive-eric.booth@texas2036.org/My Drive/EconomicOutlook_MusiciansCreatives_20260801/03_analysis/stata/../../03_analysis/out/cpi_annual.dta.",wages,NWageHourlyRealActorsAustinFirst
wage_hourly_real_actors_austin_last,25.01,$25.01,2025 dollars per hour,01_evidence/01_wages_oews_qcew/oews_musicians_creatives_2005_2025.csv,"Actors, Austin MSA, median hourly wage, 2024, OEWS. 2025 dollars.",wages,NWageHourlyRealActorsAustinLast
wage_hourly_real_actors_tx_first,32.32,$32.32,2025 dollars per hour,01_evidence/01_wages_oews_qcew/oews_musicians_creatives_2005_2025.csv,"Actors, Texas, median hourly wage, 2005, OEWS. Deflated from nominal 2005 dollars using /Users/ericbooth/Library/CloudStorage/GoogleDrive-eric.booth@texas2036.org/My Drive/EconomicOutlook_MusiciansCreatives_20260801/03_analysis/stata/../../03_analysis/out/cpi_annual.dta.",wages,NWageHourlyRealActorsTxFirst
wage_hourly_real_actors_tx_last,25.86,$25.86,2025 dollars per hour,01_evidence/01_wages_oews_qcew/oews_musicians_creatives_2005_2025.csv,"Actors, Texas, median hourly wage, 2025, OEWS. 2025 dollars.",wages,NWageHourlyRealActorsTxLast
wage_hourly_real_actors_us_first,22.43,$22.43,2025 dollars per hour,01_evidence/01_wages_oews_qcew/oews_musicians_creatives_2005_2025.csv,"Actors, United States, median hourly wage, 2005, OEWS. Deflated from nominal 2005 dollars using /Users/ericbooth/Library/CloudStorage/GoogleDrive-eric.booth@texas2036.org/My Drive/EconomicOutlook_MusiciansCreatives_20260801/03_analysis/stata/../../03_analysis/out/cpi_annual.dta.",wages,NWageHourlyRealActorsUsFirst
wage_hourly_real_actors_us_last,29.05,$29.05,2025 dollars per hour,01_evidence/01_wages_oews_qcew/oews_musicians_creatives_2005_2025.csv,"Actors, United States, median hourly wage, 2025, OEWS. 2025 dollars.",wages,NWageHourlyRealActorsUsLast
wage_hourly_real_allocc_austin_first,23.72,$23.72,2025 dollars per hour,01_evidence/01_wages_oews_qcew/oews_musicians_creatives_2005_2025.csv,"All Occupations, Austin MSA, median hourly wage, 2005, OEWS. Deflated from nominal 2005 dollars using /Users/ericbooth/Library/CloudStorage/GoogleDrive-eric.booth@texas2036.org/My Drive/EconomicOutlook_MusiciansCreatives_20260801/03_analysis/stata/../../03_analysis/out/cpi_annual.dta.",wages,NWageHourlyRealAlloccAustinFirst
wage_hourly_real_allocc_austin_last,27.38,$27.38,2025 dollars per hour,01_evidence/01_wages_oews_qcew/oews_musicians_creatives_2005_2025.csv,"All Occupations, Austin MSA, median hourly wage, 2025, OEWS. 2025 dollars.",wages,NWageHourlyRealAlloccAustinLast
wage_hourly_real_allocc_tx_first,21.25,$21.25,2025 dollars per hour,01_evidence/01_wages_oews_qcew/oews_musicians_creatives_2005_2025.csv,"All Occupations, Texas, median hourly wage, 2005, OEWS. Deflated from nominal 2005 dollars using /Users/ericbooth/Library/CloudStorage/GoogleDrive-eric.booth@texas2036.org/My Drive/EconomicOutlook_MusiciansCreatives_20260801/03_analysis/stata/../../03_analysis/out/cpi_annual.dta.",wages,NWageHourlyRealAlloccTxFirst
wage_hourly_real_allocc_tx_last,23.38,$23.38,2025 dollars per hour,01_evidence/01_wages_oews_qcew/oews_musicians_creatives_2005_2025.csv,"All Occupations, Texas, median hourly wage, 2025, OEWS. 2025 dollars.",wages,NWageHourlyRealAlloccTxLast
wage_hourly_real_allocc_us_first,23.34,$23.34,2025 dollars per hour,01_evidence/01_wages_oews_qcew/oews_musicians_creatives_2005_2025.csv,"All Occupations, United States, median hourly wage, 2005, OEWS. Deflated from nominal 2005 dollars using /Users/ericbooth/Library/CloudStorage/GoogleDrive-eric.booth@texas2036.org/My Drive/EconomicOutlook_MusiciansCreatives_20260801/03_analysis/stata/../../03_analysis/out/cpi_annual.dta.",wages,NWageHourlyRealAlloccUsFirst
wage_hourly_real_allocc_us_last,24.51,$24.51,2025 dollars per hour,01_evidence/01_wages_oews_qcew/oews_musicians_creatives_2005_2025.csv,"All Occupations, United States, median hourly wage, 2025, OEWS. 2025 dollars.",wages,NWageHourlyRealAlloccUsLast
wage_hourly_real_graphicdesign_austin_first,30.5,$30.50,2025 dollars per hour,01_evidence/01_wages_oews_qcew/oews_musicians_creatives_2005_2025.csv,"Graphic Designers, Austin MSA, median hourly wage, 2005, OEWS. Deflated from nominal 2005 dollars using /Users/ericbooth/Library/CloudStorage/GoogleDrive-eric.booth@texas2036.org/My Drive/EconomicOutlook_MusiciansCreatives_20260801/03_analysis/stata/../../03_analysis/out/cpi_annual.dta.",wages,NWageHourlyRealGraphicdesignAustinFirst
wage_hourly_real_graphicdesign_austin_last,31.28,$31.28,2025 dollars per hour,01_evidence/01_wages_oews_qcew/oews_musicians_creatives_2005_2025.csv,"Graphic Designers, Austin MSA, median hourly wage, 2025, OEWS. 2025 dollars.",wages,NWageHourlyRealGraphicdesignAustinLast
wage_hourly_real_graphicdesign_tx_first,29.15,$29.15,2025 dollars per hour,01_evidence/01_wages_oews_qcew/oews_musicians_creatives_2005_2025.csv,"Graphic Designers, Texas, median hourly wage, 2005, OEWS. Deflated from nominal 2005 dollars using /Users/ericbooth/Library/CloudStorage/GoogleDrive-eric.booth@texas2036.org/My Drive/EconomicOutlook_MusiciansCreatives_20260801/03_analysis/stata/../../03_analysis/out/cpi_annual.dta.",wages,NWageHourlyRealGraphicdesignTxFirst
wage_hourly_real_graphicdesign_tx_last,28.92,$28.92,2025 dollars per hour,01_evidence/01_wages_oews_qcew/oews_musicians_creatives_2005_2025.csv,"Graphic Designers, Texas, median hourly wage, 2025, OEWS. 2025 dollars.",wages,NWageHourlyRealGraphicdesignTxLast
wage_hourly_real_graphicdesign_us_first,30.45,$30.45,2025 dollars per hour,01_evidence/01_wages_oews_qcew/oews_musicians_creatives_2005_2025.csv,"Graphic Designers, United States, median hourly wage, 2005, OEWS. Deflated from nominal 2005 dollars using /Users/ericbooth/Library/CloudStorage/GoogleDrive-eric.booth@texas2036.org/My Drive/EconomicOutlook_MusiciansCreatives_20260801/03_analysis/stata/../../03_analysis/out/cpi_annual.dta.",wages,NWageHourlyRealGraphicdesignUsFirst
wage_hourly_real_graphicdesign_us_last,30.27,$30.27,2025 dollars per hour,01_evidence/01_wages_oews_qcew/oews_musicians_creatives_2005_2025.csv,"Graphic Designers, United States, median hourly wage, 2025, OEWS. 2025 dollars.",wages,NWageHourlyRealGraphicdesignUsLast
wage_hourly_real_musicdirectors_austin_first,33.19,$33.19,2025 dollars per hour,01_evidence/01_wages_oews_qcew/oews_musicians_creatives_2005_2025.csv,"Music Directors and Composers, Austin MSA, median hourly wage, 2008, OEWS. Deflated from nominal 2008 dollars using /Users/ericbooth/Library/CloudStorage/GoogleDrive-eric.booth@texas2036.org/My Drive/EconomicOutlook_MusiciansCreatives_20260801/03_analysis/stata/../../03_analysis/out/cpi_annual.dta.",wages,NWageHourlyRealMusicdirectorsAustinFirst
wage_hourly_real_musicdirectors_austin_last,35.48,$35.48,2025 dollars per hour,01_evidence/01_wages_oews_qcew/oews_musicians_creatives_2005_2025.csv,"Music Directors and Composers, Austin MSA, median hourly wage, 2021, OEWS. 2025 dollars.",wages,NWageHourlyRealMusicdirectorsAustinLast
wage_hourly_real_musicdirectors_tx_first,17.3,$17.30,2025 dollars per hour,01_evidence/01_wages_oews_qcew/oews_musicians_creatives_2005_2025.csv,"Music Directors and Composers, Texas, median hourly wage, 2005, OEWS. Deflated from nominal 2005 dollars using /Users/ericbooth/Library/CloudStorage/GoogleDrive-eric.booth@texas2036.org/My Drive/EconomicOutlook_MusiciansCreatives_20260801/03_analysis/stata/../../03_analysis/out/cpi_annual.dta.",wages,NWageHourlyRealMusicdirectorsTxFirst
wage_hourly_real_musicdirectors_tx_last,31.53,$31.53,2025 dollars per hour,01_evidence/01_wages_oews_qcew/oews_musicians_creatives_2005_2025.csv,"Music Directors and Composers, Texas, median hourly wage, 2025, OEWS. 2025 dollars.",wages,NWageHourlyRealMusicdirectorsTxLast
wage_hourly_real_musicdirectors_us_first,27.61,$27.61,2025 dollars per hour,01_evidence/01_wages_oews_qcew/oews_musicians_creatives_2005_2025.csv,"Music Directors and Composers, United States, median hourly wage, 2005, OEWS. Deflated from nominal 2005 dollars using /Users/ericbooth/Library/CloudStorage/GoogleDrive-eric.booth@texas2036.org/My Drive/EconomicOutlook_MusiciansCreatives_20260801/03_analysis/stata/../../03_analysis/out/cpi_annual.dta.",wages,NWageHourlyRealMusicdirectorsUsFirst
wage_hourly_real_musicdirectors_us_last,35.44,$35.44,2025 dollars per hour,01_evidence/01_wages_oews_qcew/oews_musicians_creatives_2005_2025.csv,"Music Directors and Composers, United States, median hourly wage, 2025, OEWS. 2025 dollars.",wages,NWageHourlyRealMusicdirectorsUsLast
wage_hourly_real_musicians_austin_first,22.57,$22.57,2025 dollars per hour,01_evidence/01_wages_oews_qcew/oews_musicians_creatives_2005_2025.csv,"Musicians and Singers, Austin MSA, median hourly wage, 2005, OEWS. Deflated from nominal 2005 dollars using /Users/ericbooth/Library/CloudStorage/GoogleDrive-eric.booth@texas2036.org/My Drive/EconomicOutlook_MusiciansCreatives_20260801/03_analysis/stata/../../03_analysis/out/cpi_annual.dta.",wages,NWageHourlyRealMusiciansAustinFirst
wage_hourly_real_musicians_austin_last,31.49,$31.49,2025 dollars per hour,01_evidence/01_wages_oews_qcew/oews_musicians_creatives_2005_2025.csv,"Musicians and Singers, Austin MSA, median hourly wage, 2025, OEWS. 2025 dollars.",wages,NWageHourlyRealMusiciansAustinLast
wage_hourly_real_musicians_tx_first,21.58,$21.58,2025 dollars per hour,01_evidence/01_wages_oews_qcew/oews_musicians_creatives_2005_2025.csv,"Musicians and Singers, Texas, median hourly wage, 2005, OEWS. Deflated from nominal 2005 dollars using /Users/ericbooth/Library/CloudStorage/GoogleDrive-eric.booth@texas2036.org/My Drive/EconomicOutlook_MusiciansCreatives_20260801/03_analysis/stata/../../03_analysis/out/cpi_annual.dta.",wages,NWageHourlyRealMusiciansTxFirst
wage_hourly_real_musicians_tx_last,33.59,$33.59,2025 dollars per hour,01_evidence/01_wages_oews_qcew/oews_musicians_creatives_2005_2025.csv,"Musicians and Singers, Texas, median hourly wage, 2025, OEWS. 2025 dollars.",wages,NWageHourlyRealMusiciansTxLast
wage_hourly_real_musicians_us_first,29.53,$29.53,2025 dollars per hour,01_evidence/01_wages_oews_qcew/oews_musicians_creatives_2005_2025.csv,"Musicians and Singers, United States, median hourly wage, 2005, OEWS. Deflated from nominal 2005 dollars using /Users/ericbooth/Library/CloudStorage/GoogleDrive-eric.booth@texas2036.org/My Drive/EconomicOutlook_MusiciansCreatives_20260801/03_analysis/stata/../../03_analysis/out/cpi_annual.dta.",wages,NWageHourlyRealMusiciansUsFirst
wage_hourly_real_musicians_us_last,47.8,$47.80,2025 dollars per hour,01_evidence/01_wages_oews_qcew/oews_musicians_creatives_2005_2025.csv,"Musicians and Singers, United States, median hourly wage, 2025, OEWS. 2025 dollars.",wages,NWageHourlyRealMusiciansUsLast
wage_hourly_real_soundeng_austin_first,29.79,$29.79,2025 dollars per hour,01_evidence/01_wages_oews_qcew/oews_musicians_creatives_2005_2025.csv,"Sound Engineering Technicians, Austin MSA, median hourly wage, 2005, OEWS. Deflated from nominal 2005 dollars using /Users/ericbooth/Library/CloudStorage/GoogleDrive-eric.booth@texas2036.org/My Drive/EconomicOutlook_MusiciansCreatives_20260801/03_analysis/stata/../../03_analysis/out/cpi_annual.dta.",wages,NWageHourlyRealSoundengAustinFirst
wage_hourly_real_soundeng_austin_last,30.5,$30.50,2025 dollars per hour,01_evidence/01_wages_oews_qcew/oews_musicians_creatives_2005_2025.csv,"Sound Engineering Technicians, Austin MSA, median hourly wage, 2025, OEWS. 2025 dollars.",wages,NWageHourlyRealSoundengAustinLast
wage_hourly_real_soundeng_tx_first,23.97,$23.97,2025 dollars per hour,01_evidence/01_wages_oews_qcew/oews_musicians_creatives_2005_2025.csv,"Sound Engineering Technicians, Texas, median hourly wage, 2005, OEWS. Deflated from nominal 2005 dollars using /Users/ericbooth/Library/CloudStorage/GoogleDrive-eric.booth@texas2036.org/My Drive/EconomicOutlook_MusiciansCreatives_20260801/03_analysis/stata/../../03_analysis/out/cpi_annual.dta.",wages,NWageHourlyRealSoundengTxFirst
wage_hourly_real_soundeng_tx_last,26.14,$26.14,2025 dollars per hour,01_evidence/01_wages_oews_qcew/oews_musicians_creatives_2005_2025.csv,"Sound Engineering Technicians, Texas, median hourly wage, 2025, OEWS. 2025 dollars.",wages,NWageHourlyRealSoundengTxLast
wage_hourly_real_soundeng_us_first,30.45,$30.45,2025 dollars per hour,01_evidence/01_wages_oews_qcew/oews_musicians_creatives_2005_2025.csv,"Sound Engineering Technicians, United States, median hourly wage, 2005, OEWS. Deflated from nominal 2005 dollars using /Users/ericbooth/Library/CloudStorage/GoogleDrive-eric.booth@texas2036.org/My Drive/EconomicOutlook_MusiciansCreatives_20260801/03_analysis/stata/../../03_analysis/out/cpi_annual.dta.",wages,NWageHourlyRealSoundengUsFirst
wage_hourly_real_soundeng_us_last,35.16,$35.16,2025 dollars per hour,01_evidence/01_wages_oews_qcew/oews_musicians_creatives_2005_2025.csv,"Sound Engineering Technicians, United States, median hourly wage, 2025, OEWS. 2025 dollars.",wages,NWageHourlyRealSoundengUsLast
wage_hourly_real_writers_austin_first,57.72,$57.72,2025 dollars per hour,01_evidence/01_wages_oews_qcew/oews_musicians_creatives_2005_2025.csv,"Writers and Authors, Austin MSA, median hourly wage, 2005, OEWS. Deflated from nominal 2005 dollars using /Users/ericbooth/Library/CloudStorage/GoogleDrive-eric.booth@texas2036.org/My Drive/EconomicOutlook_MusiciansCreatives_20260801/03_analysis/stata/../../03_analysis/out/cpi_annual.dta.",wages,NWageHourlyRealWritersAustinFirst
wage_hourly_real_writers_austin_last,36.24,$36.24,2025 dollars per hour,01_evidence/01_wages_oews_qcew/oews_musicians_creatives_2005_2025.csv,"Writers and Authors, Austin MSA, median hourly wage, 2025, OEWS. 2025 dollars.",wages,NWageHourlyRealWritersAustinLast
wage_hourly_real_writers_tx_first,36.09,$36.09,2025 dollars per hour,01_evidence/01_wages_oews_qcew/oews_musicians_creatives_2005_2025.csv,"Writers and Authors, Texas, median hourly wage, 2005, OEWS. Deflated from nominal 2005 dollars using /Users/ericbooth/Library/CloudStorage/GoogleDrive-eric.booth@texas2036.org/My Drive/EconomicOutlook_MusiciansCreatives_20260801/03_analysis/stata/../../03_analysis/out/cpi_annual.dta.",wages,NWageHourlyRealWritersTxFirst
wage_hourly_real_writers_tx_last,33.65,$33.65,2025 dollars per hour,01_evidence/01_wages_oews_qcew/oews_musicians_creatives_2005_2025.csv,"Writers and Authors, Texas, median hourly wage, 2025, OEWS. 2025 dollars.",wages,NWageHourlyRealWritersTxLast
wage_hourly_real_writers_us_first,36.82,$36.82,2025 dollars per hour,01_evidence/01_wages_oews_qcew/oews_musicians_creatives_2005_2025.csv,"Writers and Authors, United States, median hourly wage, 2005, OEWS. Deflated from nominal 2005 dollars using /Users/ericbooth/Library/CloudStorage/GoogleDrive-eric.booth@texas2036.org/My Drive/EconomicOutlook_MusiciansCreatives_20260801/03_analysis/stata/../../03_analysis/out/cpi_annual.dta.",wages,NWageHourlyRealWritersUsFirst
wage_hourly_real_writers_us_last,36.98,$36.98,2025 dollars per hour,01_evidence/01_wages_oews_qcew/oews_musicians_creatives_2005_2025.csv,"Writers and Authors, United States, median hourly wage, 2025, OEWS. 2025 dollars.",wages,NWageHourlyRealWritersUsLast
wage_series_choice_hourly,1,"hourly, not annual",methodological note,01_evidence/01_wages_oews_qcew/oews_musicians_creatives_2005_2025.csv,"BLS does not publish an annual wage for Musicians and Singers (a_median blank in all 63 of 63 occupation-geography-year rows in this extract) or for Actors (blank in all 39 of 39 rows). This is an absolute, standing BLS non-publication for occupations with too much part-year/irregular work to annualize meaningfully, not disclosure suppression and not a data-collection gap. This module therefore uses the median HOURLY wage (h_median) as the one series comparable across all 7 occupations and 3 geographies, and at no point constructs an annual figure for musicians or actors by multiplying an hourly wage by assumed hours; annual figures are used only for the other 5 occupations, where BLS publishes them directly.",wages,NWageSeriesChoiceHourly
